id,true_lat,true_lon,pred_lat,pred_lon,country,corruption_type,severity,error_km,top1_score,margin,entropy
1198015930637035,47.58736244394304,13.72243335782696,45.94744066611626,14.043918424745828,AT,blur,2,183.98708696297197,0.13421276211738586,0.02932928502559662,4.0844502449035645
2627501530880734,-21.690540312924,165.67395409726,-17.26116024422097,145.5022923091452,NC,blur,2,2169.3440827187355,0.5801891684532166,0.5022104978561401,2.2512290477752686
464312504633961,25.061219179854,-77.474052344488,-26.223976796334842,-48.53080586573866,BS,blur,2,6494.0692022427365,0.2761893570423126,0.19774921238422394,3.958564281463623
1640910792965420,14.05090975535,-83.408252576108,1.1005166410166058,34.142121127612754,NI,blur,2,12938.172985755205,0.3307575285434723,0.08852587640285492,2.150268793106079
784509382269632,39.054295235447,125.75444015475,44.58280636523103,38.13811678620769,KP,blur,2,6924.4006077749345,0.5431006550788879,0.4726432263851166,2.367319345474243
1203580403446328,59.403162352068,5.3346943684814,46.96192740886844,-67.91181312695862,NO,blur,2,4800.804437998952,0.17722277343273163,0.12091870605945587,4.763679027557373
529318031569520,35.884852698,14.543835095527,35.853353360009514,14.32310562859774,MT,blur,2,20.195462555313675,0.5409038662910461,0.21024933457374573,1.1902010440826416
579627393601024,31.161290071016406,27.62620232776423,-25.995675726242844,27.82267176849604,EG,blur,2,6355.598908798579,0.2928129732608795,0.003998368978500366,2.4120006561279297
493287055050730,18.529699440908,-73.82906994801,18.41963932377448,-74.05773829979589,HT,blur,2,27.043860609209034,0.6852617263793945,0.5998895764350891,1.5816152095794678
194636675718395,15.711283292961,-86.911458774945,6.293527972745636,-75.56297993095448,HN,blur,2,1620.7963517288522,0.3400935232639313,0.009733468294143677,1.9584171772003174
324862519056205,19.31841800221,-81.382583014952,-27.44709389151707,153.3744557891731,KY,blur,2,14396.959462375024,0.8147140741348267,0.7428853511810303,0.952682614326477
312497683776326,-3.5385285661184,29.342796802632,36.5852470805018,2.763212424370384,BI,blur,2,5243.957536373388,0.45097997784614563,0.2739085555076599,2.662045955657959
524249899215869,-20.36057432562562,57.57448506856856,-20.259780056567546,57.62192505453058,MU,blur,2,12.251082267529346,0.6791576743125916,0.5894601345062256,2.117666244506836
762407414666903,18.261799133186,-66.040383948361,-20.245638386570132,57.511671968498305,PR,blur,2,14114.199804798993,0.23568442463874817,0.09459389746189117,3.6214182376861572
1162773017520174,6.3181766455254,37.510104406035,6.132091965308447,37.43180422407361,ET,blur,2,22.42896553988467,0.9947356581687927,0.9919407367706299,0.041182976216077805
3356357477800408,-13.862024739384,-171.85937431059,-12.164509307384941,-172.13963752770576,WS,blur,2,191.18146572476684,0.9756041169166565,0.9600334167480469,0.16541717946529388
487479689165720,-0.79790097222466,-77.201507380967,45.367914095186656,27.986689932587716,EC,blur,2,11251.104620809389,0.745631217956543,0.7234507203102112,1.7727965116500854
255694192945304,0.23852452895088,109.87510053714,16.789914679605715,-88.46047174020751,ID,blur,2,17254.069009965868,0.5348789095878601,0.37024956941604614,1.5310865640640259
810188746588631,46.29075689375,10.078154998184,44.44272115436523,26.03810660754259,CH,blur,2,1261.4021783425699,0.26554858684539795,0.0395907461643219,3.284806728363037
152336490235316,6.1412981189533,-10.222955468447,6.4136508112146124,-10.466760882439718,LR,blur,2,40.53757041095174,0.33381956815719604,0.2225019633769989,3.138718605041504
1128248694323507,4.9712879947102,-52.440325961909,-7.347098454142311,-35.298665735402,GF,blur,2,2343.857525151797,0.2219463288784027,0.08678880333900452,3.898925304412842
319600276196154,17.249258189479,-62.655520880016,20.43335631886118,-99.83687425234616,KN,blur,2,3920.739269394284,0.2577747106552124,0.1619543433189392,4.346340656280518
227605128698501,30.534718182782,35.557018519973,37.72361029624874,41.32212428380541,JO,blur,2,958.9682693430593,0.22076316177845,0.1161738783121109,4.123185634613037
469353001013618,-4.8497851046353,11.90522368749,8.880752247066974,-12.034117674917443,CG,blur,2,3061.6795333741657,0.29038727283477783,0.07982239127159119,1.9694912433624268
312137333614311,50.147457733865,106.21881807879,-29.458370452769735,27.467932128148227,MN,blur,2,11740.736674829963,0.07060511410236359,0.005011714994907379,5.217410087585449
417436926432877,-9.466630277777776,160.38180111111112,20.118012235776952,-97.07640692365034,SB,blur,2,11668.067282859904,0.738754391670227,0.6739119291305542,1.4560327529907227
521833368998076,33.828288106674,35.578984207651,33.40645968901139,35.546369658840604,LB,blur,2,47.002302660415324,0.8898307681083679,0.7909359931945801,0.40157580375671387
804138920493771,-0.43494769438863,-76.201325946671,42.993316986883926,-85.55973710258598,EC,blur,2,4918.558987360642,0.15372608602046967,0.10345444083213806,4.967695236206055
302261168190071,-13.859325484052,-171.70998038915,15.413027301313374,-61.17552770841729,WS,blur,2,12573.63010532572,0.32915517687797546,0.06327304244041443,1.4736435413360596
1226452984452730,18.570054722222,52.82152305555601,31.379426486202714,36.537772128239304,YE,blur,2,2168.1692827116976,0.30323854088783264,0.1925632655620575,3.760366201400757
321769825972532,56.815207379952,13.937240092613,49.7871750565224,2.110987630695416,SE,blur,2,1105.4111664682705,0.10283824056386948,0.04172668606042862,4.711318492889404
773469050698883,0.4364979004820079,9.440864620026538,9.374651812371676,7.26494563960406,GA,blur,2,1022.6357788736225,0.8904024362564087,0.8431857824325562,0.5653630495071411
333032548339836,51.706235270322,-9.7173149835356,51.83201498708889,-9.792152594152276,IE,blur,2,14.903987944702722,0.9546955227851868,0.9273440837860107,0.26614293456077576
321482029535925,44.652229350002,21.162756330018,42.36490715385539,20.538502072805034,RS,blur,2,259.27087682884707,0.10367567837238312,0.005917362868785858,4.262369155883789
832510974027702,-17.456552891966,-65.728142843828,-17.354641576697453,-66.12100098678107,BO,blur,2,43.19647975491688,0.8912519812583923,0.8477320671081543,0.5864843130111694
109891514526025,48.213328182129,28.09057650588,48.186399033716526,28.23408540755639,UA,blur,2,11.049657712214687,0.3210669755935669,0.08675509691238403,2.7081379890441895
2942639579308445,34.805369127435,127.95898406217,41.43966522232405,2.1003727496295674,KR,blur,2,9897.999546331903,0.417412668466568,0.22046904265880585,2.424414873123169
370894024357836,15.425447150296,-61.271269855519,13.932515897249898,100.72055821193015,DM,blur,2,16197.053503151554,0.4247419238090515,0.01942792534828186,1.596254587173462
788101518532706,11.258356617235,-60.564806768225,15.559587035685446,-61.410025632864475,TT,blur,2,486.9295186192387,0.8355867862701416,0.7556589841842651,0.7350698113441467
3872288566218352,50.796778330451,21.153443346433,50.58853615172996,16.772080545849864,PL,blur,2,309.44378488869995,0.22403612732887268,0.15885381400585175,4.274805545806885
1002859423856924,17.09712846732,-24.97047664313,28.655946166384304,-17.744964536653267,CV,blur,2,1482.2099405180843,0.9853207468986511,0.978287398815155,0.11242856085300446
238160651412928,-46.337650900733,167.79026062048,-35.767848603571004,173.68409516707337,NZ,blur,2,1274.0606172647729,0.15709903836250305,0.0726906880736351,4.5858049392700195
2563203020654329,54.32142990519237,-4.456551481932205,52.19116030852142,-9.212956290605403,IM,blur,2,395.10556584257154,0.22191521525382996,0.1371375322341919,4.244863033294678
732194144134616,9.3458958330497,-79.823967302875,9.059568980699511,-79.5347198265474,PA,blur,2,44.96279304964807,0.7601369023323059,0.6819337606430054,1.2551677227020264
476322813419625,17.628516606198,-63.231308396649,29.13563502386617,-17.7899159897129,BQ,blur,2,4779.749349047469,0.17750565707683563,0.03531655669212341,3.421705961227417
1136304350214402,-39.328969954559,174.63690058405,-40.99341231367634,175.40609827900866,NZ,blur,2,196.2788344874419,0.6382893919944763,0.5825405120849609,1.7028965950012207
486828262519306,14.646929324615,-60.975801183717,14.606724872041415,-61.07690997440251,MQ,blur,2,11.761190871026049,0.9899098873138428,0.9804527163505554,0.061453677713871
1387937924894828,47.907557209354,107.17858480002,13.826692268495659,-60.94726741563431,MN,blur,2,13050.222801711643,0.6605581045150757,0.5814091563224792,1.9017523527145386
944100506347413,4.8670503980303,31.542952103365,6.213874046456456,1.1553811262149156,SS,blur,2,3366.033391389931,0.6455194354057312,0.41437244415283203,1.0116180181503296
225738692700446,69.2342740620203,17.971246283328018,44.57578896930673,4.6621969114697785,NO,blur,2,2843.7095707127437,0.23745635151863098,0.14779941737651825,4.102499961853027
138012564971418,-17.546030537707,-149.57580216474,38.051293279612175,-26.232498700154302,PF,blur,2,14095.43321827764,0.17293868958950043,0.034719496965408325,3.892529010772705
1349102025473123,60.210439476288,20.246196471172,45.61764991367316,-84.84050176129709,AX,blur,2,6450.19845982036,0.30016326904296875,0.12452536821365356,3.3872125148773193
481515363098541,8.3835270285271,-82.196719096621,-0.2450469199471019,-79.19937078740492,PA,blur,2,1015.3136627732069,0.7973663806915283,0.7117606997489929,0.9160372018814087
208681127527124,49.241162571487,-2.1218631166228,52.118800807166586,-9.367248921096616,JE,blur,2,602.071634485004,0.24327151477336884,0.06744298338890076,3.007913112640381
496883494997876,12.508559533613,-70.010590958509,17.129363028870735,-62.14244262033608,AW,blur,2,989.3592862851525,0.7692577242851257,0.67104172706604,1.044928789138794
1258448591563623,-8.614371141011388,35.602892240053215,21.495753652522062,-104.75762952652,TZ,blur,2,15540.290408581028,0.24792541563510895,0.12565675377845764,3.851976156234741
849655245900069,5.9311045328258,15.65109465938,19.908364775338097,102.54628982419521,CF,blur,2,9459.985705983336,0.7857845425605774,0.6397523880004883,0.9494310617446899
1448430112350839,11.026769583975025,-8.632346605323722,13.22526171185036,-7.997466079804027,GN,blur,2,254.01654881591344,0.4909817576408386,0.27345478534698486,1.837427020072937
711741309997504,-35.434392939173,-67.582981443437,-32.52254608417254,-68.40061333362145,AR,blur,2,332.4398435599199,0.279642254114151,0.14519484341144562,3.9681897163391113
330646891800305,14.870259800656,-24.373949477736,-9.481056355993358,147.57177989882055,CV,blur,2,18954.515274914593,0.08917330205440521,0.012515760958194733,3.88173770904541
844947319428707,12.572384044567,-70.044602664275,27.982803508613067,-15.994939256970703,AW,blur,2,5842.6502686963,0.9919824004173279,0.9885342121124268,0.07467557489871979
1424082877926694,39.063764515107,125.77381801639,36.56936096673138,136.66766018405818,KP,blur,2,995.5925549932589,0.09710316359996796,0.007115662097930908,4.597625255584717
262049738998529,15.746495092756,-86.857367093038,-23.23887806231418,-45.89325247619169,HN,blur,2,6215.028193876034,0.2609497606754303,0.16483215987682343,2.997844934463501
2941932222749741,8.8904169624644,80.720461103422,12.832396834878079,79.67295216880089,LK,blur,2,453.00237585059045,0.4313790500164032,0.2777823209762573,2.6258773803710938
2957416491247002,22.534707236092,-79.367474703615,21.889419444774003,-79.20792552244738,CU,blur,2,73.60852126514851,0.08372486382722855,0.013837866485118866,4.963212013244629
1339793246404338,78.178055846086,15.902100697497,64.32693752521452,-20.901116825187405,SJ,blur,2,1956.1693812883436,0.4160163104534149,0.2536516785621643,2.9280285835266113
742849163058043,7.9945228460384,126.06338592216,9.078978285341604,-79.5059368352243,PH,blur,2,16605.23833312387,0.18130578100681305,0.09855498373508453,4.390591144561768
487902825754300,18.349709806038,-64.886627593059,-17.129189716676752,-65.94391067955227,VI,blur,2,3946.7684501059343,0.3082737922668457,0.10323148965835571,2.962193250656128
188819323085799,41.434692972264,43.314083402676,41.791053852778255,44.880298871622614,GE,blur,2,136.10063647220122,0.6626278162002563,0.6022015810012817,1.8229337930679321
449823653747421,53.88835461402647,-122.76729722632489,44.7632660030073,-80.00193522171563,CA,blur,2,3205.2372099393924,0.8491528630256653,0.8228529691696167,1.0468984842300415
227770655816183,49.479739351354,-2.5890746408905,55.05188286741728,-8.401532842649424,GG,blur,2,734.5250929140059,0.4518779516220093,0.3033895790576935,2.187891960144043
216079839905055,19.324976978962,-81.381549997813,47.66727106272844,-122.33912483113504,KY,blur,2,4844.550951211188,0.2545193135738373,0.21195833384990692,4.52294921875
828630294440097,3.9058095275261,11.829761470611,0.36783802080796946,32.514678503942356,CM,blur,2,2331.5033956516554,0.3654026985168457,0.3184880316257477,3.55609393119812
860118858181209,-20.177979,57.661693,-20.167375624338124,57.49294371775973,MU,blur,2,17.652449402915707,0.7127150893211365,0.5170040130615234,0.9375090003013611
114507540681851,35.729256605436,128.41830771074,17.6782022229694,105.18772259926781,KR,blur,2,3043.169661467899,0.9136475920677185,0.8785014152526855,0.5479720234870911
661381454786146,-18.972548731094268,29.805283361910963,-13.513009544797606,27.311801162022252,ZW,blur,2,662.8194841131965,0.12406723946332932,0.007810808718204498,4.246031284332275
222747492577837,61.352664593679,27.429725107498,57.08149750212272,24.323296411838218,FI,blur,2,506.62560199570913,0.23972612619400024,0.16224074363708496,3.94439959526062
138806294926443,38.717835758735,58.495184798492,38.351087875672185,57.58212462022455,TM,blur,2,89.27602592099788,0.6839614510536194,0.5451905727386475,1.6927403211593628
135421499385396,13.275246919086468,2.911011286873044,13.243896468793391,-6.976164348376095,NE,blur,2,1070.030333355828,0.9585102796554565,0.9398166537284851,0.2862159311771393
517034622643483,-9.0920015075631,160.82242285539,5.496192267673847,100.43513953390719,SB,blur,2,6886.3147613718465,0.5812309980392456,0.38177722692489624,1.4218629598617554
2526299567665760,35.829307962213,14.558295593658,35.65108167291511,34.545728761542065,MT,blur,2,1800.9091136985771,0.3967856168746948,0.22658614814281464,2.508885622024536
281947363629492,78.231350087799,15.142395905188,62.144688602695155,-7.210351013218973,SJ,blur,2,1946.631361544769,0.9813694953918457,0.9772375226020813,0.1652504950761795
309954333906145,40.335258934887,19.990673334292,41.74730883364865,45.00653026378754,AL,blur,2,2096.470339786235,0.3165510296821594,0.13352347910404205,3.050802230834961
163258222377928,-8.7192284268616,160.86453616743,21.07541427133976,101.58787237004879,SB,blur,2,7269.232622294127,0.22130748629570007,0.06753082573413849,3.001995086669922
497041608993768,7.354967160960991,134.4972694391149,24.973691885882403,121.27188508025502,PW,blur,2,2410.9565372083084,0.6179711222648621,0.5465639233589172,2.361018180847168
325055798982586,-10.203132697528,31.216979658259,6.496890728981554,2.623655694378267,ZM,blur,2,3670.7178428428883,0.89558345079422,0.8785911798477173,0.7553573250770569
361816321938390,12.57472666996,-70.041979864956,-7.331607440610509,-35.474911547305275,AW,blur,2,4414.868622142559,0.245339035987854,0.120433010160923,3.874640464782715
1145510005966861,18.05148025828786,-15.896397560721027,31.560538360959782,34.666789192189086,MR,blur,2,5271.181884959248,0.3408980667591095,0.19667190313339233,2.8425326347351074
262345932212210,15.140006372867152,39.26672870985676,0.9601666794295892,34.562209055333525,ER,blur,2,1659.1852688922338,0.9900031089782715,0.9875720739364624,0.08325322717428207
901986960835723,13.278551582622178,2.917996515380901,13.193733623724086,-7.051371176226341,NE,blur,2,1079.0638233997327,0.9179409742355347,0.90597003698349,0.5935042500495911
317050140097070,43.4276581353825,24.38127115862344,12.688327342676036,-86.04891401954143,BG,blur,2,10622.161876414119,0.14952221512794495,0.030034996569156647,4.610410690307617
994714827967018,22.682567905302,39.11769149111,36.303058232474505,-115.27209990912114,SA,blur,2,12925.794054841082,0.3616911768913269,0.28881213068962097,3.880948781967163
145209974249665,16.762668175828,-62.220769939941,15.599960643190123,-61.43783097899935,MS,blur,2,153.96588244581915,0.6662795543670654,0.5369094610214233,1.4445891380310059
763480160945552,3.114388438698,31.177872023014,6.496322612893517,2.6415321541761236,UG,blur,2,3183.5255926700333,0.5237638354301453,0.40688151121139526,1.918389081954956
4405163029511350,43.682079175037,23.978223195064,43.45979547507453,24.095744105882822,BG,blur,2,26.468112089030694,0.5134257674217224,0.3582490384578705,2.0007402896881104
326659798812032,12.410385336248002,-16.110049424682003,8.719789718360161,2.0544010026334796,GW,blur,2,2026.8700341347599,0.2095835655927658,0.042341992259025574,2.9055535793304443
895631547651467,12.080356238018,-61.704118318475,13.868009318958391,-61.030641225207354,GD,blur,2,211.74888230344044,0.49707430601119995,0.3375195860862732,1.9787386655807495
953292548822411,18.0817933464398,-15.894888251115804,16.537035017629353,-15.490769970385827,MR,blur,2,177.045266140791,0.9636778831481934,0.950700044631958,0.25738048553466797
1179673359141283,-27.440457092686,31.884625638401,-15.244634517665226,29.533572252742786,SZ,blur,2,1377.6816756163248,0.5020250678062439,0.07522174715995789,1.0851528644561768
1391570534555001,12.121586777999,-61.634729332904,15.579862113953288,-61.444310909165104,GD,blur,2,385.09160214605384,0.45493388175964355,0.07802098989486694,1.0819331407546997
1931718050309638,42.316673318457,42.610766550542,34.52520469274981,-85.0024013648584,GE,blur,2,9945.419750306555,0.056476566940546036,0.003915384411811829,5.334533214569092
1441784959495240,18.614866388889,52.371751388889,17.542710568394448,53.25261338267892,YE,blur,2,151.2694784999919,0.3172336518764496,0.22366395592689514,2.9321436882019043
1092193684624091,13.222041768155,-61.27004985443,13.800561203443898,-60.980054033636016,VC,blur,2,71.56246094337062,0.2986161708831787,0.18463777005672455,3.2200751304626465
545855749735091,44.933679619312,10.542218724088,48.89015408614099,8.391550053144424,IT,blur,2,469.2401199979403,0.15384891629219055,0.06241907179355621,4.287928581237793
2774084016236056,4.2465653216704,73.54886569526,10.442622558534053,76.1260608291824,MV,blur,2,745.2367605158897,0.5012765526771545,0.26536324620246887,1.7025299072265625
193239609283383,16.442716181297,97.600636667113,43.3025537976291,141.56196010978886,MM,blur,2,5098.223033129386,0.3014698028564453,0.19866777956485748,3.5642755031585693
838605060406461,-38.684857801033,-62.245177670808,17.476141148791804,104.52740352034719,AR,blur,2,17330.315062974005,0.15798670053482056,0.05210096389055252,4.354132652282715
1398766300483374,-20.281888888888,139.05741666667,13.10917836366146,77.86033075079487,AU,blur,2,7650.868125166755,0.1506234109401703,0.0025821924209594727,3.7772274017333984
309592324146292,-40.470381504032,175.24679558692,-36.14789844153329,174.11298861981567,NZ,blur,2,490.6996828437535,0.18271224200725555,0.049853041768074036,2.732973575592041
787330225321281,78.186979979764,14.79210601878,64.56948466159182,-14.284412712987505,SJ,blur,2,1789.5282145926553,0.5432791113853455,0.33360370993614197,2.1355910301208496
481435006457069,41.714515597444,19.778002854189,40.879406632319245,39.362457758371114,AL,blur,2,1635.1990124815616,0.43849456310272217,0.2416805773973465,2.464310884475708
562746315113072,-21.036239487922,55.673092800575,15.619620322935736,-61.37554803024612,RE,blur,2,13383.296189047427,0.6971741914749146,0.5471083521842957,1.029204249382019
251075026766241,42.736773777269,78.935492923137,40.52757238904459,44.24126152535573,KZ,blur,2,2873.5415040279768,0.6929575204849243,0.6591957807540894,1.8007746934890747
4010096302418176,13.274118,121.232275,14.950660686977749,120.77291126237704,PH,blur,2,192.8919056888254,0.7371655106544495,0.6269805431365967,1.0360655784606934
385537683018740,8.58587702121514,-10.943586617629483,11.095496146357807,105.4081802300991,SL,blur,2,12643.031532792484,0.22196738421916962,0.0021512359380722046,2.7300403118133545
180372857328994,49.843429916622,73.222888258927,38.94671417539092,-110.36048621364291,KZ,blur,2,10135.824750131691,0.2703677713871002,0.20899276435375214,3.7685277462005615
907851513392138,-18.164645479454,178.22136593468,-21.051717594433065,55.25726221980806,FJ,blur,2,12425.69260630884,0.4576534330844879,0.16190403699874878,2.033968925476074
1131598217344189,54.864195040685,8.7383931888414,50.91528226947238,2.861432710202737,DE,blur,2,589.742320405611,0.10259902477264404,0.04353024810552597,4.847665309906006
3247097405547891,33.97288015656933,71.60789771722264,34.01927489032768,71.54636520452338,PK,blur,2,7.667624673344343,0.9369287490844727,0.9187310338020325,0.4724803566932678
1063412324270300,-15.431355385415,167.20499794568,-16.432152371180553,175.53251001999809,VU,blur,2,897.2641731563339,0.7857329845428467,0.5854517817497253,0.5880208015441895
478746096705872,12.1865576631,-0.3910576992899,9.408689816010266,1.0116969316759032,BF,blur,2,344.79024764139757,0.43831315636634827,0.2542675733566284,2.24411678314209
163486722253544,18.376454722061,-65.907019733384,-7.252430470278718,-35.61462751729253,PR,blur,2,4377.637864828168,0.7196406126022339,0.6973990797996521,1.8929089307785034
1394646127681740,50.27605756468763,-5.022433442071348,56.842975352419444,9.82665876102854,GB,blur,2,1218.5084027121272,0.13733120262622833,0.0211997851729393,4.745124340057373
311036310426740,10.534375285392,-85.108561963834,-28.55014415041595,29.441741951312455,CR,blur,2,12954.180169374453,0.3225978910923004,0.015368789434432983,2.4517130851745605
180655490594869,-4.2955834051727,39.583247618282,14.016257580992047,100.7857271083837,KE,blur,2,7048.613674132034,0.5322304368019104,0.3817676901817322,1.937024474143982
225040172344104,54.10668466178,-8.5444506137227,54.057907385055586,-8.557254665818633,IE,blur,2,5.487714687862034,0.5149997472763062,0.09211158752441406,1.022382140159607
590599688583224,62.579080335013,22.030513453623,60.3651492250344,24.805851588928693,FI,blur,2,286.86657834177777,0.20338284969329834,0.07292826473712921,3.887449264526367
378410597431210,11.755141729610802,11.99142765025279,13.223767307081022,-7.9239253524346696,NG,blur,2,2167.6593349873583,0.25256821513175964,0.037941232323646545,2.759561061859131
769560623930363,13.781555904684,-60.954984062834,13.678578189838206,-60.97500955815466,LC,blur,2,11.65312167422221,0.5111242532730103,0.0367085337638855,0.7893477082252502
191217559525689,10.598613143242,103.76819114404,13.995706300594644,100.75814004378798,KH,blur,2,499.59413883515634,0.7065801024436951,0.612984836101532,1.2594027519226074
960119301406916,8.934567996624,15.810201192055,10.036341701097234,-12.76301550357126,TD,blur,2,3135.1946804098343,0.5074672698974609,0.21327492594718933,1.5764515399932861
162029952434974,10.416592641005,-6.9267518159549,6.494917326083971,2.692442032958402,CI,blur,2,1144.0948055008146,0.6623291969299316,0.5898375511169434,1.7062865495681763
777563772895063,60.262939806644,20.372533414245,44.662290734886696,-0.7099103415769477,AX,blur,2,2226.658098324427,0.2871168553829193,0.13556043803691864,3.1634716987609863
483016122754010,8.2177331232449,-10.640871255174,-8.04031787064411,-34.94270789119424,SL,blur,2,3243.6193612990023,0.20570062100887299,0.10222049057483673,4.169161319732666
945669026244322,32.28289364111786,34.89665697754903,33.05210772030391,35.12233967206181,IL,blur,2,88.10279516973779,0.25945302844047546,0.10793952643871307,3.4592368602752686
834907740772712,-51.828914124143,-58.391576104278,34.57398083637211,-116.48295582497697,FK,blur,2,11142.200712979777,0.8130874633789062,0.7738351821899414,1.2959709167480469
315786796574792,17.029958580939,-61.837386119134,13.932614048783082,100.7403544829494,AG,blur,2,16076.608477967988,0.9547207355499268,0.9474453330039978,0.33636289834976196
3935353219835220,5.0624805680856,-52.559930285878,-7.613596132585964,-35.243404331315624,GF,blur,2,2382.7079188119405,0.575147807598114,0.5433512330055237,2.901182174682617
703624374104706,11.148071748184186,42.461472571281,40.319094822698,44.02298185879484,DJ,blur,2,3247.298973846819,0.5439568758010864,0.47433969378471375,2.5349671840667725
552376936150414,45.747934121718,28.392399493234,42.266419936701006,22.690176530220842,MD,blur,2,597.9305815789058,0.33202245831489563,0.2208336889743805,3.0031957626342773
279990610516417,-25.052590421722,25.938389437355,-30.678055643377117,25.561770510191455,BW,blur,2,626.6162208220151,0.4571872651576996,0.40463677048683167,3.430229425430298
244594784129468,17.181606776437,-25.056350793491,15.269069060787597,-24.458959355176184,CV,blur,2,222.02193909468897,0.5265501141548157,0.11222618818283081,1.072575330734253
916296905814911,29.986443376454,35.073653850875,36.092836228355836,50.56780724638916,JO,blur,2,1593.3234389514464,0.45900624990463257,0.3030399680137634,2.7476208209991455
160409959286661,13.609489121743,-15.203056960483,13.855313876144521,-60.99679367432762,GM,blur,2,4938.655630956026,0.3711925446987152,0.24272452294826508,2.9998385906219482
375549574325666,-8.088511666666667,156.78238944444445,-16.673272025821337,175.1872178021804,SB,blur,2,2212.864919015401,0.3965824544429779,0.12113514542579651,1.7944731712341309
6504127516293875,-20.153986376711,28.58502890468,-25.7050299356062,27.223796325621986,ZW,blur,2,632.7751793190121,0.2021826058626175,0.014743626117706299,3.943021774291992
955352585280405,53.073543217589,5.6644949286343,53.077686120611865,5.607055088491993,NL,blur,2,3.8646231866784717,0.35084500908851624,0.21986451745033264,2.8762171268463135
198798338740227,41.487329996943,45.08669320994,42.584029143432495,20.94006071573327,GE,blur,2,1991.1694874284888,0.25935786962509155,0.1847822368144989,3.2909579277038574
747640439246618,6.555528380315,-10.331525634335,6.496652645766592,2.6928525924296007,LR,blur,2,1438.8350553498826,0.833254337310791,0.7798048853874207,0.9873066544532776
537333261008423,39.113511978868,117.21046994629,37.440948497811554,126.69346683171709,CN,blur,2,847.9746390235027,0.5807678699493408,0.4081166386604309,1.847496509552002
5205930492794121,13.596220054527333,-87.36529096486619,24.430845980784376,124.19748468654055,HN,blur,2,14572.853525539442,0.2951192557811737,0.18082450330257416,3.5536606311798096
282961036881213,36.025363064061,14.258923344808,36.75221549385093,-2.3703562669102105,MT,blur,2,1488.8577790357465,0.08651223033666611,0.020169362425804138,4.728862762451172
2898417523733065,12.385310410818,-5.9561351141694,12.387897739433324,-6.320258277041619,ML,blur,2,39.547215566533936,0.4653984606266022,0.20895540714263916,2.107511520385742
814006309495024,18.427369706947,-64.568261557542,15.581235924574681,-61.43626115681804,VG,blur,2,459.39005844936264,0.8198997974395752,0.6943767666816711,0.7614753842353821
363924908375174,-4.7913317580586,11.855642981142,6.480117325690017,2.6274072452703727,CG,blur,2,1618.6876738379353,0.8227758407592773,0.6732568144798279,0.576888382434845
520091355848418,69.217861349712,-51.109419049396,63.39966509531854,11.028729228043762,GL,blur,2,2720.2505637015674,0.38954299688339233,0.20770220458507538,2.527693033218384
840734783196696,32.126256113931,44.324859980182,40.359008903019664,69.4052828146102,IQ,blur,2,2417.8039497496043,0.24790498614311218,0.055393487215042114,3.071685552597046
226163689282727,12.168906318554,-68.967070805139,17.227536178921063,-62.6448984966714,CW,blur,2,882.264710672107,0.40010303258895874,0.24977020919322968,2.5695838928222656
341214407334376,-19.377102833928,34.400509607794,52.07912850928149,-9.464266392795158,MZ,blur,2,9007.897142517357,0.17476604878902435,0.08581887185573578,4.818551540374756
894968224414635,34.986110625975,32.668982915426,34.921047215073095,32.774275037468044,CY,blur,2,12.01769214021431,0.888114869594574,0.824839174747467,0.6381572484970093
462694431488011,18.632063011792,-68.389902993932,28.635192067803228,-81.25783731831697,DO,blur,2,1716.8151327033809,0.08196212351322174,0.021122131496667862,4.225962162017822
857893648147331,-10.905676698416,14.247198141961,14.04486197293266,100.83889544705306,AO,blur,2,9939.253746720216,0.26828959584236145,0.07305876910686493,2.898183822631836
382009819762071,39.329365017441,27.62045985936,41.84643494730372,-6.554202079185179,TR,blur,2,2880.2243331663767,0.33597680926322937,0.24696320295333862,3.2576076984405518
271875871339932,11.850545983225,38.038235893261,11.272161903804994,38.22655077651836,ET,blur,2,67.50602591383074,0.9782772660255432,0.9687148332595825,0.1496644765138626
525646118616107,-15.637682963249,166.84078278513,-15.965443577513318,173.12056409902513,VU,blur,2,672.8538811346458,0.9922680258750916,0.9901329874992371,0.0787014365196228
2982805328705469,64.437207664635,24.181485346398,51.37880629137514,22.56277871645727,FI,blur,2,1455.0554318519269,0.19849978387355804,0.0020591020584106445,3.766418933868408
320116623608771,23.185410152402003,91.17769833999328,23.047017389776883,90.90769054901149,BD,blur,2,31.611404750599156,0.34173306822776794,0.17508001625537872,1.9737269878387451
803534963702486,51.121882315762,3.1082009025971,51.71620905428702,20.84004534028243,BE,blur,2,1228.3255543404057,0.24518601596355438,0.11782701313495636,3.6775858402252197
376395010415901,13.924250043571,-61.056412107275,13.800139817701488,-60.9755481539017,LC,blur,2,16.32975115160069,0.9918066263198853,0.9876449108123779,0.06574826687574387
303078421392591,-16.446930463398,-152.24847310031,13.703528487901979,-60.98444261081261,PF,blur,2,10566.532401347033,0.27839794754981995,0.08475345373153687,3.36987042427063
312172783608841,49.510993358681,6.3452033888591,55.323212772099296,25.29434575234236,LU,blur,2,1432.183105518294,0.22752928733825684,0.11696097254753113,3.8593945503234863
6235880006437043,-3.1366812272296,-79.214143657851,4.482901907913082,-73.9184023311658,EC,blur,2,1031.5251252390399,0.4393482506275177,0.13088956475257874,2.0083117485046387
965921670819949,-10.479678823577,105.67386300715,-1.0313997273081708,149.35434517635116,CX,blur,2,4938.646348792677,0.24801243841648102,0.08794862031936646,4.257215976715088
925871031561258,-6.2639877158616,107.06741782953,-6.564529432259855,106.77269559611155,ID,blur,2,46.66243645699981,0.6625112295150757,0.3748144209384918,0.8295978903770447
1164097447347216,4.8674337462563,31.519362784566,6.20552081392538,1.1917136656826792,SS,blur,2,3359.391540838425,0.8525853157043457,0.7092757821083069,0.442349910736084
4396227090475829,-1.2678653976589,36.678122304876,8.682170186960324,1.279967396498579,KE,blur,2,4075.599477366519,0.4116039276123047,0.2206658124923706,2.585369825363159
865652107497194,25.981085501999,50.457665915183,16.0816895195029,-16.502516435592213,BH,blur,2,6966.534637498616,0.33338430523872375,0.25908979773521423,3.355546474456787
299799271640333,2.1039771270774,45.331583431777,31.89283944143914,35.12002155873871,SO,blur,2,3480.850038616049,0.32328376173973083,0.232976496219635,3.117893934249878
461018955189846,14.544694692651,-60.871651329228,15.70418465963674,-61.39978789819866,MQ,blur,2,140.84256808303059,0.536589503288269,0.4475390315055847,2.900355577468872
848673612668103,42.673726026337,20.952183058644,41.78122582575038,44.80036115756936,XK,blur,2,1959.5967692143279,0.7558343410491943,0.6475499272346497,1.3217958211898804
1416342685418545,-18.613385898721,-174.00201190817,6.483638176397835,2.7156098075780157,TO,blur,2,18620.25743989014,0.7935159802436829,0.7650724053382874,1.2448456287384033
494963678607139,41.553688076193,76.443594560854,-41.47256647537112,174.10206043119803,KG,blur,2,13446.995000749861,0.20393292605876923,0.03738531470298767,3.077454090118408
219389349648885,10.15103545444,-0.08621895664982,10.35102792789236,-0.36301974552241956,TG,blur,2,37.574845280483814,0.806607723236084,0.7091402411460876,0.7041640877723694
3089177431309627,15.373065639057,-61.261521114061,15.614373604689359,-61.36385123872945,DM,blur,2,28.986222334032163,0.6836143732070923,0.5088885426521301,1.1527148485183716
267446095163419,-24.410317211088,31.569065250692,18.557379178272015,73.75548256647645,ZA,blur,2,6611.782724308867,0.27877500653266907,0.15023884177207947,2.9998021125793457
302215634735033,41.271908839255,44.308127758638,53.76298798973103,19.814328453876076,AM,blur,2,2285.4063594538056,0.4102635979652405,0.07181596755981445,2.2395880222320557
2667851503513129,17.27324849632742,52.95912218803253,17.47384884604732,53.21714986034847,YE,blur,2,35.317726917209214,0.5454495549201965,0.43219754099845886,2.357313871383667
153409713461640,8.790179318271212,17.833063690255294,12.601749687788589,-5.495580506341554,TD,blur,2,2582.8304387448693,0.22226503491401672,0.04231274127960205,2.5494003295898438
197648665524336,32.845770012076,3.9393382718177,36.58269292401182,2.705159365875876,DZ,blur,2,430.5541122140264,0.2374497354030609,0.1424998641014099,4.136571407318115
186111083366529,51.38944480684,5.6393438286668,52.108636010964865,5.975218507762893,NL,blur,2,83.24577158729092,0.5049277544021606,0.4377591907978058,2.838813543319702
2778308682433187,46.907087389519,21.768223720096,50.61863484627052,16.782136281019145,RO,blur,2,551.0119912792004,0.3005359470844269,0.23768481612205505,3.7683911323547363
937732960392917,57.179863762985,9.5235696942098,47.992755160655655,11.605360672322076,DK,blur,2,1031.0689809859734,0.20714323222637177,0.007198959589004517,3.3183422088623047
1146261095856485,7.3615432427089,134.43713448334,14.611196679281617,-61.11726606237419,PW,blur,2,17029.824324694924,0.3939615488052368,0.18012534081935883,1.9654507637023926
481510253092194,55.547652479706,10.237061583967,50.37537933510011,11.577459568004112,DK,blur,2,582.0658081544873,0.16247175633907318,0.09829772263765335,3.989117383956909
373515770750013,52.085212737279,23.57416942403,54.25107094313549,10.918686825650354,PL,blur,2,875.9270944080719,0.656485378742218,0.620236873626709,2.1788113117218018
509958026699758,8.7996562999047,17.834358755261146,13.228666600626553,-7.99352790861916,TD,blur,2,2860.075260450234,0.3759480118751526,0.012662440538406372,1.8872851133346558
898715014311013,48.970224789976,9.8639365242088,46.90735393252685,29.25815766126434,DE,blur,2,1458.681498450966,0.06716110557317734,0.005634088069200516,4.934795379638672
1199206943853136,-16.678932002412,-60.816984800192,-7.362246819261757,-35.508150539416036,BO,blur,2,2936.8394561418377,0.6388998627662659,0.5468895435333252,2.012141704559326
498260671492955,-38.013275055456,-73.225185383762,-33.41999680692226,-71.10517296086547,CL,blur,2,545.3859366493365,0.27901124954223633,0.09789268672466278,3.3150038719177246
894859321231304,12.227082918058008,-69.07847800166279,-7.256334218767396,-35.51980556452034,CW,blur,2,4295.968332350341,0.5552967190742493,0.42496365308761597,2.4724888801574707
1389207538112280,-18.237830811581,177.83923612892,5.595281446035338,159.4219790105134,FJ,blur,2,3332.195018245192,0.37132251262664795,0.21130891144275665,3.1596388816833496
853984918525885,16.723203555806,-62.23130997289,10.987096718059691,-74.87824144943535,MS,blur,2,1506.2353120690684,0.21029801666736603,0.019234299659729004,3.031087875366211
122049223635653,-9.093844554597762,143.20550105803093,8.790978767193307,126.9146678024947,PG,blur,2,2685.0638018716686,0.30571019649505615,0.12613257765769958,3.0094308853149414
503430330798585,15.754797111762,-86.834109918362,14.032274357199558,100.8044352802496,HN,blur,2,16598.157571557967,0.3296935558319092,0.1201353669166565,2.1533617973327637
909387153127451,28.736208967151,48.003263644262,-26.37141721715057,28.16273881007602,KW,blur,2,6483.165735034706,0.19283521175384521,0.02481609582901001,3.135554790496826
906902016543352,31.331782024306,46.203432956327,33.66966871980419,73.11079804893512,IQ,blur,2,2529.5826470755173,0.4631088376045227,0.207612544298172,2.457108974456787
2928214434172169,1.1206763559822,104.10141369167,2.9472742314739024,101.73101346914792,SG,blur,2,332.6141363937302,0.2805914878845215,0.011492490768432617,2.7600626945495605
450152016285778,44.280050101707,22.571319099243,42.265036739129755,25.40397756178699,RS,blur,2,320.58132652833046,0.32168784737586975,0.2519797086715698,3.6267707347869873
364335675754039,27.44091865174831,89.6695301948495,40.26071066075074,21.31428273110998,BT,blur,2,6315.393424036086,0.25080782175064087,0.07476639747619629,3.1507174968719482
1465192193846342,49.242897458505,-2.1257188472841,49.25755729070934,-2.1175482097573934,JE,blur,2,1.7346274855391122,0.5595279335975647,0.45443984866142273,2.104722499847412
307943760727803,32.017590561359,35.44667005004,32.084153604868085,35.29107724883133,PS,blur,2,16.42607396617731,0.3020970821380615,0.10767997801303864,3.229726791381836
460785571683103,37.925916394446,71.433043060589,46.68671582564006,17.316438326867807,TJ,blur,2,4464.195888380753,0.12234774976968765,0.009580887854099274,4.531771183013916
1128725237604299,-29.134916665635,150.74974999676,-23.372670156037877,150.0395705143624,AU,blur,2,644.6291173990381,0.41360238194465637,0.3053482472896576,2.349750518798828
490647468911155,40.963268605415,72.227703152599,42.85920843744181,77.97984599417978,UZ,blur,2,520.4328959520885,0.3957189917564392,0.05457392334938049,1.701799988746643
333643931662411,5.6383973900144,16.079947991405,40.60695716655076,46.10313910467976,CF,blur,2,4903.998031422615,0.7024812698364258,0.5362712144851685,1.4551604986190796
1227174381045729,47.768093183573,107.23115509769,40.631435787530755,45.90817211725036,MN,blur,2,4822.474032457719,0.13321973383426666,0.025134287774562836,4.846985340118408
1407497409603690,3.0843020507054,19.86280519181,2.120072611643844,32.36889182045711,CD,blur,2,1393.2886810494867,0.8308774828910828,0.7960131168365479,0.8819464445114136
3723636841075361,45.568657163831,14.018918146853,44.58379690892258,19.44376288416355,SI,blur,2,439.72382764855774,0.11406869441270828,0.016909673810005188,5.0250630378723145
165305525550262,8.3525370889256,-10.025850369874,6.876166818844298,-11.127163676617947,GN,blur,2,204.16293157632896,0.965561032295227,0.9526062607765198,0.2177484929561615
340729614142712,18.491135,53.019456388889,17.49398880909654,53.19660915394478,YE,blur,2,112.44926144217666,0.18845044076442719,0.12094150483608246,4.851129055023193
454659182301876,-11.625933853582,43.262174830246,-20.902198020166523,55.51703596279168,KM,blur,2,1664.3220431794264,0.6933168172836304,0.5378921627998352,1.150166630744934
668193423973890,-24.287426139806,25.329460617088,-11.935318834366777,30.32167858646823,BW,blur,2,1470.8513676733141,0.44017285108566284,0.2885444760322571,2.3442838191986084
838630760070492,25.060757368329,105.86456403205,19.759971685255376,102.58845195463512,CN,blur,2,678.7541539069467,0.9894264936447144,0.9797900319099426,0.0645846351981163
390606075408650,42.986310463262,19.555681585034,44.06652534421167,20.60978200550694,ME,blur,2,147.13573981193417,0.47131380438804626,0.3641784191131592,2.479668140411377
131134676170300,-12.948481303182872,45.128315287832365,16.036002981046323,-61.8629484768777,YT,blur,2,12188.049091053155,0.44543763995170593,0.2917810082435608,2.5923714637756348
1792656240942534,13.919496365755608,-90.97051612073146,-33.641020789127985,-70.7321458302028,GT,blur,2,5706.919683515388,0.10054755210876465,0.0017184466123580933,4.473700046539307
170823461623752,16.241110201764,-89.025642613932,16.758215463093528,-88.8077349624689,BZ,blur,2,62.01558547418261,0.9833043813705444,0.9806714057922363,0.15263819694519043
326797512347685,20.477204466217,103.99483406515,21.557886266852297,102.32349362554693,LA,blur,2,211.0304594015909,0.8079026937484741,0.6652414798736572,0.6821646690368652
603719283920573,40.194963555707,44.545682589004,40.26558705506752,44.22774751861437,AM,blur,2,28.10945192616891,0.9886699914932251,0.9810135364532471,0.07962379604578018
307023807471036,48.822446939892,15.635962976885,41.06279583903404,30.5429730306796,AT,blur,2,1452.1522667456356,0.37929099798202515,0.2566784620285034,3.339250087738037
1360919617610849,48.744206328516,20.484833979395,40.86494332816756,-73.5537430975397,SK,blur,2,6985.555132218617,0.31916454434394836,0.22810405492782593,3.432936191558838
4130359377021158,12.744808419842,-86.016174505038,13.7343616065167,-60.98668944032424,NI,blur,2,2710.222659817438,0.8527700901031494,0.8190414309501648,0.8582975268363953
186509513837116,-9.162518629974178,125.26855431414576,-7.26512991516104,108.34015152152536,TL,blur,2,1874.7224277622076,0.26568251848220825,0.049036383628845215,2.6587798595428467
305027981215954,-18.157704641057,178.42394691893,3.1956216416359555,156.46229320283075,FJ,blur,2,3380.398213500188,0.5926583409309387,0.547393262386322,2.612025260925293
156576193076602,-0.78254800116056,36.454570001926,8.014192420436471,38.521194677363795,KE,blur,2,1004.6271218172757,0.8997169137001038,0.8372216820716858,0.4619855284690857
713195779986935,15.71706020536666,-87.91892889999826,14.290329170589276,101.07668809692112,HN,blur,2,16535.036498188598,0.12660330533981323,0.046115681529045105,4.669563293457031
211686643757850,18.378333055477,-65.856644722755,-20.25003117716643,57.67476522589498,PR,blur,2,14114.821497019095,0.3159947991371155,0.19925376772880554,2.7799947261810303
1127316044444733,45.524200027704,20.00828632566,55.328053251155275,11.754657866695398,RS,blur,2,1235.0701232484798,0.3021210730075836,0.1870906800031662,3.474374532699585
1705161749686063,1.6727266549458,109.85191823171,14.339582297114736,101.06908770471291,MY,blur,2,1707.34457090117,0.46503323316574097,0.1007012128829956,1.6345984935760498
1180959432346280,4.2166399722222,-55.441371916667,8.059665336804834,98.79295244795078,SR,blur,2,16847.958563668788,0.336885541677475,0.23088911175727844,3.2401678562164307
152378826822821,62.297150880353,-6.3605044614883,62.34755169115307,-7.19952305100376,FO,blur,2,43.69560018850605,0.9415833950042725,0.8841267228126526,0.22972853481769562
2163885233752606,46.261529486069,41.00615902421,43.006496305508364,-5.298313460004819,RU,blur,2,3629.4241252119023,0.18297141790390015,0.12056826055049896,4.609726905822754
828943404645761,-4.2440126883445,39.574345953224,21.786583854320817,96.10782419596732,KE,blur,2,6794.680179553731,0.6794293522834778,0.615761399269104,1.948988676071167
145074444769704,19.85141683329288,-70.79678177411726,17.961868384067643,104.27570580567709,DO,blur,2,15776.196838444575,0.1745530068874359,0.016758814454078674,3.6493117809295654
167921538557854,32.347416850468,15.10321327924,6.496843131242648,2.667661625521068,LY,blur,2,3149.989796056545,0.5716811418533325,0.2034427523612976,0.9445539712905884
628318788994208,13.152619444444444,-59.56710666666667,13.233001905637506,-59.62850813840265,BB,blur,2,11.13899012294168,0.5969496369361877,0.44496169686317444,1.5238091945648193
842741859611073,16.018956092128,-61.581760537768,-21.013166915560795,55.25807527393044,GP,blur,2,13373.297335037323,0.7930001616477966,0.7371907830238342,1.17134428024292
310752417096783,66.229694079253,29.133889499018,67.65776006257072,21.707062654649416,FI,blur,2,359.99773057974744,0.340027779340744,0.2597464919090271,3.5542290210723877
280932113713079,11.564178753638,15.28787472986,6.468208766242767,2.7202370451341613,CM,blur,2,1491.4669035301633,0.8946895003318787,0.8440515995025635,0.5458117723464966
306629164189671,31.994107162003,34.880880875532,32.032272421387596,34.88146206758695,IL,blur,2,4.244136990041578,0.2678760886192322,0.1128479540348053,3.4771173000335693
375713220429607,-20.444336397825,57.719071106087,-8.643902181386995,115.16593584140607,MU,blur,2,6289.983065213519,0.2878503203392029,0.19113563001155853,3.5730111598968506
935998006944813,2.0128177809748,-157.40717950301,13.845747368869404,-61.01224621532249,KI,blur,2,10643.614499394163,0.8998552560806274,0.8720404505729675,0.7236284017562866
243279310922728,22.002956746269,59.647583227775,17.488259329522176,53.32945751847533,OM,blur,2,829.9898709290202,0.3338015675544739,0.1631058007478714,2.417757034301758
302369984598824,4.2729453578223,11.366798338452,17.52849638116918,105.56167321203765,CM,blur,2,10307.845369246908,0.1727600395679474,0.030635789036750793,3.7053096294403076
1410294946017903,39.031705816026,125.75630076806,-6.208558348281903,106.79665247214811,KP,blur,2,5396.190724411946,0.32669591903686523,0.25512924790382385,3.699960231781006
557405362093639,36.954042854563,8.9131949083518,35.2690124370028,24.855517134943334,TN,blur,2,1442.5908488426608,0.8913809657096863,0.8516138195991516,0.6853888034820557
508273253877668,60.696459628121,23.784802432989,61.84037956163379,29.102496147992436,FI,blur,2,311.28597424716975,0.33571189641952515,0.07537981867790222,2.413872003555298
822631438351061,41.306291815096,76.061806069928,-7.245937930678478,109.66455972772857,KG,blur,2,6392.863985452971,0.4804208278656006,0.3636874556541443,2.8961009979248047
1138310456645189,43.382281881015,16.41157939924,40.54354898122094,140.24155031697188,HR,blur,2,9119.100159052323,0.10151010751724243,0.0029781609773635864,4.599189281463623
222871899226271,-15.510435536345,40.349633637766,-13.951327190904978,-42.87360315660363,MZ,blur,2,8887.996163481483,0.2928767800331116,0.18387441337108612,3.533867597579956
653703302135487,21.606686370966,39.215434593079,29.93962213089113,31.046618711057523,SA,blur,2,1235.0742165050565,0.32323312759399414,0.052140653133392334,1.7185906171798706
512353726583180,57.378685294191,22.247361108176,44.316195475616844,-79.73304612192037,LV,blur,2,6610.117879154256,0.3216884434223175,0.28505370020866394,4.2149224281311035
221188212807394,5.9007667928315,15.424776553249,25.06831939622145,105.87032480523035,CF,blur,2,9774.616756431193,0.7169314622879028,0.6906528472900391,2.050144910812378
319019459840888,18.609369461477,-74.151456712619,21.395807255032967,102.51652306471166,HT,blur,2,15551.950967594052,0.5339903235435486,0.35103949904441833,2.0322177410125732
3291218371154050,-17.313447180213565,37.46183809351605,6.500326932740487,2.6306314966227773,MZ,blur,2,4653.277875156154,0.9805455207824707,0.9793936610221863,0.19647401571273804
584561212946534,-19.59947361892,169.46805368552,21.106226072160183,101.86427330503261,VU,blur,2,8633.116786096098,0.6252411007881165,0.4910057485103607,1.4796996116638184
304491461128491,-24.913992289767,-56.992001471465,12.545197584016128,-85.92858936741936,PY,blur,2,5215.1306309225065,0.22341379523277283,0.04043711721897125,2.8333957195281982
297816615150376,21.480754782652,-71.133236713743,13.817395233316322,-60.89466429420061,TC,blur,2,1378.5966313609558,0.6976515650749207,0.45285719633102417,0.9925045967102051
393440354996585,52.70481457742,27.450028836652,44.75902230154387,-79.8147178482614,BY,blur,2,7158.328557117439,0.07497355341911316,0.026706114411354065,5.5359601974487305
473720683849376,40.29467551394,43.521641209406,40.26601288459872,43.65006048149642,TR,blur,2,11.350396538269843,0.9994644522666931,0.9993798732757568,0.00677765067666769
454870842476357,28.72600008284,48.263573067355,30.21132542207656,31.66032802174047,KW,blur,2,1614.3577777263317,0.31098467111587524,0.025097519159317017,2.5669004917144775
151442870324225,56.727613998069,9.8232903910496,56.90935438496936,9.833075097901062,DK,blur,2,20.217379849957396,0.27764299511909485,0.16823242604732513,3.5733726024627686
3734785956631637,-32.223694448748,147.71777777513,12.08552351511469,-86.25431435852839,AU,blur,2,14092.947224599353,0.4385112524032593,0.2997775673866272,2.3678832054138184
2674396816191889,2.5936083377885,9.8483489898272,7.4441153371862505,36.49857467042644,GQ,blur,2,2999.7796747694547,0.7108498215675354,0.6021895408630371,1.2698414325714111
1379450249134838,11.1299017047619,42.37458637619046,47.27710587799333,28.879925058686627,DJ,blur,2,4213.857987923008,0.16638922691345215,0.10833895951509476,4.76495885848999
275414690944598,-13.67751150128,-71.664754722863,36.062819965804366,51.262336837669174,PE,blur,2,13841.73105138205,0.681644856929779,0.604945182800293,1.5693495273590088
1234218287109955,-20.82413546364793,164.48620687630458,-21.264672485676424,55.408718090488904,NC,blur,2,11003.974413293809,0.7140820026397705,0.6080819964408875,1.5758285522460938
302961411491361,46.996007579057,27.801513788055,46.71515840966593,6.073657840800507,RO,blur,2,1647.16310519067,0.3978418707847595,0.16275560855865479,2.1487927436828613
948698085931649,49.321417002248,19.543460957034,41.76038166110055,44.835212799656006,SK,blur,2,2128.6859633855192,0.2572889029979706,0.13956241309642792,3.4018707275390625
328279275310503,2.1101448348,45.328888943853,13.160712327385788,78.37422056368452,SO,blur,2,3837.0458156492173,0.40092015266418457,0.29469579458236694,2.6746327877044678
3938529579574500,12.745875526918,-6.8748541915599,12.6668783706865,-6.796540744297023,ML,blur,2,12.219725783279747,0.9016596674919128,0.8074732422828674,0.3425467014312744
1194874720960051,12.083080655367,-61.701340518071,14.613883062618369,-61.04745464185299,GD,blur,2,290.16677906060363,0.9883437156677246,0.9805763959884644,0.08202551305294037
2660802827398825,16.196727547951927,-16.262142180464767,17.388342525615663,104.26665817905638,SN,blur,2,12505.808527225032,0.4793798625469208,0.28207719326019287,2.180266857147217
474318140350732,-30.186929671859,28.721722313277,44.643379386799126,37.798394014162895,LS,blur,2,8371.531174479729,0.30110782384872437,0.20007739961147308,3.7419791221618652
131538628927343,23.927591478789,56.89006326826,17.54833220979933,105.2199487985758,OM,blur,2,5052.213758956935,0.19838003814220428,0.053248196840286255,3.9587595462799072
956252018280238,5.6732085786965,16.632589745091,19.97995346149481,96.05759797245672,CF,blur,2,8689.498046201277,0.18483668565750122,0.11718989908695221,4.659684658050537
986557568784559,47.96199867689,3.329329196682,43.33186602181471,-0.501196965851301,FR,blur,2,594.569698931091,0.372198224067688,0.25165894627571106,2.9203593730926514
858888201360481,27.431311876486,89.411968800978,20.61456207706876,96.96125509939812,BT,blur,2,1077.5782185928922,0.43035823106765747,0.25527387857437134,2.5760207176208496
1122494928228049,-6.2923231452892,176.31516236757,23.079520987607516,89.53882737358974,TV,blur,2,9953.664433411079,0.9493619799613953,0.9378352761268616,0.36782875657081604
822289958383794,41.363620514254,46.930408712763,40.54409039960849,46.75934890284067,AZ,blur,2,92.25285890248831,0.7605459690093994,0.6575117707252502,1.2994722127914429
507580496941067,41.24483557588,71.582892060753,41.70722797487737,20.57862855233813,UZ,blur,2,4185.412773426227,0.23064501583576202,0.042548418045043945,3.1505649089813232
850897392160274,15.37337039371,101.11838827961,15.181045210584523,101.21800397167384,TH,blur,2,23.906472491668175,0.3974657654762268,0.17653244733810425,2.7024638652801514
1479666545728283,-2.207944528615442,29.59226081231841,11.478201099226329,76.43853955641323,RW,blur,2,5397.248267728842,0.7049993276596069,0.613659143447876,1.2597928047180176
580789552886656,50.678594855093,4.8188742178492,51.690205894049804,20.83259960560264,BE,blur,2,1119.5095759348615,0.4585780203342438,0.2823556363582611,2.516896963119507
795872621134242,21.469950825343,-71.131968567748,21.455202492358282,-72.7357716009519,TC,blur,2,165.97582525092838,0.6341548562049866,0.46165454387664795,1.2280044555664062
537185557301814,21.468632587884,-71.131614335596,26.518726070440387,-78.50978041777118,TC,blur,2,936.1668072774387,0.9491134285926819,0.9159424304962158,0.2508363723754883
533124681034633,9.6221481881675,5.9902728883701,8.257487731977724,2.272166644834034,NG,blur,2,435.6795489852053,0.4379189908504486,0.29329970479011536,2.9362714290618896
459637375114061,16.326241192515,-61.485416089177,42.81455565139186,140.25411968388372,GP,blur,2,13073.39833375929,0.09599824994802475,0.021824471652507782,4.594993591308594
761065858107101,18.02556598756,-63.076095445477,-33.04898695247889,-71.544673841979,SX,blur,2,5750.084333626612,0.24615129828453064,0.16304904222488403,4.150619983673096
175886771114688,37.132743072818,71.445580058334,37.14664229438106,71.98197279493534,TJ,blur,2,47.5713294907081,0.9372938871383667,0.9012855291366577,0.3603118062019348
3028763490743210,44.505071370572,14.497751817403,40.8194995414742,17.053760967062942,HR,blur,2,459.97219883385293,0.6025058627128601,0.49924802780151367,1.6503167152404785
4083027895078105,6.922264444172,81.810604007404,13.066590014591332,76.60779096277959,LK,blur,2,889.4106961851543,0.6380376219749451,0.5006222724914551,1.7532203197479248
196273232181806,10.57170873112,-61.274575577684,58.15348780325217,57.05768603652337,TT,blur,2,10583.717377534835,0.18349669873714447,0.11046037822961807,4.5493364334106445
311046543750546,5.8181956657151,-55.229591655912,15.568237866386657,-61.393451378764844,SR,blur,2,1275.8333690883658,0.3028012812137604,0.1179756373167038,2.9231090545654297
1340777496415094,-24.184041937054644,-56.01406804634483,-24.20338238800162,-55.957836383281965,PY,blur,2,6.095449608877996,0.5433187484741211,0.401479035615921,2.162904739379883
320265609670289,38.422783933334,-28.447899110035,40.91245723250163,140.73935786337967,PT,blur,2,11125.330624569266,0.1115935668349266,0.016813233494758606,4.232842922210693
587462658901340,49.482634783129,7.2198204378864,42.78894063208968,-7.999692947421837,DE,blur,2,1385.0518094826682,0.23450429737567902,0.1461033821105957,4.175506591796875
1117419915461502,-13.3507635470948,24.07831798797145,-0.0030472068069702556,29.73270722106568,ZM,blur,2,1609.649361298898,0.31423306465148926,0.21949294209480286,4.048877239227295
293849812373143,21.729330866875,58.283925067403,17.480898671787003,104.44145551241475,OM,blur,2,4840.887114392819,0.21008335053920746,0.0007950961589813232,3.571535587310791
913136816207204,27.685309394915,84.245084160599,13.955007485860781,100.7185341571061,NP,blur,2,2289.0246979643125,0.37122076749801636,0.18097348511219025,2.225769281387329
1427947294218129,38.134538979321,20.602291273787,41.393811281615406,13.075243461860062,GR,blur,2,738.0211510073358,0.19266599416732788,0.08828985691070557,4.265061855316162
950864868999393,51.137636946693,23.395299320308,47.72499042090623,18.10052438915483,PL,blur,2,538.8212961459981,0.15968072414398193,0.030148625373840332,4.333744525909424
223308666224105,10.524123082769,-2.6530083555487,11.375968498757244,-6.700668582149535,GH,blur,2,451.9151022639873,0.4422534108161926,0.3241240382194519,2.878605604171753
202168424910797,63.087501381586,29.619921161522,58.106432304370344,56.794564586742375,FI,blur,2,1569.0398774010505,0.9121264219284058,0.894603431224823,0.6436941623687744
134334415352783,34.771117780932,10.388663407803,34.660600613171084,10.442336193815393,TN,blur,2,13.231947448006188,0.45885831117630005,0.3252667784690857,2.6793363094329834
1123967504754624,2.462911169111,9.8411851986574,0.3503317215294139,32.66538338845953,GQ,blur,2,2547.867748478644,0.5562525391578674,0.391288697719574,1.51522958278656
563150931329907,-16.454467194083,-152.25488087725,13.720298786911606,-61.00433378935317,PF,blur,2,10565.822271824132,0.26395803689956665,0.06762965023517609,2.1586241722106934
527782441730123,19.613317472222,37.21518325,6.459386110411927,2.623971260840539,SD,blur,2,4010.788702837095,0.3233240842819214,0.20428061485290527,3.6281492710113525
874132063313509,2.1211650392132,45.325477296944,21.075050810736336,-101.62289362108594,SO,blur,2,15589.378367347825,0.3819161653518677,0.23541784286499023,2.4373722076416016
1414690518888723,4.4280699971271,-7.3572366993037,6.5272733632770485,2.5874446697521294,CI,blur,2,1125.151221311413,0.8020025491714478,0.6175328493118286,0.5620059370994568
1488652064809969,31.757099517069,35.492951999494,31.646209758649718,-7.877499415447391,PS,blur,2,4074.888473606715,0.4145086109638214,0.36312970519065857,3.5394959449768066
548267689892757,4.8188638046841,31.553307958678,12.57168816559675,-8.116926380399313,SS,blur,2,4439.25294095887,0.13035371899604797,0.025552012026309967,4.538207530975342
151479410277523,13.926511407569,-90.820049410327,10.950186118828748,-74.78973522833823,GT,blur,2,1771.3530651224535,0.583292543888092,0.4649762511253357,1.910378336906433
282741450237053,40.63918244788,14.689358309553,44.16259980667472,8.147144636252728,IT,blur,2,664.5360283881449,0.2782738506793976,0.07041493058204651,2.6025478839874268
466856821203613,32.362756289357,15.075112091192,6.47802339111804,2.620043800517672,LY,blur,2,3154.2716355659745,0.5290011167526245,0.3741936683654785,2.261791706085205
503692787493112,-8.4956747146718,28.873913205907,13.215797677927002,-7.8447227765694185,ZM,blur,2,4718.8308344200605,0.3227058947086334,0.07526476681232452,2.553788661956787
129527739201981,50.74400552946,15.089402768176,49.5810463603368,18.079370457142705,CZ,blur,2,249.1388575218827,0.246821328997612,0.10905596613883972,3.2746806144714355
459080448727005,43.398268683651,17.872251876102,42.93386958709058,19.668199439040762,BA,blur,2,154.53493976330395,0.2986576557159424,0.07206110656261444,3.0715394020080566
2599771000325900,10.491317886291,-66.940783689543,4.758144065304758,-74.10909963203682,VE,blur,2,1014.8864877448801,0.3963354527950287,0.27976036071777344,2.725376605987549
1586218158513391,-35.09726470656671,-71.96444205112698,-35.39043816661628,-71.71812559909155,CL,blur,2,39.53582510672949,0.30108484625816345,0.1368023157119751,3.1268725395202637
790312034924185,6.4665061966066,-73.264673048874,-23.48291273806787,-47.4674982493645,CO,blur,2,4351.8036352615345,0.6528587937355042,0.5891605019569397,1.865300178527832
3828714587227647,-28.982228650362,17.795137519664,35.1850689700974,-118.07676122507661,ZA,blur,2,15835.072499312779,0.17773450911045074,0.07402293384075165,4.251176357269287
915335685911826,-26.650343222475,31.676701721271,-25.021892005153653,32.431559213977735,SZ,blur,2,196.20125051798723,0.16760946810245514,0.0813078060746193,4.60789680480957
295989332000056,-21.294072972472,55.453451741806,-20.93701942481774,55.380763423208506,RE,blur,2,40.412143784244435,0.6806014180183411,0.5384247303009033,1.3315536975860596
762826894424335,15.953620769688,-61.226106662441,16.013878893058614,-61.77862452991115,GP,blur,2,59.44084568898101,0.38415995240211487,0.09846028685569763,1.6087195873260498
748877299000226,37.48624814219,-5.6260757420713,41.277353333742695,27.661022365407455,ES,blur,2,2873.905388666162,0.6201738715171814,0.5018641948699951,1.7608752250671387
995130811306873,23.092040987381,59.032220074214,36.42710596174406,43.92031712418125,OM,blur,2,2074.7236484195087,0.7738556265830994,0.738041341304779,1.5590863227844238
173462692069034,50.00493277190843,-109.16881836125964,50.43921179086796,-106.62852596064995,CA,blur,2,187.05618766492168,0.19291426241397858,0.07893441617488861,4.153207778930664
374397180633667,51.090338894144,4.5540810997605,53.819387846616756,-1.5672306718402613,BE,blur,2,513.6448727730572,0.32508277893066406,0.20105880498886108,3.2656970024108887
925791128266982,3.9464155812419,-59.099715656841,-22.835523619109566,-45.82021387461755,GY,blur,2,3308.763460443353,0.3456868529319763,0.290440171957016,3.870927095413208
1008151256597783,5.4088235841337,-54.080394782482,13.931796031860808,100.73483831615384,SR,blur,2,16501.16738941751,0.1280275583267212,0.0463603213429451,5.345765113830566
183020897030038,12.165472591779,-68.284782803721,6.702685583753785,-1.5540873573472798,BQ,blur,2,7329.083725080271,0.34631967544555664,0.2433200478553772,3.539551258087158
497361505026790,24.459011977771,39.707017834424,25.259267304137644,51.50608923065726,SA,blur,2,1193.3658344825647,0.33980000019073486,0.23907271027565002,3.426161289215088
312120757154735,47.999359257395,28.38593989914,47.134426359070304,28.860756701594433,MD,blur,2,102.56116911215797,0.4233398139476776,0.2916160225868225,2.704076051712036
507960406990835,40.602484593203,70.9323931635,49.14721650046468,-0.26116482880095,UZ,blur,2,5479.653307312349,0.17019881308078766,0.10223498940467834,4.500597953796387
1068908920302393,28.118257713069,84.092550077463,11.834838093578872,78.31676315410539,NP,blur,2,1907.6823073088226,0.3743356168270111,0.26410436630249023,3.522388458251953
2455881761214087,9.3112240684333,7.2316171757752,7.360907572060026,37.78668412689278,NG,blur,2,3367.6272575488747,0.27982234954833984,0.08735628426074982,2.8653182983398438
308361434006892,4.4588854980948,-75.339098450144,13.918398576098141,100.79643335005989,CO,blur,2,17927.619828428833,0.23301002383232117,0.10155807435512543,3.2568442821502686
155484156583350,-42.588544997261,171.13273084297,-43.34247124942705,172.37745933166065,NZ,blur,2,131.4731294308573,0.26813462376594543,0.1469016969203949,3.4664804935455322
792143884742189,53.499641726189,-10.025130557347,53.513372434022266,-9.897064063853769,IE,blur,2,8.605700507458625,0.9900159239768982,0.9831721186637878,0.07234104722738266
538480140482205,46.417273237497,15.981580762317,44.58331580489712,10.867044191818112,SI,blur,2,447.6254673279043,0.12732693552970886,0.009903408586978912,4.3073883056640625
968891463855525,40.418204733364,44.58904057928,40.56356313414646,46.02514757109019,AM,blur,2,122.51349383534415,0.4516443908214569,0.3122212588787079,2.2625350952148438
2562980810671463,39.539716862316,22.649912734594,42.94894187840616,20.033790058366627,GR,blur,2,437.6072775688094,0.5951389074325562,0.45918533205986023,1.8645845651626587
840569223558585,53.471437474357,30.369358954069,54.87774962510545,26.46626866629355,BY,blur,2,298.2381374273199,0.28580644726753235,0.22280284762382507,4.230007171630859
212713197082595,42.7199422641,21.124316375918,54.697490628787236,25.124596923293925,XK,blur,2,1363.2326628968776,0.8127660751342773,0.7805362343788147,1.3733177185058594
300368228286972,2.6515753388508,99.632830332947,14.021591392189352,99.73517020755536,ID,blur,2,1264.3380615588308,0.5108053684234619,0.22277748584747314,1.7128098011016846
803382520382829,-28.928078796683,27.877133995547,59.81567165943304,13.627362651620977,LS,blur,2,9954.125582735725,0.13590845465660095,0.012720517814159393,4.069578170776367
1251699818583166,9.3253458360703,36.511457430463,-15.085923702924372,-48.68776686308547,ET,blur,2,9768.158523842443,0.2773284316062927,0.16208092868328094,3.5656473636627197
134346362021204,-20.169316372954,57.574783850557,-17.122691775560167,-65.94638029489374,MU,blur,2,12586.90147044911,0.6521590948104858,0.5791764855384827,2.0464823246002197
2659684644176450,15.207410023546576,-14.26851329497232,8.31293099481009,1.5581723116181068,SN,blur,2,1884.485609870939,0.5786668062210083,0.33289873600006104,1.4047253131866455
338266731040151,-27.714887442632,27.237097549584,-28.44018587636214,29.07568360255685,ZA,blur,2,197.58601614471385,0.6445558667182922,0.6140978336334229,2.352062463760376
290719459343271,25.048779030648,-77.341776655437,44.57110588960614,-79.9648998307171,BS,blur,2,2183.6395902756417,0.27314430475234985,0.22455695271492004,4.617656230926514
592656634965955,46.682736593205,21.206630159237,42.79707609686268,-7.953810935303704,HU,blur,2,2329.3884057633513,0.18239523470401764,0.07151194661855698,4.045359134674072
327481305476197,3.6341919176295,72.959377283817,1.288420141233694,103.84578096532844,MV,blur,2,3440.82278369309,0.8250263333320618,0.668476939201355,0.591964602470398
511298200008833,41.001835659413,71.969851087691,41.06410258608507,28.669659708138596,UZ,blur,2,3593.5687566106876,0.16710937023162842,0.013845115900039673,2.9283573627471924
1048097032779725,43.42241145892943,4.995993425198574,40.53507452303309,-7.618695914960636,FR,blur,2,1089.792001781853,0.2661002576351166,0.13916818797588348,3.4659841060638428
275678077530743,-17.141803188939,177.19494791591,10.361981248650997,-85.8992484310268,FJ,blur,2,11070.279112567076,0.5539884567260742,0.3980981111526489,1.8619391918182373
292380389132080,14.868771348072,-61.121170377502,14.596571193105348,-61.088351649360284,MQ,blur,2,30.472346999388616,0.9385135769844055,0.908852219581604,0.32059934735298157
195963679022241,41.444760586953,46.861020646343,40.574953223975314,46.30609700274872,AZ,blur,2,107.34195282369762,0.5720884799957275,0.368888258934021,1.852378249168396
967102544034985,16.986811638045,120.77076999861,32.29711485015787,76.64897502502943,PH,blur,2,4733.8049116006305,0.32579612731933594,0.2630680203437805,3.763697385787964
132001678913743,-38.053559635768,-63.429009930635,-34.75593179160669,149.8826691896565,AR,blur,2,11220.593275222607,0.3933870792388916,0.34601595997810364,3.28861141204834
4323012444383952,-25.366368202834,-57.609654895019,-25.553254588837927,-54.62591533027554,PY,blur,2,300.27035490455796,0.9486886858940125,0.930934488773346,0.3553537130355835
1156261378535995,32.32323776884,-64.709264213971,13.770312317876897,-60.849903375593726,BM,blur,2,2099.9404573096194,0.5085750818252563,0.10827484726905823,1.190932273864746
1022165461521852,10.726476338495,-14.376868641028,17.639856204858813,104.39729053944718,GN,blur,2,12589.810075981906,0.9803714156150818,0.9740886688232422,0.1464744657278061
193167485884135,44.181071716568,19.719133913291,42.37483144340913,20.55523402772487,RS,blur,2,211.939928082887,0.39300432801246643,0.2912253439426422,2.586498737335205
2679866852305147,50.425563977087,60.525062163106,-15.578976153682985,28.26620415031996,RU,blur,2,7986.439337807538,0.7712739706039429,0.721588671207428,1.4747313261032104
924145305018051,45.915356124611,13.677818254528,40.88614167694217,31.895730049473297,SI,blur,2,1570.1117870709356,0.711173951625824,0.690170168876648,2.1892521381378174
3991894140857885,6.396085635246,-10.578195078991,6.4832223674587235,2.6249080487447722,LR,blur,2,1458.8462567322892,0.2751748561859131,0.05403697490692139,2.0712387561798096
3753076561487105,2.0937663139626,45.333850241529,34.680243747065944,10.708742472943284,SO,blur,2,5093.928284530429,0.23371918499469757,0.11080212891101837,3.5612542629241943
4014259028668392,-23.777002866313,29.535916133115,-28.647443003101923,29.581858002219903,ZA,blur,2,541.5876063451175,0.8607038259506226,0.8196426033973694,0.916850209236145
1164259444051011,-33.004571460529,-56.45950492044,36.023758611740575,-120.06281659045428,UY,blur,2,10127.389470162676,0.3291219174861908,0.2401990294456482,3.7201414108276367
427797935584192,-3.381688479243244,-44.524339863567576,-2.1168970717881925,-44.76721115150716,BR,blur,2,143.20186937752578,0.8569720387458801,0.7781674861907959,0.7593324184417725
348228456711934,0.368039651477356,6.712420799552506,6.51318890264605,2.7323756607515337,ST,blur,2,813.5582244484041,0.8419924974441528,0.7203198671340942,0.6297777891159058
4037485459669920,4.8556815609205,31.589953699137,-11.922414884840286,31.41315781193206,SS,blur,2,1865.7416358208136,0.59011310338974,0.40200477838516235,1.854433536529541
157040263028996,18.045966582305,-63.112275507715,-33.05449503601298,-71.51179831875828,MF,blur,2,5751.784053036341,0.31690025329589844,0.08443623781204224,2.6635799407958984
1124425647962016,-8.100649444444445,156.82296055555554,9.250279089015903,124.56311857757655,SB,blur,2,4060.7244036261695,0.29971393942832947,0.019635438919067383,2.6256558895111084
190098606266094,55.069795005888,22.812891905378,54.195853966929754,10.859384781632816,LT,blur,2,774.4821226226162,0.4712377190589905,0.42940956354141235,3.3200173377990723
3863626387049111,15.379540488714,-61.26786022339,18.634548923448705,-74.11668658607243,DM,blur,2,1412.9079651515012,0.45003774762153625,0.07090023159980774,1.3016365766525269
807900806500123,19.60787766549,37.220870972767,13.336251908909242,-6.6525787306737145,SD,blur,2,4717.412387256041,0.6826802492141724,0.4635277986526489,1.1293933391571045
135555819075899,46.30515446867184,15.555693802754446,37.50001260405586,140.3686869657121,SI,blur,2,9194.540318213347,0.24882738292217255,0.2006455361843109,4.759127140045166
152233856857550,11.552312562133,43.119735981314,6.470621471254166,2.6538392000155064,DJ,blur,2,4475.910487968055,0.4937787652015686,0.3067660629749298,1.923621416091919
319392699542913,1.3294518861992,34.311410798855,-27.553381898460376,-51.31558277844038,UG,blur,2,9645.152815246976,0.3990630507469177,0.06569159030914307,2.0810766220092773
991289955033112,34.234741855173,35.65948675276,32.86870750356849,13.252290154236618,LB,blur,2,2077.8018269330946,0.1684352606534958,0.044780172407627106,4.007535934448242
328520695545965,63.434626046589,-19.024249484436,62.080411956492185,-7.380425205530142,IS,blur,2,610.5578458733755,0.5139414668083191,0.44186750054359436,2.813673496246338
464789361418887,3.807393,113.74682650005,5.26237723180189,115.51150592733315,MY,blur,2,253.8420670209508,0.798676609992981,0.7370954751968384,1.2674909830093384
1310937239362809,-16.05923501421255,28.45034874273332,-15.154166845200075,29.398793617413958,ZM,blur,2,142.98670568537105,0.36931106448173523,0.06464439630508423,1.3956772089004517
1177148709364507,3.9517282399816,-59.127383286379,3.1290814725949074,-76.564498548834,GY,blur,2,1937.333489441596,0.3471677899360657,0.10899686813354492,2.9349169731140137
141607461308537,-22.361528273609,-59.837892878355,45.16164602704424,37.361515961891584,PY,blur,2,12295.818026441766,0.1467359960079193,0.006012439727783203,3.472024440765381
463077528107904,-4.7878008330033,11.864756923075,36.68879917092098,3.1135217907585404,CG,blur,2,4700.777617741132,0.6993593573570251,0.49266695976257324,0.9233663082122803
173215948022940,8.5714365537216,-9.8691302343456,7.089221333686777,-11.330793824505841,LR,blur,2,230.4081545895793,0.7289171814918518,0.6357337236404419,1.150144100189209
3926033430843905,32.171256244263,35.467920604541,43.56100221629259,-72.31107036218249,PS,blur,2,8856.853366975793,0.2853916883468628,0.062078848481178284,3.4143338203430176
916665025779516,24.524150796485,67.540287646591,17.499166028731278,103.35339906053257,PK,blur,2,3787.4293140360514,0.20724114775657654,0.13592272996902466,4.712313175201416
842532369808274,41.215589499727,-7.4506176074975,-37.327757835104755,148.5747358032724,PT,blur,2,17913.641793521267,0.2597063183784485,0.14093557000160217,3.6581177711486816
909312326294088,28.050014468342,-14.340539294975,28.012231602347285,-16.03401761916542,ES,blur,2,166.26820383643573,0.5378937721252441,0.3926689028739929,1.947884440422058
1207676993015897,10.787243979814,-68.323068119416,-17.400400615423226,-66.18343828121493,VE,blur,2,3143.1262571422203,0.616529643535614,0.44146865606307983,1.6404454708099365
317484316498860,51.531648181729,128.20909035955,56.78500285591701,60.57446848115923,RU,blur,2,4259.558472029284,0.7686596512794495,0.6632330417633057,1.1295171976089478
947661819318356,17.121694235905,-24.994762874038,15.460352281119496,-25.232187282085544,CV,blur,2,186.46255710362436,0.5741238594055176,0.26193615794181824,1.0623401403427124
3947329925333716,12.679493966294,-6.7269231036328,12.63585824514443,-6.318280334673945,ML,blur,2,44.59939775823555,0.9825958013534546,0.9666864275932312,0.0953616201877594
142131454599179,24.557496611483,35.148695104321,10.995446157044835,-74.8353692375495,EG,blur,2,11459.083524003529,0.17510728538036346,0.056844353675842285,4.449246883392334
165567675960284,19.612087898208788,-70.1751715983372,19.41429212659551,-70.65093987330451,DO,blur,2,54.499502278765654,0.3809105157852173,0.09823733568191528,2.4907755851745605
1366666657062368,47.544360211205,12.177256693404,47.33197532222683,13.214009470726628,AT,blur,2,81.47192098494465,0.14522020518779755,0.04051053524017334,3.9076013565063477
829244944391118,39.11803685393,-7.7196219014644,39.38029152525938,-6.481440414218444,PT,blur,2,110.53423475291532,0.9855206608772278,0.9836347699165344,0.13865898549556732
298013541938371,41.541448730912,-8.7560397976019,41.84720196533032,-6.62694270931782,PT,blur,2,180.01278791615468,0.15567585825920105,0.07593294978141785,4.245365619659424
930318810923353,12.290897526921208,-69.09122276531554,44.59380647653324,21.514900864206872,CW,blur,2,9099.187223988514,0.26232361793518066,0.1816231906414032,4.200747489929199
503246924141783,15.602839427825,32.487242561959,30.081320759427346,31.40139558483731,SD,blur,2,1613.7430416236184,0.9553771615028381,0.9442572593688965,0.31122228503227234
449325599700589,50.12174331487,4.4948783441326,37.25091498857493,-80.66170469840988,BE,blur,2,6615.579705837899,0.11763729155063629,0.031795136630535126,4.614755630493164
467405711031097,17.992572255683,-66.263814308226,15.1046702993537,101.77526145352293,PR,blur,2,16108.374649795202,0.35880154371261597,0.2769344747066498,3.456674575805664
288246882935326,40.557590089793,75.163197454637,40.50048265095661,-7.578259234493711,KG,blur,2,6706.395485257951,0.16871333122253418,0.03247882425785065,4.674715042114258
505540450790369,22.70995468898,92.098773627243,24.181034770656968,91.54533454306079,BD,blur,2,173.04519955374164,0.2869749069213867,0.09484997391700745,2.6011388301849365
591386078920254,62.107759453888,-6.6834959276139,62.11517616205799,-7.0479062902007055,FO,blur,2,18.971529599165343,0.8429456353187561,0.7472788095474243,0.7327309846878052
370606561029319,10.210502973191,-0.07341133185964,6.474993222344844,2.7194949424716404,TG,blur,2,516.6345500175547,0.4727307856082916,0.15234673023223877,1.7721123695373535
439450394288287,50.054284237917,38.880788589348505,45.69085823304848,27.20891090917471,UA,blur,2,995.0683153554766,0.28100255131721497,0.1861458718776703,3.6040549278259277
310375324029868,-37.347698548595,-71.82270654997,45.97802172103467,4.606735022687253,CL,blur,2,11992.851211843654,0.20389021933078766,0.1267181634902954,4.373269557952881
981591149045969,18.008278271819,-76.772753375805,12.112570584262977,-86.25926536634087,JM,blur,2,1210.8208770654073,0.8493190407752991,0.8124616146087646,0.8916706442832947
538662890462002,22.639099459104,-80.443942528532,21.489276945738336,-104.82768183677365,CU,blur,2,2513.252527550624,0.6383113265037537,0.4866904318332672,1.504936933517456
481222069768896,22.306404025662,114.25196352132,22.281269445118394,114.19077439634205,HK,blur,2,6.887837641929676,0.45174089074134827,0.09513112902641296,1.2657411098480225
853822608822418,-13.764240001823,34.415945000478,7.471963524583429,37.48617090745879,MW,blur,2,2385.5533740474666,0.3972811698913574,0.009074181318283081,1.8500545024871826
2945544342367414,18.448984494982,-64.550096065019,13.93724920307504,100.76314514340439,VG,blur,2,16070.511547173128,0.15207548439502716,0.015507102012634277,3.8890838623046875
733805970633940,26.209879663614,44.103482474166,7.939867815947879,38.66168547573156,SA,blur,2,2111.405429714385,0.24926364421844482,0.09035518765449524,2.5151145458221436
2579377392357434,34.360744713034,0.072177953700416,33.58942964031758,0.09083507792478086,DZ,blur,2,85.78357560553819,0.6026095151901245,0.47456789016723633,1.4854036569595337
321976292610460,2.6050561253904,-76.72716581048,5.989171111062965,-73.5026788801622,CO,blur,2,519.0326732141285,0.572746217250824,0.4879116415977478,1.9884436130523682
246778030560130,22.378053670525,103.87749530607,11.467663111112884,77.03232702615908,VN,blur,2,3095.603037240039,0.3701227009296417,0.14934448897838593,3.0931971073150635
132463405538393,51.895041095248,4.7359317785887,51.98199107071734,4.9605903914048985,NL,blur,2,18.18419355071673,0.24521316587924957,0.06894628703594208,2.7794129848480225
159985626091830,42.085182325218,23.055097885585,42.01691268727838,20.95875066156644,BG,blur,2,173.2524054581063,0.12046652287244797,0.027166925370693207,3.592740297317505
740422473321001,35.328722082019,33.504620154232,35.40602341258641,33.777023737779544,CY,blur,2,26.15298106929585,0.3017018139362335,0.12377682328224182,2.943941593170166
6049840251722845,8.4468470660858,-83.484163463651,11.973709665740719,-86.30700615800062,CR,blur,2,499.1908725715492,0.32811233401298523,0.09387269616127014,2.7754344940185547
138432154861804,35.516834375223,24.116877817233,-16.558138881813683,-48.808382951962905,GR,blur,2,9602.601826006763,0.348956435918808,0.17387524247169495,3.002197265625
171677658627663,18.637934456903466,98.81616605062511,13.928670127440162,100.73171536618038,TH,blur,2,562.1188151009841,0.4298783838748932,0.21913035213947296,2.552584171295166
473447400410020,45.472666923779,13.751881662375,42.8038719431818,24.979576422115212,SI,blur,2,942.883935862325,0.3486236035823822,0.10420164465904236,2.6464951038360596
208370247526297,56.307504479799,9.1351912802156,52.11096006502106,-9.529809212303412,DK,blur,2,1295.3691185124526,0.24541443586349487,0.13605952262878418,4.377475738525391
1163829564042676,17.629236812387,-63.23181172096,0.33734749467235864,32.59920085850279,BQ,blur,2,10613.950047091355,0.4530095160007477,0.29123610258102417,2.4780304431915283
1180300995725561,32.355451166141,15.079114167989,35.67860521595689,-0.5838071911121032,LY,blur,2,1488.301574920985,0.39999330043792725,0.03620070219039917,1.5910919904708862
1162905660800863,17.15804609038,-62.622664100026,13.027038647249995,-59.573631935706395,KN,blur,2,563.9986442602867,0.706880509853363,0.5335973501205444,0.9242305755615234
780194756204466,31.983423754021,34.895586904175,18.502917847592506,73.90602059265643,IL,blur,2,4172.42709935533,0.10525844246149063,0.009474731981754303,4.1983184814453125
789897778580281,54.185632103826,28.47319812173,54.60168246098661,25.047000271148526,BY,blur,2,226.5575550196633,0.49485722184181213,0.3645920157432556,2.754516124725342
769108033797400,-13.06839043317,-76.274611371143,47.92360946459556,106.92307884676892,PE,blur,2,16128.047702597401,0.3989391028881073,0.2269725650548935,3.182543992996216
5011086665646025,13.613395452952757,-16.429313461515747,8.56099304799043,1.5016780020677083,GM,blur,2,2034.7114321362144,0.9651902914047241,0.943775475025177,0.2022314816713333
3772032009586752,-4.0767885530923,29.088814837055,1.1199795963278136,34.11966173583675,BI,blur,2,804.0060881234646,0.3744323253631592,0.2964968979358673,3.031836748123169
971793776898906,-34.758013649475,-55.95646902546,-34.11942150982826,-56.20288234629122,UY,blur,2,74.5171292088432,0.7426727414131165,0.7065444588661194,1.491243600845337
745163459490620,31.824187546378,35.267560408259,42.55442336730603,-8.320235186847167,PS,blur,2,3992.7131085508736,0.12746605277061462,0.050663843750953674,4.577816963195801
531383694528931,37.605095136322,48.695122536588,36.18104241405323,50.27826138564894,IR,blur,2,211.87651361577744,0.4826948046684265,0.39746177196502686,2.6587469577789307
355157592673467,1.0703328887576,103.96283377749,1.3893527783789439,103.79777515639972,SG,blur,2,39.9382422295548,0.18712276220321655,0.032333627343177795,3.1808841228485107
303575617923017,-9.4382405064784,147.20811425115,-9.374979976562269,147.1655755474319,PG,blur,2,8.441370951081199,0.2998887598514557,0.13909010589122772,2.4386303424835205
1038259080102537,-26.782850103384,31.938656241877,-15.918008564339221,28.229375012457965,SZ,blur,2,1267.461546877219,0.2907043993473053,0.03506815433502197,2.2825491428375244
459158871851075,10.792404464252,-12.298637806325,8.605940088924442,1.2140026884046864,GN,blur,2,1500.688804481909,0.7571085691452026,0.5328537225723267,0.6695530414581299
288005262963881,-21.597843332119,23.667795003616,25.8811199908601,-81.17634490863983,BW,blur,2,12456.432908413108,0.35561564564704895,0.28846436738967896,4.074029922485352
311438013831843,16.840623273889,121.74439328693,14.022731846707412,100.79217783556618,PH,blur,2,2266.3762120121573,0.26054659485816956,0.1375819742679596,3.128905773162842
457187265449390,18.32580535956599,-64.95398969507924,37.825371604728836,-25.54130829150832,VI,blur,2,4387.145942083951,0.8491337299346924,0.8156677484512329,1.0566658973693848
327825698973041,39.559288635696525,72.9109157130074,36.11613673306918,50.541728933213726,KG,blur,2,1995.8761570680385,0.4232918918132782,0.2998722195625305,2.6920578479766846
1376712112713014,5.1198336159589,-52.65735432583,-16.564230190612154,-48.61649627654214,GF,blur,2,2451.754700794261,0.513119637966156,0.42752575874328613,2.5405988693237305
524817781855332,-14.010419075563,-171.76031777505,-10.78496140253573,-171.95777539410776,WS,blur,2,359.29485066647396,0.6851786375045776,0.4016183018684387,0.7932146191596985
858561451393926,36.701828275673,67.096598041303,-33.045980550037484,-71.37556823388594,AF,blur,2,16234.396869847113,0.8753322958946228,0.8069911003112793,0.7109640836715698
177928610855949,6.391780060521,2.6237783121974,6.468509394156313,2.5460720797885834,BJ,blur,2,12.104381388858533,0.3742942214012146,0.225970059633255,2.506107807159424
747501719832988,-9.89210909998267,38.8967731000014,13.265877715194682,-6.732441735907871,TZ,blur,2,5656.353936223334,0.39670413732528687,0.16495266556739807,1.8679109811782837
488569252193683,12.539996192436,-81.714972968868,14.04192374401024,100.84978674410594,CO,blur,2,17045.8348004714,0.5422446131706238,0.27977555990219116,1.6543878316879272
762294004482937,20.222569995853,-76.036013281341,44.39988541002222,-79.81517769008558,CU,blur,2,2710.9834927796605,0.5689288377761841,0.4880673289299011,2.3331644535064697
526448611961086,7.924136171510359,-11.169831512240096,7.917188868192755,-11.140082407733988,SL,blur,2,3.366229703837775,0.8923733830451965,0.8214046359062195,0.5031595230102539
1359226914447321,10.466207945458,-85.77513112055,13.843325411735169,-61.0335988685083,CR,blur,2,2714.173523635923,0.9545104503631592,0.9335594773292542,0.2857406735420227
478165190183611,12.430745089839997,-15.317974157219002,12.350932831585665,-14.607934494917389,GW,blur,2,77.62269765010434,0.8676568269729614,0.7683035135269165,0.5919702649116516
336533984561274,18.419385888373,-72.877030607553,18.73709259325515,-72.61810117799644,HT,blur,2,44.64118338324084,0.9201895594596863,0.8643879890441895,0.40389692783355713
292195892390772,-13.068772639841,-76.278890129748,17.80768695832158,106.11353428055328,PE,blur,2,19429.102935997784,0.8832005858421326,0.7858839631080627,0.49140024185180664
786215532287048,19.827903639239,94.949804250429,6.487190196418403,2.6440436767683346,MM,blur,2,10002.969283110926,0.26973652839660645,0.11377201974391937,3.3887834548950195
4028024750648073,-1.455427434928822,29.883620710338125,-0.25554281477701657,34.90158838628965,RW,blur,2,573.6320402748138,0.28280535340309143,0.05842466652393341,2.415714740753174
481816143100801,26.018200502837,50.622605427635,6.507839151039012,2.7355801192295015,BH,blur,2,5512.365138383336,0.14969997107982635,0.034264132380485535,3.511014223098755
304881227850189,22.470625099054,114.10853488259,22.38111940942187,114.10229532289482,HK,blur,2,9.973220853730146,0.7548401951789856,0.5241106748580933,0.6461348533630371
126797393065714,49.84047838484732,15.803297909812008,42.48203201597047,25.764524742288078,CZ,blur,2,1119.7514702682054,0.38751456141471863,0.3002299666404724,3.341622829437256
1211101869349798,-10.507365795363,105.65356096619,56.564773406553,9.00235046300536,CX,blur,2,11387.63969780815,0.1650228053331375,0.07044542580842972,4.402207374572754
1357493864625552,2.1640539673148,30.64994870704,6.545308378615686,2.661262584153568,UG,blur,2,3140.279963174268,0.8712916970252991,0.8074421882629395,0.6153545379638672
934011534098551,12.028286166295,-61.732840110417,14.05137460019214,-60.926073805970766,GD,blur,2,241.33523516414417,0.9533898234367371,0.9234747886657715,0.2613775432109833
500159881489089,7.342259838854188,134.46879110851162,43.20955159943902,-79.20291254199675,PW,blur,2,13447.627186956019,0.12690608203411102,0.040935687720775604,4.490564823150635
2829740963958043,-2.733735821930212,29.43081567684662,1.191384383983838,34.14741443390679,BI,blur,2,682.1981849104009,0.9411678314208984,0.9105642437934875,0.3284668028354645
300848138109718,4.2523717777778,-55.444873805556,7.2723288041262215,-11.817791326999975,SR,blur,2,4836.4400663605165,0.8477991223335266,0.8047375679016113,0.9952378869056702
2960966407518451,59.940574907434,18.785342625587,45.865726220343156,3.5045166502320013,SE,blur,2,1860.8333445973772,0.5524996519088745,0.47009605169296265,2.5982611179351807
220493529416834,14.451610237561,99.415018949546,17.890833971661785,104.65507805156065,TH,blur,2,677.7029984250219,0.9802046418190002,0.968193531036377,0.13222238421440125
516560806259751,-18.175596732511,178.20009731967,-9.46276732640166,147.63637104932977,FJ,blur,2,3433.594657605634,0.4809717535972595,0.3252216577529907,2.1727306842803955
294110862335495,53.181595920049,5.7480942483866,44.090831498123116,20.695984581814816,NL,blur,2,1487.3114859073949,0.1531343311071396,0.11440187692642212,5.082589626312256
244296907493001,65.57013399313,-19.349029020965,64.7126800420788,-14.551665231694928,IS,blur,2,243.59763516649548,0.6518060564994812,0.4083540141582489,1.1078976392745972
233889245170464,4.8560503387361,31.612436706474,6.481215752561597,2.6319136481535,SS,blur,2,3211.363645645818,0.3293336033821106,0.13856935501098633,2.704416036605835
1927622730739430,40.369069324101,18.219159988562,40.77512236268988,29.58245209276925,IT,blur,2,960.1593290127973,0.35501527786254883,0.13936498761177063,2.6755032539367676
471926114136200,4.5631962676901,114.07349517648,49.812275766890686,1.9868872299070974,BN,blur,2,11167.660987361423,0.16239820420742035,0.10126985609531403,4.615677833557129
1192683651176123,9.0895860909637,-79.618866004971,-23.11667730589656,-46.47073822485371,PA,blur,2,5082.269448161154,0.3283805847167969,0.21844181418418884,3.4987473487854004
1413530045696031,-15.969463833371,168.26130683879,11.975767016288582,-86.27389162100802,VU,blur,2,12001.332874238382,0.19637979567050934,0.09154538065195084,3.6656978130340576
299499428465574,22.36370144725,113.94841256522,38.27963740446217,140.93958336792386,HK,blur,2,3118.286726119899,0.3102641701698303,0.06481797993183136,2.7882578372955322
189606749553432,56.525393057968,10.08101978509,56.281988908247065,9.102083854366633,DK,blur,2,66.03302532643508,0.21133644878864288,0.15023741126060486,4.460931301116943
1108722216274003,1.3887705484241,173.14385660736,13.817933109260235,-61.00034915018707,KI,blur,2,13816.238663234553,0.7682594656944275,0.6730509996414185,1.3454068899154663
240591061153313,9.7075559946148,100.00619099387,14.010689217567805,100.82254230665156,TH,blur,2,486.6591723990914,0.9320580363273621,0.9068013429641724,0.4145863950252533
794974811139135,32.804114385981,13.043328230439,-17.36733589299044,-66.20464327380849,LY,blur,2,10084.360798216438,0.6078274846076965,0.3491986095905304,1.33926260471344
1107588656407422,-46.062736055573,169.00760704864,-35.920222593776636,174.3990741406799,NZ,blur,2,1214.444037693332,0.5347791910171509,0.33791109919548035,1.7007137537002563
1279096795825768,54.406755367854,-8.4796165911836,54.057678814314436,-8.609085531013154,IE,blur,2,39.71713941434026,0.3021830916404724,0.043975830078125,2.000530958175659
193108499326081,-6.7004249966118,39.206861112601,-26.687428555975462,27.873957604056113,TZ,blur,2,2525.2773839264037,0.23709425330162048,0.08807811141014099,3.475149393081665
291897862594169,27.521924666676,89.820270487386,28.09410197061056,83.36399841798654,BT,blur,2,638.0997508598799,0.5945779085159302,0.3085455000400543,1.308772087097168
123070833137806,5.8145917994639,-55.143095980408,5.853273210205087,-55.19520391977935,SR,blur,2,7.192030328301779,0.9809229969978333,0.9687103033065796,0.11941073834896088
5396405327097940,69.21259125489,-51.103395948712,67.95696084707609,20.029396086382096,GL,blur,2,2729.260468792643,0.8352874517440796,0.7687475681304932,1.0568108558654785
957601181668431,-51.706042723598,-57.906993308318,41.67243034410145,-0.9384540898617386,FK,blur,2,11746.015329283235,0.12651516497135162,0.05600828677415848,4.90727424621582
604130717650197,-1.9959688798483,30.050157126173,0.3446272129650314,32.664500036631374,RW,blur,2,390.1469892222987,0.6591171622276306,0.49372339248657227,1.264339566230774
1941512039367524,30.98571832847058,-7.229221956634584,17.90169638777788,104.59926382234313,MA,blur,2,10935.157082637996,0.6115391850471497,0.512347400188446,2.033245086669922
196243366278308,13.167682777777776,-59.53696416666668,13.21620516829638,-59.626621620133044,BB,blur,2,11.105153042642812,0.630571722984314,0.4088599979877472,1.5601149797439575
215411967015224,-16.468819194731,-71.941378039278,-31.54194617181282,-68.59930245485512,PE,blur,2,1709.7773736829674,0.6805062890052795,0.6543995141983032,2.162803888320923
1450360272005106,15.921467840879,-16.279407687736,40.14615176379418,-86.19935383424142,SN,blur,2,7181.032907134154,0.45364460349082947,0.32658106088638306,2.756558656692505
756714068376834,4.8155110248734,114.77642618053,13.941291125987,100.76667459934421,BN,blur,2,1840.1938481421828,0.5815503001213074,0.332291841506958,1.5756860971450806
2918063678449936,8.0011665869234,38.705149393002,8.366447881386069,38.93033733075758,ET,blur,2,47.58211481281492,0.9996262788772583,0.9995357394218445,0.004540119785815477
1001295333882125,40.63113853803493,-6.0362211199295865,40.63651949118975,-6.212809589148591,ES,blur,2,14.913313230011763,0.19290542602539062,0.00886256992816925,3.4797022342681885
808035410091724,16.206487661547,77.345926501434,17.689334936425286,105.54974359942433,IN,blur,2,3001.7131401932697,0.6659744381904602,0.5354806780815125,1.4155724048614502
268897404930235,57.163975404144,-3.6875044027183,43.499657080532685,-7.816226611601114,GB,blur,2,1546.6914508755647,0.29375430941581726,0.22049348056316376,3.815471887588501
1125401674596218,39.823992064377,42.428897726042,39.917999505114146,41.53608681122771,TR,blur,2,76.90671193562224,0.379061758518219,0.10748857259750366,1.8717021942138672
526674661844363,36.219109563696,44.414746657631,-37.31727423810153,148.29212672953517,IQ,blur,2,13432.71232530036,0.1826639175415039,0.12361377477645874,4.413832187652588
964858007616084,4.2630124849459,73.563178328896,10.151902629344546,-75.73804984810671,MV,blur,2,16256.38645120047,0.14301155507564545,0.05492670089006424,4.6760334968566895
5490667957675480,5.2624334865771205,163.0047322024813,14.582608037638469,-61.011714013226815,FM,blur,2,14684.740910257395,0.4624503552913666,0.025737524032592773,1.0125452280044556
573195574072375,-15.671003834964,-48.191441316741,16.16385012121226,103.42940493522985,BR,blur,2,16982.36504154609,0.13902568817138672,0.004415050148963928,3.0556859970092773
892381884955306,58.981961021242,24.221882703215,44.00772776717699,-80.02718010744218,EE,blur,2,6640.885698362831,0.2649429142475128,0.19424958527088165,4.365170478820801
5416581451690167,8.876751843202419,-64.23554389395768,12.299164720371977,76.764587928976,VE,blur,2,15104.249612764164,0.21014165878295898,0.10311965644359589,3.2181050777435303
482078066336394,-18.636202891772,-174.01936863548,20.1441995969238,-97.09399200484648,TO,blur,2,9425.730506352787,0.15787151455879211,0.002238437533378601,4.149682998657227
329210971927794,5.843070862629,-55.089876855582,45.900182654997735,4.071453296928881,SR,blur,2,7189.8255597743555,0.2415429800748825,0.15294134616851807,4.43512487411499
251937010050891,47.507459505795,21.685088460781,12.185860060335028,-86.64568878043336,HU,blur,2,10339.061811901624,0.769341230392456,0.747661828994751,1.660915732383728
469124120816531,33.256755487161,126.61974805537,19.834456054027957,-99.41052458458262,KR,blur,2,12354.172595573235,0.28765255212783813,0.19009530544281006,3.512643337249756
6544008378958782,42.576053933645,12.422579613177,-39.03522446780353,178.0663588657315,IT,blur,2,18746.120861626514,0.2964229881763458,0.2208346575498581,4.075159072875977
468826351040628,-32.904700967934,-52.731761718702,-32.322226314045764,-52.674545350163065,UY,blur,2,64.9895506403414,0.7434669733047485,0.7154161334037781,1.8688695430755615
458089889154332,49.9716081757907,38.98921274981689,50.168022705740235,39.242842125493915,UA,blur,2,28.366706417478287,0.36158129572868347,0.2315019965171814,3.370494842529297
913455289198852,10.638477230341,-61.313394324688,10.580654405099079,-61.2353242870543,TT,blur,2,10.683859627847424,0.4219355881214142,0.22523318231105804,2.374985933303833
391651555234292,4.7891910927864,103.42511490766,5.405566208076276,100.55384145462911,MY,blur,2,325.3084431002467,0.8009005188941956,0.7352677583694458,1.249177098274231
169873605037737,10.045722702666,-83.299560625022,15.584038433657424,-88.22772644807642,CR,blur,2,815.1692781040156,0.3077422082424164,0.2038876712322235,3.171879529953003
1032233080991900,39.140834029054616,20.961949886464165,40.63725518217598,-8.610753509412561,GR,blur,2,2516.6978342733014,0.2180638164281845,0.14954350888729095,4.262139320373535
375451844456388,-26.804552190115,31.961012436385,-7.328075676036821,-35.319036588065636,SZ,blur,2,7389.730000742399,0.35436028242111206,0.2687498927116394,4.081702709197998
855805948342180,44.525909974035,15.903249699487,55.413106397129866,25.696578815760763,BA,blur,2,1395.5909050943028,0.23113109171390533,0.12842321395874023,3.8385367393493652
139526285635637,13.217826050214152,2.929162678521952,13.39725464735032,-6.869327286575033,NE,blur,2,1060.4051826213106,0.27047866582870483,0.11479547619819641,2.9170637130737305
5442759149130487,67.890019179633,20.308537274689,67.92609164813308,19.817451945646987,SE,blur,2,20.925037470675658,0.7013866305351257,0.5492688417434692,1.388808012008667
3921179927973144,54.246330015747,-4.5628069974706,54.40415542331043,-5.098852448591425,IM,blur,2,38.93961991298657,0.7389388084411621,0.6690835356712341,1.3504903316497803
469492320924211,38.276346407666,57.98363402764,36.20921845875179,36.29218262883092,TM,blur,2,1929.3440119244992,0.6189675331115723,0.3384838402271271,1.2204298973083496
310307137129739,48.189212227502,-106.60069617067,35.15333028178667,-100.16987287374829,US,blur,2,1543.4131046475911,0.33236730098724365,0.22790610790252686,3.1790406703948975
383397352939199,39.95006776682,140.12870703204,42.969643914747294,142.24994688374147,JP,blur,2,379.4159591235605,0.19038304686546326,0.02450336515903473,3.8120875358581543
1688335251353973,-14.865382426326,35.3053829175,13.339466673699619,-7.026574907621045,MW,blur,2,5615.616203253755,0.330047070980072,0.12993134558200836,3.1266214847564697
368819684557497,9.8821178559993,-84.703514000306,-35.254524231798364,174.04049107432226,CR,blur,2,11657.47732606216,0.07257890701293945,0.027561061084270477,5.543508529663086
3142165536067308,8.892556698116664,-64.244099923535,-8.09364713285296,-35.266474531994376,VE,blur,2,3724.625140543599,0.22339875996112823,0.049727946519851685,2.8469276428222656
916461445802958,18.351592546824,-73.166686920189,44.107324638894404,22.213954842434045,HT,blur,2,9014.572371245797,0.07518874853849411,0.0020982474088668823,5.238774299621582
1438450646526614,11.602056871897,43.143067800469,17.395032102353994,104.38549279868244,DJ,blur,2,6599.02183818167,0.9353331327438354,0.9014616012573242,0.36195921897888184
171644361525352,3.2965683888889,-59.645080555556,37.09435136532376,-95.69701740790119,GY,blur,2,5256.593479606438,0.43925273418426514,0.41155651211738586,4.05189323425293
3643623472415985,13.248359768362,-61.267804498546,13.775452643751393,-60.99314039797629,VC,blur,2,65.70371651498023,0.25935661792755127,0.09863540530204773,3.0244905948638916
974847123463445,45.48089676461988,141.9141645369168,45.3981517897621,142.0127922893767,JP,blur,2,11.994539578263431,0.17300717532634735,0.12262222915887833,4.7894368171691895
219450919950414,4.2765353097168,73.575427012288,53.94711868334658,10.885778513937233,MV,blur,2,7867.918261373116,0.3093954920768738,0.23930764198303223,4.32026481628418
197777158852668,18.542511750027,-72.425551013845,-23.50245810238383,-46.48305739938869,HT,blur,2,5457.407365374021,0.37577590346336365,0.09690618515014648,2.1823461055755615
1673203299531642,49.085005765367,-1.4823203864636,49.35074925670101,-1.652706627906926,FR,blur,2,32.03605891184996,0.4830932915210724,0.39202743768692017,2.77407169342041
1605231949662620,31.431741304615,7.0759601080198,24.9729662833052,55.0891978076937,DZ,blur,2,4722.771945408616,0.3121226727962494,0.2132997214794159,3.93984317779541
451593852608237,49.039623298927,17.575489860882,46.923586031626336,23.433800099320916,CZ,blur,2,495.2753740999834,0.0791461244225502,0.021137673407793045,5.2052741050720215
304641044593781,8.0755534487471,-80.948273440388,8.044756619624755,37.89082797435021,PA,blur,2,13004.221019180446,0.3795238435268402,0.27438023686408997,2.9793972969055176
537192110996228,33.673060807593,8.992445655067,35.292821630188946,-0.08600947360559894,TN,blur,2,851.0381441624023,0.24121303856372833,0.173843652009964,3.9485433101654053
2874567659528784,10.624021568983,103.55740436843,17.490623460211086,104.21091923622957,KH,blur,2,766.7737597512561,0.17949551343917847,0.07785504311323166,3.787282943725586
306873294180376,36.543159906681,-95.385746192161,36.151203015620645,-97.02951134167793,US,blur,2,153.5306387989816,0.15380772948265076,0.08214461803436279,4.4088969230651855
474237406957052,38.032230216342,71.296052545699,37.459188881169304,72.54231805426818,TJ,blur,2,126.7565176094034,0.8338466286659241,0.7240055203437805,0.7099709510803223
893270331236297,35.542457911478,34.345047266311,35.55621578302074,34.368682497232705,CY,blur,2,2.6291693114183876,0.414093554019928,0.20679892599582672,2.335041046142578
394355595015312,-10.420322783141,105.70164382136,-37.94592305138005,176.31053276191653,CX,blur,2,7601.619671049846,0.11308378726243973,0.04091748595237732,5.115199565887451
1720688194781084,-2.0414077903770145,29.44965968721136,-2.7918570004707672,29.6229238713726,RW,blur,2,85.63747057678212,0.5940279364585876,0.3417643904685974,1.1017366647720337
1072181156643275,18.07465399978,-91.640772999734,37.710557477645246,-76.59173009085528,MX,blur,2,2629.109689834906,0.745151937007904,0.6837376356124878,1.5920000076293945
4167670343253112,38.101113171443,70.434664027996,38.308773244033816,71.20978230726433,AF,blur,2,71.55554173793088,0.5665833353996277,0.3792147636413574,1.413881540298462
174020494657037,17.630108574846,-63.232604239636,16.023011284670567,-61.80941347225195,BQ,blur,2,234.25855046843992,0.7732194662094116,0.6811575293540955,1.077499508857727
841778303361650,4.4129500800509,-7.3568081852969,6.52301877588741,2.5707366742026903,CI,blur,2,1123.5644296364578,0.3530004024505615,0.07635822892189026,1.431532382965088
6128179790541161,55.439905979985,25.277989368239,55.38224016017408,24.992024430726545,LT,blur,2,19.156174960892066,0.5548149347305298,0.4932262897491455,2.6912660598754883
860733724520470,42.906057348904,19.550997884227,36.012918995604295,51.21482439353109,ME,blur,2,2805.8648392028504,0.15936535596847534,0.024147406220436096,3.2543864250183105
864697561114910,-29.077441505083,27.74348424067,-28.399422710915886,29.353139866821834,LS,blur,2,174.105869369088,0.13087385892868042,0.028599247336387634,4.578920364379883
470728414179183,-4.4035085235997,28.875651684315,2.114065393894219,33.06556534828715,BI,blur,2,861.370947990971,0.4931407868862152,0.4031674861907959,1.9470744132995605
572376240384590,38.710627031317,20.595182002582,38.64388553038799,20.6940379275478,GR,blur,2,11.34534841248364,0.5680332779884338,0.29861438274383545,1.665518045425415
121312253609017,-2.475605,101.08095666666668,14.03082827115307,100.85147124449814,ID,blur,2,1835.6059601949214,0.7953315377235413,0.7311158776283264,0.9555771350860596
1443161219370901,-20.998296188116,55.608257838223,-12.810417454047805,45.19279375993595,RE,blur,2,1433.128687309283,0.34562981128692627,0.17137020826339722,3.0141944885253906
935114343986233,14.756132710056,106.17208788727,6.448847261985663,2.121569825887869,LA,blur,2,11320.82236784092,0.3883213400840759,0.15918421745300293,2.441549777984619
528816851860286,13.929456140067,-90.641111213437,13.941813751033816,100.7254088969556,GT,blur,2,16672.858725468603,0.4641305208206177,0.32890838384628296,2.5287561416625977
949677732469296,-3.949905939326,29.108488727431,0.267755644088624,32.5961498899972,BI,blur,2,608.3733045249062,0.19842930138111115,0.04574175179004669,2.4952807426452637
535238961691986,-9.012128600000004,125.26142969997224,-13.93671426233199,-42.610011319483334,TL,blur,2,17133.66157085255,0.36250394582748413,0.22743672132492065,3.529794692993164
785746405666869,-15.233412447604,27.672681901373,-7.447558288961639,-35.293507336303286,ZM,blur,2,6898.179951062323,0.35368573665618896,0.1972070336341858,3.172654628753662
3016818381880651,49.809878371642,-121.45256952608,49.24404984686184,-124.67889336989218,CA,blur,2,241.18990659433382,0.5285590291023254,0.4813643991947174,2.9193694591522217
381383576502282,45.377597713432,18.296766050051,41.98193335901689,15.02934930941438,HR,blur,2,459.9174306373562,0.5282193422317505,0.419318825006485,2.4661471843719482
610064709949694,39.354018070055,3.189777650907,37.12557184874031,-8.54777868654401,ES,blur,2,1053.7798843323715,0.6783565878868103,0.4647594690322876,1.130488395690918
172787811514759,35.229088448061,33.767549827448,35.19671332319926,33.72300083066689,CY,blur,2,5.416579771200132,0.6012992262840271,0.3229653537273407,1.4101753234863281
782110492675930,20.011066718061,-75.671652777958,43.32534391225486,-2.9389618119657945,CU,blur,2,7121.257675609133,0.07016820460557938,0.011305399239063263,5.065626621246338
400250872119328,11.85196334791822,13.142710363889922,31.542091240439063,73.03560002355394,NG,blur,2,6479.946026642875,0.1549064666032791,0.07629115879535675,4.233982086181641
892609551301442,-6.2907747954542,176.31557778615,23.100603665441465,89.55161322723245,TV,blur,2,9952.628398722161,0.874457061290741,0.8603978157043457,0.9629641771316528
202638525024688,49.252128640765,-2.2302663941837,52.15485952965332,-9.504157226116144,JE,blur,2,605.0323229792782,0.5673623085021973,0.4167501628398895,2.0075526237487793
482179499657429,35.35863654069,-87.442281622797,44.45969989153906,-79.80960185082066,US,blur,2,1202.051567804512,0.2826186716556549,0.1651032716035843,3.378387451171875
166409505310564,-9.7930504284381,33.876999664849,14.052051166031136,99.71739151149649,MW,blur,2,7729.806857717683,0.3158411681652069,0.14757493138313293,2.874312400817871
839128376686201,-21.379486131927,55.652855746499,53.3943506610276,-6.227187395688825,RE,blur,2,10204.635808682497,0.20268379151821136,0.08435109257698059,3.8650426864624023
173546557995177,6.6979922509375,-57.920196653076,6.769319518570344,-58.06165862735415,GY,blur,2,17.51944368526367,0.1659536361694336,0.0543476939201355,3.4727060794830322
778732033031387,49.481310552598,-2.580607408903,49.488318673694465,-2.316604308118635,GG,blur,2,19.08689061387224,0.6461871862411499,0.5825793147087097,2.285212993621826
1459021641097176,19.327056989127,-81.381676002568,26.71622402804794,-77.97690568336198,KY,blur,2,892.3199201650216,0.2692609429359436,0.05916035175323486,2.3640990257263184
968337867447613,25.014773599486723,55.87302113372367,30.049463491127383,30.952780669422573,AE,blur,2,2514.659882921469,0.40344494581222534,0.23799996078014374,2.273484230041504
516599479378641,56.372189487703,27.438134814115,54.736537704047194,25.060785717158833,LV,blur,2,235.41975693942535,0.08143123239278793,0.0060542672872543335,4.438645839691162
826574104989977,0.4096083408951371,9.468790964341348,32.660144321883294,-97.09175266322642,GA,blur,2,11526.056795130307,0.1695888787508011,0.030285894870758057,3.6223793029785156
298265468509297,-10.44607449126,105.70171289589,17.821954163300987,99.21239297513262,CX,blur,2,3223.028920031903,0.5215786695480347,0.27574121952056885,2.0550119876861572
135182671936165,24.97002129251,55.490379135321,44.41493905190482,-79.72583030399969,AE,blur,2,11058.13815827403,0.48052817583084106,0.3793708086013794,2.88405704498291
369953761725438,-20.697927254597545,164.42307519257272,-21.2854469760916,55.460418219400005,NC,blur,2,10998.644918541886,0.9982315897941589,0.9973844885826111,0.017669251188635826
150605930403453,1.5703799596146,10.84323380127,6.487678125540412,2.65735751798775,GQ,blur,2,1059.655980838632,0.3128347098827362,0.21757826209068298,3.2129745483398438
942025196552576,18.04711135987549,-15.94458243190681,16.80368161779676,-15.483186684637225,MR,blur,2,146.67206430326615,0.973884105682373,0.9661679267883301,0.2053910195827484
4245112742269900,-15.204236527253409,13.710121098211696,-15.190299071109855,29.55283434367463,AO,blur,2,1699.649284246978,0.4999414086341858,0.32134830951690674,2.080629825592041
800629050558884,1.5780520325706,10.841365858236,6.201607143741853,1.1858823758024182,GQ,blur,2,1187.8849636582518,0.8157424330711365,0.700874924659729,0.7969454526901245
329089375465231,-4.7898646188584,11.8559793524,12.860143885256964,77.49580987413323,CG,blur,2,7509.435926014825,0.2589307129383087,0.08150997757911682,2.9742751121520996
2991410527805673,-4.1374600287328,29.078493212922,12.668583332746039,-86.0058338626913,BI,blur,2,12827.950152988418,0.9558744430541992,0.941293478012085,0.31143781542778015
798429247478749,46.183809459674,20.174482609731,56.47896074354306,21.088766224200956,HU,blur,2,1146.5025689685785,0.4672918915748596,0.394309401512146,2.8082215785980225
2371116466357575,16.796385002204,107.11609099971,17.757548287746477,105.89451652265502,VN,blur,2,168.0630274758452,0.7181506752967834,0.5256946086883545,1.144788384437561
468504837703680,49.210225417814,-2.0260057718567,49.21455726076464,-2.0808063117386624,JE,blur,2,4.0096850270063396,0.7971634268760681,0.754400372505188,1.3958299160003662
544837470219031,25.294971915181225,67.28170930758036,25.083761943200784,67.34389291677904,PK,blur,2,24.304676557695142,0.5796712636947632,0.5304740071296692,2.753725051879883
962376597848366,-7.8679271311768,35.785662187966,40.43933800849207,69.28377047335437,TZ,blur,2,6373.960593546463,0.6568806767463684,0.5998591184616089,2.1717987060546875
284560226710077,22.245356411415,113.94634816993,22.377982041514308,114.21263976840447,HK,blur,2,31.110798957713435,0.8967179656028748,0.8723371624946594,0.7133486270904541
366104118882534,-12.947203981722575,45.1622949013442,-33.6836105073629,151.2014626192759,YT,blur,2,10644.441315907246,0.3444368839263916,0.27852532267570496,3.8378031253814697
302738837907407,13.971297523146,-60.953783885869,13.830101818842351,-60.979164189113035,LC,blur,2,15.937460079014262,0.982857346534729,0.9693377017974854,0.10767414420843124
212663677118887,61.377613835646,-149.52560052518,44.52821062355056,-79.84078584800643,US,blur,2,4755.398028380101,0.4614744484424591,0.33577650785446167,2.48258113861084
298675135079993,35.02573827135,0.1062064724418,35.44738264200529,0.4790079282202027,DZ,blur,2,57.832095976544764,0.24562542140483856,0.0005084872245788574,2.161557912826538
200766568352215,12.2259298372,-69.032711700173,33.05554086457632,-16.34341916886906,CW,blur,2,5811.558379400588,0.846380352973938,0.8043044805526733,0.8757269382476807
522150762114358,-51.767857219423,-59.20385240723,63.87983116667955,-20.374227219225986,FK,blur,2,13292.337994846417,0.29498350620269775,0.1857670247554779,3.196411609649658
907645580029480,-10.531873592618,105.64908608946,44.10260270057395,20.797132736744718,CX,blur,2,10414.658710238651,0.15342803299427032,0.06543122231960297,4.109307289123535
461637908454191,8.5770592738416,-9.8384949656858,8.646329176271546,-13.22640799853416,LR,blur,2,372.5499450834118,0.3420863747596741,0.26734691858291626,3.6042861938476562
737762176916399,-28.523157809827,26.988610572901,39.84202062538486,43.82925233443525,ZA,blur,2,7798.9754140718305,0.8203027844429016,0.6735682487487793,0.6553381681442261
974044566464626,-8.9232594155592,125.57214462009,-8.629276207087404,125.48377066855059,TL,blur,2,34.101555470558026,0.41741782426834106,0.30555638670921326,2.793323278427124
207733560892728,62.969803716081,25.819453012454,52.220531268299496,-9.338977067971724,FI,blur,2,2369.001387464536,0.37052610516548157,0.27187398076057434,3.61423921585083
935214247230705,38.662861546978,21.897000127107,43.01194409956962,22.905332586158686,GR,blur,2,490.96786033239033,0.43437525629997253,0.3541553020477295,2.8495430946350098
308609804241585,45.352253598167,18.741494665616,45.71574479478308,20.093465652992336,HR,blur,2,112.79412026766327,0.46456611156463623,0.41341763734817505,3.2169458866119385
812815579353857,19.970422258885,95.026704859366,16.619408295168277,104.07367573122586,MM,blur,2,1024.9781319144718,0.7269234657287598,0.5893164277076721,1.4852230548858643
955193138582276,42.352822713826,18.93350046301,43.022554253575194,19.388891598014315,ME,blur,2,83.25421623079374,0.8502562046051025,0.7322853803634644,0.5839982032775879
314068633495505,18.384993994121,-64.663491419319,-38.76643986318727,143.60841699681933,VG,blur,2,16469.889850573196,0.2176537960767746,0.09329637140035629,4.35571813583374
153100520088504,8.6445550800531,-10.895087890593,7.234787227934246,-11.2741157706137,SL,blur,2,162.22112431770447,0.9084634780883789,0.8570000529289246,0.45830175280570984
899516343957294,31.154817998866,35.36251239366,36.269135827828535,50.47726999079735,IL,blur,2,1507.1255033553925,0.33991554379463196,0.21601147949695587,2.99729323387146
362016302748290,-10.182357974219284,26.92114281109953,1.7907713264657537,32.540716651782894,CD,blur,2,1469.4988730040827,0.6662102937698364,0.6026900410652161,1.7163310050964355
784285982279583,12.468243816564,105.11776238356,18.020142905506752,104.40909669247675,KH,blur,2,622.002426332481,0.5560721158981323,0.38451677560806274,1.7653026580810547
741076933253733,55.559361968752,24.218044357931,57.92522398371496,55.71892458620797,LT,blur,2,1920.9087491174819,0.692805826663971,0.6475783586502075,1.8738994598388672
588238156406124,13.540014603247103,6.862262541663696,-12.058108578604841,30.607112468622496,NE,blur,2,3867.196591027641,0.4405514597892761,0.212173730134964,2.2547414302825928
704583704721230,13.358425346344903,2.9695516051747206,13.342326310608629,-6.7986365734171414,NE,blur,2,1056.753565986044,0.863135814666748,0.7725365161895752,0.6117170453071594
743913432954382,12.506491685569,-70.011189878756,31.55911502239176,34.575562384171754,AW,blur,2,10621.178570438085,0.33621299266815186,0.24437668919563293,3.4677000045776367
837216263894683,59.234310100905,25.661811016329,60.03068378082003,13.101459732930596,EE,blur,2,710.4987001355662,0.28674986958503723,0.10598969459533691,3.443488121032715
4165344470189392,22.250944346283,113.98372956798,22.376143027003923,114.2274169740172,HK,blur,2,28.674044089413123,0.7268228530883789,0.6739746332168579,1.3931715488433838
123034153486017,8.896413266511479,-64.21983107316368,17.502497661611354,104.32546392434602,VE,blur,2,16821.229033432068,0.4369093179702759,0.3513053059577942,3.356584310531616
495142175172477,52.064618461934,27.758129879211,42.476441367636504,-82.93601033184106,BY,blur,2,7576.617417099424,0.1463398039340973,0.05682331323623657,4.665466785430908
278818637266368,21.668020820761,39.5871724527,30.073661579861724,30.91886544447583,SA,blur,2,1274.0415311789573,0.357015997171402,0.19248460233211517,2.5939788818359375
311313370600056,34.298302972773,35.843733635285,34.080330105242176,35.64124112621995,LB,blur,2,30.56706720954122,0.9916039109230042,0.9851793646812439,0.0562572255730629
546356603055282,16.319144026137,-61.319536174119,-9.497881681393888,147.50115695663843,GP,blur,2,16804.318140569794,0.7033098936080933,0.6659367084503174,1.9247567653656006
455880318809614,13.212934938654,103.97535020814,19.808986229057282,102.08742920113713,KH,blur,2,760.52501254399,0.4661611020565033,0.09701165556907654,1.5072370767593384
561177494854490,65.249274201498,-14.3599477776,64.2687951585595,-21.74062084842496,IS,blur,2,366.3059226879193,0.41570863127708435,0.012823820114135742,1.5264630317687988
591338181829945,40.948513592565,47.680340883083,40.50645845008311,46.783492244371445,AZ,blur,2,90.15206978189632,0.29870110750198364,0.09837980568408966,3.090543746948242
478603033472419,10.605368280525,-61.423503253964,29.977654642496105,-90.168313556904,TT,blur,2,3671.8652312932104,0.5241931080818176,0.37349849939346313,2.63623309135437
140993104682356,11.492434620243,14.669528720435,25.799775352549027,-80.51724228486981,CM,blur,2,9963.235454029304,0.09835324436426163,0.023411206901073456,4.873823165893555
1365904140461073,16.782552049243,-62.177983430902,15.589016321768781,-61.44233853410897,MS,blur,2,154.22166821419523,0.9969133138656616,0.9960919618606567,0.03476805239915848
184854733517675,66.049214556266,-16.60518565352,64.338362360998,-20.8983474315697,IS,blur,2,276.12308477918697,0.2659684717655182,0.1300649493932724,3.019674777984619
484812855999457,11.316364972572,-60.600609669164,13.825611498703024,-60.97877390126988,TT,blur,2,282.0173161109583,0.41951170563697815,0.0805303156375885,1.3059906959533691
198374955275087,31.228889368174,35.249839466257,17.870916429556324,104.52051025529583,IL,blur,2,7053.995339621679,0.22292165458202362,0.07373878359794617,3.6292226314544678
493661578655706,21.902623515855,58.249258213784,-14.984132240903506,29.91752775325548,OM,blur,2,5134.379144083374,0.6577513813972473,0.6076398491859436,2.1158206462860107
1421342044880216,-33.979765814868,-55.677857234372,-24.50971883517457,-55.92532213585942,UY,blur,2,1053.2936499638554,0.2821243405342102,0.08870664238929749,2.4240779876708984
791346968192465,47.64092226916,22.514698705141,45.044105639815974,37.518464134910495,RO,blur,2,1185.2920550486244,0.6262128353118896,0.5190492868423462,1.8307619094848633
509490393519441,12.00528480685,15.133921129804,18.491184144914204,73.91861837533459,CM,blur,2,6322.297859711661,0.6466735601425171,0.3117600977420807,0.7668612599372864
365265328257309,-16.455863020951,-152.25124408953,4.351651159161652,-75.6755164407222,PF,blur,2,8721.349257749049,0.6262733340263367,0.5842218399047852,2.3600683212280273
373099774078768,15.381551450461,-61.278224581511,15.391317898305807,-61.28268703037265,DM,blur,2,1.1866904124238349,0.8869705200195312,0.8028918504714966,0.4617795944213867
3849748481728507,54.429547030142,-8.350480924746,53.89518286227099,-9.100971986635209,IE,blur,2,76.92654072642007,0.30626022815704346,0.19016540050506592,3.28249454498291
486814105900044,24.815009873567,55.581561784151,24.535795962769196,55.71436275021487,AE,blur,2,33.822768426833875,0.3323606252670288,0.1385732740163803,2.2411797046661377
553493755814632,25.651486854641,55.817622488275,25.258607169346448,51.448615813375156,AE,blur,2,440.7992164958106,0.19013634324073792,0.06266464293003082,3.592210531234741
294731518788880,12.182130031336,-68.992602507728,-21.078224544639514,55.23248322219601,CW,blur,2,14019.235034737303,0.8918790221214294,0.8697555065155029,0.6551329493522644
526112418414577,-4.1889057701817,39.593824106105,17.55208418829585,104.2450433965369,KE,blur,2,7489.147282935337,0.915645182132721,0.8879441022872925,0.5740362405776978
1143243902846918,3.9423529755317,73.490255336254,14.03279942103419,100.82376498586615,MV,blur,2,3200.2592766577145,0.8168689608573914,0.7387899160385132,1.121147871017456
1222724854903474,-15.992638795519348,27.473549745213845,-15.912095769350152,28.291887258975823,ZM,blur,2,87.9479387356985,0.7671993970870972,0.7074902057647705,1.228901982307434
814962436102418,17.246826160842,-88.964928894179,-31.180684022519543,-57.29881271610001,BZ,blur,2,6358.721694455709,0.3565414845943451,0.22070647776126862,3.033912181854248
2588410498130022,8.6681322733063,15.915175571704,6.490533714323746,2.661944527022671,TD,blur,2,1480.6008672037697,0.9103364944458008,0.8479321599006653,0.42375460267066956
757152124922572,40.280135692488,20.032560201339,44.60436827640601,38.18605221945452,AL,blur,2,1561.4087355304757,0.4089600145816803,0.26650553941726685,2.7703986167907715
3729075633885792,52.879324916405,14.84215981606,52.99305577152106,14.965697178868139,PL,blur,2,15.115338284314484,0.09657058864831924,0.008844926953315735,4.723808288574219
193255762642321,-25.463140138686,31.530813486271,17.734040527737733,104.56009547011854,SZ,blur,2,9240.849911360077,0.42846211791038513,0.26937544345855713,2.537379026412964
158748456176634,18.003107984756,-76.750140742066,17.527208934251448,96.86495612417826,JM,blur,2,16003.038042366854,0.6108356714248657,0.5083908438682556,1.777081847190857
487059602744422,22.483846298693,88.311807710332,18.534892020136777,73.8181995384534,IN,blur,2,1571.1490832436066,0.5596851706504822,0.35572779178619385,1.5411064624786377
187972779810965,37.223202382218,126.95228008609,35.56279138791846,128.94086073132016,KR,blur,2,256.44289974260954,0.995896577835083,0.9940922856330872,0.033382970839738846
325108962571033,-14.007024453392,-171.59812253095,10.463564849086188,76.18985150561204,WS,blur,2,12661.69193202519,0.16013358533382416,0.0475495308637619,4.26186466217041
506599274036580,54.629530708934,-8.6760286174409,54.519446656787245,-3.0556813154781697,IE,blur,2,362.36089341542123,0.26379695534706116,0.15977425873279572,3.9509518146514893
507218187079443,37.843340581126,68.830014881381,40.323644368421014,69.44344753467765,TJ,blur,2,280.83119876355926,0.21311627328395844,0.10894934833049774,4.065706729888916
153324916692555,5.5180289616018,-6.5822215976398,11.655555617502195,76.62417797639381,CI,blur,2,9146.471935613308,0.6385618448257446,0.4797987937927246,1.7795897722244263
771731993706945,41.928551334201536,19.551310678151587,42.2917408420367,19.331084598302816,AL,blur,2,44.28268746490647,0.166420578956604,0.06228280067443848,3.488158941268921
486481489451262,49.966660340065,17.026531427218,51.374198597259756,9.475888661849677,CZ,blur,2,554.3659845623268,0.27611565589904785,0.19344669580459595,4.041746616363525
2949034095418835,3.9465097772644,-59.099420704396,-16.688548052031145,144.88690966456997,GY,blur,2,17038.783551031203,0.4812583327293396,0.33658766746520996,2.5698394775390625
372845630827843,-27.768029274082,-64.271302066744,40.869834869117874,31.89032033889463,AR,blur,2,12468.031196826792,0.1752421259880066,0.02446514368057251,3.2361626625061035
804236390516614,24.360035161271,90.528148543285,22.71645443049988,89.32813286996337,BD,blur,2,219.91836002565634,0.26534074544906616,0.1700739860534668,2.9295077323913574
1165449024229030,11.127732358514072,42.37283796780444,7.89568674462121,38.3892666383691,DJ,blur,2,565.6425479182537,0.17260661721229553,0.12098394334316254,4.688403129577637
465682694540312,47.092368215581565,15.033271683507603,54.45265972915902,18.459032836118094,AT,blur,2,852.8805343914335,0.20497971773147583,0.022680535912513733,3.8162543773651123
1414034302297531,5.9652601827551,-10.011148216804,12.082405556652574,76.7237198373076,LR,blur,2,9515.553226377418,0.21062958240509033,0.010378584265708923,3.5325613021850586
164124928906484,17.026658655636,-88.957499025099,40.4918790112894,-7.52875015402985,BZ,blur,2,8076.271067337424,0.31870684027671814,0.13596829771995544,3.375736713409424
265373079006579,12.19339030343679,-4.128458023871779,11.37962633850636,-3.4446817392428537,BF,blur,2,117.16404274871482,0.7448370456695557,0.6352024078369141,1.0418606996536255
211403467484458,-24.160264772744977,47.3486048183456,20.194388368284304,-97.24291369313126,MG,blur,2,16352.121302430429,0.29227715730667114,0.19433024525642395,3.3508763313293457
4252117868180040,-31.701164589216,28.774388216841,-29.167645855242732,27.653109099390345,ZA,blur,2,301.52198629598325,0.13633127510547638,0.0025889426469802856,4.4279937744140625
1185546705230006,60.068284515535,20.263657107897,60.2021205167667,17.814673256992812,AX,blur,2,136.406571827934,0.3091309666633606,0.17357583343982697,3.6729938983917236
307549670912816,47.805455809752,29.008339682994,47.16020825667938,29.269878237148074,MD,blur,2,74.39128917553718,0.4245573580265045,0.21197529137134552,2.2848987579345703
1150240562161074,1.3857279016312,173.14547646453,13.832808111642642,-60.97219719867654,KI,blur,2,13818.823060582296,0.26253265142440796,0.07314366102218628,3.0399467945098877
1926367507521003,-34.006516340223,-62.239283065807,-31.466113644351054,-64.10369546582248,AR,blur,2,331.95356116380907,0.4743572175502777,0.2962418794631958,2.1538779735565186
174862464516382,18.026136330252,-63.051721834115,34.78983669005397,32.44891754951646,SX,blur,2,9358.463251303514,0.27924785017967224,0.15533673763275146,2.7478322982788086
238608201397184,13.394898337011,-15.796480495355,7.908081490464625,38.34872386884116,GM,blur,2,5937.583586986718,0.5049184560775757,0.4471185505390167,2.9507968425750732
168171301893400,-21.306913177085,47.234054757271,-33.14332055063217,151.44621902785656,MG,blur,2,9962.020072336527,0.19204920530319214,0.03901655972003937,4.005504608154297
143601257800230,6.1813662366503,-10.476370028512,19.82037535543822,101.39845961688816,LR,blur,2,12028.781945260089,0.22157390415668488,0.0918741375207901,3.6360411643981934
1426576467702919,42.716570546448,19.37002352769,42.041989914759654,20.261177026843093,ME,blur,2,104.80609756553353,0.12493319064378738,0.02495317906141281,4.725028038024902
582527629366762,13.909926027264,-60.995742963827,13.891151498330746,-60.9317792591033,LC,blur,2,7.2128664192207825,0.9982982277870178,0.9974180459976196,0.014405302703380585
789178535042815,10.848339859199,-14.344376628968,17.764913367419272,104.39817011466968,GN,blur,2,12576.136417424705,0.9921727180480957,0.9859773516654968,0.05173911899328232
770818833619667,46.189989851656,27.550790956761,45.10376714649554,23.36826164885789,RO,blur,2,346.78141512424656,0.5822411179542542,0.4594418406486511,1.8260467052459717
771812706865289,18.810877831997,-72.868700352417,18.758742210124833,-72.2177484806657,HT,blur,2,68.77180155965804,0.9986894726753235,0.9975465536117554,0.010965387336909771
1979924955729830,0.4210184118848502,9.466164114756396,6.489841264243107,2.6153296841125813,GA,blur,2,1016.3826028972571,0.29048246145248413,0.10231229662895203,2.6509506702423096
1215125515585698,-29.72467996101,27.401763312517,-29.711855220945797,27.051456623121666,LS,blur,2,33.85909425909327,0.21470727026462555,0.006992891430854797,2.5157530307769775
525797611782911,33.53278970091,10.187082947953,-31.591264191806797,-68.24883517617279,TN,blur,2,10947.796160140588,0.25760379433631897,0.0076025426387786865,2.292492151260376
981736889296495,15.18213389856,106.76109629686,16.475774565558893,97.67116185229085,LA,blur,2,982.9081061155588,0.822155773639679,0.787310779094696,1.1638983488082886
290546622610201,0.90650801653382,111.91071699724,17.50969605170147,105.01235924084862,MY,blur,2,1994.3373997785593,0.711697518825531,0.5001893639564514,1.0761525630950928
925069178226405,-33.684138890591,120.78000000686,-32.80582175840938,117.31679967182635,AU,blur,2,336.5256837137251,0.6010198593139648,0.4097694158554077,1.3784013986587524
841753896415038,-6.3002644508667,176.31963764015,0.5315161402378992,151.2885162132979,TV,blur,2,2880.076034569354,0.29470840096473694,0.09497401118278503,2.9055864810943604
645048966783670,42.89641826045616,17.56617896330491,42.85747568225612,17.796909300214534,BA,blur,2,19.293387013841773,0.5861392617225647,0.46058377623558044,2.164202928543091
2157623727878098,42.203008413762,12.652366039877,41.435018813743476,13.079121247489361,IT,blur,2,92.42920474870763,0.29410094022750854,0.057911500334739685,2.6345584392547607
491154428864902,34.78133892235,10.662689207895,32.37902480235797,-8.865962961229336,TN,blur,2,1825.7324846454258,0.29068243503570557,0.033078134059906006,2.4116668701171875
5023711767716996,27.43539864879576,89.6844986785493,51.325960776838826,86.88582806425289,BT,blur,2,2666.8963532104353,0.15614594519138336,0.059073932468891144,4.819704055786133
502661524102239,25.24288508,105.72866675,19.51052464777884,102.78499682525063,CN,blur,2,705.5381966376976,0.2359447032213211,0.17288821935653687,3.561422824859619
768051953908267,24.417738719697,124.24306124209,40.32650318848439,43.99801573172783,JP,blur,2,7488.721738387555,0.8754197359085083,0.8626973628997803,0.9566950798034668
2634487660183183,15.505396860363,-61.465808232581,13.923697892132958,100.72541260200293,DM,blur,2,16201.65846645611,0.5000636577606201,0.2882363200187683,1.632546305656433
777370986311883,69.771194043132,-50.45379669083,65.47574451973509,-23.469833466008406,GL,blur,2,1225.1723075034797,0.09381170570850372,0.005185648798942566,5.087570667266846
214018630224328,-30.195842567793,28.141370668784,40.50843713842328,-6.766376387625014,LS,blur,2,8645.215698074455,0.2578496038913727,0.13428659737110138,3.360093593597412
898244168080774,48.39779130109938,69.97859259537432,40.32104247038428,43.9138490955207,KZ,blur,2,2244.2135439044864,0.23035751283168793,0.135032057762146,3.9098258018493652
4492529727427156,-28.146082771307,-51.513579498292,-7.132492565831131,-35.24855309167774,BR,blur,2,2895.660840524245,0.321829617023468,0.1047244668006897,2.3952252864837646
285348029668834,24.497433158551,56.506035667282,44.45235433282488,-79.79507129209988,OM,blur,2,11155.695078304592,0.7858028411865234,0.6977746486663818,1.0041632652282715
171014971604854,50.702549851864,3.6582481425115,50.8520718930199,2.862436434450687,BE,blur,2,58.373044718867476,0.26490867137908936,0.13555897772312164,3.4229047298431396
4840639372618820,-14.92550912288379,13.489538311090364,39.418419001062986,-6.4162914097267,AO,blur,2,6385.999404349791,0.2246120572090149,0.07058770954608917,3.519895553588867
206149904648055,26.21207915528,44.093256403165,25.243521049852273,51.44320545883648,SA,blur,2,743.9838620005083,0.2126278579235077,0.05797305703163147,3.159745693206787
204252138180851,-21.559664995251,23.773974999472,33.004753531569015,-111.24071789107498,BW,blur,2,15428.049519178236,0.2749714255332947,0.21984028816223145,4.685791015625
920871192081755,-20.154762249788,28.582363111001,13.931665645177507,100.64088686121434,ZW,blur,2,8739.52364395838,0.21178647875785828,0.03352430462837219,3.2806484699249268
219966586218279,47.029132462966,15.932431980783,50.024269096115425,11.66536546603507,AT,blur,2,457.73949497980806,0.1506432443857193,0.08298863470554352,4.289821147918701
135549215221893,2.4175748743344,9.8423648123313,6.506529402011451,2.651872989633182,GQ,blur,2,917.5242739702751,0.8508558869361877,0.8100298643112183,0.8992704153060913
376262240365585,11.737844217402,-84.258740123025,11.608242568744396,-84.19521978993312,NI,blur,2,15.985115996952526,0.5250079035758972,0.25390928983688354,1.719057321548462
171728951493255,49.507376607171,105.95258746284,47.90554386834844,106.80322197738387,MN,blur,2,188.73275259249877,0.18874938786029816,0.05884568393230438,3.853311538696289
253978489850814,48.281270225581,27.973739010266,48.29155695759674,27.237605395321765,MD,blur,2,54.47827142873278,0.21746553480625153,0.1586226224899292,4.159987449645996
300413981460892,28.731055900238,48.000514767945,63.64473682418017,14.541342949195519,KW,blur,2,4551.279859226085,0.18938355147838593,0.1220288798213005,4.1544623374938965
1184530975332530,-14.802947311274,-42.709531402229,-14.115156268169509,-42.53208819630499,BR,blur,2,78.82922064783594,0.28238242864608765,0.09758107364177704,3.5403194427490234
1266617723756139,-2.7425780868466467,29.42359642013631,-2.04091116523048,29.647471659200715,BI,blur,2,81.89026428286499,0.1826491504907608,0.007862091064453125,3.3720569610595703
473474263980538,21.715223057868,59.471278053944,17.604023563091268,104.66625148419762,OM,blur,2,4738.499867198281,0.9687147736549377,0.9579756259918213,0.2261456698179245
1249815355421012,41.352986665751,46.933972599593,40.655416651638475,46.58903373787348,AZ,blur,2,82.79083761344525,0.7897750735282898,0.7470719814300537,1.4200865030288696
228708892356879,48.677696253977,17.636842304644,43.03103620747205,41.19391520625356,SK,blur,2,1920.1832314826793,0.47915762662887573,0.3639969229698181,2.7496252059936523
573918251034517,24.9108887387342,90.79494731880273,52.142871888298465,-9.613844476501153,BD,blur,2,8515.870926417303,0.4225351810455322,0.3172924518585205,2.8752312660217285
2964997383812126,2.6098453233173,9.8422664516346,6.503461906510565,2.663882581960602,GQ,blur,2,905.7009946934969,0.8606504797935486,0.827485978603363,0.7556599974632263
216212559884926,39.033844678159,125.75376577506,42.64970414453672,41.56194654184743,KP,blur,2,6785.133847534727,0.8440260887145996,0.8037623167037964,0.9084007740020752
305136647878220,12.193469016038,-61.616092049056,13.827633415446506,-60.97659917908154,GD,blur,2,194.46992927723696,0.3167837858200073,0.005935102701187134,1.8221628665924072
1425023424516398,-16.694601299289,-60.803490901407,-7.267263946702033,-35.514485011310384,BO,blur,2,2939.500977218273,0.9584778547286987,0.9447445273399353,0.31699296832084656
454775888919551,46.828024824521,7.8088947836121,46.90555292002044,7.4463761532474875,CH,blur,2,28.876767071433033,0.38316667079925537,0.18367652595043182,2.2977633476257324
861104217828929,17.113853213721,-25.242018334352,15.232321085687994,-26.13984518027991,CV,blur,2,230.13941127821528,0.9990554451942444,0.9988484382629395,0.011221392080187798
1051007365779921,6.813554100014411,158.2040012,6.619352129268499,160.1715293963697,FM,blur,2,218.3478851294768,0.9953302145004272,0.994450032711029,0.04492420703172684
1334507140366814,-23.48982047010992,35.38536972552172,-8.595846446558527,-35.108485777694476,MZ,blur,2,7645.105730013017,0.2241045981645584,0.10466966032981873,4.395316123962402
3912389445490209,49.325970928935,17.226098099604,35.200745173602705,-77.70416470403566,CZ,blur,2,7445.287989871968,0.11980106681585312,0.00186949223279953,4.439345359802246
265194928674974,13.23781099507,-59.544998005588,13.12977111444506,-59.29174328693342,BB,blur,2,29.93482009942603,0.08789043128490448,0.004425182938575745,5.172922611236572
130827665729646,41.660012138201,21.174396481341,41.36903380275069,22.639721274319317,MK,blur,2,126.22052315590892,0.45919331908226013,0.3290206789970398,2.6706743240356445
382514279656400,17.169493550421,-62.549673737704,14.057634034789313,-60.96325360626375,KN,blur,2,385.46914306119436,0.9236299991607666,0.906310498714447,0.43603092432022095
490566595325309,32.35061764629,15.101938149737,35.65199078789647,-0.5972149735197376,LY,blur,2,1491.1946758336176,0.5213838815689087,0.38295236229896545,2.308877944946289
177150824328343,-14.845732355681,35.25013351485,-14.47044774079422,29.94778470797626,MW,blur,2,571.9149883502889,0.9514056444168091,0.9294165372848511,0.2890442907810211
337754307681723,22.908438446718,90.804919962877,22.59586082789653,90.84022142789419,BD,blur,2,34.94504003635579,0.26051339507102966,0.05545996129512787,2.6759283542633057
288297272916728,-17.786629070676,177.44305087069,-38.62404013908711,177.9453902294673,FJ,blur,2,2317.526426499967,0.6377484798431396,0.598162055015564,2.3333334922790527
485752159242168,60.005211059817,20.384442671458,58.2477257955668,15.997029297089698,AX,blur,2,317.4785943218871,0.3227122724056244,0.13985760509967804,3.1453938484191895
495377298477425,41.941602973878,34.631294266421,41.80665248244036,34.936562060878394,TR,blur,2,29.394119434542638,0.8869011402130127,0.8628525733947754,0.782764196395874
2890584101196635,41.681667019865,21.147788358398,41.36050808820703,26.96780419567932,MK,blur,2,485.75426425191193,0.14108753204345703,0.041677482426166534,3.135143756866455
401731674144754,23.355590466277,121.32187991241,24.59626915251806,120.95600565247402,TW,blur,2,142.8773284890298,0.22912439703941345,0.1788836568593979,4.203329563140869
1169142930166538,20.834467782196,-75.727264614924,-7.653559852089798,-35.32717235763258,CU,blur,2,5431.876118701512,0.31449538469314575,0.038851797580718994,2.4245290756225586
306207777612908,-13.800621344179,-171.85935966246,-12.675512088285844,-172.03504475116767,WS,blur,2,126.54336456101883,0.5550812482833862,0.3295934200286865,1.4935177564620972
2665542867084280,15.44922162275011,-15.809327283661323,15.89933431730772,-16.31655016760725,SN,blur,2,73.8501865520193,0.3815612196922302,0.10523995757102966,1.7157399654388428
473236960624282,-11.390300678508,43.342774487865,18.565386691392117,73.81248202103208,KM,blur,2,4718.263075113057,0.23129543662071228,0.10127200186252594,3.486477851867676
175640891118270,58.3416314331,22.123379209424,57.194637885513345,25.102808846926145,EE,blur,2,217.88553180595522,0.5373254418373108,0.46058109402656555,2.27115535736084
940728323368212,5.5203195797668,16.760305199775,19.613528887319998,102.82730403585221,CF,blur,2,9391.130889863427,0.2696787714958191,0.13086162507534027,3.6740732192993164
159670792680757,4.8671591384211,31.498747958114,40.32892467020328,43.98825834423767,SS,blur,2,4136.476170219215,0.22467386722564697,0.06996282935142517,3.465848207473755
490425192372401,-42.289566526657,-73.549884623054,-41.237578283826664,174.766388743834,CL,blur,2,8476.468627782458,0.3359774351119995,0.1776236742734909,3.1852688789367676
140927168065220,14.884255893398,-24.355900858541,18.52922477427627,73.80244173689843,CV,blur,2,10316.076632206446,0.2531132996082306,0.11723712086677551,3.6997509002685547
2148319455305366,12.658976107053,-1.5012029355804,12.497655160532329,-6.670828448651944,BF,blur,2,561.317084471821,0.743948757648468,0.612960934638977,1.0940366983413696
950272148968894,-12.972416512525884,45.15611771647966,-12.924225950696997,45.13659086899287,YT,blur,2,5.7612318991360585,0.5871837735176086,0.34813427925109863,1.3376682996749878
153355823412892,49.184810534933,-2.0480987436129,49.232267992133075,-2.136038861557475,JE,blur,2,8.28602700015835,0.20887139439582825,0.0899476483464241,3.8915815353393555
363513025083758,47.047992478928,8.7799077721095,46.90973822533451,8.377571301222218,CH,blur,2,34.17591822292142,0.35353273153305054,0.14646106958389282,2.585026264190674
512297363276315,31.456330474142,35.250774430442,-7.249315502367004,109.75054994563101,PS,blur,2,8981.879764421808,0.18765495717525482,0.03665238618850708,3.5107643604278564
456622292570371,17.562683786778276,52.54996407813734,34.680347334200746,33.02369416547184,YE,blur,2,2714.2499488295357,0.3589942455291748,0.2989440858364105,3.3893544673919678
4527359417278295,12.574854908472,-70.042613806787,44.31124956206905,28.59688632279828,AW,blur,2,9706.874610819146,0.3727416694164276,0.3202340006828308,3.0781044960021973
537629581307027,13.181351944444442,-59.52259444444445,13.17791999806401,-59.6105494871079,BB,blur,2,9.530188737273667,0.493399053812027,0.02963310480117798,0.9668428897857666
795129897807041,35.163207188355,-6.1437231591152,-36.087652875610324,174.61751302460115,MA,blur,2,19891.392902064796,0.09150823950767517,0.0019426345825195312,4.966880798339844
351777130251541,39.481253041447,46.278721306968,44.928970403029446,15.309113586686577,AM,blur,2,2604.7234549292875,0.0688866451382637,0.016341522336006165,5.944987773895264
808281843784947,-9.017975593206083,125.18936083216094,14.039734037251348,100.85011575579736,TL,blur,2,3712.695502690301,0.6958827972412109,0.6264933347702026,1.8812549114227295
571640328046013,9.496515810605342,138.0909467705742,13.709922516553696,-60.995302169367015,FM,blur,2,16684.227731369698,0.6699182391166687,0.6009352803230286,1.9824962615966797
1596718320725210,6.820059002595853,158.1889075956807,7.341955417085464,158.49813606093878,FM,blur,2,67.32063928296368,0.9518882036209106,0.9317710399627686,0.31278884410858154
909068383276012,51.71872582063,71.017642467242,51.25100263621801,-116.36727451512144,KZ,blur,2,8544.338566894208,0.0842602401971817,0.03632230684161186,5.346595287322998
201271568510246,11.498181689874,104.89298318393,12.178309871790514,102.19930007811541,KH,blur,2,302.7481069892985,0.30417031049728394,0.20326343178749084,3.899911880493164
865101847550557,14.337966085705,-11.307015681085,6.48186872834813,2.7186557763868184,ML,blur,2,1763.9561929134643,0.856695294380188,0.8152094483375549,0.8460497260093689
273645621106204,11.400246031697,15.323762439617,6.474883011356856,2.6877157849253144,TD,blur,2,1491.6564968522223,0.9368906617164612,0.9137781262397766,0.3895725905895233
816784312848146,47.27419583333333,110.70045194444444,17.68527722923804,104.56785514861213,MN,blur,2,3337.5578435859916,0.667617678642273,0.5535473823547363,1.7560851573944092
205051911255970,15.898719949045,108.34769045302,6.480845032817896,2.6639973844104397,VN,blur,2,11469.125656934913,0.3628263771533966,0.12748248875141144,2.625515937805176
1197452254025430,60.290261118231,20.017018951216,53.9450023476502,10.846896964783937,AX,blur,2,895.1318992102505,0.2660393714904785,0.04938012361526489,3.067864179611206
524857088520171,40.969687102424,47.506671390525,14.058197227123399,100.83689513075048,AZ,blur,2,5934.191764930397,0.28128331899642944,0.14018307626247406,3.927612781524658
585468982429325,56.863557681775,25.533807915732,56.964784224457446,21.984995913593533,LV,blur,2,215.684971041157,0.19021880626678467,0.05886183679103851,3.372363567352295
223293895846479,40.460441929706,49.654367032421,39.44565262522182,30.734869223189886,AZ,blur,2,1613.5211108549172,0.4209194481372833,0.21855154633522034,2.169936418533325
983815092358003,45.845665401276,-1.1566237774946,45.71258215943083,-0.9835604382578955,FR,blur,2,19.977784849014462,0.11623913049697876,0.017663314938545227,4.279175758361816
495004361712254,16.705985016912,-62.221856779895,34.494286318201056,-116.49052758080079,MS,blur,2,5716.138463506009,0.30504873394966125,0.17837980389595032,3.703392267227173
1116467962190839,49.234789455854,-2.1566386309068,51.90278591721385,-8.435787348695797,JE,blur,2,533.2593877003035,0.7107266187667847,0.6753091216087341,1.897135615348816
799261197806429,13.04112461881004,7.584578150427974,6.517105847791632,2.6599804399931184,NG,blur,2,903.9449932544546,0.7978299260139465,0.6168095469474792,0.6127840876579285
375892980333603,53.800018986142,19.066495869964,54.59939875403308,25.043664803724074,PL,blur,2,398.68139615860815,0.47530847787857056,0.36434146761894226,2.4883499145507812
216735996617694,-51.729168266578,-59.221494505424,64.29842288843803,-20.617795339578294,FK,blur,2,13325.026646447046,0.9994460940361023,0.9993259310722351,0.007006421685218811
122836676470530,19.317250203375,-81.382868299519,26.521876089214008,-78.09150767146981,KY,blur,2,869.0132341291641,0.9448798298835754,0.9190864562988281,0.37500160932540894
864991334054817,22.630694715979,75.815649968185,10.762257573120518,36.24819422285057,IN,blur,2,4399.860706019599,0.2793753743171692,0.22934532165527344,4.316495418548584
303472461226103,30.448379399773,-91.249052345819,36.21816298214726,-95.89465582975558,US,blur,2,772.9727130652873,0.3740709125995636,0.18910717964172363,2.3672707080841064
751120052245249,18.306901319254,-66.036105758042,17.398696999641714,96.96132248922233,PR,blur,2,15630.949373138867,0.20790167152881622,0.13122159242630005,3.9148643016815186
618094669584037,1.0592725919843,104.01250864856,1.1015305769408832,104.08580709249082,SG,blur,2,9.406649684359142,0.13123631477355957,0.03470008820295334,4.566987037658691
204293011757830,15.079993126144066,39.21687884094408,-14.236339271363896,40.33532016829124,ER,blur,2,3262.1467986173407,0.9676768779754639,0.9597133994102478,0.2639854848384857
2928508607437195,37.840107608369,68.802462308142,40.262566444998384,69.52218783930063,TJ,blur,2,276.4388337142621,0.5082061886787415,0.366885781288147,2.23503041267395
1371451869918489,3.6333328691599,72.957712473483,-8.676958072842764,115.10538712168298,MV,blur,2,4869.065875918846,0.2131357342004776,0.002803891897201538,3.376009225845337
215955796651386,14.063525259413,-83.397823687399,14.030409328081838,100.84736794341947,NI,blur,2,16856.430051048326,0.5666071176528931,0.4318559765815735,2.112135887145996
137850255541406,24.545211603122045,88.5941532347436,23.82631544939074,90.34495573963272,BD,blur,2,194.75049142326745,0.20893599092960358,0.047700345516204834,2.591871738433838
300676795037037,47.54022479277,18.649560765963,29.650318369537533,-98.52826412716331,HU,blur,2,9388.571857222618,0.23085683584213257,0.005583375692367554,2.456754684448242
758419548202670,56.459896994613,24.509987996003,55.36969473412814,25.139451837654676,LV,blur,2,127.41194707950486,0.3198164999485016,0.23181721568107605,3.6808626651763916
234036278489604,30.859288137504,35.983036655163,30.05586959708723,31.378926751179744,JO,blur,2,450.2209308789997,0.262764036655426,0.03915086388587952,2.8008081912994385
1877580812408950,8.2904185166376,-13.160532748623,8.282008768990226,-13.170321460258464,SL,blur,2,1.4263867886235675,0.5318332314491272,0.4237517714500427,2.119452476501465
508516997178857,-20.44017415751,57.716929198138,14.584504586083114,-60.994814031957574,MU,blur,2,13518.335648374607,0.7129154801368713,0.6482136249542236,1.3593984842300415
2476936639119646,-17.187994442004,145.88923082343,-17.30412650682385,145.6308556973418,AU,blur,2,30.32513369337536,0.9555238485336304,0.9134398698806763,0.19705340266227722
170299241727097,29.609911657314345,104.99307446089506,30.048392721717942,104.99625699109487,CN,blur,2,48.75783626977703,0.8390488028526306,0.8099368214607239,1.137385368347168
297845861929140,19.00823988924,101.48346297652,21.367494180412052,102.59558078382616,LA,blur,2,286.8607277550849,0.9824193716049194,0.9669519662857056,0.10083408653736115
322702535907825,20.283683791944,105.67522750563,38.974436262242165,141.01437595113552,VN,blur,2,3960.753305370735,0.14349143207073212,0.07100947201251984,4.535879135131836
787272635685450,4.323621691762423,18.511948154254057,6.505008262287454,2.5747565307071896,CF,blur,2,1780.6655668783435,0.9976611137390137,0.9971315860748291,0.02456844411790371
173788081866624,59.75612769558473,-127.47179840177547,62.71303125224454,16.583071061462842,CA,blur,2,6059.240085666345,0.7381651997566223,0.6825076341629028,1.6181321144104004
233747548461554,9.3263006266193,2.619361832951,6.3759684845548685,2.420135934648415,BJ,blur,2,328.7949746075616,0.8230584859848022,0.7659647464752197,0.7663655281066895
765041667535640,-33.099247370966,-56.459447149244,37.78006108534356,-76.58843867354615,UY,blur,2,8152.204560020407,0.7507750391960144,0.7291877865791321,1.698194980621338
296876208707767,35.337232736933,0.33737085013529,35.704407039589654,-0.8682081741308503,DZ,blur,2,116.49500201654561,0.3089522123336792,0.039875298738479614,2.237880229949951
5220870694689924,13.010537169214352,-15.781125774925767,13.326552892286283,-7.073863864831534,SN,blur,2,943.3497006989703,0.606536328792572,0.3867844343185425,1.3144804239273071
490774565689974,13.06406278563,-1.087121270677,6.527879583857986,2.5929230285139897,BF,blur,2,831.0413975634232,0.6795533895492554,0.5432613492012024,1.1903678178787231
218599310068075,-21.24302439442,55.333436310069,-12.784170729499486,45.19988300822743,RE,blur,2,1429.2322101036646,0.7972391843795776,0.7471169829368591,0.9925990700721741
174969884519406,46.737187807587,8.3987859932934,45.41281381520843,23.606006744040226,CH,blur,2,1180.3705780444623,0.5971495509147644,0.35562700033187866,1.4128575325012207
581849006299222,-16.292466257509595,167.67474403169504,14.054428039420563,100.80378386774017,VU,blur,2,8082.265313680828,0.12349828332662582,0.002865433692932129,4.609200477600098
514194699740537,49.025633194136,19.779030185528,45.5953390409906,25.675552313732215,SK,blur,2,585.4559194337266,0.24005891382694244,0.08841143548488617,3.293445587158203
1636152166570934,13.748349438255,109.21278035386,13.155453857746869,78.34210395666175,VN,blur,2,3336.87660326647,0.18651680648326874,0.055461183190345764,3.9889121055603027
810831549638249,38.371680067627,71.17919493021,37.43188560358455,71.99101842014345,AF,blur,2,126.46582530814379,0.9931736588478088,0.9904614090919495,0.05197005718946457
126986893262506,9.535228699145444,138.11777436553538,6.476925014082419,158.85048821317105,FM,blur,2,2307.5658159876266,0.6664142608642578,0.5172572731971741,1.375851035118103
355702972637605,13.535688328213,-8.1000075739741,12.255293086058728,-5.7436770562056525,ML,blur,2,292.3998414778331,0.48651349544525146,0.16382640600204468,1.719940185546875
939211946839909,40.900998111452,76.418995914539,32.350828293622605,-109.69114779658912,KG,blur,2,11845.735155695775,0.35210028290748596,0.3110859990119934,3.9779560565948486
211629123827045,6.1356720399309,-3.8436536027728,6.488547917867137,2.6365127950095846,CI,blur,2,717.2616689837997,0.6584863662719727,0.5776281952857971,1.8279117345809937
696540331416062,44.87397500000002,15.571799722222226,49.8499124960563,4.910678356366309,HR,blur,2,973.697338520596,0.2525390386581421,0.2120060920715332,4.391061305999756
942512046483923,57.98102591119,22.153417844629,17.5774852725666,104.76356758657693,EE,blur,2,7925.165887605008,0.5443229675292969,0.44030624628067017,2.231496810913086
1794577467377638,2.2867934802243,111.96866392671,50.800671679232686,20.921382928454722,MY,blur,2,9884.070862861417,0.1848553866147995,0.07024254649877548,4.6030144691467285
569520134014537,45.631513310144,14.917895762855,54.12217434861779,37.467419331915885,SI,blur,2,1859.4687642400881,0.4225351810455322,0.3659784495830536,3.4125890731811523
759618951395520,13.918783401918,-90.820453412238,-33.666651698610565,-70.93984929867521,GT,blur,2,5695.29141752687,0.5249610543251038,0.43279242515563965,2.778348922729492
317414069756073,8.849591446096811,17.846700004099304,13.227981753296554,-7.93802216877998,TD,blur,2,2854.2560804579,0.31994253396987915,0.04537877440452576,1.74578857421875
310132177165029,32.35614104026,15.078246874263,35.96944482275977,0.45807625806884367,LY,blur,2,1402.272978266339,0.6077337861061096,0.47330254316329956,1.5227117538452148
378106816842746,47.677672060857,2.1491709666626,52.11930668904091,5.008776384282036,FR,blur,2,534.5662862978082,0.16333548724651337,0.009285464882850647,4.539464473724365
974285533334788,1.987119011826,-157.37182088346,6.485860101579196,2.7429375439984987,KI,blur,2,17615.04195866597,0.6058244705200195,0.4507487416267395,2.076284408569336
186014066630410,-0.26584500006505,29.929660585315,0.6972467684786229,31.860266125100704,UG,blur,2,239.89884502530145,0.43078961968421936,0.2850084602832794,2.2937018871307373
2045346162308378,6.372858133743794,2.3062901826009594,6.493486333849519,2.815053109269883,BJ,blur,2,57.793696187142665,0.6673793196678162,0.6063159704208374,1.7406203746795654
1172091903236601,49.476195621557,-2.5778975923381,49.49316558011088,-2.2527041286129994,GG,blur,2,23.566950082585034,0.9899812340736389,0.9872900247573853,0.09378695487976074
1148818178927460,38.977689066483,-8.2445481523452,38.63525600844969,-7.888960099828269,PT,blur,2,48.981710476275126,0.27807319164276123,0.13935214281082153,3.315248727798462
1222613584876307,17.370666616194,-62.748620435823,-34.49291568902096,150.85321433564613,KN,blur,2,16180.13589406226,0.9244409203529358,0.901064932346344,0.48208189010620117
2874363389509925,1.1429664809873,33.846541381524,1.1275789368078175,34.02405947441617,UG,blur,2,19.809269051766073,0.9696633219718933,0.9655094146728516,0.2640273869037628
472676697278023,-11.651270507603,43.263829479505,-12.748122328004536,45.1970611768346,KM,blur,2,242.94075277948363,0.8351597189903259,0.7289178967475891,0.6168692111968994
229441082274343,16.133435457207,-61.769410665445,4.935469161319958,114.94407418986373,GP,blur,2,17644.592643596883,0.38966628909111023,0.31849145889282227,3.0459463596343994
588131552889375,-30.701177534770288,-55.134334723553735,-7.1222218231416665,-35.4067801230427,BR,blur,2,3330.643507826588,0.7461575865745544,0.688769519329071,1.6624635457992554
282418593597680,-15.111719223373,167.09145508574,2.8749375452295993,155.70768406019272,VU,blur,2,2360.2203924493115,0.9222082495689392,0.8849033117294312,0.3697172999382019
979772486214909,34.1336148881033,136.00098041765338,33.89141624086519,133.30194637677437,JP,blur,2,250.21907356689377,0.4705476760864258,0.07333293557167053,1.4140901565551758
3774979212627875,-14.866355003204,34.792262380462,17.889878263082046,104.19400650393777,MW,blur,2,8432.02961208415,0.9084671139717102,0.8854759335517883,0.5807032585144043
426972879607348,-17.525550986516745,-149.84053510202472,1.3650217257198505,103.76764727832214,PF,blur,2,11790.407777791568,0.11220808327198029,0.025967828929424286,4.475451946258545
1689362237932062,13.800606381009,-88.316570230116,10.432132265959618,-84.66245495712882,SV,blur,2,545.9492514049356,0.6435889005661011,0.5661290287971497,1.720465898513794
1166613090443646,50.253231893566,106.33993531955,45.18654423966396,36.89337307794316,MN,blur,2,5034.757393222378,0.2053714543581009,0.01180073618888855,4.39056921005249
420134173638637,-10.810393821363714,31.731146261210167,6.5105033273545425,2.5720611730330787,ZM,blur,2,3758.5047627430276,0.75018310546875,0.6981320977210999,1.4631704092025757
474713760445897,34.526350993866,69.196344342811,18.502589055184707,74.08495548967828,AF,blur,2,1846.2231007128612,0.21360290050506592,0.09846768528223038,3.4961674213409424
506851794060092,43.177582319251,19.311856309232,41.772120107772466,44.81468001061502,ME,blur,2,2089.3190379921007,0.3973304033279419,0.3145993947982788,3.406118154525757
2995572500661892,38.898518256485,16.523049856494,40.75192615263272,14.670563196194971,IT,blur,2,259.79227159133194,0.15315347909927368,0.011292293667793274,4.218257427215576
115961117883320,28.43217928695932,36.51346701072073,31.548171972888916,34.66563024228917,SA,blur,2,389.4914829663397,0.24048863351345062,0.13435491919517517,3.288132667541504
1007571866714652,55.571514078836,10.350650482308,54.22256440822122,10.898019000805917,DK,blur,2,154.02436242631464,0.4765167832374573,0.14747914671897888,1.8876032829284668
1174895919599539,20.052558993471,103.35914721659,21.438089453471715,102.34890859186407,LA,blur,2,186.46832731161584,0.39239996671676636,0.08160987496376038,1.6116210222244263
912812452874701,-11.627287351809,43.262280127651,-11.713041027988965,43.352454958250135,KM,blur,2,13.687585935746613,0.9726544618606567,0.9590231776237488,0.17306624352931976
173416451344450,35.019561811666,33.986374163354,34.88901492957477,32.35098757723412,CY,blur,2,149.74676021763065,0.5272939801216125,0.4319961667060852,2.1765060424804688
1449896788674967,-5.4217682185916,141.29314063475,43.29052413169266,143.5925664498121,PG,blur,2,5421.505232960292,0.08493009954690933,0.025396492332220078,4.9019246101379395
232511111978904,-34.065025583843,-55.656389079107,21.49600309803233,-102.153451663728,UY,blur,2,7896.33470582841,0.3087977170944214,0.1023358553647995,3.419581413269043
1109815899545804,24.996104447036725,51.03225264110503,30.07820846478618,31.89410397288873,QA,blur,2,1966.8886564475088,0.4346088171005249,0.13886350393295288,1.7620524168014526
736517197023313,6.5599786208778,-4.9915528001493,13.918651140713065,100.75537773664568,CI,blur,2,11513.719617269582,0.21896708011627197,0.07954107224941254,3.183987617492676
456214902348496,19.610685333333,37.215206138889,6.468547862031302,2.706829325993478,SD,blur,2,4001.9661994497096,0.4446018934249878,0.32289302349090576,2.9137635231018066
345208620288312,19.224700165467,-69.390303678979,10.086076972766422,-83.57251353001399,DO,blur,2,1831.2786363062341,0.20572414994239807,0.004088699817657471,4.0753631591796875
1468811220266965,7.362390601198927,134.50483736055023,34.796202993957266,134.42305846671002,PW,blur,2,3050.512228092605,0.7353470325469971,0.6966201663017273,1.7151533365249634
308427384185327,35.884648502247,14.544820145722,35.8530072405761,14.464597696722636,MT,blur,2,8.039441590773873,0.9540663361549377,0.9455403685569763,0.3626247048377991
395740224747116,6.5139480425193,2.6483266181429,6.203291903676626,1.1617592623674302,BJ,blur,2,167.8740214620208,0.7062252163887024,0.42244377732276917,0.6575648188591003
1432327937141676,13.459201505715,-14.688767601582,-17.30248429212288,145.51416643104358,GM,blur,2,17851.21711158868,0.2780578136444092,0.028121933341026306,3.0369648933410645
1797066053813454,45.212729270223,20.36112097384,44.10457274453215,20.697260015476754,RS,blur,2,126.05658685835027,0.13067032396793365,0.020666353404521942,4.434139728546143
4182076221831792,70.667211583155,25.389289533957,62.22619066972538,12.883349154275649,NO,blur,2,1085.9825622971005,0.21586117148399353,0.04123575985431671,3.735781669616699
3450481218541153,25.63903018538021,51.51003081357617,25.366622642507902,51.48865771927905,QA,blur,2,30.366191340008868,0.610801100730896,0.2750934958457947,0.8898453712463379
881754115706919,18.443691037533,-64.642920411564,-37.296617998458345,148.7651890804031,VG,blur,2,16151.216238379884,0.4226904511451721,0.36862713098526,3.1945419311523438
512504643106571,-51.848040759038,-58.223206369416,8.035655127067043,38.329241761404255,FK,blur,2,11158.844567573242,0.10765001177787781,0.034484125673770905,5.230608940124512
172855664661959,10.37149331328,-12.099479736597,9.069474577772654,1.782201474692661,GN,blur,2,1528.1430301574387,0.9921676516532898,0.9876795411109924,0.05577125772833824
833358057538383,78.076451987378,14.16217603674,64.12115533447735,-21.89569293183252,SJ,blur,2,1956.6599347215529,0.5698760747909546,0.44808733463287354,2.2853825092315674
214810390166469,3.5846135120697,23.723674547511,49.24342540586754,-0.24621234702808364,CD,blur,2,5560.161729207791,0.06585068255662918,0.005676880478858948,5.14351749420166
562840304708452,46.225408646208,15.611350197474,48.30481616444351,14.35796228307872,SI,blur,2,249.8055393374878,0.11921744793653488,0.006492443382740021,4.021198749542236
817268602327565,-5.9419482354293,29.161401435445,6.548190959990199,2.644079523220991,CD,blur,2,3253.9574878807966,0.6844552159309387,0.5598068833351135,1.4770734310150146
1034524170413490,21.467073188908,-71.131572461898,13.807585786334387,-60.861632038532825,TC,blur,2,1380.998894399189,0.9352119565010071,0.9166918396949768,0.3614032566547394
1856356164529190,14.123830049658,99.400519963042,17.809995694592313,104.43734446903265,TH,blur,2,676.6142640482173,0.9208567142486572,0.8434133529663086,0.29056480526924133
478137076746783,18.362805634492,-88.435381772096,17.592047815131927,-88.3191036831702,BZ,blur,2,86.58222751604293,0.5129711031913757,0.31850454211235046,1.9873645305633545
498318618261034,41.404988775836,21.780395818511,13.806973270763763,-60.95995731837167,MK,blur,2,8398.498360145646,0.231784850358963,0.11282241344451904,3.950584888458252
2934584883419749,40.95347805494,47.883005000971,41.80985966495165,44.835075497930845,AZ,blur,2,271.52009336009286,0.833638072013855,0.7124813795089722,0.7630062103271484
928316151288980,7.1879551740757,2.0018755441177,6.558037259920875,2.6494990935610323,BJ,blur,2,100.08791894775568,0.9994972944259644,0.9991257786750793,0.004866563715040684
684315855630498,-29.405735807316,27.816853497845,7.974834557954787,38.17165705309796,LS,blur,2,4301.825274988775,0.6633456349372864,0.4513508975505829,1.1099077463150024
186849946625100,14.753512333683,-61.142985518229,13.941548953629313,100.79861729735718,MQ,blur,2,16256.371068764012,0.34638670086860657,0.1157030463218689,2.9017632007598877
963176671141156,18.09268978577508,-15.935383158508005,32.26918533187732,-8.483013401318185,MR,blur,2,1744.2299748840935,0.5629053115844727,0.45344018936157227,2.247248649597168
300283158416232,38.131370007974,13.274583161259,42.81618223990997,17.981774385760467,IT,blur,2,655.4242480338495,0.11342121660709381,0.02934470772743225,4.162599563598633
1247260492372230,-2.4010827279028115,29.579609392792413,-22.733447852257065,-45.92189261431375,RW,blur,2,8418.156724254315,0.3774718940258026,0.06747910380363464,1.843683123588562
4176262119093022,14.688978023377,-91.548589043217,14.672074961036888,-91.55722367500088,GT,blur,2,2.09649436132757,0.417814701795578,0.11735641956329346,1.8593504428863525
2762253127421121,2.0297128301047,45.335734728401,26.830791031559134,68.17780667718903,SO,blur,2,3679.2016459859315,0.14467160403728485,0.024469196796417236,4.264894008636475
225659908904821,25.948880833757,50.588428667013,29.928531171950596,30.989382392688526,BH,blur,2,1972.7899200854424,0.1631125509738922,0.05072423070669174,3.665395736694336
149923280750483,7.361847187159381,134.51969303436232,19.743047411869526,-155.12287298486936,PW,blur,2,7681.321091128438,0.21266543865203857,0.0893726646900177,4.4379496574401855
190898982868748,55.795733000622,26.378530002305,44.603871248199034,-79.74851858389006,LT,blur,2,6893.339522699805,0.1424635797739029,0.033102259039878845,4.153247833251953
186306836702993,38.679684725081,-3.0625683543611,38.09045843845449,40.86281289964699,ES,blur,2,3791.7028871355064,0.35591956973075867,0.08771511912345886,2.570366859436035
1146877169153705,18.59342674547,-68.388033766711,13.16124107297146,-59.62751655150507,DO,blur,2,1114.3632159858369,0.22901810705661774,0.05879610776901245,3.8374130725860596
950737242436239,10.385183082561,-0.78958324298512,10.698279837809332,-0.8513996407697154,GH,blur,2,35.46454627580767,0.999555766582489,0.9993680715560913,0.004719116725027561
301977051516569,58.706895821146,13.896556360307,58.42988936827658,14.449927131635718,SE,blur,2,44.478589121873846,0.2380862683057785,0.021751120686531067,2.847764015197754
898624280682585,49.458533172147,-2.5981886348273,51.767882061431024,-4.845634980417452,GG,blur,2,301.7720661294678,0.3952021300792694,0.29236507415771484,3.139443874359131
469891447444920,16.804499980025383,53.27984729115688,17.79454400241984,104.58562368964515,YE,blur,2,5430.554548096653,0.9625038504600525,0.9423692226409912,0.24865718185901642
530606458102780,11.557031237126,43.092310521315,13.729200399635605,-60.96426079561201,DJ,blur,2,11183.98871923556,0.17829999327659607,0.01184631884098053,3.3575565814971924
310840073886034,-0.84581588834853,-80.17844601219,14.034204674293328,100.82563989291397,EC,blur,2,18544.451277919798,0.43380504846572876,0.19410467147827148,2.1988391876220703
477881999969065,24.946444828187,56.186213387143,36.79746722409653,-3.4892733748359768,AE,blur,2,5753.348893781948,0.27522924542427063,0.15634778141975403,3.457148551940918
494687355014866,15.351932577531,-61.256287052693,15.39496327037972,-61.22300584736784,DM,blur,2,5.968828270804079,0.49500107765197754,0.11596035957336426,1.3350392580032349
1443285099355563,16.555627302292,96.198597103646,14.023712919314564,100.85277654664716,MM,blur,2,573.0684533354594,0.8086839318275452,0.6397186517715454,0.6537683606147766
4104851466266998,50.070544187764,5.8458119238789,54.228804996857875,10.476619659975219,LU,blur,2,559.7554755410316,0.11427681893110275,0.022798769176006317,4.434514045715332
1896496400517870,13.223609624878,-61.268552428199,5.308706263748533,100.48580362376813,VC,blur,2,17132.99107382154,0.32589805126190186,0.2492123246192932,3.753481149673462
1077942902611364,51.861118010498,-1.6602529488605,-37.32007658729186,174.9107296539796,GB,blur,2,18376.033414762824,0.2426035851240158,0.15875738859176636,4.555098056793213
1365414380506403,21.476737171908,-71.132920671407,13.801799574608408,-60.872845854729256,TC,blur,2,1381.2254020663245,0.86949223279953,0.7863367795944214,0.5392894744873047
275646330919906,47.355981665822,13.66278897535,58.39968454487959,13.751370884315993,AT,blur,2,1228.0178411450515,0.06382767856121063,0.003252599388360977,4.977787494659424
4085345498214305,54.3204660444997,-4.449369579381132,52.162572413872745,-9.421836808102046,IM,blur,2,408.5757204140748,0.6846147775650024,0.6249059438705444,1.7931283712387085
319387202956018,36.746376386627,71.926086394726,37.00904823006785,72.15482171751138,TJ,blur,2,35.59526160100623,0.9718831181526184,0.9635791778564453,0.19097274541854858
192500316060760,8.5018456161549,-10.886196315338,6.474235918939996,2.692318127377171,SL,blur,2,1513.7284172090806,0.9771996140480042,0.9652005434036255,0.16645844280719757
469096650835409,78.165866991509,14.615773975551,62.1174836845603,-7.313792042780175,SJ,blur,2,1938.0112861732323,0.8182995319366455,0.7963529229164124,1.2828459739685059
204485121341585,12.133472243206,-68.277416893276,5.266665279502527,-0.7155931914679814,BQ,blur,2,7449.044340876279,0.3955308198928833,0.20116513967514038,2.762326240539551
142251097914946,62.221882069575,-7.0387447331054,62.153503269147095,-7.236029198774481,FO,blur,2,12.75039586513209,0.8330082297325134,0.7770393490791321,1.041938304901123
5522870664422058,42.480681608263,24.806056880296,44.26465789546211,15.316947617281661,BG,blur,2,791.7106096897012,0.20453482866287231,0.06357038021087646,4.002579212188721
911536296350418,13.531493241774,2.048401634304,6.501377989006957,2.5871635631384153,NE,blur,2,783.9330452140671,0.9772518873214722,0.9704588055610657,0.18702800571918488
217953836457406,10.205301098661,-14.000220074778,14.060698075443705,100.85450035395266,GN,blur,2,12341.69757591599,0.3700624704360962,0.10009479522705078,1.70072340965271
2915873148627226,47.806436500583,28.717659500757,47.93592390477904,28.432933611233217,MD,blur,2,25.658239115495864,0.1334465891122818,0.026075981557369232,3.997206449508667
1383220612042284,40.713663160769,75.04503308282,32.38412550626836,-109.65719257282082,KG,blur,2,11872.64286919474,0.5218841433525085,0.39588940143585205,2.8236653804779053
966259830868758,43.623138586006,18.908434254799,42.784126790111266,22.12239882108501,BA,blur,2,276.6796710301332,0.2048179656267166,0.10766587406396866,3.2421727180480957
216904886576725,-17.609749712456,168.24322430001,-11.383530100309905,-170.57389206088592,VU,blur,2,2381.131413938141,0.34285733103752136,0.13404574990272522,2.0199053287506104
1083924499211873,-15.604998425967928,-54.3918257160871,-23.884879603300032,29.56116017144941,BR,blur,2,8713.687724058826,0.2955544590950012,0.1441565454006195,2.9058022499084473
515495726108152,-21.626125276138,46.991186348236,-17.361809311221727,-66.18260807385875,MG,blur,2,11546.257813561191,0.16320720314979553,0.006970703601837158,3.9173314571380615
995843031248300,0.35769064003091,6.56005755347,13.829504787351297,-61.01097728104519,ST,blur,2,7579.413247231175,0.40031924843788147,0.04754409193992615,1.6108458042144775
868028680411287,33.75473452141,35.539565617947,33.91259312224078,35.62745600956954,LB,blur,2,19.33939171314853,0.8568156957626343,0.8205995559692383,0.9389321208000183
497044088003103,39.80104505168,3.0309963190024,42.827145815602826,17.9795145301272,ES,blur,2,1291.0697638200368,0.3271569609642029,0.26668262481689453,3.7123889923095703
763955694314654,46.724388793399,10.079801957807,45.72157442669475,7.590701173016564,CH,blur,2,221.57318431092602,0.10963979363441467,0.00809575617313385,3.6293091773986816
933520784110620,12.510164810275,-70.009077685586,35.11713194328712,33.385572474881506,AW,blur,2,10392.489667799402,0.3313252627849579,0.11169178783893585,2.8255884647369385
4220821467968709,8.70139122196,80.590505170341,16.973087473950933,96.12109960761413,LK,blur,2,1916.8874116960476,0.7280835509300232,0.5530863404273987,1.0952616930007935
472361870697782,26.020756253761,50.623130115609,26.04646666098913,50.61166987120037,BH,blur,2,3.0796428610006554,0.271559476852417,0.13985711336135864,3.164853096008301
658902925214070,22.641060199825,-79.087651499584,36.09609477750461,-96.9956292698591,CU,blur,2,2284.0430670434575,0.10059574246406555,0.02028467506170273,4.6208295822143555
1183079165486550,-5.70834515155,34.761777557018,7.888009665423623,38.72607008742341,TZ,blur,2,1574.486061035093,0.3092513382434845,0.164057195186615,3.1414127349853516
296065025397911,34.897985568931,32.528909790104,34.8827700346837,32.40156916057878,CY,blur,2,11.736991556670008,0.3800192177295685,0.036636948585510254,2.012333869934082
298824355069041,42.200225487404,21.258956694741,42.79027100246797,22.103586254028933,XK,blur,2,95.39366969278478,0.35251227021217346,0.19644977152347565,2.670133590698242
111691027649131,-22.530138328473,-59.8361857055,17.607531071916465,104.36779150156383,PY,blur,2,18278.128879101736,0.6419970393180847,0.5298572778701782,1.6066882610321045
752480212123625,49.471066330606,-2.5339439207361,51.693239944745905,-4.802401304412353,GG,blur,2,294.43033864190534,0.45404699444770813,0.314419686794281,2.3996942043304443
1074377829753053,-6.7022282025878,-76.214917225524,3.1295562122823775,-76.53345038391075,PE,blur,2,1093.81619066521,0.2761024236679077,0.15285331010818481,3.7942137718200684
525641785107823,50.160224002237,6.1091880533415,49.901157689628285,6.998197255664723,LU,blur,2,69.72906664289847,0.11209386587142944,0.03507322818040848,4.39255428314209
226167275508563,15.49826792628,-61.465568794916,15.59961316744733,-61.449430491418816,DM,blur,2,11.400917234910736,0.9990600943565369,0.9984917044639587,0.009149303659796715
148887153873411,5.2121780980173,-52.75060936262,50.870612030608775,22.42136336873447,GF,blur,2,8520.427229670762,0.2620086669921875,0.1432715654373169,3.4705986976623535
303850827922633,-34.01092105809,-55.839634214304,-37.28826971776936,175.01105623433602,UY,blur,2,10501.78548549694,0.5137678384780884,0.41352522373199463,2.869246482849121
311706737236449,50.868855073513,8.8221774508729,41.03317218640301,30.61009492932668,DE,blur,2,1996.6014189557382,0.15635991096496582,0.04864157736301422,4.617763519287109
1416886515315835,8.139352166375,34.375065339482,6.543754863202756,2.640912074744034,ET,blur,2,3503.371818066688,0.9795486927032471,0.969322144985199,0.14692172408103943
178330404153531,-21.691747493695,-64.656846311167,-17.370072734500294,-66.18335434410382,BO,blur,2,506.4595301695516,0.8041037321090698,0.718373715877533,0.77530837059021
218036349822435,41.14963208511,20.008913305496,40.74401433157651,30.44084561459223,AL,blur,2,876.7865991786877,0.36020174622535706,0.17580536007881165,3.0525388717651367
2882903775325778,69.217437476679,-51.098566140502,6.492225270457857,2.7886610237370166,GL,blur,2,7976.018251429442,0.2987067401409149,0.17620351910591125,4.2153167724609375
459460818448144,27.426607200988,89.643491444303,14.020916366239563,100.85559732790324,BT,blur,2,1890.0494784522068,0.41130614280700684,0.06467276811599731,1.87619149684906
309590514053514,-21.85770610861,165.95185481884,-36.15511179426586,174.14649352999518,NC,blur,2,1776.4878278726735,0.2759152352809906,0.13176019489765167,3.237856864929199
179548807357974,23.005385103705,120.43121323661,14.01878797396585,100.7708366750345,TW,blur,2,2297.785462119995,0.3275909125804901,0.08964791893959045,2.2846333980560303
528726041469936,3.6332857552313,72.958318596822,7.936058074249235,99.16985365808867,MV,blur,2,2937.9989867630593,0.3414692282676697,0.21743004024028778,2.7185606956481934
568831498116619,24.732585867741577,121.74077955053384,24.708587669362057,121.81338605173316,TW,blur,2,7.804007591903292,0.1480167657136917,0.02889147400856018,3.794269561767578
871486690248300,-19.804021310365,-63.993881510197,43.87664050075259,3.978546838215052,BO,blur,2,9883.08704634619,0.36725494265556335,0.19527959823608398,2.5399727821350098
380042953234728,-19.161161992074,-64.572161532541,-24.783022325573615,28.3886099722197,BO,blur,2,9412.328204458441,0.6311749815940857,0.5777947306632996,2.3213119506835938
368884091223603,35.755508707073,53.366090359346,43.255371643330456,76.33990025858503,IR,blur,2,2131.2590677623625,0.4998070299625397,0.42133623361587524,2.4766252040863037
512716496579771,12.164080960014,-68.283956526724,17.511670512532778,104.7841827505738,BQ,blur,2,16628.635999549526,0.24906811118125916,0.02834327518939972,3.1511151790618896
485436899323868,65.609323761209,-37.633778515025,64.76874988049573,-13.924837478869389,GL,blur,2,1103.570922959209,0.7202412486076355,0.5469436645507812,1.007885456085205
172629294662585,48.532451875231,17.496813301999,45.69457615849717,19.967353996097625,SK,blur,2,366.7335813412806,0.16974398493766785,0.037502095103263855,4.180647850036621
506770377649958,-12.679904697999794,45.08466359942028,-12.81888996412048,45.1761777408562,YT,blur,2,18.366985111118186,0.37756600975990295,0.1119827926158905,1.528612732887268
265103101980958,14.721827633666,-60.947724527678,41.784974944913266,44.85438818750698,MQ,blur,2,10179.916531829364,0.10966794192790985,0.00021231919527053833,4.448429584503174
517013032790983,42.403345896483,44.64336095767,46.727867648848004,9.469664011517297,GE,blur,2,2803.514368340143,0.24867764115333557,0.20142227411270142,4.4819111824035645
825755764959780,20.340364998941,-87.352869999803,52.15540285193297,-9.227009870187823,MX,blur,2,7435.338608311479,0.5866371393203735,0.5211564898490906,2.4478652477264404
3799534356839064,60.209940286403,20.246918494907,57.5290186339273,16.54662139530393,AX,blur,2,366.0977679031073,0.9651130437850952,0.9570889472961426,0.28848880529403687
134126825414739,38.270282754345,61.711075339758,40.34517739229413,43.949153238908536,TM,blur,2,1542.8211890584255,0.2150205373764038,0.03041999042034149,2.7604777812957764
1397623030665407,14.493780516069648,-88.97344682800627,17.739890353618282,104.90799913329835,HN,blur,2,16120.999833841548,0.8145359754562378,0.7639433145523071,1.0072829723358154
170949221611851,33.305143801504,126.28817369339,35.76532338982897,128.85262162835585,KR,blur,2,360.5423875518661,0.857078492641449,0.7903982996940613,0.8206968903541565
978428179365285,33.705735440434,51.794214966505,17.705694749876063,105.13883844550422,IR,blur,2,5567.22945963809,0.12858818471431732,0.06438125669956207,4.894926071166992
333013904838174,32.340904308709,15.105537141291,36.30739215158047,50.49174793578193,LY,blur,2,3261.129305086483,0.288201242685318,0.17199814319610596,3.3914124965667725
248513507027667,5.6150523860158,16.240852825971,-33.79618153112715,150.7814296305757,CF,blur,2,14386.87506049258,0.1681250035762787,0.0010593682527542114,4.31468391418457
237495388152862,-11.621236170917,43.26262853229,-25.346331440990987,-57.552122242922934,KM,blur,2,10516.881285903737,0.2787245512008667,0.2173098772764206,3.7712271213531494
3042776155952353,18.400872724367,-88.464242712832,16.98094068625994,-88.37757161635808,BZ,blur,2,158.1559624513524,0.9655901789665222,0.957741379737854,0.2562076449394226
487380732512751,4.8184532,114.77786780001,5.464167731893786,100.55067710651241,BN,blur,2,1577.2204997876893,0.9563515782356262,0.9451470971107483,0.341301828622818
290265362649999,26.177525761353,50.383620514714,25.351669251996586,51.49179618523176,BH,blur,2,144.04040500161523,0.8184763193130493,0.7258567214012146,0.8690993785858154
482049282914438,7.5885792292079,134.59098074356,8.066594819058677,98.74266351077557,PW,blur,2,3948.1128103132073,0.2081524282693863,0.07090573012828827,3.862685441970825
225571855612889,46.763350531273,-81.597671294692,45.61745606760012,-75.83548769716577,CA,blur,2,461.3661128000089,0.23652097582817078,0.11376798897981644,4.03254508972168
4804926129529176,15.24531506432567,-14.593708973874378,36.18253283109621,-97.23102971056271,SN,blur,2,8364.590252659178,0.3990117609500885,0.2964789867401123,3.2161648273468018
369883598351184,-20.367575551703407,57.57618979619237,13.948692224333099,100.68957938157686,MU,blur,2,6063.39179452473,0.1992093026638031,0.09220781922340393,4.188349723815918
4121896524538487,24.635513307941,-76.169569569,44.66310977539639,20.64891924612007,BS,blur,2,8618.789183086366,0.18591901659965515,0.008796170353889465,4.099338531494141
3863471930446023,-17.111944610128667,15.757158787596603,20.56633836241131,-101.03843230525294,AO,blur,2,13393.207606936898,0.2985783815383911,0.11146818101406097,3.324986457824707
300728688257104,30.395743312589,35.487349115709,38.04799178187336,23.63206617857839,JO,blur,2,1380.7891204019177,0.15115612745285034,0.06501895934343338,4.519810199737549
1126228627789114,50.981438273289,3.9109549608118,53.92246262594776,10.824900856889894,BE,blur,2,570.9654164718775,0.07819759100675583,0.004351571202278137,4.105696678161621
549637092752676,-14.934793656692474,13.483762083058584,-8.926362448697159,13.285558861589632,AO,blur,2,668.4545895866199,0.7072069048881531,0.6553401947021484,1.8287343978881836
1003284990411465,12.059176169795167,-15.322303903822672,8.359415811765047,1.623264272632715,GW,blur,2,1898.957336486838,0.5932196974754333,0.35448265075683594,1.2889612913131714
549574962737771,14.061193852760738,-84.04279947361962,13.926215244729384,100.75917409565625,NI,blur,2,16858.45573361631,0.23392336070537567,0.09655004739761353,3.4484009742736816
542559790066195,33.009983226586,35.680040403337,33.12845808982087,-100.97509463608175,SY,blur,2,11374.884369177566,0.08109141886234283,0.03546370193362236,4.934478282928467
265445685298888,13.004017262133,109.35894392193,21.75181863277814,106.68478607866732,VN,blur,2,1013.1605607201332,0.29469406604766846,0.02795952558517456,2.610806703567505
1444159855929152,12.212140324895,-61.65046673147,10.430136430913247,-84.90730556099169,GD,blur,2,2542.660236315533,0.5652540326118469,0.49681827425956726,2.4750335216522217
378257181042695,0.4223981532159322,9.46341740514976,13.731481823940918,-61.00646053135234,GA,blur,2,7888.635624457922,0.9302171468734741,0.9194965958595276,0.5363142490386963
136200968757362,15.043474943211962,-3.1134483369205417,12.57275451269612,-5.634274748849535,ML,blur,2,386.726502296648,0.5183858275413513,0.33892661333084106,1.4727754592895508
533142534351766,-9.8840552815116,33.911477956503,19.962383797269457,95.92711661383777,MW,blur,2,7552.447909716722,0.29867151379585266,0.010763704776763916,2.810208559036255
522728752252154,41.038602463059,19.563694296348,41.324177062680086,22.489785219939343,AL,blur,2,246.9181772454182,0.35539159178733826,0.00578269362449646,1.919919490814209
758888101326263,31.637988555726,73.231186805001,33.68600633510532,72.28174440864363,PK,blur,2,244.45467627119817,0.5236623883247375,0.3963119089603424,2.453197956085205
305757657709496,1.0675572904673,103.9646409699,14.018360626371951,100.8267652837531,SG,blur,2,1480.8411158923263,0.37751302123069763,0.27112478017807007,3.176055908203125
223281329232117,12.507939003947,-70.014398687436,35.11893627918166,33.402257837614194,AW,blur,2,10394.481626019784,0.5361990332603455,0.4053333103656769,2.216403007507324
353672373022082,41.381628312913,22.307214335612,33.889759424282346,133.32181714067073,MK,blur,2,9078.852622166749,0.14748726785182953,0.06849180907011032,4.546971321105957
855868761633795,18.030052213813,-63.078616758552,13.778361633516615,-60.903837446797624,SX,blur,2,526.8438619700888,0.9969109892845154,0.9961676001548767,0.029288776218891144
510341753682172,18.547859996816,-68.613997996337,27.411477881721762,-80.65975685574352,DO,blur,2,1576.8557175606345,0.44129976630210876,0.28476130962371826,2.8601105213165283
3864898026890576,49.490894517019,-2.5725344431006,49.47493684166581,-2.396178653749209,GG,blur,2,12.863008992493342,0.870729386806488,0.796244740486145,0.6846208572387695
307754797548858,34.712695715026,-3.8563324324235,39.35124564995287,-119.77285028870679,MA,blur,2,9476.44962565316,0.3677602708339691,0.20803755521774292,2.61639404296875
446821260679124,-9.024115630183084,125.29622320893388,19.91495142930729,101.51075672161139,TL,blur,2,4139.246158242167,0.22748920321464539,0.08994831144809723,4.223517417907715
947185652683658,-2.3270469336559,-78.929168380573,-2.10845602929122,-79.00142424556782,EC,blur,2,25.5978036348632,0.1293761283159256,0.045218534767627716,4.691654205322266
2947290612262244,-11.652155080814,43.263890007029,-20.91182010819748,55.50008010511115,KM,blur,2,1661.527475291241,0.3978564739227295,0.20099131762981415,1.9560303688049316
2932426006995864,12.349827079376,105.09907855331,11.14318551420106,106.52521680424258,KH,blur,2,205.19828491206803,0.9443662762641907,0.8942931890487671,0.2510830760002136
271753411301610,-18.657738465691,-174.02787918873,16.810650501737754,-88.57930474885124,TO,blur,2,10138.487532540741,0.5149700045585632,0.4222164750099182,2.361293315887451
478264666827999,61.472372240129,-6.7939711372832,61.74361305148009,-6.7308250184237215,FO,blur,2,30.344833447739294,0.9867638945579529,0.9771584272384644,0.08568627387285233
1101915547131650,-35.411992228208355,-71.29963328046824,-35.466575172035895,-71.35024324085178,CL,blur,2,7.606494439097053,0.5984904766082764,0.42066073417663574,1.6392933130264282
3920872697958453,60.225200988406,20.059664271851,54.24282535509297,17.334683407444768,AX,blur,2,684.9753646098452,0.19142892956733704,0.12834954261779785,4.117193222045898
480958303108322,18.02673753942373,-15.984917957529673,17.483077401473373,104.6975604656235,MR,blur,2,12421.160928970228,0.5566038489341736,0.506616473197937,2.7919888496398926
477439253471149,2.1909112658474,25.247273616721,6.422650333109159,37.686557965508534,CD,blur,2,1457.019131943935,0.7876318097114563,0.6172912120819092,0.72945237159729
2503535586463255,5.369009126207446,163.01297824070343,13.695828143923395,-61.002966611627876,FM,blur,2,14715.106775771892,0.7769191265106201,0.5684133768081665,0.619651734828949
699303201033596,25.12900987620192,33.08865526570508,-25.897458007048474,32.52221784031925,EG,blur,2,5674.2105018044995,0.44945791363716125,0.19935128092765808,2.2035841941833496
1109009986288059,-8.6876105869135,120.2374852281,-7.338357945701256,109.73705313331364,ID,blur,2,1165.82905713233,0.5076414346694946,0.36724793910980225,1.614925742149353
945361122882179,12.134119747509,-68.278230013563,28.19190957951631,-15.575199037537342,BQ,blur,2,5735.318970207348,0.14875268936157227,0.07772896438837051,4.298945426940918
1086140081896052,17.025256612863,-61.868698580061,11.17467702522454,-60.782328627713426,AG,blur,2,661.0095482252757,0.4916473925113678,0.14064458012580872,1.2417268753051758
2896487987274330,-8.6384264591615,125.60292428532,-6.980571554721341,111.30439874777538,TL,blur,2,1585.794717503788,0.6058186292648315,0.542083740234375,2.0585875511169434
2579869142308862,10.34358900767,-61.458152299031,19.465254594245135,-70.7016673871628,TT,blur,2,1418.6780570274968,0.4273173213005066,0.2755829691886902,2.2731640338897705
267083508462188,52.899440738443,8.4141554815178,42.997074831302804,-7.489840913995104,DE,blur,2,1610.620967756078,0.2037966549396515,0.13245922327041626,4.444931507110596
135893315238976,8.7909434146234,-78.181606800432,13.940829988025094,100.74664833464641,PA,blur,2,17484.663861041816,0.38114839792251587,0.24533125758171082,3.067789077758789
150017570480103,41.50666060749,21.935799073836,38.60088268001521,-77.74276577628008,MK,blur,2,7965.486497879569,0.10431576520204544,0.048786599189043045,4.9711833000183105
869032447374518,45.14353499999999,14.845183055555555,45.1920265767922,14.500184109904039,HR,blur,2,27.578790923713424,0.5412903428077698,0.3579941391944885,1.6413589715957642
919042368661061,-35.376055559767,146.26475,53.221432068947955,44.86423518374377,AU,blur,2,13795.932247906745,0.35027405619621277,0.20016774535179138,2.754183769226074
985915661813386,-23.393263453848,44.397761247232,13.464873417529462,-6.927081713511812,MG,blur,2,6923.985887440627,0.7038788795471191,0.6504371762275696,2.054436206817627
670850541182018,26.0204034,51.064903400000006,17.817473817037456,104.57389838997699,QA,blur,2,5557.835124464761,0.46970173716545105,0.3717461824417114,3.0203723907470703
358677975646602,18.32970950933104,-64.95126838918696,13.17190161744186,-61.22945777764387,VI,blur,2,698.1685031801945,0.6877278685569763,0.5811821222305298,1.3823387622833252
468571217849628,27.519976313624777,114.13899685380947,27.575948030732405,113.74320217248139,CN,blur,2,39.513849270252116,0.9334401488304138,0.9148023724555969,0.4433087706565857
166033172108272,39.547581612083,46.441663046559,40.51394868671319,46.054529912468965,AM,blur,2,112.39645503446876,0.6214136481285095,0.528464138507843,2.094151496887207
494503958271926,65.59525777881,-23.774501108369,65.74641080267773,-23.788824729094493,IS,blur,2,16.820252732652747,0.41585272550582886,0.30545657873153687,3.131821632385254
912539252641876,-6.3006910051682,176.31917767142,10.101132943752042,76.21837482718232,TV,blur,2,11231.064808370544,0.348230242729187,0.1430201381444931,3.100281238555908
528519191857396,31.419084991343,35.033717818153,32.100338642438636,35.25426779982626,PS,blur,2,78.56938191687462,0.7788772583007812,0.6945809125900269,0.89863520860672
2693852350916149,-22.134506991871,166.34104640683,-16.845880431668583,145.6907418155554,NC,blur,2,2240.7945712933406,0.40045714378356934,0.1624535173177719,2.4222166538238525
943976513021626,17.310149834096,-62.711002505143,-20.247436234970955,57.4568482014798,KN,blur,2,13741.46274744862,0.511792004108429,0.17924246191978455,1.1360077857971191
314603156759488,27.431221771339,89.646958499505,6.487115935233978,2.6159227971737695,BT,blur,2,9383.942147052709,0.7439043521881104,0.6965857744216919,1.58882474899292
142911821192377,18.124397901175595,-15.95930487738458,34.821063695784574,10.749068680102248,MR,blur,2,3224.969962106139,0.4709247052669525,0.23349528014659882,2.161653518676758
995608364307407,62.231154398192,-7.0203744109078,11.606439934464515,76.83341585714675,FO,blur,2,8549.38890392826,0.47201043367385864,0.378246545791626,3.044585704803467
920634065161187,49.245509981929,-2.1382669508349,49.21573039115778,-2.102331318893695,JE,blur,2,4.215890061022969,0.671954870223999,0.4034121036529541,0.847455620765686
314870496880636,28.628362975198,48.038775336392,28.891125014889436,48.09077815873255,KW,blur,2,29.65428170806496,0.24434642493724823,0.09852230548858643,3.1930339336395264
137727984953777,-6.2967650470378,176.31787733981,23.1270085247713,89.55701885672673,TV,blur,2,9952.937604282644,0.470541775226593,0.4086834192276001,3.1701087951660156
970870010403579,1.3869451851245,173.14684137479,-14.284611876153585,-40.015456067139745,KI,blur,2,16099.167367728738,0.358030766248703,0.18118202686309814,2.90419864654541
319746332831620,37.296859809574,-5.7125450742042,13.157778852843935,78.37094040983624,ES,blur,2,8608.853792090727,0.6520072817802429,0.5837094783782959,1.8152623176574707
3035810213314122,55.003356832716,24.139338741958,56.31117500935695,12.931597348926406,LT,blur,2,717.0809755814473,0.10872432589530945,0.06133929640054703,4.978179931640625
288447642774684,-6.1571269966165,107.04394801454,-6.983694617662847,110.5079304177242,ID,blur,2,393.52674030805395,0.5206166505813599,0.15414953231811523,1.061694622039795
829997677895262,12.323432189112,-1.5533388682237,6.228008790284029,1.147205203074781,BF,blur,2,739.6792858032284,0.9951270818710327,0.9910545349121094,0.03529161214828491
106381768201986,11.974525625543,39.044869566531,7.955850532187136,38.45584957891957,ET,blur,2,451.48636852254737,0.8517675399780273,0.7394146919250488,0.5481002926826477
305230294414376,18.451313183212,-64.558514994681,15.564736608136585,-61.44833895153422,VG,blur,2,460.8262113355103,0.7963904142379761,0.6425521969795227,0.6935264468193054
883910462466493,-15.648621030725534,39.34163432285212,44.60409455600935,40.396168930529505,MZ,blur,2,6700.64832201166,0.47401005029678345,0.4234408736228943,3.6014840602874756
492194012125902,46.117642,18.110710999899,45.34111864305292,-75.70538794578509,HU,blur,2,6816.013870538555,0.7298620343208313,0.6604948043823242,1.4833581447601318
1573490059506418,18.338429999176,-64.899272406242,20.390645249956737,97.5378943430927,VI,blur,2,15302.161388296434,0.8481377959251404,0.8000629544258118,0.8548811674118042
766495730715953,44.706372569218,18.069343447503,42.80477588009069,22.11290797232559,BA,blur,2,387.45736139267774,0.16050444543361664,0.004597499966621399,4.032069206237793
781285156083286,32.087994573877,-8.2233968662806,31.9609603825588,-8.301607733124248,MA,blur,2,15.934099983961765,0.9307891726493835,0.9212707877159119,0.5749773979187012
745256106153583,52.344707039659,45.336839122968,56.47295536804653,61.04069415546658,RU,blur,2,1111.8459476423882,0.24693813920021057,0.18482168018817902,4.649375915527344
1117334568775680,18.337748404316,-64.915702992028,17.010561188168467,-61.94348490820808,VI,blur,2,347.7503164200562,0.5011770725250244,0.26141953468322754,1.9127253293991089
306286164527539,33.350146257859,126.25399959043,35.456353175176275,138.61761547542656,KR,blur,2,1157.3828911947192,0.08162204921245575,0.01804770529270172,4.653800010681152
336794264546437,4.9054666559617,-52.301588003183,4.839279863924921,-52.417311864902736,GF,blur,2,14.783527248874773,0.7253324389457703,0.49106329679489136,0.8281494379043579
153474173412155,38.399164295663,71.058858396182,32.32608805430719,77.52990231147201,AF,blur,2,894.1023351108613,0.9995537400245667,0.9993471503257751,0.00436104042455554
350521240549818,31.321208568090835,27.27841709921041,17.42885960222682,104.29513316902056,EG,blur,2,7805.356935427942,0.5829821825027466,0.4798843264579773,2.178995132446289
218975556246226,7.8821057071516,-74.834139978895,19.658357039954296,103.00469554928443,CO,blur,2,16943.597222435066,0.9299099445343018,0.911545991897583,0.49807727336883545
1259603784501134,31.292411220432,35.534796522034,44.51359298512282,-79.91903124528574,JO,blur,2,9354.932092261552,0.5001698136329651,0.40737855434417725,2.8060519695281982
4309223739108363,2.1266240352603,45.323364966483,36.131626540009925,10.403549234742085,SO,blur,2,5211.565659491157,0.09508741647005081,0.024920575320720673,4.437239646911621
259978149147748,40.965992824636,70.990742663385,-7.265723055338742,109.69337517250277,UZ,blur,2,6659.677562900044,0.10748652368783951,0.01614724099636078,4.632540702819824
764847514207415,29.990268063885,35.075916116471,17.628752265760024,105.0645377126891,JO,blur,2,7148.486905624936,0.2086479812860489,0.07675985991954803,3.9376142024993896
248250033759700,29.80888569787,-8.8927590395819,39.69413090057392,44.7281619925766,MA,blur,2,4945.895745295144,0.5709908604621887,0.4513797461986542,2.39214825630188
454143095650719,4.754477618596,115.1672935653,6.485405963721087,2.585502748957457,BN,blur,2,12428.174825091848,0.29856809973716736,0.19935616850852966,4.069573402404785
779725396245876,17.150242379267,95.997861485963,16.909007291908562,96.1315932688044,MM,blur,2,30.359389451816604,0.6080401539802551,0.4370253384113312,1.6529215574264526
580468796254927,1.0529367558583,104.00979134276,1.1004499616022783,104.09610646316547,SG,blur,2,10.954350386073251,0.651364266872406,0.3545632064342499,0.9821239709854126
996366924230321,9.4509927129863,-5.632989557206,12.659641570258033,100.87187583705395,CI,blur,2,11534.866779580376,0.2628289461135864,0.11216574907302856,2.9732751846313477
167430881975593,48.946219066106,17.372135047934,52.09264372879641,4.354142290109628,CZ,blur,2,982.9317389090605,0.21057799458503723,0.14571185410022736,3.701296091079712
1287753361619391,41.902938185448,12.402760733592,38.31689160313409,26.901467074273366,VA,blur,2,1293.9834152288397,0.20588329434394836,0.09231875836849213,3.5429015159606934
631066277884886,8.81662211291624,-82.90477256073295,8.667477251136301,-13.14529603140202,PA,blur,2,7654.015455760713,0.3715720474720001,0.14207693934440613,2.9500622749328613
1770786233100996,69.218294531367,-51.091665910743,6.489327436692392,2.685490475056402,GL,blur,2,7972.707877705582,0.29989922046661377,0.2219301015138626,4.204070568084717
239943934683187,68.81413122743538,15.673939453479123,62.335794752620465,9.745591543310079,NO,blur,2,769.3702744609477,0.4716968536376953,0.35640862584114075,2.620858669281006
481611806279393,19.322225516792,-81.380605067753,6.768511528070918,-58.04032760479256,KY,blur,2,2882.127404157815,0.4673577547073364,0.14257588982582092,1.9193055629730225
3800949300034619,38.343949995952,57.117059018247,38.427118262268166,57.08871068708535,TM,blur,2,9.572279244356606,0.22630098462104797,0.08392181992530823,2.9206440448760986
823233711883166,29.068560075854,48.084048261556,30.065507387794888,31.730095221222037,KW,blur,2,1584.2017035173737,0.6491966843605042,0.5403687953948975,1.6296288967132568
450038362963389,38.978830137822,-7.2812361854766,42.97689212390007,-8.399243864265184,PT,blur,2,454.3503373081345,0.33067786693573,0.14872324466705322,2.7013866901397705
297933462444738,13.662316404789827,-16.430340101173016,8.287729695544115,2.042267541158527,GM,blur,2,2102.0901544974226,0.634204626083374,0.4058454632759094,1.2458117008209229
949917125580796,18.251570400358,-62.984528794394,54.638547032948935,8.387303011281572,AI,blur,2,7168.810234043736,0.1116543710231781,0.0017675161361694336,4.260319232940674
313078556837128,55.266055994786,11.315098206416,53.29870492395063,6.001150117060164,DK,blur,2,408.3042411908514,0.5963400602340698,0.5655146837234497,2.802570343017578
210766354219144,-26.628804736334,31.659445474276,1.1602239336679958,34.10937191901786,SZ,blur,2,3101.143949505721,0.43110573291778564,0.1704922318458557,2.347466468811035
520708829313842,54.68692259669,9.0074931788196,54.223623820243496,10.891773045464731,DE,blur,2,132.24434858621223,0.5403686165809631,0.46683430671691895,2.63051438331604
992154464938892,-17.65251068093,177.40709100849,52.28602733197782,19.751187594226764,FJ,blur,2,15697.666576016563,0.20433548092842102,0.12044325470924377,4.557685375213623
150289013771703,50.348577719861,-4.6628826388904,-33.15286603362974,151.52156064209538,GB,blur,2,17288.488748345742,0.1329561173915863,0.05099734663963318,4.943476676940918
1423738521294950,17.182641732455,-88.332789645282,11.971888848204514,-86.32060218682017,BZ,blur,2,618.5196647895907,0.3330930471420288,0.02592766284942627,2.62162184715271
1155605118288528,14.706942793316,-61.143095527488,34.63043468065309,139.058525766856,MQ,blur,2,14128.371152776179,0.29492518305778503,0.24133513867855072,4.0080766677856445
2986698694926936,78.215334468879,15.012641390148,64.59783182922625,-13.72774018993276,SJ,blur,2,1782.9398161050594,0.568939208984375,0.37495657801628113,2.1243860721588135
2083829008422694,58.379655829272,6.1151443597417,56.937522380442985,-5.8305099308466675,NO,blur,2,727.406623013248,0.6529916524887085,0.5858169794082642,1.974132776260376
155652916570780,42.348418071723,20.818276988414,41.76865537356064,44.80848994864784,XK,blur,2,1975.0551110446754,0.5441516637802124,0.15265661478042603,1.0969613790512085
845707173409060,13.15145888888889,-59.57003805555556,13.198539574885903,-59.59681428821146,BB,blur,2,5.9842202199900765,0.9999841451644897,0.9999759197235107,0.00022265009465627372
792307658322895,52.913640031191,6.8640509875213,-7.586941436117921,-35.269383165489714,NL,blur,2,7811.220435408008,0.44043076038360596,0.3666451573371887,3.380509376525879
463829391356731,7.1956119778003,124.23640602451,-7.323822210503295,109.73909607095398,PH,blur,2,2278.434149866737,0.2592574656009674,0.04974322021007538,3.0698654651641846
190327429484222,18.406063827426,-66.173016157195,18.438303379822532,-66.35844861813737,PR,blur,2,19.888249452666678,0.5076282024383545,0.4628707766532898,2.9529199600219727
964385794363812,38.838166509572,140.96848476449,38.9354745444369,141.11264747901106,JP,blur,2,16.515695437564307,0.6029820442199707,0.47620904445648193,1.9937390089035034
992350614846774,12.919375038455,-85.248546579532,-7.272394712237859,109.70836659727314,NI,blur,2,18262.248588208135,0.22398126125335693,0.11533913016319275,3.3885207176208496
2898111640459899,32.288702684025,-64.767038528517,24.3715639965971,124.2202617547348,BM,blur,2,13642.922877621779,0.8519931435585022,0.7741492986679077,0.7784859538078308
156853596375003,19.653051191999,98.633327646919,13.939916099381703,100.72353897350769,TH,blur,2,673.0719855449647,0.7857665419578552,0.7338961362838745,1.0436208248138428
353101693221406,-16.097698333830845,28.68442044328358,-15.924380359423193,28.154396672379157,ZW,blur,2,59.83812992872163,0.3549654185771942,0.13058196008205414,2.745147228240967
