id,true_lat,true_lon,pred_lat,pred_lon,country,corruption_type,severity,error_km,top1_score,margin,entropy
1198015930637035,47.58736244394304,13.72243335782696,45.34837103974532,14.681442574629537,AT,blur,1,259.5665653283749,0.25120818614959717,0.006977006793022156,2.4289276599884033
2627501530880734,-21.690540312924,165.67395409726,-33.68240537238888,25.5985010064136,NC,blur,1,12546.072342142741,0.19569599628448486,0.05839492380619049,3.3812999725341797
464312504633961,25.061219179854,-77.474052344488,19.792563790478994,-70.67106958842396,BS,blur,1,911.8965283928454,0.2342471331357956,0.08180131018161774,3.7488667964935303
1640910792965420,14.05090975535,-83.408252576108,5.043603919385558,-1.5960385104392472,NI,blur,1,8990.456369291156,0.9278591871261597,0.8854765892028809,0.39565160870552063
784509382269632,39.054295235447,125.75444015475,43.49589823608147,25.21603089380903,KP,blur,1,7860.632876267069,0.26680153608322144,0.1653788983821869,3.9214701652526855
1203580403446328,59.403162352068,5.3346943684814,54.08064207430382,-6.369851953738649,NO,blur,1,924.9605000890944,0.5131222605705261,0.4442501962184906,2.6654555797576904
529318031569520,35.884852698,14.543835095527,35.84617280797764,14.435067955088286,MT,blur,1,10.703369430582535,0.7583186626434326,0.670095682144165,0.8273553252220154
579627393601024,31.161290071016406,27.62620232776423,31.063212494904,28.25191760902587,EG,blur,1,60.55825214540849,0.9104518890380859,0.8931465744972229,0.5600956678390503
493287055050730,18.529699440908,-73.82906994801,18.428495154646953,-74.09990722949902,HT,blur,1,30.69984485618652,0.9566900730133057,0.9305161237716675,0.22618252038955688
194636675718395,15.711283292961,-86.911458774945,14.659278883243044,-88.15836264649309,HN,blur,1,177.72940202141467,0.47870683670043945,0.2109718918800354,1.179595947265625
324862519056205,19.31841800221,-81.382583014952,-27.452928955650698,153.26812997436835,KY,blur,1,14407.47103875244,0.4386618733406067,0.1994466334581375,2.1055686473846436
312497683776326,-3.5385285661184,29.342796802632,-3.404518417628856,29.130501595228026,BI,blur,1,27.87927648702465,0.6210564970970154,0.4593796133995056,1.415181279182434
524249899215869,-20.36057432562562,57.57448506856856,43.41030239613381,40.43791000500923,MU,blur,1,7304.0262522858,0.4994213581085205,0.10165897011756897,1.3908932209014893
762407414666903,18.261799133186,-66.040383948361,21.490107266463156,-104.85351199466857,PR,blur,1,4064.516634372783,0.34508273005485535,0.1639990508556366,3.31131911277771
1162773017520174,6.3181766455254,37.510104406035,6.314726024853194,37.55427321570636,ET,blur,1,4.896588731974953,0.9981256127357483,0.9969460368156433,0.015444999560713768
3356357477800408,-13.862024739384,-171.85937431059,-12.101750638004447,-172.30099722085197,WS,blur,1,201.49725412658847,0.9997559189796448,0.999566376209259,0.0025755008682608604
487479689165720,-0.79790097222466,-77.201507380967,-0.9366340869636381,-77.46160806413674,EC,blur,1,32.77586421615708,0.9962561130523682,0.9945054650306702,0.032017435878515244
255694192945304,0.23852452895088,109.87510053714,16.801255220763764,-88.51422236086441,ID,blur,1,17248.945594821853,0.9943261742591858,0.9933748841285706,0.05466328561306
810188746588631,46.29075689375,10.078154998184,45.88933408310237,11.658029556858052,CH,blur,1,129.75104744657764,0.3038429617881775,0.09635491669178009,2.7573561668395996
152336490235316,6.1412981189533,-10.222955468447,6.392241509426937,-10.403553271364672,LR,blur,1,34.30853997480034,0.9939897060394287,0.9894985556602478,0.04556817561388016
1128248694323507,4.9712879947102,-52.440325961909,-34.82644212389592,-58.154288232658075,GF,blur,1,4465.597499957181,0.26027950644493103,0.12704551219940186,3.604022979736328
319600276196154,17.249258189479,-62.655520880016,16.941776597359446,-61.86258380475623,KN,blur,1,90.94614922553723,0.3025483787059784,0.015869855880737305,2.9027209281921387
227605128698501,30.534718182782,35.557018519973,30.378704530973945,35.712197284356826,JO,blur,1,22.85145860929828,0.48332467675209045,0.2352970689535141,1.7176188230514526
469353001013618,-4.8497851046353,11.90522368749,5.351212571946511,-3.7712969266155314,CG,blur,1,2077.764516111673,0.7274860143661499,0.5302777886390686,0.8497886657714844
312137333614311,50.147457733865,106.21881807879,1.093411527490935,34.12691329665633,MN,blur,1,8648.791803572294,0.39202505350112915,0.1657058596611023,2.4211204051971436
417436926432877,-9.466630277777776,160.38180111111112,-9.655659840231925,159.03974315052415,SB,blur,1,148.6504547697844,0.9993982315063477,0.999171793460846,0.0062134456820786
521833368998076,33.828288106674,35.578984207651,33.92064992081176,35.70327795371103,LB,blur,1,15.399657194584588,0.9970203042030334,0.9951208829879761,0.024083996191620827
804138920493771,-0.43494769438863,-76.201325946671,-1.0592513269527912,-77.48417890732854,EC,blur,1,158.63002329213208,0.9185388088226318,0.8960972428321838,0.5447912812232971
302261168190071,-13.859325484052,-171.70998038915,6.9296124928999685,158.92810252710328,WS,blur,1,3980.5467893605196,0.7595465779304504,0.729989767074585,1.2985022068023682
1226452984452730,18.570054722222,52.82152305555601,17.625272321281518,53.072716625863464,YE,blur,1,108.35781977995502,0.5419588685035706,0.16316327452659607,1.2668949365615845
321769825972532,56.815207379952,13.937240092613,58.20131112539969,25.190431029990194,SE,blur,1,688.7300925115952,0.3464883267879486,0.24942612648010254,3.128976821899414
773469050698883,0.4364979004820079,9.440864620026538,5.236585544951257,-0.7837825141309147,GA,blur,1,1254.4151161629175,0.6393601298332214,0.5542594790458679,1.5633423328399658
333032548339836,51.706235270322,-9.7173149835356,51.85633968621585,-9.82458088326184,IE,blur,1,18.249248920742648,0.9987888932228088,0.9983741641044617,0.013315510004758835
321482029535925,44.652229350002,21.162756330018,44.650472197289666,21.30921472861827,RS,blur,1,11.587043832161832,0.42717599868774414,0.14224013686180115,2.063765525817871
832510974027702,-17.456552891966,-65.728142843828,-17.564975953866096,-66.15543100357439,BO,blur,1,46.887057877641446,0.4774177372455597,0.2243945300579071,1.6218863725662231
109891514526025,48.213328182129,28.09057650588,47.96982929004854,27.560275434824636,UA,blur,1,47.795102988470965,0.41850751638412476,0.19994355738162994,1.6465615034103394
2942639579308445,34.805369127435,127.95898406217,37.395864553045755,127.70205267748753,KR,blur,1,288.97299596408266,0.9876233339309692,0.9820777177810669,0.10564756393432617
370894024357836,15.425447150296,-61.271269855519,15.574380121878775,-61.41466005222365,DM,blur,1,22.59020294137112,0.3813328146934509,0.12192326784133911,1.5189565420150757
788101518532706,11.258356617235,-60.564806768225,14.592547989445263,-61.01404570310923,TT,blur,1,373.9273493630215,0.8701090216636658,0.8376920819282532,0.6451461315155029
3872288566218352,50.796778330451,21.153443346433,51.4002975728242,19.936151974551137,PL,blur,1,108.29710027908452,0.2843828499317169,0.14545938372612,3.3078503608703613
1002859423856924,17.09712846732,-24.97047664313,28.706864666425133,-17.758224674219438,CV,blur,1,1486.3724008475053,0.7944912314414978,0.7344340682029724,1.0609620809555054
238160651412928,-46.337650900733,167.79026062048,-46.2234957097233,168.20590357294998,NZ,blur,1,34.37177389152438,0.8592795133590698,0.7812129855155945,0.794730544090271
2563203020654329,54.32142990519237,-4.456551481932205,50.84299696772881,-4.224981720237281,IM,blur,1,387.09981885263613,0.35858914256095886,0.24519245326519012,3.144876003265381
732194144134616,9.3458958330497,-79.823967302875,9.299967543539127,-79.68252634591605,PA,blur,1,16.33844125357712,0.955314576625824,0.9361089468002319,0.27766701579093933
476322813419625,17.628516606198,-63.231308396649,-20.899997404313556,55.427955787716556,BQ,blur,1,13604.325034969368,0.7710814476013184,0.737183153629303,1.2168446779251099
1136304350214402,-39.328969954559,174.63690058405,-39.359097978404336,174.90792342520493,NZ,blur,1,23.545589505612444,0.885502815246582,0.8322435617446899,0.6071265935897827
486828262519306,14.646929324615,-60.975801183717,14.60310476143708,-60.97904606111542,MQ,blur,1,4.885559263948414,0.9319173097610474,0.8657411336898804,0.25921449065208435
1387937924894828,47.907557209354,107.17858480002,42.61604578519907,78.32699044117277,MN,blur,1,2318.577889364281,0.953789472579956,0.9414716958999634,0.35855698585510254
944100506347413,4.8670503980303,31.542952103365,12.53643389029182,-1.7157512950135922,SS,blur,1,3749.7353980410567,0.9831265807151794,0.9784790873527527,0.139914870262146
225738692700446,69.2342740620203,17.971246283328018,69.170079454838,18.30530094611915,NO,blur,1,14.996889505788541,0.9984015822410583,0.9979515671730042,0.017079994082450867
138012564971418,-17.546030537707,-149.57580216474,24.89800762308818,121.25689702777969,PF,blur,1,10737.677991388327,0.16901051998138428,0.0238848477602005,3.340392589569092
1349102025473123,60.210439476288,20.246196471172,60.22480681712618,20.03114433369527,AX,blur,1,11.9845617997999,0.7041166424751282,0.5349261164665222,1.130686640739441
481515363098541,8.3835270285271,-82.196719096621,10.234632655552337,-84.8445227789332,PA,blur,1,356.05535691896256,0.29107850790023804,0.04321412742137909,2.120535373687744
208681127527124,49.241162571487,-2.1218631166228,49.215997418179896,-2.0896178200887046,JE,blur,1,3.648660943384877,0.9940635561943054,0.9928911924362183,0.05727708339691162
496883494997876,12.508559533613,-70.010590958509,20.05762926424846,-86.9009367721979,AW,blur,1,1986.6744348498999,0.5170143246650696,0.4129267930984497,2.284940004348755
1258448591563623,-8.614371141011388,35.602892240053215,-37.04384762518039,146.33653944315395,TZ,blur,1,11219.934854585175,0.6061476469039917,0.5332027673721313,1.9883569478988647
849655245900069,5.9311045328258,15.65109465938,-19.326260267795583,-47.26003237889893,CF,blur,1,7432.86831251303,0.3453674912452698,0.19333237409591675,2.5050299167633057
1448430112350839,11.026769583975025,-8.632346605323722,13.324247909089856,-8.225721079328803,GN,blur,1,259.26241171688196,0.49434322118759155,0.30656006932258606,1.6963376998901367
711741309997504,-35.434392939173,-67.582981443437,33.2824082630894,-101.37076659170171,AR,blur,1,8411.293770794928,0.20141535997390747,0.05078677833080292,3.5859479904174805
330646891800305,14.870259800656,-24.373949477736,27.99548866966307,-15.878531310001499,CV,blur,1,1702.3749303143024,0.313159316778183,0.20198218524456024,3.390369415283203
844947319428707,12.572384044567,-70.044602664275,13.218218864706014,-59.624020028582514,AW,blur,1,1131.6886594003388,0.6426426768302917,0.40068238973617554,1.1375569105148315
1424082877926694,39.063764515107,125.77381801639,40.622117425948666,22.950436630936508,KP,blur,1,8202.866002998911,0.12036680430173874,0.04493694007396698,4.763094902038574
262049738998529,15.746495092756,-86.857367093038,15.558335428853034,-88.05407221601726,HN,blur,1,129.82958274053078,0.20223256945610046,0.019011572003364563,2.0053446292877197
2941932222749741,8.8904169624644,80.720461103422,17.206140363151537,79.34745350310271,LK,blur,1,936.5270881852855,0.24903777241706848,0.11531180143356323,2.8297479152679443
2957416491247002,22.534707236092,-79.367474703615,21.732480619643187,-78.27624480927449,CU,blur,1,143.49251183595385,0.25628313422203064,0.15555232763290405,3.552154779434204
1339793246404338,78.178055846086,15.902100697497,64.29726821159359,-20.846073673143014,SJ,blur,1,1958.1087562392331,0.607757568359375,0.2637924551963806,0.9833409786224365
742849163058043,7.9945228460384,126.06338592216,10.383634428428659,127.31309025950193,PH,blur,1,298.97890174975635,0.37244290113449097,0.28308480978012085,3.241858720779419
487902825754300,18.349709806038,-64.886627593059,30.47716598501384,-91.07241808666559,VI,blur,1,2963.835769450543,0.7230105996131897,0.6439106464385986,1.6284369230270386
188819323085799,41.434692972264,43.314083402676,41.37808632914061,43.44571319849052,GE,blur,1,12.654441458956853,0.5720710754394531,0.1605280041694641,0.7811358571052551
449823653747421,53.88835461402647,-122.76729722632489,51.04156203980921,-114.04434619660108,CA,blur,1,669.7381014444691,0.542759120464325,0.4514920115470886,2.081725597381592
227770655816183,49.479739351354,-2.5890746408905,48.408398534001726,-4.744714963960969,GG,blur,1,197.41026165792059,0.555018424987793,0.3398662209510803,1.4709887504577637
216079839905055,19.324976978962,-81.381549997813,26.131839353570953,-80.2161044129805,KY,blur,1,766.2516551116128,0.5298816561698914,0.38124921917915344,1.8332558870315552
828630294440097,3.9058095275261,11.829761470611,19.53512308204934,-102.08256445755477,CM,blur,1,12342.454961267318,0.5657049417495728,0.4364127516746521,2.1211087703704834
860118858181209,-20.177979,57.661693,-20.164878019195786,57.49487229820362,MU,blur,1,17.472709660013567,0.7394359707832336,0.4808753430843353,0.58781498670578
114507540681851,35.729256605436,128.41830771074,17.809686817416388,105.58094896413026,KR,blur,1,3003.711240124154,0.6421209573745728,0.5286433696746826,1.5468974113464355
661381454786146,-18.972548731094268,29.805283361910963,-25.593908485032777,26.30365209490863,ZW,blur,1,819.551192508976,0.33953744173049927,0.014288574457168579,1.5872453451156616
222747492577837,61.352664593679,27.429725107498,61.28421759885514,27.46193492021102,FI,blur,1,7.80265642041514,0.9686994552612305,0.9547514915466309,0.2082197517156601
138806294926443,38.717835758735,58.495184798492,45.193590044351026,74.1326846260427,TM,blur,1,1476.4225828670828,0.46999025344848633,0.04403156042098999,1.2425329685211182
135421499385396,13.275246919086468,2.911011286873044,12.680562469999533,4.814312316458229,NE,blur,1,216.5719954562074,0.8174319267272949,0.6374371647834778,0.49632278084754944
517034622643483,-9.0920015075631,160.82242285539,-9.31473205351148,159.122973958328,SB,blur,1,188.17409696154147,0.9674971103668213,0.9365143775939941,0.15488006174564362
2526299567665760,35.829307962213,14.558295593658,36.05797896237439,14.2631286187881,MT,blur,1,36.77758737761793,0.6679224371910095,0.4512496888637543,0.97292160987854
281947363629492,78.231350087799,15.142395905188,65.71443495571535,-23.328111678573165,SJ,blur,1,1852.5081387371074,0.9797158241271973,0.9680383801460266,0.11499328911304474
309954333906145,40.335258934887,19.990673334292,40.1191434310547,20.061601601112304,AL,blur,1,24.77388179195533,0.4346114695072174,0.21319033205509186,1.5824837684631348
163258222377928,-8.7192284268616,160.86453616743,19.536924669173146,102.71542015258312,SB,blur,1,7098.638519649634,0.3311361074447632,0.016656726598739624,2.1058101654052734
497041608993768,7.354967160960991,134.4972694391149,35.758476286044214,-76.15176033097916,PW,blur,1,14248.434409035826,0.39708539843559265,0.2975839376449585,3.1488518714904785
325055798982586,-10.203132697528,31.216979658259,-10.430192858049942,30.391979729507486,ZM,blur,1,93.71763136110943,0.5263303518295288,0.47612395882606506,2.6123812198638916
361816321938390,12.57472666996,-70.041979864956,-0.9621871736987265,-80.7070113795901,AW,blur,1,1910.7504141967079,0.8136770725250244,0.7756990790367126,1.0947390794754028
1145510005966861,18.05148025828786,-15.896397560721027,16.910022009058594,-16.082820645656643,MR,blur,1,128.45508594242165,0.48988839983940125,0.3443344235420227,1.6938599348068237
262345932212210,15.140006372867152,39.26672870985676,-1.3711229651017467,37.32274598895355,ER,blur,1,1848.363432531192,0.3154909014701843,0.11450044810771942,2.496884822845459
901986960835723,13.278551582622178,2.917996515380901,13.501714558035392,3.4290623336643873,NE,blur,1,60.596862741129534,0.9936571717262268,0.9914782047271729,0.052284836769104004
317050140097070,43.4276581353825,24.38127115862344,40.633342706548916,-93.82442582918087,BG,blur,1,8807.939646274133,0.4938884377479553,0.3146963119506836,2.3631832599639893
994714827967018,22.682567905302,39.11769149111,25.890192100595403,50.23907330270916,SA,blur,1,1181.7707645450212,0.37168020009994507,0.13621652126312256,2.1937406063079834
145209974249665,16.762668175828,-62.220769939941,14.127609583324562,-60.96424563306176,MS,blur,1,322.4669474481217,0.35239285230636597,0.033345699310302734,1.5020418167114258
763480160945552,3.114388438698,31.177872023014,2.74589130729119,32.161502440589324,UG,blur,1,116.66394974699494,0.2824622690677643,0.038303256034851074,2.136540651321411
4405163029511350,43.682079175037,23.978223195064,43.79335614345329,22.835062775620738,BG,blur,1,92.67014379292198,0.3958146572113037,0.15514583885669708,2.440354585647583
326659798812032,12.410385336248002,-16.110049424682003,15.85051733369687,73.75513047900019,GW,blur,1,9619.249362072,0.5110077261924744,0.09948650002479553,1.08867347240448
895631547651467,12.080356238018,-61.704118318475,14.614001034240005,-60.99682917633705,GD,blur,1,291.9340902856321,0.6782646179199219,0.4010310471057892,0.8262110948562622
953292548822411,18.0817933464398,-15.894888251115804,16.71192767576784,-15.64704909130789,MR,blur,1,154.57541793034542,0.8975826501846313,0.8616346120834351,0.5740644931793213
1179673359141283,-27.440457092686,31.884625638401,-25.21085007866204,31.859697447465667,SZ,blur,1,247.9334334402402,0.9952034950256348,0.9935653209686279,0.03835010901093483
1391570534555001,12.121586777999,-61.634729332904,15.602475008721122,-61.44850015285627,GD,blur,1,387.57871057362905,0.6172569990158081,0.35589832067489624,1.0850926637649536
1931718050309638,42.316673318457,42.610766550542,34.618220269900334,-84.69664219142409,GE,blur,1,9920.613422185588,0.14031721651554108,0.043783001601696014,4.63620138168335
1441784959495240,18.614866388889,52.371751388889,17.601216922621955,53.244433478019815,YE,blur,1,145.63836474815892,0.46655207872390747,0.0582486093044281,1.2128410339355469
1092193684624091,13.222041768155,-61.27004985443,19.337804941635735,-70.62659315021193,VC,blur,1,1207.6677303073866,0.6484783887863159,0.5892097353935242,1.6833255290985107
545855749735091,44.933679619312,10.542218724088,44.84486629786752,11.76258024532649,IT,blur,1,96.64319247102098,0.8825496435165405,0.8510428071022034,0.7411544322967529
2774084016236056,4.2465653216704,73.54886569526,16.358193337024794,-61.49067958905831,MV,blur,1,14567.994663713594,0.9058902263641357,0.86224365234375,0.4739471673965454
193239609283383,16.442716181297,97.600636667113,12.16829060310591,109.64569728749215,MM,blur,1,1381.6382697822592,0.163199782371521,0.0637713372707367,4.574985027313232
838605060406461,-38.684857801033,-62.245177670808,-36.84362201829679,-59.09695250773011,AR,blur,1,344.204357974926,0.6922562718391418,0.4370170831680298,0.8622344732284546
1398766300483374,-20.281888888888,139.05741666667,-20.285682623302307,138.1850886587234,AU,blur,1,90.9841638204601,0.3802015483379364,0.18220661580562592,1.9990622997283936
309592324146292,-40.470381504032,175.24679558692,-40.355647283599644,175.61663087580447,NZ,blur,1,33.81062135906164,0.63444584608078,0.5096638798713684,1.5403716564178467
787330225321281,78.186979979764,14.79210601878,64.73373338184167,-14.259104631578461,SJ,blur,1,1772.0581551204834,0.41684696078300476,0.03144639730453491,1.2984330654144287
481435006457069,41.714515597444,19.778002854189,41.97364468699669,44.90823964750688,AL,blur,1,2074.3874574020447,0.28835904598236084,0.12651802599430084,2.902984857559204
562746315113072,-21.036239487922,55.673092800575,14.556781444935439,-60.981325276153676,RE,blur,1,13310.257854556041,0.5937488079071045,0.24478912353515625,0.913624107837677
251075026766241,42.736773777269,78.935492923137,43.00852435711612,79.24845531318175,KZ,blur,1,39.541327901602706,0.31413161754608154,0.06273162364959717,1.8928929567337036
4010096302418176,13.274118,121.232275,14.916889704514327,120.86274952021816,PH,blur,1,186.96422805200305,0.6029379963874817,0.300360769033432,1.0376923084259033
385537683018740,8.58587702121514,-10.943586617629483,11.282626504211969,104.5680935190108,SL,blur,1,12549.103947352598,0.3176524043083191,0.16428959369659424,2.554750919342041
180372857328994,49.843429916622,73.222888258927,52.0854513957621,77.20986529520793,KZ,blur,1,374.21367927013034,0.3925873339176178,0.3215797543525696,3.261371374130249
907851513392138,-18.164645479454,178.22136593468,14.565992939613622,-60.99102829525876,FJ,blur,1,13711.073301550183,0.3781147003173828,0.2372930347919464,2.8497798442840576
1131598217344189,54.864195040685,8.7383931888414,53.29575226304814,19.601072399052534,DE,blur,1,728.932148590227,0.28112176060676575,0.18779537081718445,3.9585185050964355
3247097405547891,33.97288015656933,71.60789771722264,34.02951133166687,71.51811089807214,PK,blur,1,10.39999374300909,0.7482648491859436,0.5356218814849854,0.8010407090187073
1063412324270300,-15.431355385415,167.20499794568,-15.833129735178472,173.79263665538656,VU,blur,1,706.8004696548813,0.510204553604126,0.061428964138031006,0.8436566591262817
478746096705872,12.1865576631,-0.3910576992899,21.61471114878972,104.95810479122142,BF,blur,1,11049.26355397592,0.3525112271308899,0.17856578528881073,2.433258295059204
163486722253544,18.376454722061,-65.907019733384,8.056426619763128,98.67521665179738,PR,blur,1,16623.798463883537,0.7299098372459412,0.6034046411514282,1.2653229236602783
1394646127681740,50.27605756468763,-5.022433442071348,50.30875869187951,-5.009838795428832,GB,blur,1,3.744656982448094,0.3784635365009308,0.09080904722213745,2.3375160694122314
311036310426740,10.534375285392,-85.108561963834,-28.56838853982205,29.355646258489084,CR,blur,1,12945.699913982406,0.39921078085899353,0.17909353971481323,2.2619504928588867
180655490594869,-4.2955834051727,39.583247618282,3.341988445241106,-76.52373322410337,KE,blur,1,12927.432791873975,0.3043561279773712,0.04651269316673279,3.0653631687164307
225040172344104,54.10668466178,-8.5444506137227,54.048986877973256,-8.528521036781797,IE,blur,1,6.499317745957322,0.8349904417991638,0.7517893314361572,0.5900183320045471
590599688583224,62.579080335013,22.030513453623,61.14222642359125,22.07330954111378,FI,blur,1,159.78661770480002,0.6463334560394287,0.497172474861145,1.2760190963745117
378410597431210,11.755141729610802,11.99142765025279,32.72606838634768,-96.44191619874529,NG,blur,1,10968.676631019458,0.28099292516708374,0.07658298313617706,3.1428263187408447
769560623930363,13.781555904684,-60.954984062834,13.71235814678596,-61.00152686714413,LC,blur,1,9.191076107123454,0.9961941242218018,0.9926058053970337,0.026224248111248016
191217559525689,10.598613143242,103.76819114404,14.014943056682428,100.7720703803539,KH,blur,1,500.21943652481804,0.1266423910856247,0.0007691681385040283,3.589611530303955
960119301406916,8.934567996624,15.810201192055,9.977288066675785,-12.809019782139755,TD,blur,1,3140.2631635600555,0.9101532101631165,0.8931043744087219,0.649954080581665
162029952434974,10.416592641005,-6.9267518159549,11.11191665765008,-7.189776803493709,CI,blur,1,82.48261552260335,0.40593987703323364,0.1270821988582611,1.964130163192749
777563772895063,60.262939806644,20.372533414245,60.269607227414305,20.296684991135177,AX,blur,1,4.248182411220532,0.8844044208526611,0.847370982170105,0.7721529006958008
483016122754010,8.2177331232449,-10.640871255174,9.129618128553808,-13.043943760119555,SL,blur,1,282.94274415388935,0.7982049584388733,0.6448806524276733,0.6721644401550293
945669026244322,32.28289364111786,34.89665697754903,31.93320844580791,34.846594069399124,IL,blur,1,39.16808147383795,0.6534004807472229,0.4407311677932739,1.2157096862792969
834907740772712,-51.828914124143,-58.391576104278,38.2473148564582,-6.150603733266409,FK,blur,1,11222.072912785117,0.6225954294204712,0.48268094658851624,1.7150038480758667
315786796574792,17.029958580939,-61.837386119134,14.278827341697651,-60.945874927124244,AG,blur,1,320.4550223315013,0.25417351722717285,0.08332301676273346,2.8560307025909424
3935353219835220,5.0624805680856,-52.559930285878,5.141159489242711,-52.73019542741415,GF,blur,1,20.7881991174655,0.9862311482429504,0.9772513508796692,0.09979302436113358
703624374104706,11.148071748184186,42.461472571281,45.21443514574325,73.88116137751648,DJ,blur,1,4821.494417246454,0.1996811032295227,0.028737500309944153,3.1236376762390137
552376936150414,45.747934121718,28.392399493234,42.23619778176677,22.68334785388185,MD,blur,1,600.611087570499,0.9921659231185913,0.9904870986938477,0.06902074813842773
279990610516417,-25.052590421722,25.938389437355,-25.24901313352776,25.88268581639564,BW,blur,1,22.54936199737727,0.9697002172470093,0.9532028436660767,0.18531396985054016
244594784129468,17.181606776437,-25.056350793491,28.65423252967434,-17.724385141614096,CV,blur,1,1479.281041114395,0.6286515593528748,0.39689454436302185,1.1487624645233154
916296905814911,29.986443376454,35.073653850875,31.108180636537185,35.38531591213732,JO,blur,1,128.25223662037186,0.5067299008369446,0.07017961144447327,0.9930824041366577
160409959286661,13.609489121743,-15.203056960483,52.869404924113404,26.42656271009558,GM,blur,1,5697.145512843281,0.45739930868148804,0.2105141431093216,2.327939033508301
375549574325666,-8.088511666666667,156.78238944444445,-9.62855625133604,159.63434855164624,SB,blur,1,357.07199348591604,0.9284703731536865,0.9003098011016846,0.42180198431015015
6504127516293875,-20.153986376711,28.58502890468,-33.297861429791695,26.5928438852342,ZW,blur,1,1474.7607911807338,0.4736427962779999,0.4243963658809662,3.334033489227295
955352585280405,53.073543217589,5.6644949286343,53.01131988841612,6.651849378850834,NL,blur,1,66.36869139145584,0.22811777889728546,0.054112061858177185,2.8967349529266357
198798338740227,41.487329996943,45.08669320994,48.47408238679269,44.566236028036656,GE,blur,1,777.9638099684975,0.40265846252441406,0.24309800565242767,2.6232357025146484
747640439246618,6.555528380315,-10.331525634335,6.44372485673502,-10.559530349681195,LR,blur,1,28.090760309461846,0.9996209144592285,0.99953293800354,0.004654427990317345
537333261008423,39.113511978868,117.21046994629,39.895734675903704,116.44146933451526,CN,blur,1,109.16976704551482,0.45995137095451355,0.1986047923564911,1.5810801982879639
5205930492794121,13.596220054527333,-87.36529096486619,13.618637851589828,-87.49259489704839,HN,blur,1,13.982209235305314,0.9999922513961792,0.9999899864196777,0.00012014896492473781
282961036881213,36.025363064061,14.258923344808,35.841451662118054,14.209382740545637,MT,blur,1,20.930788342138005,0.6352760195732117,0.4353676438331604,1.2611263990402222
2898417523733065,12.385310410818,-5.9561351141694,12.436321169494079,-5.7327375153254065,ML,blur,1,24.914456952000286,0.9979370832443237,0.9968903660774231,0.019139675423502922
814006309495024,18.427369706947,-64.568261557542,17.165856777061713,-62.18779318784855,VG,blur,1,288.4293167129455,0.47179678082466125,0.0024547576904296875,0.9617527723312378
363924908375174,-4.7913317580586,11.855642981142,5.563088109873984,-0.2181456091483472,CG,blur,1,1767.2174870744682,0.69426429271698,0.4050963222980499,0.712783932685852
520091355848418,69.217861349712,-51.109419049396,62.06361571639951,-6.949805124711478,GL,blur,1,2118.171966764259,0.8205096125602722,0.7666237950325012,0.8559253811836243
840734783196696,32.126256113931,44.324859980182,30.054943823277505,31.319570516581287,IQ,blur,1,1258.7867413281817,0.27603965997695923,0.011613905429840088,2.3343541622161865
226163689282727,12.168906318554,-68.967070805139,13.046371138575099,-59.273168403259,CW,blur,1,1056.3655982450957,0.841790497303009,0.8059766292572021,0.954340934753418
341214407334376,-19.377102833928,34.400509607794,-16.733396909066332,-48.172543250754856,MZ,blur,1,8644.58651773825,0.4242265820503235,0.08546778559684753,1.7503201961517334
894968224414635,34.986110625975,32.668982915426,34.99569773132962,32.67511803108782,CY,blur,1,1.2036550808028308,0.8456515669822693,0.7080451846122742,0.5253227949142456
462694431488011,18.632063011792,-68.389902993932,26.29908369679588,-80.2151435839299,DO,blur,1,1482.9759946920344,0.17797408998012543,0.0355226993560791,3.126079559326172
857893648147331,-10.905676698416,14.247198141961,15.771130045370017,-88.44713431006882,AO,blur,1,11677.18635862216,0.2776936888694763,0.10802242159843445,2.7639403343200684
382009819762071,39.329365017441,27.62045985936,40.99696967396768,32.06832052776924,TR,blur,1,420.9258173411404,0.38722050189971924,0.21914169192314148,2.2921485900878906
271875871339932,11.850545983225,38.038235893261,12.206618345717423,30.689592216669457,ET,blur,1,800.1456597930459,0.9612476229667664,0.9229071736335754,0.16725876927375793
525646118616107,-15.637682963249,166.84078278513,-15.516219267395126,169.1935270791094,VU,blur,1,252.3646879961649,0.9898309111595154,0.9804968237876892,0.06096596270799637
2982805328705469,64.437207664635,24.181485346398,64.29551844893595,24.350802570573883,FI,blur,1,17.735934587646465,0.4357605278491974,0.3649580478668213,2.770617961883545
320116623608771,23.185410152402003,91.17769833999328,23.1586457313548,90.96590527517363,BD,blur,1,21.85403835287615,0.9917933344841003,0.9863792061805725,0.057705581188201904
803534963702486,51.121882315762,3.1082009025971,51.84520114185242,16.90145227151192,BE,blur,1,957.0547535231733,0.526005208492279,0.4051789939403534,2.268324136734009
376395010415901,13.924250043571,-61.056412107275,13.89167340601458,-60.95047988647737,LC,blur,1,11.993881712056252,0.9209100008010864,0.842829704284668,0.2856575548648834
303078421392591,-16.446930463398,-152.24847310031,-16.912825598074782,145.74887223265347,PF,blur,1,6574.775821235324,0.2395414412021637,0.1037108451128006,3.4136464595794678
312172783608841,49.510993358681,6.3452033888591,49.8238250553925,4.784057298354235,LU,blur,1,117.61160007235917,0.09008357673883438,0.022633977234363556,4.3765387535095215
6235880006437043,-3.1366812272296,-79.214143657851,-2.8625195063449462,-79.06112265370282,EC,blur,1,34.90102371140271,0.5916623473167419,0.32414934039115906,1.2274219989776611
965921670819949,-10.479678823577,105.67386300715,26.05604782456508,-81.41065873226344,CX,blur,1,18129.6667860817,0.40072381496429443,0.029255390167236328,1.9033852815628052
925871031561258,-6.2639877158616,107.06741782953,-6.316646041443375,106.79305950192773,ID,blur,1,30.883728668459163,0.564712405204773,0.2681761085987091,1.1470152139663696
1164097447347216,4.8674337462563,31.519362784566,6.4664886448716485,2.691977271304884,SS,blur,1,3194.301875009838,0.44197314977645874,0.25481387972831726,2.211909055709839
4396227090475829,-1.2678653976589,36.678122304876,-1.1648917141082311,36.055986863446314,KE,blur,1,70.10410770240247,0.34141236543655396,0.22878098487854004,3.1214473247528076
865652107497194,25.981085501999,50.457665915183,16.131499147532246,-16.538736424062975,BH,blur,1,6968.122445927042,0.30169418454170227,0.002983182668685913,2.7572953701019287
299799271640333,2.1039771270774,45.331583431777,13.571726781915794,78.27274685175368,SO,blur,1,3839.2096592908256,0.4009574055671692,0.24870915710926056,2.632495880126953
461018955189846,14.544694692651,-60.871651329228,-7.07601902279998,-35.4032281163714,MQ,blur,1,3697.1108927742275,0.29521214962005615,0.14810222387313843,3.6064202785491943
848673612668103,42.673726026337,20.952183058644,42.856976912681574,18.2809276052779,XK,blur,1,219.00239313896773,0.3246978521347046,0.22474628686904907,3.479544162750244
1416342685418545,-18.613385898721,-174.00201190817,-15.56983359067235,167.19206957822047,TO,blur,1,2026.1490972438346,0.3878464102745056,0.3084568679332733,3.232508659362793
494963678607139,41.553688076193,76.443594560854,42.73381590288677,70.78438533268442,KG,blur,1,484.57699834975114,0.46624740958213806,0.12655672430992126,1.5127003192901611
219389349648885,10.15103545444,-0.08621895664982,10.362610180994603,-0.30352912614223126,TG,blur,1,33.44921175094204,0.9999958276748657,0.9999938607215881,6.085934001021087e-05
3089177431309627,15.373065639057,-61.261521114061,18.628681265036047,-74.10236642202132,DM,blur,1,1412.1491251737502,0.7086745500564575,0.5081582069396973,0.8374538421630859
267446095163419,-24.410317211088,31.569065250692,-25.269830075818653,31.916202424432022,ZA,blur,1,101.79029988667526,0.7433971166610718,0.6083633899688721,0.9042105674743652
302215634735033,41.271908839255,44.308127758638,14.773740622698279,-91.04187146897254,AM,blur,1,12277.499235778863,0.3750526010990143,0.0031059980392456055,2.240022659301758
2667851503513129,17.27324849632742,52.95912218803253,17.42908308472397,53.14289643693318,YE,blur,1,26.090228677041924,0.9963900446891785,0.9952288269996643,0.03261400759220123
153409713461640,8.790179318271212,17.833063690255294,13.324060512307156,-8.494302750909377,TD,blur,1,2915.259490072296,0.2990044951438904,0.0682569295167923,2.3898043632507324
197648665524336,32.845770012076,3.9393382718177,37.871311993248696,40.93394099005203,DZ,blur,1,3378.6146989728686,0.26779404282569885,0.12783169746398926,2.9133758544921875
186111083366529,51.38944480684,5.6393438286668,53.4498019407057,6.863891019779327,NL,blur,1,243.6776003028841,0.18484802544116974,0.12192797660827637,3.945286273956299
2778308682433187,46.907087389519,21.768223720096,45.34100525042859,20.07381392816302,RO,blur,1,217.65249010097216,0.35585659742355347,0.17768098413944244,3.1430516242980957
937732960392917,57.179863762985,9.5235696942098,57.17865041304342,9.55249572743397,DK,blur,1,1.7485571118728334,0.9825118780136108,0.9774026274681091,0.13641588389873505
1146261095856485,7.3615432427089,134.43713448334,-17.524944205446154,177.89952775419232,PW,blur,1,5517.527224285469,0.5431192517280579,0.2142287790775299,1.0899152755737305
481510253092194,55.547652479706,10.237061583967,51.66560177063789,8.22124834897902,DK,blur,1,451.6369063144647,0.3840008080005646,0.34856802225112915,3.5425353050231934
373515770750013,52.085212737279,23.57416942403,51.58407912236767,23.457182403383573,PL,blur,1,56.30028413433478,0.16278952360153198,0.015374600887298584,3.8387327194213867
509958026699758,8.7996562999047,17.834358755261146,12.4528113254891,-15.48671995305356,TD,blur,1,3661.706336709526,0.26722651720046997,0.08801543712615967,2.5936546325683594
898715014311013,48.970224789976,9.8639365242088,33.06215011373788,-97.08066334377897,DE,blur,1,8389.80250305052,0.45037615299224854,0.325044721364975,2.691305637359619
1199206943853136,-16.678932002412,-60.816984800192,-23.50603985848965,-47.48716712562172,BO,blur,1,1584.2040295039508,0.11407704651355743,0.032218433916568756,4.177988529205322
498260671492955,-38.013275055456,-73.225185383762,-35.44427379320023,-72.45083673077357,CL,blur,1,293.8737810105005,0.563082754611969,0.4355941116809845,1.7330807447433472
894859321231304,12.227082918058008,-69.07847800166279,12.192154930755333,-68.60015857833417,CW,blur,1,52.12850638293337,0.5814829468727112,0.24963396787643433,1.0704158544540405
1389207538112280,-18.237830811581,177.83923612892,-13.450708399721249,-172.3565209587184,FJ,blur,1,1175.693701115532,0.7417356371879578,0.6459731459617615,1.2524968385696411
853984918525885,16.723203555806,-62.23130997289,53.13336017970407,5.444687766973397,MS,blur,1,7044.76927238199,0.11231918632984161,0.004856489598751068,4.498183727264404
122049223635653,-9.093844554597762,143.20550105803093,19.78008101807532,-70.71324337956423,PG,blur,1,16183.520602132272,0.6457803249359131,0.49079808592796326,1.5555827617645264
503430330798585,15.754797111762,-86.834109918362,15.608776041226868,-86.82062312428252,HN,blur,1,16.300871922656317,0.9541522860527039,0.9256313443183899,0.22309260070323944
909387153127451,28.736208967151,48.003263644262,29.510931052031484,47.76190426714515,KW,blur,1,89.27841427072767,0.43445444107055664,0.09921365976333618,1.1862949132919312
906902016543352,31.331782024306,46.203432956327,38.21681042712967,57.79355034754418,IQ,blur,1,1304.6798697620477,0.6487199664115906,0.5555241107940674,1.7859351634979248
2928214434172169,1.1206763559822,104.10141369167,-23.503180689077315,-47.475064614386596,SG,blur,1,16067.908580993444,0.23670707643032074,0.13928306102752686,3.262890338897705
450152016285778,44.280050101707,22.571319099243,44.14437414529937,26.129698605744352,RS,blur,1,283.9824999782294,0.8043636679649353,0.7392379641532898,0.9746081233024597
364335675754039,27.44091865174831,89.6695301948495,41.16240633114439,70.66624006355968,BT,blur,1,2308.89053143532,0.6394155025482178,0.5330005288124084,1.695044994354248
1465192193846342,49.242897458505,-2.1257188472841,49.204271148194834,-2.0755790732072232,JE,blur,1,5.6308349739361265,0.9446486234664917,0.9302322864532471,0.3700302839279175
307943760727803,32.017590561359,35.44667005004,32.09481692665766,35.31859745996834,PS,blur,1,14.81270962999453,0.7328228950500488,0.49034976959228516,0.7164072394371033
460785571683103,37.925916394446,71.433043060589,37.11967958907045,72.14371109754005,TJ,blur,1,109.38384100433679,0.8221445679664612,0.8048595786094666,1.2763339281082153
1128725237604299,-29.134916665635,150.74974999676,-32.231714616652845,147.5821765281818,AU,blur,1,458.55954688282793,0.8887671232223511,0.850043535232544,0.6318358778953552
490647468911155,40.963268605415,72.227703152599,42.980789970793296,77.76583343523284,UZ,blur,1,509.7023897550434,0.9925313591957092,0.9882504343986511,0.05999348312616348
333643931662411,5.6383973900144,16.079947991405,-32.84370678294589,151.24468664540964,CF,blur,1,14483.663807624607,0.48596853017807007,0.2950959801673889,2.2788190841674805
1227174381045729,47.768093183573,107.23115509769,47.740334836539176,107.25692569455383,MN,blur,1,3.638491524330548,0.7665224075317383,0.723621666431427,1.5110411643981934
1407497409603690,3.0843020507054,19.86280519181,1.5749469151916136,18.126037112831362,CD,blur,1,255.73278690424874,0.8469905257225037,0.7826401591300964,0.6912665367126465
3723636841075361,45.568657163831,14.018918146853,55.1230152262831,15.06615033696184,SI,blur,1,1064.959514462762,0.9040619134902954,0.8853607773780823,0.6855969429016113
165305525550262,8.3525370889256,-10.025850369874,8.281306909584263,-9.734732390346377,GN,blur,1,32.99514718891734,0.789702296257019,0.682409405708313,0.6867656707763672
340729614142712,18.491135,53.019456388889,17.529410263046895,53.987089474135146,YE,blur,1,148.00589581447525,0.6099389791488647,0.36916208267211914,1.6327418088912964
454659182301876,-11.625933853582,43.262174830246,-20.917999846023868,55.57113103019652,KM,blur,1,1669.8890847461141,0.660114049911499,0.3364470899105072,0.7390546202659607
668193423973890,-24.287426139806,25.329460617088,-24.15229964440639,24.450697274012807,BW,blur,1,90.37069928168903,0.9989809393882751,0.998467206954956,0.0105608981102705
838630760070492,25.060757368329,105.86456403205,25.1040724840376,105.79914119525404,CN,blur,1,8.161407412813766,0.7578758597373962,0.5508944392204285,0.7021083235740662
390606075408650,42.986310463262,19.555681585034,43.057736993195604,19.970714918354346,ME,blur,1,34.66173808080794,0.6269296407699585,0.3780847489833832,1.1746855974197388
131134676170300,-12.948481303182872,45.128315287832365,-12.757751060231357,45.09564447382046,YT,blur,1,21.50194415707795,0.4967329800128937,0.1924838423728943,1.356714129447937
1792656240942534,13.919496365755608,-90.97051612073146,14.525185187774984,-90.53390984217293,GT,blur,1,82.16210916125164,0.764028012752533,0.6363542675971985,0.7616332769393921
170823461623752,16.241110201764,-89.025642613932,16.363962516227545,-89.01740759763945,BZ,blur,1,13.688796824847048,0.6532390713691711,0.5290346145629883,1.4134395122528076
326797512347685,20.477204466217,103.99483406515,19.459272003072318,101.92374053305234,LA,blur,1,244.2542108218458,0.4520787000656128,0.07160693407058716,1.4914237260818481
603719283920573,40.194963555707,44.545682589004,48.158782280451234,28.29921004284539,AM,blur,1,1564.2816970902609,0.8118710517883301,0.6768536567687988,0.6989104747772217
307023807471036,48.822446939892,15.635962976885,46.43952186334849,24.94353312062338,AT,blur,1,745.486702071653,0.1493505984544754,0.041713565587997437,3.8174169063568115
1360919617610849,48.744206328516,20.484833979395,40.6282232355012,-82.40990432692706,SK,blur,1,7539.084737166423,0.20010188221931458,0.14603275060653687,4.757447242736816
4130359377021158,12.744808419842,-86.016174505038,13.525528428157422,-84.80119776876313,NI,blur,1,157.6237318651962,0.8735702633857727,0.8130012154579163,0.6111803650856018
186509513837116,-9.162518629974178,125.26855431414576,6.000688491553188,-73.50110473906479,TL,blur,1,17917.013902354283,0.7864121198654175,0.7381455898284912,1.1110856533050537
305027981215954,-18.157704641057,178.42394691893,4.708910645835524,159.31716642875915,FJ,blur,1,3294.6282023678345,0.9542214870452881,0.9193170666694641,0.23958782851696014
156576193076602,-0.78254800116056,36.454570001926,8.131460000604218,38.756461393847125,KE,blur,1,1023.5110750115056,0.8614166378974915,0.8277702927589417,0.7423022389411926
713195779986935,15.71706020536666,-87.91892889999826,21.082440238499498,-101.60603031551591,HN,blur,1,1561.5451071101145,0.1399625837802887,0.054145634174346924,3.818234920501709
211686643757850,18.378333055477,-65.856644722755,-20.235779129073244,57.627252730870474,PR,blur,1,14109.688754937079,0.6132724285125732,0.4035740792751312,1.5061237812042236
1127316044444733,45.524200027704,20.00828632566,45.07531207970409,20.23420602451523,RS,blur,1,52.94941782399122,0.43098676204681396,0.17224830389022827,2.3518404960632324
1705161749686063,1.6727266549458,109.85191823171,16.872181315277768,104.35501202536868,MY,blur,1,1793.8867914212624,0.09731543064117432,0.007185041904449463,4.131307601928711
1180959432346280,4.2166399722222,-55.441371916667,-27.076311968501344,-53.881709903429886,SR,blur,1,3483.650561455118,0.3205720782279968,0.017905712127685547,2.1263198852539062
152378826822821,62.297150880353,-6.3605044614883,62.97285882655693,-7.078590865066254,FO,blur,1,83.61927340806704,0.985558032989502,0.9778645634651184,0.0858292505145073
2163885233752606,46.261529486069,41.00615902421,45.88033207292233,40.349180338081844,RU,blur,1,66.06998894852764,0.996968686580658,0.9959956407546997,0.02885516546666622
828943404645761,-4.2440126883445,39.574345953224,19.2057026364717,-89.44216391058336,KE,blur,1,14245.564682771594,0.19682888686656952,0.0883098766207695,3.2540202140808105
145074444769704,19.85141683329288,-70.79678177411726,19.792848534770652,-70.78927688828745,DO,blur,1,6.559645258809066,0.968238890171051,0.9478967189788818,0.2070571780204773
167921538557854,32.347416850468,15.10321327924,35.63685883260117,-0.541010438716043,LY,blur,1,1486.131178210452,0.9828014969825745,0.972885251045227,0.11129582673311234
628318788994208,13.152619444444444,-59.56710666666667,13.192804046508895,-59.60435143392101,BB,blur,1,6.01885662665067,0.9992656111717224,0.9991899132728577,0.00922794733196497
842741859611073,16.018956092128,-61.581760537768,16.248637673855058,-61.595901135653634,GP,blur,1,25.584052169322437,0.5735570192337036,0.42082589864730835,1.3925782442092896
310752417096783,66.229694079253,29.133889499018,67.47814560284459,24.89179084733948,FI,blur,1,231.54456347319157,0.6382514834403992,0.564967930316925,1.6316921710968018
280932113713079,11.564178753638,15.28787472986,5.694305434069527,0.057574019274255865,CM,blur,1,1796.2470465219553,0.1289985328912735,0.07702811062335968,4.547934532165527
306629164189671,31.994107162003,34.880880875532,24.976431297974187,121.28226375862062,IL,blur,1,8252.695717956389,0.3609274625778198,0.23196709156036377,2.7148096561431885
375713220429607,-20.444336397825,57.719071106087,-33.577564137364504,-70.70402229561276,MU,blur,1,11895.165709949853,0.40484437346458435,0.24820585548877716,2.348947525024414
935998006944813,2.0128177809748,-157.40717950301,39.83377080975467,24.98364729410803,KI,blur,1,15355.582464149536,0.3996155858039856,0.3467675745487213,3.1399383544921875
243279310922728,22.002956746269,59.647583227775,23.23140317230093,58.87965879144969,OM,blur,1,157.70651025293895,0.9375845193862915,0.9113271832466125,0.38002434372901917
302369984598824,4.2729453578223,11.366798338452,4.238154930347065,11.534149361564124,CM,blur,1,18.956215388328527,0.9034845232963562,0.8094294667243958,0.3319817781448364
1410294946017903,39.031705816026,125.75630076806,-20.58773738305196,-40.5761891186742,KP,blur,1,17583.43355522777,0.37921342253685,0.19712908565998077,2.5001938343048096
557405362093639,36.954042854563,8.9131949083518,35.28571699851678,24.822860669530648,TN,blur,1,1439.303115250732,0.8266519904136658,0.7518478035926819,0.8362150192260742
508273253877668,60.696459628121,23.784802432989,60.59144273531279,24.083327425524892,FI,blur,1,20.029301224421534,0.8703061938285828,0.8302438259124756,0.7377673983573914
822631438351061,41.306291815096,76.061806069928,46.41513501492178,-75.3005700631021,KG,blur,1,9857.196149927446,0.47557637095451355,0.37401413917541504,2.8515634536743164
1138310456645189,43.382281881015,16.41157939924,31.078322982844526,130.65927671521308,HR,blur,1,9376.232000109043,0.554426372051239,0.4419635534286499,2.235231876373291
222871899226271,-15.510435536345,40.349633637766,-15.400782507318995,40.33860352312902,MZ,blur,1,12.25003267930663,0.958417534828186,0.917794406414032,0.17942090332508087
653703302135487,21.606686370966,39.215434593079,30.033457674734844,31.441550084863934,SA,blur,1,1217.1389825975593,0.4227898120880127,0.026070207357406616,1.356343150138855
512353726583180,57.378685294191,22.247361108176,56.83116124434947,21.653025447586774,LV,blur,1,70.67359599979747,0.4929676055908203,0.17518213391304016,1.3088583946228027
221188212807394,5.9007667928315,15.424776553249,25.216880861695476,105.85112391168664,CF,blur,1,9771.101425502922,0.42075595259666443,0.2175862044095993,2.739020347595215
319019459840888,18.609369461477,-74.151456712619,18.63913989191638,-74.12805507358965,HT,blur,1,4.127805406060976,0.8258026838302612,0.7719712853431702,1.0494575500488281
3291218371154050,-17.313447180213565,37.46183809351605,-14.561416847093335,40.1384097921341,MZ,blur,1,418.9537239972798,0.36686211824417114,0.10310941934585571,2.079301357269287
584561212946534,-19.59947361892,169.46805368552,13.884619348108759,-60.99828656088943,VU,blur,1,14622.177230582465,0.4763876497745514,0.09669780731201172,1.428900957107544
304491461128491,-24.913992289767,-56.992001471465,-24.94890279803281,-57.60328856558406,PY,blur,1,61.759963243577246,0.9832023978233337,0.9695361852645874,0.10193245112895966
297816615150376,21.480754782652,-71.133236713743,21.827993096347296,-71.01942413306391,TC,blur,1,40.362977212170534,0.7804770469665527,0.6862539052963257,0.8376807570457458
393440354996585,52.70481457742,27.450028836652,52.15957431052256,26.37418331004986,BY,blur,1,94.8434954725009,0.5371641516685486,0.3625801205635071,1.5965412855148315
473720683849376,40.29467551394,43.521641209406,40.314160319842195,43.53606207413599,TR,blur,1,2.4878985812908283,0.9995892643928528,0.9993646740913391,0.004571905359625816
454870842476357,28.72600008284,48.263573067355,-33.58396516560875,-70.68330183028013,KW,blur,1,14263.58859560251,0.5405004024505615,0.22075796127319336,1.1813318729400635
151442870324225,56.727613998069,9.8232903910496,56.677499664238404,9.588802779669193,DK,blur,1,15.360569087887896,0.19448958337306976,0.04338698089122772,3.048475980758667
3734785956631637,-32.223694448748,147.71777777513,-31.640072794635078,147.45330976917225,AU,blur,1,69.52930753434718,0.41894617676734924,0.02444547414779663,1.3296998739242554
2674396816191889,2.5936083377885,9.8483489898272,-0.3027316102029299,31.681612596309197,GQ,blur,1,2448.272692081433,0.6070269346237183,0.39415979385375977,1.477404236793518
1379450249134838,11.1299017047619,42.37458637619046,41.03581141926178,-78.46010742146764,DJ,blur,1,11634.624413092584,0.14439891278743744,0.0899532288312912,4.403802394866943
275414690944598,-13.67751150128,-71.664754722863,-14.582596597217556,-70.73269060242596,PE,blur,1,142.23075532899486,0.6604906916618347,0.4924575984477997,1.326446771621704
1234218287109955,-20.82413546364793,164.48620687630458,-17.498113303676465,145.69296126131587,NC,blur,1,2006.9712065895274,0.31582194566726685,0.11087791621685028,2.696650266647339
302961411491361,46.996007579057,27.801513788055,46.49835023540664,27.818240678687026,RO,blur,1,55.351645670028795,0.5202557444572449,0.11498567461967468,1.1097822189331055
948698085931649,49.321417002248,19.543460957034,49.52788419697598,20.06969776980688,SK,blur,1,44.44872035993071,0.22483137249946594,0.061489254236221313,2.7198007106781006
328279275310503,2.1101448348,45.328888943853,13.60431853528757,79.38433643815338,SO,blur,1,3955.636905784844,0.49117138981819153,0.2439866065979004,1.7255845069885254
3938529579574500,12.745875526918,-6.8748541915599,12.79681477554466,-6.805343799250608,ML,blur,1,9.428901447335111,0.9950504899024963,0.9913948774337769,0.03477702662348747
1194874720960051,12.083080655367,-61.701340518071,14.044272436765631,-61.01634684153486,GD,blur,1,230.34978235710753,0.6276804208755493,0.37127745151519775,1.0255932807922363
2660802827398825,16.196727547951927,-16.262142180464767,15.867323684318517,-16.405626149795783,SN,blur,1,39.70830132059516,0.8909289240837097,0.7848113775253296,0.3677828907966614
474318140350732,-30.186929671859,28.721722313277,-16.659834158644596,-69.2884630533978,LS,blur,1,9824.301268240242,0.8307914733886719,0.7464280128479004,0.8539034128189087
131538628927343,23.927591478789,56.89006326826,24.340081321741188,56.6274815610472,OM,blur,1,53.04476873661601,0.3899151384830475,0.16832523047924042,2.1743476390838623
956252018280238,5.6732085786965,16.632589745091,19.687946939163446,102.37159733427856,CF,blur,1,9350.69301162997,0.1744880974292755,0.011641502380371094,3.658226728439331
986557568784559,47.96199867689,3.329329196682,47.91762946147907,3.411487342222164,FR,blur,1,7.860999700169255,0.4066251516342163,0.2206103354692459,2.590681791305542
858888201360481,27.431311876486,89.411968800978,-7.266554170612293,109.737547449123,BT,blur,1,4434.90066934905,0.24086079001426697,0.09647497534751892,3.0863828659057617
1122494928228049,-6.2923231452892,176.31516236757,23.102806918097997,89.64794453733171,TV,blur,1,9942.906952693365,0.9911196827888489,0.9888742566108704,0.07815740257501602
822289958383794,41.363620514254,46.930408712763,41.7082346354561,46.62062763020849,AZ,blur,1,46.186506263224096,0.6094343066215515,0.23208525776863098,0.7749624848365784
507580496941067,41.24483557588,71.582892060753,40.29664385458205,44.0193610420743,UZ,blur,1,2313.8117642772672,0.32711538672447205,0.23304200172424316,2.823561668395996
850897392160274,15.37337039371,101.11838827961,15.23340941493495,101.1129678516982,TH,blur,1,15.57380516182427,0.9174743890762329,0.8998460173606873,0.5569896697998047
1479666545728283,-2.207944528615442,29.59226081231841,-2.2212263255334364,29.63552703526502,RW,blur,1,5.029130203550848,0.4548385739326477,0.05517148971557617,1.1480282545089722
580789552886656,50.678594855093,4.8188742178492,51.69521285707619,20.82638076643396,BE,blur,1,1119.075884116563,0.7089046239852905,0.6073036789894104,1.4868279695510864
795872621134242,21.469950825343,-71.131968567748,21.60579474157067,-72.21645060277986,TC,blur,1,113.18102561487757,0.9505849480628967,0.9194616079330444,0.23324693739414215
537185557301814,21.468632587884,-71.131614335596,21.39513557240734,-71.76900904225128,TC,blur,1,66.4784347475049,0.763771116733551,0.6447418928146362,0.7891362905502319
533124681034633,9.6221481881675,5.9902728883701,-17.993401241873798,35.790267654999006,NG,blur,1,4486.94779526217,0.42890021204948425,0.021741420030593872,1.4914730787277222
459637375114061,16.326241192515,-61.485416089177,16.337425468005733,-61.5147831846285,GP,blur,1,3.3714612182871466,0.2097911238670349,0.030593186616897583,3.2844223976135254
761065858107101,18.02556598756,-63.076095445477,-33.037379930593744,-71.50124150506454,SX,blur,1,5748.093762437022,0.1446925550699234,0.005567237734794617,3.7236642837524414
175886771114688,37.132743072818,71.445580058334,37.11661446485389,71.78064244028408,TJ,blur,1,29.76016198082572,0.9987176656723022,0.9977754354476929,0.011453897692263126
3028763490743210,44.505071370572,14.497751817403,39.651165262687186,3.370116414404348,HR,blur,1,1063.8695188491818,0.7053806781768799,0.6160271763801575,1.360407829284668
4083027895078105,6.922264444172,81.810604007404,17.285522108148516,79.79161696461779,LK,blur,1,1172.9988262676768,0.6457733511924744,0.4254937767982483,1.1272462606430054
196273232181806,10.57170873112,-61.274575577684,6.072996061038494,100.4207146170451,TT,blur,1,17270.538069697235,0.563079297542572,0.43100428581237793,2.238307237625122
311046543750546,5.8181956657151,-55.229591655912,5.833676096825112,-55.151706173435734,SR,blur,1,8.786009927974186,0.9756701588630676,0.9707199335098267,0.2039889544248581
1340777496415094,-24.184041937054644,-56.01406804634483,-24.221352443554583,-56.118367834726705,PY,blur,1,11.362661080420775,0.9999426603317261,0.9999154806137085,0.0006907391943968832
320265609670289,38.422783933334,-28.447899110035,43.35665178671893,143.22393099650796,PT,blur,1,10882.977096239789,0.398222953081131,0.31480881571769714,3.2428109645843506
587462658901340,49.482634783129,7.2198204378864,39.36055133726232,-84.76270005752328,DE,blur,1,6928.1346912206345,0.10289554297924042,0.03444104641675949,4.968046188354492
1117419915461502,-13.3507635470948,24.07831798797145,-13.415179582457059,24.584797744592457,ZM,blur,1,55.25485831362647,0.5274792909622192,0.29342517256736755,1.6068718433380127
293849812373143,21.729330866875,58.283925067403,25.255531475972838,55.59469902037737,OM,blur,1,478.44395058434185,0.36378172039985657,0.10884201526641846,2.233698844909668
913136816207204,27.685309394915,84.245084160599,12.858772668095396,77.67319922150091,NP,blur,1,1784.4148827533877,0.22652040421962738,0.054638221859931946,2.201514720916748
1427947294218129,38.134538979321,20.602291273787,41.46063737316344,13.148036206618968,GR,blur,1,736.0413657036152,0.9397530555725098,0.8874143958091736,0.28131434321403503
950864868999393,51.137636946693,23.395299320308,50.41210403271347,22.05588009944952,PL,blur,1,124.00837553194836,0.4792076349258423,0.34510621428489685,2.232320547103882
223308666224105,10.524123082769,-2.6530083555487,12.792407718111544,-15.52018670373005,GH,blur,1,1423.5468003214708,0.23724974691867828,0.02238178253173828,2.726141929626465
202168424910797,63.087501381586,29.619921161522,62.15958769338788,22.823568340614496,FI,blur,1,362.30220032835894,0.9380503296852112,0.8976619839668274,0.34626099467277527
134334415352783,34.771117780932,10.388663407803,34.751573783640424,10.499339894616746,TN,blur,1,10.341266842940266,0.7319848537445068,0.476288765668869,0.6525539755821228
1123967504754624,2.462911169111,9.8411851986574,7.880945722349772,-11.02755922125127,GQ,blur,1,2387.328703471639,0.3752937912940979,0.21381697058677673,2.733304262161255
563150931329907,-16.454467194083,-152.25488087725,13.183123883614432,-61.20948383846635,PF,blur,1,10528.22696170075,0.4311327338218689,0.2283378541469574,1.729838252067566
527782441730123,19.613317472222,37.21518325,11.407927935884121,-13.944827788546043,SD,blur,1,5537.302447921357,0.07709992676973343,0.021122843027114868,4.769837856292725
874132063313509,2.1211650392132,45.325477296944,34.67333869283272,10.706284494090944,SO,blur,1,5090.720596005995,0.188338965177536,0.029780223965644836,3.1889419555664062
1414690518888723,4.4280699971271,-7.3572366993037,6.49587025254223,2.5560601996153713,CI,blur,1,1121.0621741923644,0.5051907300949097,0.2942211925983429,1.6014680862426758
1488652064809969,31.757099517069,35.492951999494,27.612353621776286,68.73682436810229,PS,blur,1,3231.7400176541996,0.28805017471313477,0.05516412854194641,3.2523109912872314
548267689892757,4.8188638046841,31.553307958678,-1.2946039412462915,37.339909653461426,SS,blur,1,935.596239732451,0.7277294397354126,0.6232432126998901,1.301983118057251
151479410277523,13.926511407569,-90.820049410327,10.951288047841464,-74.78790992661666,GT,blur,1,1771.5212866147801,0.5938084125518799,0.39962896704673767,1.330199122428894
282741450237053,40.63918244788,14.689358309553,40.19384393269021,15.479255134372549,IT,blur,1,83.20970341008262,0.31026482582092285,0.16928385198116302,2.450838088989258
466856821203613,32.362756289357,15.075112091192,37.752108112752936,41.010603506973744,LY,blur,1,2426.9350704410303,0.4065079987049103,0.1677297204732895,1.9693176746368408
503692787493112,-8.4956747146718,28.873913205907,-9.7701595394988,28.101280813950705,ZM,blur,1,165.1612138226958,0.611733615398407,0.515682578086853,2.073007345199585
129527739201981,50.74400552946,15.089402768176,50.91170704302965,14.720615268476806,CZ,blur,1,31.916448577939526,0.3696497976779938,0.11787685751914978,2.515796661376953
459080448727005,43.398268683651,17.872251876102,43.5021163587377,17.853712790433804,BA,blur,1,11.643909100714428,0.31022122502326965,0.070604607462883,2.486424446105957
2599771000325900,10.491317886291,-66.940783689543,-19.760910022569977,-43.95491342877912,VE,blur,1,4201.224701095548,0.5407540798187256,0.28813496232032776,1.685200572013855
1586218158513391,-35.09726470656671,-71.96444205112698,-35.116130617834536,-72.0103993947443,CL,blur,1,4.677394886957138,0.7819865345954895,0.6756636500358582,0.8277498483657837
790312034924185,6.4665061966066,-73.264673048874,-23.490895728807445,-47.471700079154104,CO,blur,1,4352.156773964901,0.8507437109947205,0.8311495780944824,0.9317107200622559
3828714587227647,-28.982228650362,17.795137519664,-32.703982284399295,18.53142464193907,ZA,blur,1,419.76314006227705,0.6628701090812683,0.35782989859580994,0.8496021032333374
915335685911826,-26.650343222475,31.676701721271,-25.19487581186034,32.05056553257102,SZ,blur,1,166.10294223805542,0.6723046898841858,0.5254969000816345,1.290806531906128
295989332000056,-21.294072972472,55.453451741806,-20.91176520700425,55.53955782702987,RE,blur,1,43.438995972578745,0.535743236541748,0.07897248864173889,0.7411808371543884
762826894424335,15.953620769688,-61.226106662441,16.358172535108626,-61.46409881546585,GP,blur,1,51.66877769185929,0.7072933912277222,0.5352433919906616,0.9624444842338562
748877299000226,37.48624814219,-5.6260757420713,39.31048146588239,33.64804009488756,ES,blur,1,3401.613143173447,0.6679171323776245,0.48968738317489624,1.2917664051055908
995130811306873,23.092040987381,59.032220074214,23.02210636718027,58.69460501444787,OM,blur,1,35.406627232384494,0.5337872505187988,0.07879742980003357,0.76900714635849
173462692069034,50.00493277190843,-109.16881836125964,49.9075292777315,-109.60246769076505,CA,blur,1,32.85938313940554,0.6887862682342529,0.49908024072647095,1.2376928329467773
374397180633667,51.090338894144,4.5540810997605,50.83109327161033,4.328764252314578,BE,blur,1,32.86339334501825,0.19932511448860168,0.0592772513628006,3.244159460067749
925791128266982,3.9464155812419,-59.099715656841,41.26516733123878,25.236520717614955,GY,blur,1,9245.036870974798,0.3695434629917145,0.21779777109622955,2.8240604400634766
1008151256597783,5.4088235841337,-54.080394782482,26.281034362271114,127.78501809924856,SR,blur,1,16485.602398440667,0.1467835009098053,0.03252660483121872,4.029675006866455
183020897030038,12.165472591779,-68.284782803721,-24.456519070802127,25.42334574917008,BQ,blur,1,10933.2810365695,0.7417522668838501,0.6684696078300476,1.4383798837661743
497361505026790,24.459011977771,39.707017834424,33.66311271508603,73.08946037935708,SA,blur,1,3385.1478258070233,0.14499633014202118,0.0019073486328125,3.007237434387207
312120757154735,47.999359257395,28.38593989914,46.186371403469174,28.300399185118938,MD,blur,1,201.69899226871635,0.4792311191558838,0.396005243062973,2.2587530612945557
507960406990835,40.602484593203,70.9323931635,40.841424635763076,71.09135292585917,UZ,blur,1,29.754990763256952,0.5604960918426514,0.33422690629959106,1.5434134006500244
1068908920302393,28.118257713069,84.092550077463,27.990647952183593,83.33435409265515,NP,blur,1,75.74235303987899,0.4258407652378082,0.1864950954914093,1.777620553970337
2455881761214087,9.3112240684333,7.2316171757752,-11.777633514905554,27.206982446383417,NG,blur,1,3220.893278380605,0.2670392096042633,0.01784414052963257,2.799851417541504
308361434006892,4.4588854980948,-75.339098450144,-23.195396325474388,-47.067489246938955,CO,blur,1,4343.636220134564,0.35300272703170776,0.1572318822145462,2.8343193531036377
155484156583350,-42.588544997261,171.13273084297,-39.35393960851764,175.5427917564081,NZ,blur,1,516.0457895143654,0.6130532622337341,0.43985921144485474,1.4841443300247192
792143884742189,53.499641726189,-10.025130557347,53.48201937258209,-9.869434951598516,IE,blur,1,10.484865239303732,0.9956186413764954,0.9935973286628723,0.037900347262620926
538480140482205,46.417273237497,15.981580762317,44.60002209866558,7.751811726919148,SI,blur,1,672.0179786226918,0.09631361812353134,0.0019743219017982483,3.9777345657348633
968891463855525,40.418204733364,44.58904057928,40.3104490320506,44.230667126999215,AM,blur,1,32.64147946980075,0.4428117871284485,0.3005668520927429,2.1897518634796143
2562980810671463,39.539716862316,22.649912734594,39.316567544317294,22.53458847918516,GR,blur,1,26.717030582592923,0.3055977523326874,0.14632360637187958,3.02274751663208
840569223558585,53.471437474357,30.369358954069,54.86134776976413,26.366658133719227,BY,blur,1,302.88499352936003,0.5625032186508179,0.34332603216171265,1.1875734329223633
212713197082595,42.7199422641,21.124316375918,42.558531497693586,21.152984126485585,XK,blur,1,18.10060049396736,0.8814996480941772,0.8011729717254639,0.4754042625427246
300368228286972,2.6515753388508,99.632830332947,6.578218563805154,80.26413512744675,ID,blur,1,2190.1846831437215,0.2897050976753235,0.06548067927360535,2.6406333446502686
803382520382829,-28.928078796683,27.877133995547,-29.112576289806327,27.83677910091544,LS,blur,1,20.88706734795611,0.4208719730377197,0.13149529695510864,1.4536848068237305
1251699818583166,9.3253458360703,36.511457430463,-27.570909324740693,-55.74930922117765,ET,blur,1,10706.604649110335,0.1740347445011139,0.006255164742469788,3.1320791244506836
134346362021204,-20.169316372954,57.574783850557,-17.118728532166408,-65.9489879850238,MU,blur,1,12587.368560585881,0.3638182282447815,0.14134380221366882,3.0641374588012695
2659684644176450,15.207410023546576,-14.26851329497232,13.610572768216763,-6.610414487748502,SN,blur,1,843.5840686540829,0.6759817600250244,0.4019744396209717,0.9090703129768372
338266731040151,-27.714887442632,27.237097549584,-26.390650612069724,28.121121275980656,ZA,blur,1,171.3049506724985,0.3769597113132477,0.10518363118171692,1.9711389541625977
290719459343271,25.048779030648,-77.341776655437,18.589067210174544,-66.27216645122554,BS,blur,1,1348.7415772580475,0.7938284277915955,0.7661271095275879,1.3407509326934814
592656634965955,46.682736593205,21.206630159237,46.706210642554765,21.235392234104967,HU,blur,1,3.4095495795241515,0.2105391025543213,0.12105614691972733,3.7806310653686523
327481305476197,3.6341919176295,72.959377283817,-8.808247891127484,115.15838641242954,MV,blur,1,4878.242200657058,0.38807031512260437,0.2403821498155594,3.123575448989868
511298200008833,41.001835659413,71.969851087691,40.89561180203745,72.09765782973237,UZ,blur,1,15.960217851127618,0.9993600249290466,0.9991342425346375,0.006813538260757923
1048097032779725,43.42241145892943,4.995993425198574,43.512428869863065,4.950444065313789,FR,blur,1,10.66310963846443,0.3513433337211609,0.23126274347305298,2.7369513511657715
275678077530743,-17.141803188939,177.19494791591,-17.645914716306077,178.24918066531907,FJ,blur,1,125.12290882168496,0.9461556077003479,0.917172908782959,0.3196468949317932
292380389132080,14.868771348072,-61.121170377502,14.59937719835783,-61.04931394316333,MQ,blur,1,30.935889714062007,0.4326549172401428,0.05323094129562378,1.0975115299224854
195963679022241,41.444760586953,46.861020646343,40.69046020768191,46.431156642733455,AZ,blur,1,91.28811342951768,0.6461607813835144,0.3133077323436737,0.7987217903137207
967102544034985,16.986811638045,120.77076999861,36.47782036590767,138.2624038237045,PH,blur,1,2767.3665760187437,0.14028042554855347,0.012341275811195374,4.270527362823486
132001678913743,-38.053559635768,-63.429009930635,41.50397756619897,-102.47272835030908,AR,blur,1,9691.77078819488,0.1593342274427414,0.012686625123023987,4.318421840667725
4323012444383952,-25.366368202834,-57.609654895019,-25.356667278814484,-57.56703180965098,PY,blur,1,4.416453572557102,0.3868650794029236,0.031032800674438477,1.2612746953964233
1156261378535995,32.32323776884,-64.709264213971,14.622718771330117,-61.063996864882384,BM,blur,1,2002.582522539223,0.4394530653953552,0.216448575258255,1.6508549451828003
1022165461521852,10.726476338495,-14.376868641028,10.134047508654925,-14.635790344429155,GN,blur,1,71.70257885479074,0.9378718137741089,0.9193508625030518,0.37087303400039673
193167485884135,44.181071716568,19.719133913291,44.05259320481496,19.599680011251706,RS,blur,1,17.176375737369884,0.5798512101173401,0.3427843153476715,1.3674814701080322
2679866852305147,50.425563977087,60.525062163106,51.815790131562494,59.84538977682691,RU,blur,1,161.69900502503742,0.9895220398902893,0.9821102619171143,0.06755000352859497
924145305018051,45.915356124611,13.677818254528,46.653775614232764,13.849425345165109,SI,blur,1,83.16064637346338,0.11447301506996155,0.030619993805885315,4.745128631591797
3991894140857885,6.396085635246,-10.578195078991,6.42340339861538,-10.574708106194201,LR,blur,1,3.061936874335543,0.9968501925468445,0.9947167634963989,0.024822767823934555
3753076561487105,2.0937663139626,45.333850241529,33.99024240640102,10.010636692585136,SO,blur,1,5098.941283671472,0.21833951771259308,0.014377236366271973,2.6683785915374756
4014259028668392,-23.777002866313,29.535916133115,-28.73685702785011,29.47541406091137,ZA,blur,1,551.5435847156948,0.8383293151855469,0.7639262676239014,0.9171807169914246
1164259444051011,-33.004571460529,-56.45950492044,-32.9505378143396,-59.013759620368944,UY,blur,1,238.3298121898925,0.5870361328125,0.5014035105705261,2.241971015930176
427797935584192,-3.381688479243244,-44.524339863567576,-2.403314492605469,-44.48843337495679,BR,blur,1,108.86327569294323,0.9778034687042236,0.9695183038711548,0.16252759099006653
348228456711934,0.368039651477356,6.712420799552506,6.096098207735938,1.086395693538779,ST,blur,1,891.8885335418738,0.5018929243087769,0.37376704812049866,2.2148520946502686
4037485459669920,4.8556815609205,31.589953699137,-3.29069066540829,29.19418807048108,SS,blur,1,944.124989396004,0.4325474500656128,0.006141573190689087,1.3054535388946533
157040263028996,18.045966582305,-63.112275507715,-12.953971047620543,-38.42836909055119,MF,blur,1,4383.431177764996,0.9508678913116455,0.9441586136817932,0.36267760396003723
1124425647962016,-8.100649444444445,156.82296055555554,-9.312330182564995,159.16279938039705,SB,blur,1,290.3302817181348,0.9977378845214844,0.9965083599090576,0.020925069227814674
190098606266094,55.069795005888,22.812891905378,56.56275711481661,26.953172268433295,LT,blur,1,307.2740557583961,0.1172841489315033,0.004118569195270538,4.051413059234619
3863626387049111,15.379540488714,-61.26786022339,18.64242737023766,-74.10989865817044,DM,blur,1,1412.4065820257556,0.8125700950622559,0.6273913979530334,0.4961642324924469
807900806500123,19.60787766549,37.220870972767,13.375006428547927,-6.709759432381822,SD,blur,1,4722.316169690715,0.6797966361045837,0.49984532594680786,1.2479881048202515
135555819075899,46.30515446867184,15.555693802754446,47.53080165469237,8.524772205799863,SI,blur,1,550.9058914675264,0.30493077635765076,0.19564299285411835,3.2612226009368896
152233856857550,11.552312562133,43.119735981314,-6.854341046157141,39.24034323766713,DJ,blur,1,2091.2309747223403,0.13439257442951202,0.006102666258811951,3.005646228790283
319392699542913,1.3294518861992,34.311410798855,1.9646796318179798,34.394808919898814,UG,blur,1,71.23974561582774,0.5798866152763367,0.18771249055862427,0.8077840805053711
991289955033112,34.234741855173,35.65948675276,33.896139660723826,35.479239490690446,LB,blur,1,41.1491416173281,0.7581788897514343,0.6897130012512207,1.124276041984558
328520695545965,63.434626046589,-19.024249484436,64.91746579883636,-23.220809018307513,IS,blur,1,261.64628185635064,0.7168155312538147,0.5640892386436462,1.096695065498352
464789361418887,3.807393,113.74682650005,5.258638245497794,115.54099774031737,MY,blur,1,256.1077739335551,0.8626514077186584,0.7404351830482483,0.4954342544078827
1310937239362809,-16.05923501421255,28.45034874273332,-15.535533339544147,28.88613281560597,ZM,blur,1,74.59970265727719,0.8180342316627502,0.6748437285423279,0.6296670436859131
1177148709364507,3.9517282399816,-59.127383286379,-27.471203279143563,-58.92605301984082,GY,blur,1,3494.137341876114,0.4393031597137451,0.08643129467964172,1.37703537940979
141607461308537,-22.361528273609,-59.837892878355,-24.426478722464292,25.3312783053528,PY,blur,1,8540.523453426607,0.3741115927696228,0.13454589247703552,2.5321061611175537
463077528107904,-4.7878008330033,11.864756923075,5.320348218707558,-3.9876069209004545,CG,blur,1,2088.6115465989355,0.9954779744148254,0.9931073188781738,0.03562799096107483
173215948022940,8.5714365537216,-9.8691302343456,3.6757260954447126,11.141409965518186,LR,blur,1,2385.00994574785,0.9730656147003174,0.9511787295341492,0.1448521465063095
3926033430843905,32.171256244263,35.467920604541,32.125663449969025,35.29797442496173,PS,blur,1,16.78367779803153,0.8863474130630493,0.8670780062675476,0.7630922794342041
916665025779516,24.524150796485,67.540287646591,25.120419918863004,68.46983574433446,PK,blur,1,114.87595778534788,0.24263115227222443,0.08644972741603851,2.9193477630615234
842532369808274,41.215589499727,-7.4506176074975,41.16566910322942,-7.527533297579401,PT,blur,1,8.499127864487027,0.3755655884742737,0.0932619571685791,1.8539468050003052
909312326294088,28.050014468342,-14.340539294975,36.62771338829105,-4.5208874765977045,ES,blur,1,1325.4082382628385,0.222995325922966,0.010867148637771606,2.640617847442627
1207676993015897,10.787243979814,-68.323068119416,5.196395227284346,-1.1090670256502344,VE,blur,1,7414.698987201007,0.7995378971099854,0.7512800693511963,1.1066296100616455
317484316498860,51.531648181729,128.20909035955,56.79325658555976,60.84521309214115,RU,blur,1,4243.905759092039,0.44512784481048584,0.22894224524497986,1.5546385049819946
947661819318356,17.121694235905,-24.994762874038,15.711546135605477,-26.01141731168222,CV,blur,1,190.64287764255982,0.9873631596565247,0.9814606308937073,0.08597765117883682
3947329925333716,12.679493966294,-6.7269231036328,12.656450562584416,-6.479176738187799,ML,blur,1,26.999400917770025,0.9991078972816467,0.9985560774803162,0.008074338547885418
142131454599179,24.557496611483,35.148695104321,38.69401219711772,33.81408630996447,EG,blur,1,1576.924525301734,0.6447235941886902,0.4961741864681244,1.7614301443099976
165567675960284,19.612087898208788,-70.1751715983372,19.6029434018094,-70.70411181638107,DO,blur,1,55.41426979646767,0.4214125871658325,0.009979844093322754,1.218470573425293
1366666657062368,47.544360211205,12.177256693404,47.33365502609866,13.287344336598611,AT,blur,1,86.713341039302,0.24657778441905975,0.05133967101573944,3.1515512466430664
829244944391118,39.11803685393,-7.7196219014644,39.34115951806279,-6.497497538366743,PT,blur,1,108.14920591572466,0.4670621454715729,0.22622379660606384,1.765944004058838
298013541938371,41.541448730912,-8.7560397976019,41.26307718338753,-8.223018674645983,PT,blur,1,54.17123082750224,0.7996681332588196,0.7418879270553589,0.9599434733390808
930318810923353,12.290897526921208,-69.09122276531554,36.50056982539309,2.496342774906249,CW,blur,1,7560.575660370847,0.17536857724189758,0.07443539053201675,3.9288477897644043
503246924141783,15.602839427825,32.487242561959,24.701719900092264,46.688261035244466,SD,blur,1,1792.5780428924481,0.722621738910675,0.560289740562439,1.0065258741378784
449325599700589,50.12174331487,4.4948783441326,44.36885419644308,39.262087909321096,BE,blur,1,2675.0266632414164,0.1735781729221344,0.05191519856452942,3.957183361053467
467405711031097,17.992572255683,-66.263814308226,38.0862117583646,-0.6477167667221255,PR,blur,1,6674.672546341583,0.9068335294723511,0.8949277400970459,0.6998952031135559
288246882935326,40.557590089793,75.163197454637,-16.486463665230385,-48.50111127061584,KG,blur,1,14015.078838875805,0.24362824857234955,0.20157866179943085,4.806417465209961
505540450790369,22.70995468898,92.098773627243,23.815010371270194,90.30351406194696,BD,blur,1,220.7497922769239,0.7211322784423828,0.5078545808792114,0.8868193626403809
591386078920254,62.107759453888,-6.6834959276139,62.08806572337982,-6.960373594875093,FO,blur,1,14.572790597394793,0.9290406107902527,0.8607000708580017,0.2720925807952881
370606561029319,10.210502973191,-0.07341133185964,10.107657344529075,-0.039961855568211656,TG,blur,1,12.007652746949201,0.9999898672103882,0.9999859929084778,0.00014423967513721436
439450394288287,50.054284237917,38.880788589348505,50.02422291355873,39.09453670049401,UA,blur,1,15.626797344519066,0.6070753335952759,0.5347510576248169,1.8247791528701782
310375324029868,-37.347698548595,-71.82270654997,-35.50243288365603,-72.51092396093107,CL,blur,1,214.22238529926753,0.3757059574127197,0.06042197346687317,1.6649675369262695
981591149045969,18.008278271819,-76.772753375805,9.058621602182988,-79.47504111682694,JM,blur,1,1037.0515181852343,0.6414017081260681,0.4400893449783325,1.2594594955444336
538662890462002,22.639099459104,-80.443942528532,22.54109941701637,-80.2998395335362,CU,blur,1,18.374262461215956,0.901407778263092,0.8674991726875305,0.5183899402618408
481222069768896,22.306404025662,114.25196352132,22.273257396776366,114.1911400327488,HK,blur,1,7.262635323206065,0.4955970346927643,0.2530521750450134,1.1690843105316162
853822608822418,-13.764240001823,34.415945000478,12.86976352030283,77.57644592259508,MW,blur,1,5601.94202391668,0.14003100991249084,0.0073280930519104,3.29813289642334
2945544342367414,18.448984494982,-64.550096065019,18.75740034781059,-64.58234511966943,VG,blur,1,34.46226550811362,0.8228933811187744,0.7375601530075073,0.7808963060379028
733805970633940,26.209879663614,44.103482474166,29.729469001498252,31.063593875337418,SA,blur,1,1338.1337341304531,0.40704676508903503,0.028745919466018677,1.6480426788330078
2579377392357434,34.360744713034,0.072177953700416,34.259905662312136,0.08777925123560795,DZ,blur,1,11.30397968297681,0.9560710191726685,0.9124621152877808,0.1828223168849945
321976292610460,2.6050561253904,-76.72716581048,2.545150720144141,-76.68181976555286,CO,blur,1,8.351301900196598,0.7735745906829834,0.5985866785049438,0.752557098865509
246778030560130,22.378053670525,103.87749530607,4.7479449681366415,-74.2034382450068,VN,blur,1,16991.599298157173,0.0705714300274849,0.005807742476463318,4.743282318115234
132463405538393,51.895041095248,4.7359317785887,53.147406430092374,5.9403529885756985,NL,blur,1,161.34176244577074,0.19323261082172394,0.06643284857273102,3.089901924133301
159985626091830,42.085182325218,23.055097885585,40.207139274545376,28.992147937164056,BG,blur,1,539.0539516431254,0.3355865776538849,0.02977091073989868,1.9463672637939453
740422473321001,35.328722082019,33.504620154232,35.4158553065939,33.94161074053874,CY,blur,1,40.78896650705143,0.40120598673820496,0.06402891874313354,1.356459140777588
6049840251722845,8.4468470660858,-83.484163463651,9.534493343480497,-82.77666446293397,CR,blur,1,143.75096178843944,0.7944966554641724,0.6985772848129272,0.8836214542388916
138432154861804,35.516834375223,24.116877817233,-16.727901829884022,-48.77663945248424,GR,blur,1,9611.789038538791,0.7082324028015137,0.5534104108810425,1.2164063453674316
171677658627663,18.637934456903466,98.81616605062511,13.236268077909727,101.0294988378582,TH,blur,1,645.5368104321223,0.5380891561508179,0.4214508831501007,1.9659373760223389
473447400410020,45.472666923779,13.751881662375,42.15697319061514,21.423213888144343,SI,blur,1,717.0248267233713,0.16290704905986786,0.09031011164188385,4.264092922210693
208370247526297,56.307504479799,9.1351912802156,56.66930510612964,9.63552978550375,DK,blur,1,50.61577557689036,0.19907093048095703,0.044307321310043335,3.1844191551208496
1163829564042676,17.629236812387,-63.23181172096,-20.162048898925164,57.50589344996045,BQ,blur,1,13807.021773874902,0.2882847785949707,0.1383758932352066,4.227535724639893
1180300995725561,32.355451166141,15.079114167989,35.6720214162334,-0.5870944720867827,LY,blur,1,1488.4688579819724,0.4195607602596283,0.13373371958732605,1.4648933410644531
1162905660800863,17.15804609038,-62.622664100026,14.618378466758195,-61.043292132077326,KN,blur,1,329.0487317840711,0.7050398588180542,0.5184998512268066,0.9165201783180237
780194756204466,31.983423754021,34.895586904175,31.991949023279545,34.83959158764574,IL,blur,1,5.365399460093952,0.350254625082016,0.05794873833656311,2.4186463356018066
789897778580281,54.185632103826,28.47319812173,55.997868117504254,37.87335364988835,BY,blur,1,630.592863198598,0.168181374669075,0.05831984430551529,3.33791184425354
769108033797400,-13.06839043317,-76.274611371143,17.863932763755642,106.31136956834969,PE,blur,1,19414.176838601004,0.3107895851135254,0.21178513765335083,3.2740070819854736
5011086665646025,13.613395452952757,-16.429313461515747,14.817901555733984,-16.812443481196613,GM,blur,1,140.1570164063526,0.8649820685386658,0.7685349583625793,0.5591854453086853
3772032009586752,-4.0767885530923,29.088814837055,-3.2540097795729728,29.36728046190973,BI,blur,1,96.56623207924792,0.6501616835594177,0.5681519508361816,1.710984706878662
971793776898906,-34.758013649475,-55.95646902546,-34.76262586643443,-56.076392312983764,UY,blur,1,10.967175807346688,0.43769145011901855,0.0718238353729248,1.2605277299880981
745163459490620,31.824187546378,35.267560408259,35.70378912986119,-5.785793936222042,PS,blur,1,3791.9375548603894,0.9427903294563293,0.9326671957969666,0.4249892234802246
531383694528931,37.605095136322,48.695122536588,36.057188779520395,50.476967949245065,IR,blur,1,234.02945856466448,0.40861353278160095,0.14897781610488892,2.001361846923828
355157592673467,1.0703328887576,103.96283377749,0.911769156896198,104.11485391777552,SG,blur,1,24.423846476221012,0.796098530292511,0.6974429488182068,1.0121874809265137
303575617923017,-9.4382405064784,147.20811425115,-9.3045431436704,146.95723800595889,PG,blur,1,31.282165967180646,0.9665682315826416,0.9476649165153503,0.17424055933952332
1038259080102537,-26.782850103384,31.938656241877,-25.150437232933324,25.145257891769397,SZ,blur,1,702.8612474976782,0.24001915752887726,0.16933801770210266,3.922727584838867
459158871851075,10.792404464252,-12.298637806325,10.142844335934418,-13.137585383693645,GN,blur,1,116.7557918774771,0.9978682994842529,0.9969297051429749,0.01939825899899006
288005262963881,-21.597843332119,23.667795003616,42.062843291287464,25.0352227126013,BW,blur,1,7080.142808072664,0.16206300258636475,0.08315148204565048,4.770726203918457
311438013831843,16.840623273889,121.74439328693,9.140720785467094,98.91220500326718,PH,blur,1,2614.9767704888236,0.39005792140960693,0.23716986179351807,2.6797966957092285
457187265449390,18.32580535956599,-64.95398969507924,36.61569112952578,28.274437298287,VI,blur,1,9082.903110350351,0.572842001914978,0.38956430554389954,1.9778218269348145
327825698973041,39.559288635696525,72.9109157130074,37.725809459855036,74.6502783066018,KG,blur,1,253.72833924623222,0.6817104816436768,0.550348162651062,1.1374038457870483
1376712112713014,5.1198336159589,-52.65735432583,-7.530454211327761,-35.27232871049538,GF,blur,1,2387.2034657763566,0.46737274527549744,0.2908870577812195,2.0100085735321045
524817781855332,-14.010419075563,-171.76031777505,-9.653409989182048,-172.15432317246697,WS,blur,1,486.37022789959747,0.9998084902763367,0.9996614456176758,0.0020183632150292397
858561451393926,36.701828275673,67.096598041303,24.815521872665926,46.66737605180956,AF,blur,1,2349.153366520871,0.10874084383249283,0.000256463885307312,4.164114475250244
177928610855949,6.391780060521,2.6237783121974,5.169563248163378,-3.2590521936859385,BJ,blur,1,664.8376257638249,0.9988862872123718,0.9981849193572998,0.010673552751541138
747501719832988,-9.89210909998267,38.8967731000014,1.9149388669758973,32.50807800150461,TZ,blur,1,1491.3314613507134,0.8198503851890564,0.71980220079422,0.7183648347854614
488569252193683,12.539996192436,-81.714972968868,10.666238875850963,124.46593759523242,CO,blur,1,16140.220036675079,0.8497539758682251,0.7061455845832825,0.4677755832672119
762294004482937,20.222569995853,-76.036013281341,44.39226529676596,-79.29285604630202,CU,blur,1,2704.349286712818,0.4387401342391968,0.20689405500888824,2.0498459339141846
526448611961086,7.924136171510359,-11.169831512240096,8.91519551417707,-11.926407214666423,SL,blur,1,138.09309537669506,0.5905050039291382,0.3195202052593231,1.3738822937011719
1359226914447321,10.466207945458,-85.77513112055,13.886570048154352,-90.28511790263983,CR,blur,1,620.3734752218845,0.7964861989021301,0.7111107707023621,0.7961241006851196
478165190183611,12.430745089839997,-15.317974157219002,12.34268389318176,-13.903114856610202,GW,blur,1,153.97444440326154,0.9998593330383301,0.9998289346694946,0.0017919030506163836
336533984561274,18.419385888373,-72.877030607553,18.532245364284897,-72.63228185778088,HT,blur,1,28.701072518769568,0.9997220635414124,0.9995872378349304,0.0029703464824706316
292195892390772,-13.068772639841,-76.278890129748,17.9013470962515,106.33668113127754,PE,blur,1,19409.073230858925,0.8652852177619934,0.8512340188026428,1.0367772579193115
786215532287048,19.827903639239,94.949804250429,16.441851206301934,73.57613081703374,MM,blur,1,2288.0580065178838,0.5229488015174866,0.18802592158317566,1.3641506433486938
4028024750648073,-1.455427434928822,29.883620710338125,-1.4000805387605544,29.791538347426172,RW,blur,1,11.943585589591796,0.9699796438217163,0.9519691467285156,0.17010526359081268
481816143100801,26.018200502837,50.622605427635,26.033541476042405,50.613433999019314,BH,blur,1,1.9364087548108784,0.8779788613319397,0.8374422192573547,0.641750693321228
304881227850189,22.470625099054,114.10853488259,22.385105767048753,114.08511029478217,HK,blur,1,9.809383173858226,0.8482238054275513,0.745911717414856,0.528453528881073
126797393065714,49.84047838484732,15.803297909812008,49.76959499284729,15.997196992010613,CZ,blur,1,15.992217478242944,0.2666427195072174,0.07349906861782074,2.550416946411133
1211101869349798,-10.507365795363,105.65356096619,17.68165684742772,-88.17493446244343,CX,blur,1,18324.97739747506,0.1311211735010147,0.03750242292881012,3.9482781887054443
1357493864625552,2.1640539673148,30.64994870704,2.1606014640349964,30.73717581061345,UG,blur,1,9.699904917726963,0.9975889921188354,0.9961461424827576,0.02053231932222843
934011534098551,12.028286166295,-61.732840110417,14.030849912994645,-60.96303436711617,GD,blur,1,237.7771360362682,0.94471275806427,0.8992540240287781,0.25688639283180237
500159881489089,7.342259838854188,134.46879110851162,37.26714678400406,-80.60030328574229,PW,blur,1,13860.912462196215,0.2163695991039276,0.08380194008350372,3.6817073822021484
2829740963958043,-2.733735821930212,29.43081567684662,-2.0195076493723967,29.82697060436802,BI,blur,1,90.79858648238715,0.7667043209075928,0.5935367345809937,0.6993155479431152
300848138109718,4.2523717777778,-55.444873805556,0.7917337198212051,110.03903761266758,SR,blur,1,18307.49267305053,0.40124228596687317,0.2919151186943054,2.7314672470092773
2960966407518451,59.940574907434,18.785342625587,58.684406776011265,22.84079017683102,SE,blur,1,269.1455402472851,0.38654956221580505,0.2974550724029541,3.0142698287963867
220493529416834,14.451610237561,99.415018949546,17.973525841999397,105.02630113518764,TH,blur,1,715.6550560094877,0.8397321105003357,0.7661270499229431,0.7641647458076477
516560806259751,-18.175596732511,178.20009731967,1.5059859025109827,153.29636912954388,FJ,blur,1,3495.00913099949,0.7657237648963928,0.6869176030158997,1.3376296758651733
294110862335495,53.181595920049,5.7480942483866,53.452459797526316,18.596488982037734,NL,blur,1,852.8476464220623,0.13496579229831696,0.0048274993896484375,3.8324496746063232
244296907493001,65.57013399313,-19.349029020965,65.7466100886313,-19.271891171877883,IS,blur,1,19.939170800942854,0.9616825580596924,0.9234415888786316,0.16320101916790009
233889245170464,4.8560503387361,31.612436706474,12.10289968562906,-86.26140787909337,SS,blur,1,12894.17118072135,0.3226972222328186,0.14787611365318298,3.1914968490600586
1927622730739430,40.369069324101,18.219159988562,40.620130664196786,17.913804161157763,IT,blur,1,38.027101526688334,0.8314303159713745,0.7508621215820312,0.9973378777503967
471926114136200,4.5631962676901,114.07349517648,-22.80717859799795,-43.670503600325766,BN,blur,1,16879.010107301066,0.3526962995529175,0.17059515416622162,3.2706804275512695
1192683651176123,9.0895860909637,-79.618866004971,-24.05042788898982,-47.50081351403688,PA,blur,1,5073.43434376739,0.4011707007884979,0.20397602021694183,2.5853843688964844
1413530045696031,-15.969463833371,168.26130683879,-1.9711123233583183,148.08341636710435,VU,blur,1,2703.1352423602693,0.3133944571018219,0.02822592854499817,2.060852289199829
299499428465574,22.36370144725,113.94841256522,22.49867174997557,114.10377856523309,HK,blur,1,21.914435428782728,0.3797363340854645,0.0822078287601471,1.74820077419281
189606749553432,56.525393057968,10.08101978509,56.265951240983846,9.391014610448204,DK,blur,1,51.33595887168737,0.5963385701179504,0.35386404395103455,1.4631574153900146
1108722216274003,1.3887705484241,173.14385660736,-8.69090203347421,159.1460223909655,KI,blur,1,1913.8142629170063,0.7350402474403381,0.6566130518913269,1.293655514717102
240591061153313,9.7075559946148,100.00619099387,18.75599087283737,99.0216255175345,TH,blur,1,1011.706985696622,0.30639368295669556,0.10664287209510803,2.279616117477417
794974811139135,32.804114385981,13.043328230439,36.6760820242513,2.9322796800467423,LY,blur,1,1018.5374321137239,0.5837550759315491,0.4555947184562683,1.825943112373352
1107588656407422,-46.062736055573,169.00760704864,-39.619728118582294,175.68507619676694,NZ,blur,1,899.1125298841221,0.33954137563705444,0.11164973676204681,2.2612760066986084
1279096795825768,54.406755367854,-8.4796165911836,54.34799449684236,-8.539771854270095,IE,blur,1,7.607257357899504,0.795366108417511,0.6805158257484436,0.718739926815033
193108499326081,-6.7004249966118,39.206861112601,-29.31699397165751,27.473973532837043,TZ,blur,1,2799.4376140046097,0.39667442440986633,0.06539949774742126,1.6368992328643799
291897862594169,27.521924666676,89.820270487386,27.982727404385052,83.58607772277325,BT,blur,1,615.537347924539,0.9906319379806519,0.9887946248054504,0.08426324278116226
123070833137806,5.8145917994639,-55.143095980408,5.846840583374148,-55.209467485979744,SR,blur,1,8.170895920848428,0.999790608882904,0.9996833801269531,0.0022114519961178303
5396405327097940,69.21259125489,-51.103395948712,78.26508885603712,14.05955890976294,GL,blur,1,2109.4979200548023,0.7355742454528809,0.5530969500541687,0.8810091018676758
957601181668431,-51.706042723598,-57.906993308318,64.24159110796046,-20.437367729709432,FK,blur,1,13292.847473482652,0.8730707764625549,0.861144483089447,0.9770402312278748
604130717650197,-1.9959688798483,30.050157126173,-1.9966130127680357,29.955620776992344,RW,blur,1,10.505826689367451,0.6459819078445435,0.33020076155662537,0.8302866816520691
1941512039367524,30.98571832847058,-7.229221956634584,33.589045585388604,2.026310736405617,MA,blur,1,916.5182554626678,0.12602639198303223,0.005553990602493286,4.090236663818359
196243366278308,13.167682777777776,-59.53696416666668,13.215132833502247,-59.61177549749013,BB,blur,1,9.666145522346907,0.9999905824661255,0.9999821186065674,0.0001259705313714221
215411967015224,-16.468819194731,-71.941378039278,-31.47375041998765,-68.72945796761879,PE,blur,1,1699.8009799863796,0.6215640902519226,0.5081135034561157,2.0999724864959717
1450360272005106,15.921467840879,-16.279407687736,40.18416978951246,-86.20999829720076,SN,blur,1,7181.952689951639,0.7198565602302551,0.6691094040870667,1.720725417137146
756714068376834,4.8155110248734,114.77642618053,4.632050185865748,114.58384081241971,BN,blur,1,29.52333923991173,0.7091248035430908,0.49887704849243164,0.9846287965774536
2918063678449936,8.0011665869234,38.705149393002,8.338649684126958,39.1827102024587,ET,blur,1,64.58431636542063,0.9999998807907104,0.9999997615814209,3.4942124784720363e-06
1001295333882125,40.63113853803493,-6.0362211199295865,40.631639632740765,-6.200849979536273,ES,blur,1,13.892721214324386,0.5863821506500244,0.4370790719985962,1.717458724975586
808035410091724,16.206487661547,77.345926501434,8.795923016253075,7.392101234438224,IN,blur,1,7606.835444103714,0.9921470284461975,0.990321159362793,0.0674072727560997
268897404930235,57.163975404144,-3.6875044027183,57.55516086141763,-2.9052123358424273,GB,blur,1,63.97841668835618,0.6697471737861633,0.6072630882263184,1.943340539932251
1125401674596218,39.823992064377,42.428897726042,39.85260297154181,41.169979664853614,TR,blur,1,107.53466219293357,0.918481707572937,0.8409268856048584,0.3066686987876892
526674661844363,36.219109563696,44.414746657631,36.999352595507794,-3.399141321171709,IQ,blur,1,4222.660330508996,0.30037590861320496,0.09949448704719543,3.2752275466918945
964858007616084,4.2630124849459,73.563178328896,10.108331786631942,-75.86248048444703,MV,blur,1,16270.803728282275,0.6751688122749329,0.5095862150192261,1.4233661890029907
5490667957675480,5.2624334865771205,163.0047322024813,4.570147440367504,156.60236679346414,FM,blur,1,713.4493107882458,0.9982749223709106,0.9968559145927429,0.013663900084793568
573195574072375,-15.671003834964,-48.191441316741,-15.745286810576172,-48.0078413083568,BR,blur,1,21.318156502445508,0.30146560072898865,0.09419761598110199,1.9469959735870361
892381884955306,58.981961021242,24.221882703215,58.61151195732701,23.83033331330617,EE,blur,1,46.963254051672784,0.4243331849575043,0.315432071685791,2.4676363468170166
5416581451690167,8.876751843202419,-64.23554389395768,-7.34135955161376,-35.44057876429657,VE,blur,1,3665.1442661244832,0.4676993191242218,0.26905351877212524,1.7333325147628784
482078066336394,-18.636202891772,-174.01936863548,17.34654987441394,-94.24337719397808,TO,blur,1,9591.447628051483,0.9205431938171387,0.8979186415672302,0.4921327531337738
329210971927794,5.843070862629,-55.089876855582,5.844579188722253,-55.1284735412085,SR,blur,1,4.272744883663835,0.9772083759307861,0.9718515276908875,0.18626610934734344
251937010050891,47.507459505795,21.685088460781,12.188360189900035,-86.65475676438474,HU,blur,1,10339.481501578462,0.9808769822120667,0.9777089357376099,0.16720137000083923
469124120816531,33.256755487161,126.61974805537,21.50293456529629,-104.85362061272407,KR,blur,1,11839.493826165457,0.2203793078660965,0.0672607421875,3.0623679161071777
6544008378958782,42.576053933645,12.422579613177,44.60663553356639,4.657238199627166,IT,blur,1,664.5709589871692,0.49805405735969543,0.44203585386276245,2.9889392852783203
468826351040628,-32.904700967934,-52.731761718702,-32.52594424535661,-52.7722766606123,UY,blur,1,42.28604769520125,0.9997467398643494,0.9996971487998962,0.003333119908347726
458089889154332,49.9716081757907,38.98921274981689,50.062438891588265,39.14230029643884,UA,blur,1,14.887856551175076,0.9933766722679138,0.9912489652633667,0.059732835739851
913455289198852,10.638477230341,-61.313394324688,10.585344965401198,-61.266057833122176,TT,blur,1,7.853062317037134,0.825874924659729,0.7086744904518127,0.6773750185966492
391651555234292,4.7891910927864,103.42511490766,5.4851324952264475,100.46621648806948,MY,blur,1,336.70396434249005,0.9934309124946594,0.9923610091209412,0.06021405756473541
169873605037737,10.045722702666,-83.299560625022,10.143232079351616,-83.64570094265468,CR,blur,1,39.41393098731815,0.7655118703842163,0.6855637431144714,1.0244088172912598
1032233080991900,39.140834029054616,20.961949886464165,38.41446656989693,23.651424826249013,GR,blur,1,246.72080160090528,0.7809792160987854,0.7320204973220825,1.1582043170928955
375451844456388,-26.804552190115,31.961012436385,-16.54114199711063,-48.410915706892844,SZ,blur,1,8255.899073107623,0.7989715933799744,0.7619366645812988,1.3086334466934204
855805948342180,44.525909974035,15.903249699487,44.37446567686756,15.82558817843508,BA,blur,1,17.93271060783973,0.3389599919319153,0.03532010316848755,1.9993984699249268
139526285635637,13.217826050214152,2.929162678521952,12.660857765351812,4.466399279486135,NE,blur,1,177.7310093877316,0.41603365540504456,0.060232460498809814,1.886991024017334
5442759149130487,67.890019179633,20.308537274689,67.56866607896693,21.206509484017076,SE,blur,1,52.045252187100054,0.9645369648933411,0.9426522850990295,0.2017960101366043
3921179927973144,54.246330015747,-4.5628069974706,54.36424633302808,-4.955934010222849,IM,blur,1,28.678269625511902,0.9838832020759583,0.9734918475151062,0.11368740350008011
469492320924211,38.276346407666,57.98363402764,38.07929621863061,58.137722429478806,TM,blur,1,25.71965326387206,0.9994015693664551,0.9990476369857788,0.005979799199849367
310307137129739,48.189212227502,-106.60069617067,42.50084983735439,-96.42738006856331,US,blur,1,1014.5174856642641,0.11588991433382034,0.04823581874370575,4.428426742553711
383397352939199,39.95006776682,140.12870703204,39.452313391343495,140.7430985723568,JP,blur,1,76.3289557054593,0.20916803181171417,0.023290812969207764,2.8104488849639893
1688335251353973,-14.865382426326,35.3053829175,12.179515989536052,-5.614643764662648,MW,blur,1,5417.153420458737,0.2884186804294586,0.16576415300369263,3.5357160568237305
368819684557497,9.8821178559993,-84.703514000306,10.426253095328287,-84.73046983010732,CR,blur,1,60.57696985307518,0.3498181402683258,0.1310642659664154,2.1186790466308594
3142165536067308,8.892556698116664,-64.244099923535,19.477894143993243,-70.79104996435514,VE,blur,1,1371.7981315396842,0.3189220428466797,0.01874995231628418,1.7670375108718872
916461445802958,18.351592546824,-73.166686920189,18.63089981114923,-72.59002973560172,HT,blur,1,68.28268143062778,0.9126861691474915,0.9004426598548889,0.652426540851593
1438450646526614,11.602056871897,43.143067800469,35.5405565888966,-6.023830563537664,DJ,blur,1,5598.806650622873,0.815829336643219,0.7766115069389343,1.0775142908096313
171644361525352,3.2965683888889,-59.645080555556,37.6470036934475,-100.475499990462,GY,blur,1,5638.763926944686,0.17927710711956024,0.013080909848213196,4.397464752197266
3643623472415985,13.248359768362,-61.267804498546,19.34168110232222,-70.62904857247428,VC,blur,1,1206.6187900781408,0.41866058111190796,0.3641039729118347,2.9310333728790283
974847123463445,45.48089676461988,141.9141645369168,45.38835368426277,142.03817600261138,JP,blur,1,14.125249303373389,0.9872699975967407,0.9861445426940918,0.1261502206325531
219450919950414,4.2765353097168,73.575427012288,55.64039806509111,13.018374194147638,MV,blur,1,7809.434492684304,0.14572405815124512,0.07767552882432938,4.578546524047852
197777158852668,18.542511750027,-72.425551013845,18.79189143061831,-72.33475582059545,HT,blur,1,29.333011202386967,0.3337508738040924,0.09231744706630707,2.1654253005981445
1673203299531642,49.085005765367,-1.4823203864636,49.351683393139346,-1.6028448570168325,FR,blur,1,30.91826091975758,0.9920085668563843,0.9868767857551575,0.06336212158203125
1605231949662620,31.431741304615,7.0759601080198,43.041344858302786,17.849892016505216,DZ,blur,1,1602.0901528460126,0.18027934432029724,0.03874623775482178,4.7099409103393555
451593852608237,49.039623298927,17.575489860882,49.20388009446215,16.71924686224336,CZ,blur,1,64.9317528131941,0.38978269696235657,0.3421047329902649,3.375878095626831
304641044593781,8.0755534487471,-80.948273440388,-20.619505986297533,-40.574430699173796,PA,blur,1,5444.920017677659,0.5735545754432678,0.5276651978492737,2.5108845233917236
537192110996228,33.673060807593,8.992445655067,35.26454017200748,-0.2097869192052716,TN,blur,1,861.6082797603771,0.9865919947624207,0.9828860759735107,0.11121246218681335
2874567659528784,10.624021568983,103.55740436843,11.45038345799102,104.69482218862541,KH,blur,1,154.44293595721774,0.8475198149681091,0.8049395084381104,0.9706203937530518
306873294180376,36.543159906681,-95.385746192161,36.35729836336049,-95.53712030990795,US,blur,1,24.706874223283467,0.7625623345375061,0.6584967374801636,1.0599465370178223
474237406957052,38.032230216342,71.296052545699,37.45261282133602,72.3202015001851,TJ,blur,1,110.73911673747985,0.9527969360351562,0.929334282875061,0.2854856848716736
893270331236297,35.542457911478,34.345047266311,35.53869923501009,34.386807412883314,CY,blur,1,3.8014929239698834,0.9113404154777527,0.8769559264183044,0.4368608295917511
394355595015312,-10.420322783141,105.70164382136,-9.572903779365394,147.50023610201598,CX,blur,1,4574.928752090384,0.457049697637558,0.35017699003219604,3.070985794067383
1720688194781084,-2.0414077903770145,29.44965968721136,-2.003048967127742,29.558804587177093,RW,blur,1,12.856929742192062,0.9018867015838623,0.8582241535186768,0.4886240065097809
1072181156643275,18.07465399978,-91.640772999734,39.327920538917134,-76.67174185070466,MX,blur,1,2768.917513015434,0.10515055805444717,0.049089618027210236,5.070162296295166
4167670343253112,38.101113171443,70.434664027996,38.3373598619682,71.25742934827902,AF,blur,1,76.52662326722056,0.6919699311256409,0.5130791664123535,0.8868278861045837
174020494657037,17.630108574846,-63.232604239636,16.01925352378601,-61.74684707168146,BQ,blur,1,238.93229589957278,0.8412284255027771,0.7448588609695435,0.6671905517578125
841778303361650,4.4129500800509,-7.3568081852969,5.086399333936868,-2.8329882803556545,CI,blur,1,506.85687263647304,0.4602011740207672,0.2881537079811096,1.897253394126892
6128179790541161,55.439905979985,25.277989368239,55.364611939088206,24.900791308160667,LT,blur,1,25.244176349651724,0.8989260792732239,0.8457489013671875,0.5336852073669434
860733724520470,42.906057348904,19.550997884227,44.04000291214691,42.983213255423095,ME,blur,1,1888.651190398801,0.20347243547439575,0.02346542477607727,3.1256890296936035
864697561114910,-29.077441505083,27.74348424067,-29.463986583676945,27.530750508852652,LS,blur,1,47.678344364543854,0.5851565599441528,0.1839221715927124,0.7732254862785339
470728414179183,-4.4035085235997,28.875651684315,1.964651679140466,32.75663828664658,BI,blur,1,829.0785986642678,0.7878960371017456,0.728597104549408,1.0613296031951904
572376240384590,38.710627031317,20.595182002582,38.67737666144677,20.585278349767922,GR,blur,1,3.7958636737770157,0.9984673857688904,0.9979647397994995,0.015235621482133865
121312253609017,-2.475605,101.08095666666668,-2.77202103560354,102.59678942742677,ID,blur,1,171.571672612035,0.8770245313644409,0.8331198692321777,0.7981235980987549
1443161219370901,-20.998296188116,55.608257838223,14.584124616778805,-60.96053029500997,RE,blur,1,13301.868048052818,0.9427603483200073,0.9123082160949707,0.33830270171165466
935114343986233,14.756132710056,106.17208788727,17.698605856334026,105.62360035619398,LA,blur,1,332.3857418867918,0.20264938473701477,0.058820441365242004,2.637101888656616
528816851860286,13.929456140067,-90.641111213437,15.562565125847218,-61.41697441155819,GT,blur,1,3145.402152581617,0.31166109442710876,0.17259959876537323,2.3870491981506348
949677732469296,-3.949905939326,29.108488727431,-3.0746295227961125,29.250369184283212,BI,blur,1,98.59190365826862,0.8281287550926208,0.7660554647445679,0.9037014245986938
535238961691986,-9.012128600000004,125.26142969997224,19.512225331888324,-103.64178192041396,TL,blur,1,14636.046420867566,0.4763340353965759,0.32924318313598633,2.3381636142730713
785746405666869,-15.233412447604,27.672681901373,20.92658414303782,-88.87979919059067,ZM,blur,1,13319.202804324732,0.641079306602478,0.5600648522377014,1.850933313369751
3016818381880651,49.809878371642,-121.45256952608,45.030871317537944,-123.86221949908612,CA,blur,1,561.3955448105922,0.5984680652618408,0.34173598885536194,1.4328724145889282
381383576502282,45.377597713432,18.296766050051,-35.52508942868305,-58.45204139553402,HR,blur,1,11832.383319422566,0.24544723331928253,0.08804459869861603,2.9230313301086426
610064709949694,39.354018070055,3.189777650907,39.67699312810374,2.710139739877502,ES,blur,1,54.61297288829544,0.3092905879020691,0.07169358432292938,2.521963357925415
172787811514759,35.229088448061,33.767549827448,35.20026588910087,33.74540325120295,CY,blur,1,3.784095099904539,0.9907932877540588,0.9875962138175964,0.0723007470369339
782110492675930,20.011066718061,-75.671652777958,4.939927861646737,114.94542809174234,CU,blur,1,17007.72220383183,0.2294982224702835,0.021904274821281433,3.149384021759033
400250872119328,11.85196334791822,13.142710363889922,13.708859966806,76.90719343607901,NG,blur,1,6897.583816691715,0.21143202483654022,0.10607738792896271,3.431530237197876
892609551301442,-6.2907747954542,176.31557778615,23.11528390390972,89.63527520051993,TV,blur,1,9944.338006141032,0.9603686332702637,0.9544681906700134,0.3193647563457489
202638525024688,49.252128640765,-2.2302663941837,49.27778811011909,-2.1692023006270897,JE,blur,1,5.270075940553751,0.9417042136192322,0.9212720394134521,0.4151623845100403
482179499657429,35.35863654069,-87.442281622797,40.23687129753697,-76.64752245414212,US,blur,1,1091.468684897347,0.7815041542053223,0.7640131115913391,1.5433754920959473
166409505310564,-9.7930504284381,33.876999664849,1.123924638589125,34.154390412871294,MW,blur,1,1214.3006064072226,0.5213190317153931,0.2331443428993225,1.697808027267456
839128376686201,-21.379486131927,55.652855746499,49.29138094732197,2.6875316567729035,RE,blur,1,9436.846749182778,0.18111619353294373,0.01085624098777771,3.0842034816741943
173546557995177,6.6979922509375,-57.920196653076,5.839430596869112,-55.350078092747125,GY,blur,1,299.68511561926914,0.6557943224906921,0.3220817446708679,0.709045946598053
778732033031387,49.481310552598,-2.580607408903,49.535480629166805,-2.0333029567336522,GG,blur,1,39.97332583143102,0.9999465942382812,0.9999387264251709,0.000799237284809351
1459021641097176,19.327056989127,-81.381676002568,13.073839378935503,-59.611817026192675,KY,blur,1,2423.893200066506,0.4583114981651306,0.24871280789375305,1.901556134223938
968337867447613,25.014773599486723,55.87302113372367,24.172495888798018,54.34296473727399,AE,blur,1,180.8393531093125,0.3164014220237732,0.03474223613739014,1.4900163412094116
516599479378641,56.372189487703,27.438134814115,56.53742721102215,27.032799923490234,LV,blur,1,30.949914220674387,0.974570095539093,0.9576787352561951,0.1670146882534027
826574104989977,0.4096083408951371,9.468790964341348,14.722210163824101,-17.705485489124115,GA,blur,1,3384.15439490497,0.9818623661994934,0.9751184582710266,0.1332448571920395
298265468509297,-10.44607449126,105.70171289589,11.151209290796041,-85.63871929201163,CX,blur,1,18774.019076951918,0.39541295170783997,0.04660198092460632,1.365257740020752
135182671936165,24.97002129251,55.490379135321,24.20348478316187,55.64984581807151,AE,blur,1,86.74665999284773,0.9006720185279846,0.8769351840019226,0.536206066608429
369953761725438,-20.697927254597545,164.42307519257272,-21.300807957868333,55.472228521289864,NC,blur,1,10996.789028329771,0.960090696811676,0.9529663324356079,0.3372374475002289
150605930403453,1.5703799596146,10.84323380127,5.284023285015244,-3.1491314473490917,GQ,blur,1,1606.7769293129377,0.7891587615013123,0.686251163482666,1.0084378719329834
942025196552576,18.04711135987549,-15.94458243190681,17.372769272964707,-15.47507464279315,MR,blur,1,89.97677079774904,0.4164199233055115,0.18126513063907623,1.7569944858551025
4245112742269900,-15.204236527253409,13.710121098211696,-16.971224087523318,-48.55326526097699,AO,blur,1,6626.652098206058,0.865580677986145,0.8087994456291199,0.6528370976448059
800629050558884,1.5780520325706,10.841365858236,5.3168593887895845,-3.2712319238557734,GQ,blur,1,1620.3546697758197,0.5660741925239563,0.5279536843299866,2.4724671840667725
329089375465231,-4.7898646188584,11.8559793524,6.385078216787214,2.4111043086246187,CG,blur,1,1625.8222527855326,0.9109507203102112,0.8665664792060852,0.4901118576526642
2991410527805673,-4.1374600287328,29.078493212922,-2.9526095582827314,29.569448012790613,BI,blur,1,142.57154148960814,0.7459913492202759,0.6230012774467468,1.3033826351165771
798429247478749,46.183809459674,20.174482609731,55.81196758872012,21.132084080985745,HU,blur,1,1072.67006311999,0.6295589208602905,0.33346593379974365,1.0862724781036377
2371116466357575,16.796385002204,107.11609099971,16.69785208875087,107.20831511604027,VN,blur,1,14.712997272709057,0.6078105568885803,0.2691289186477661,0.8905916213989258
468504837703680,49.210225417814,-2.0260057718567,49.16742734362067,-2.0487102739187057,JE,blur,1,5.036859264291101,0.7013792991638184,0.662480890750885,1.9109869003295898
544837470219031,25.294971915181225,67.28170930758036,25.125896324280475,67.31386757558701,PK,blur,1,19.076682674112174,0.9996839761734009,0.9995098114013672,0.0034729735925793648
962376597848366,-7.8679271311768,35.785662187966,-24.258583654115043,-53.9683995856951,TZ,blur,1,9624.296788770167,0.3894649147987366,0.2923252582550049,3.054429769515991
284560226710077,22.245356411415,113.94634816993,22.395680309307686,114.19928682042793,HK,blur,1,30.924804215472253,0.9119794964790344,0.8320096135139465,0.33060911297798157
366104118882534,-12.947203981722575,45.1622949013442,15.609456340209617,-61.44475516090166,YT,blur,1,12140.384187243024,0.8477843403816223,0.8024753332138062,0.8874379396438599
302738837907407,13.971297523146,-60.953783885869,13.88442745672925,-60.99064889427115,LC,blur,1,10.446820811673755,0.9034777283668518,0.8190010190010071,0.35390758514404297
212663677118887,61.377613835646,-149.52560052518,61.24254046243373,-149.65972926218973,US,blur,1,16.638790778092126,0.9998433589935303,0.9997410178184509,0.001824876177124679
298675135079993,35.02573827135,0.1062064724418,34.87147114737048,-1.5795858296103256,DZ,blur,1,154.6003666582262,0.8146781921386719,0.7111814618110657,0.7271947264671326
200766568352215,12.2259298372,-69.032711700173,33.05541092712191,-16.34351748100247,CW,blur,1,5811.546713090558,0.9674848914146423,0.9546277523040771,0.22173051536083221
522150762114358,-51.767857219423,-59.20385240723,64.25217609272602,-20.793326946782212,FK,blur,1,13320.365561386692,0.5594770312309265,0.37442564964294434,1.4180628061294556
907645580029480,-10.531873592618,105.64908608946,29.974656481664372,-98.46792688301994,CX,blur,1,16712.655504214625,0.12763860821723938,0.03271669149398804,4.126460075378418
461637908454191,8.5770592738416,-9.8384949656858,8.644617601163954,-13.176333077528412,LR,blur,1,367.0427779961259,0.5683398246765137,0.31268543004989624,1.3497593402862549
737762176916399,-28.523157809827,26.988610572901,-28.724437033470963,27.078129826175175,ZA,blur,1,24.026315228393788,0.9281982183456421,0.8623912930488586,0.289852112531662
974044566464626,-8.9232594155592,125.57214462009,-8.833910749569368,125.46377576333948,TL,blur,1,15.506505996031256,0.7103784680366516,0.43206846714019775,0.6805487871170044
207733560892728,62.969803716081,25.819453012454,62.27509281124547,25.460547512436424,FI,blur,1,79.3980380396151,0.27125129103660583,0.11324366927146912,2.146970272064209
935214247230705,38.662861546978,21.897000127107,45.37056897298045,6.304696731533067,GR,blur,1,1484.7342378892367,0.5251738429069519,0.3388134837150574,1.7412163019180298
308609804241585,45.352253598167,18.741494665616,45.17385331710376,18.920430718500523,HR,blur,1,24.282451497472337,0.8413017392158508,0.7714217305183411,0.6555930972099304
812815579353857,19.970422258885,95.026704859366,21.674078503540006,96.39775445837063,MM,blur,1,237.0437903117884,0.8938935399055481,0.8062489628791809,0.42292165756225586
955193138582276,42.352822713826,18.93350046301,42.51714521991243,18.56657916180163,ME,blur,1,35.22200613442061,0.9387246966362,0.9218477010726929,0.4590426981449127
314068633495505,18.384993994121,-64.663491419319,35.071919951492966,-2.117150632012502,VG,blur,1,6378.633328292574,0.45274490118026733,0.22547420859336853,2.132689952850342
153100520088504,8.6445550800531,-10.895087890593,7.051759470798596,-11.10558600079785,SL,blur,1,178.62204946162768,0.45288360118865967,0.10724180936813354,1.350119948387146
899516343957294,31.154817998866,35.36251239366,31.318282777002995,35.25745372483643,IL,blur,1,20.740138971352106,0.8708713054656982,0.7513962984085083,0.4464075267314911
362016302748290,-10.182357974219284,26.92114281109953,1.9609216447725306,32.73670783005913,CD,blur,1,1495.8841187837493,0.6043587327003479,0.5402791500091553,2.1926279067993164
784285982279583,12.468243816564,105.11776238356,14.147977299968504,98.82213044794457,KH,blur,1,706.3393025058612,0.2577762305736542,0.034367144107818604,2.841897487640381
741076933253733,55.559361968752,24.218044357931,56.26306085939651,34.32469222303844,LT,blur,1,634.1243129588512,0.2788926064968109,0.05331100523471832,2.6960246562957764
588238156406124,13.540014603247103,6.862262541663696,-15.027516660500202,29.2334401615753,NE,blur,1,4018.503743634152,0.5300432443618774,0.2778749167919159,1.5290062427520752
704583704721230,13.358425346344903,2.9695516051747206,13.17540229389515,3.733018762257047,NE,blur,1,85.09727451311204,0.9928637146949768,0.9895401000976562,0.05470415577292442
743913432954382,12.506491685569,-70.011189878756,38.10094258168769,-0.6813550335195157,AW,blur,1,7352.325277653749,0.8428484797477722,0.8223527073860168,1.0790579319000244
837216263894683,59.234310100905,25.661811016329,58.94611738365667,24.665681331168546,EE,blur,1,65.3010199960507,0.36558303236961365,0.23447512090206146,2.187249183654785
4165344470189392,22.250944346283,113.98372956798,22.39336016320512,114.25487042471853,HK,blur,1,32.072374762589845,0.8785797953605652,0.7672165036201477,0.4105759263038635
123034153486017,8.896413266511479,-64.21983107316368,-8.051697561769172,-35.23609575719495,VE,blur,1,3723.100485752695,0.37366023659706116,0.17484936118125916,3.1105356216430664
495142175172477,52.064618461934,27.758129879211,57.38594004566804,21.51743016662453,BY,blur,1,714.0005073189537,0.42259934544563293,0.2985384166240692,2.6290931701660156
278818637266368,21.668020820761,39.5871724527,22.425247133050515,38.41450908884979,SA,blur,1,147.29647361024223,0.9998751878738403,0.9998343586921692,0.001614229055121541
311313370600056,34.298302972773,35.843733635285,34.01364485520834,35.65716605958474,LB,blur,1,36.0081814039362,0.999823272228241,0.9996801018714905,0.0018904820317402482
546356603055282,16.319144026137,-61.319536174119,16.356184328016734,-61.47967414848948,GP,blur,1,17.576880012424564,0.6184713244438171,0.5150522589683533,2.007396936416626
455880318809614,13.212934938654,103.97535020814,17.793191268251135,105.42366845738599,KH,blur,1,532.4045938258796,0.3503490090370178,0.16892249882221222,2.4823129177093506
561177494854490,65.249274201498,-14.3599477776,65.58357174322339,-19.558173952811234,IS,blur,1,243.25003942114785,0.3060668110847473,0.026057004928588867,1.4449141025543213
591338181829945,40.948513592565,47.680340883083,40.67258972391341,47.25678386808816,AZ,blur,1,47.03222228417813,0.9823334217071533,0.9762344360351562,0.12530747056007385
478603033472419,10.605368280525,-61.423503253964,10.643097211010689,-61.358454496030895,TT,blur,1,8.254667191369496,0.9250151515007019,0.9029210805892944,0.5174560546875
140993104682356,11.492434620243,14.669528720435,47.581355674627474,20.811746482650364,CM,blur,1,4053.768107782749,0.2751159369945526,0.22921769320964813,4.682775020599365
1365904140461073,16.782552049243,-62.177983430902,16.841099785062394,-62.000697981437085,MS,blur,1,19.962112044013114,0.6074674725532532,0.5750918984413147,2.354053497314453
184854733517675,66.049214556266,-16.60518565352,65.85127745576246,-16.893948851188725,IS,blur,1,25.605596114016347,0.9983470439910889,0.9978090524673462,0.015107796527445316
484812855999457,11.316364972572,-60.600609669164,14.11235485425752,-60.94137374937454,TT,blur,1,313.08884867821877,0.5464251637458801,0.17539554834365845,1.0022034645080566
198374955275087,31.228889368174,35.249839466257,31.355700659756952,35.43414093441603,IL,blur,1,22.48350897551561,0.6665738224983215,0.5699573755264282,1.4302823543548584
493661578655706,21.902623515855,58.249258213784,22.235221571239382,58.28528054498769,OM,blur,1,37.169037988609304,0.4064658582210541,0.211054727435112,2.0692553520202637
1421342044880216,-33.979765814868,-55.677857234372,-34.12831675196297,-55.765692701527946,UY,blur,1,18.393676608402306,0.9976676106452942,0.9958654642105103,0.017901143059134483
791346968192465,47.64092226916,22.514698705141,47.711736206376855,22.408855224634504,RO,blur,1,11.171354633249022,0.4676187038421631,0.2651383578777313,1.6881957054138184
509490393519441,12.00528480685,15.133921129804,26.872806079437165,70.7818789651515,CM,blur,1,6015.809007746665,0.2327808439731598,0.12155481427907944,4.314054489135742
365265328257309,-16.455863020951,-152.25124408953,21.228867933466077,-98.44165952597247,PF,blur,1,7208.918838962435,0.6141435503959656,0.45940065383911133,1.7483596801757812
373099774078768,15.381551450461,-61.278224581511,15.377981170351092,-61.22773096455313,DM,blur,1,5.428106167840245,0.8680234551429749,0.7443618774414062,0.4307625889778137
3849748481728507,54.429547030142,-8.350480924746,54.46149422711646,-8.416175118326178,IE,blur,1,5.5372798157996055,0.895687997341156,0.8001300692558289,0.3684556484222412
486814105900044,24.815009873567,55.581561784151,24.54145321584722,55.76794855378858,AE,blur,1,35.77594441049936,0.9913698434829712,0.9886524081230164,0.06756359338760376
553493755814632,25.651486854641,55.817622488275,25.254967105651257,55.57702337444607,AE,blur,1,50.274776315183544,0.31926634907722473,0.1350344568490982,2.1004068851470947
294731518788880,12.182130031336,-68.992602507728,-12.835800286761026,45.22087888581538,CW,blur,1,12894.30517031175,0.3718767464160919,0.20944711565971375,2.057842969894409
526112418414577,-4.1889057701817,39.593824106105,5.274996379873451,-0.734922862138135,KE,blur,1,4600.957726894128,0.691336989402771,0.6100627779960632,1.6052261590957642
1143243902846918,3.9423529755317,73.490255336254,26.04105029805536,89.1659399464552,MV,blur,1,2971.3528792238194,0.37612563371658325,0.2556952238082886,3.0844922065734863
1222724854903474,-15.992638795519348,27.473549745213845,-15.924801783915957,28.24313886322553,ZM,blur,1,82.62137347134768,0.8815484642982483,0.8634255528450012,0.8036103844642639
814962436102418,17.246826160842,-88.964928894179,16.999424957876226,-88.42659337984162,BZ,blur,1,63.47755297973637,0.9800477623939514,0.9724889993667603,0.15227875113487244
2588410498130022,8.6681322733063,15.915175571704,6.480631497932535,2.680458753533881,TD,blur,1,1478.7845405769863,0.598613977432251,0.4986560344696045,2.043586254119873
757152124922572,40.280135692488,20.032560201339,40.165960667740585,20.152992958321367,AL,blur,1,16.301194641791096,0.8871892094612122,0.8235517740249634,0.5354537963867188
3729075633885792,52.879324916405,14.84215981606,52.88003227937685,14.347168499180452,PL,blur,1,33.216478634462995,0.1369200348854065,0.013466335833072662,3.170358896255493
193255762642321,-25.463140138686,31.530813486271,-25.368192314493367,25.150801596914754,SZ,blur,1,640.7911918028082,0.9395760297775269,0.889690637588501,0.2676805555820465
158748456176634,18.003107984756,-76.750140742066,5.966813430320904,-74.73426756261595,JM,blur,1,1356.1434247104314,0.6729460954666138,0.5805684924125671,1.4068717956542969
487059602744422,22.483846298693,88.311807710332,18.520933727501657,73.89652957273113,IN,blur,1,1563.82768834534,0.7882247567176819,0.6723262667655945,0.7655251622200012
187972779810965,37.223202382218,126.95228008609,35.481796162579805,129.01256526784587,KR,blur,1,267.4507385776,0.9770176410675049,0.9565286040306091,0.11900408565998077
325108962571033,-14.007024453392,-171.59812253095,11.328317595243703,76.85127047173766,WS,blur,1,12608.489778453924,0.30259501934051514,0.02385854721069336,2.510960817337036
506599274036580,54.629530708934,-8.6760286174409,50.56499929734846,-4.697743052449514,IE,blur,1,525.6030502972545,0.890640377998352,0.8751919269561768,0.7759482264518738
507218187079443,37.843340581126,68.830014881381,38.60125176273611,68.74862983610657,TJ,blur,1,84.57521358028333,0.8692541122436523,0.8469200730323792,0.7931637167930603
153324916692555,5.5180289616018,-6.5822215976398,7.026817505434989,-2.3987572086541022,CI,blur,1,491.8761153033409,0.7628635168075562,0.6760584712028503,1.1418575048446655
771731993706945,41.928551334201536,19.551310678151587,41.9373258008181,19.49671767281246,AL,blur,1,4.620181016673354,0.9917150139808655,0.989558219909668,0.07301078736782074
486481489451262,49.966660340065,17.026531427218,49.84836351048567,16.748541140607237,CZ,blur,1,23.86072742195953,0.44686535000801086,0.38602519035339355,3.3172085285186768
2949034095418835,3.9465097772644,-59.099420704396,41.269149227047876,25.21714854472773,GY,blur,1,9243.39231635781,0.20568352937698364,0.0355859100818634,3.765778064727783
372845630827843,-27.768029274082,-64.271302066744,45.15799052221163,37.424357851086185,AR,blur,1,13030.097558398073,0.26551926136016846,0.16779732704162598,2.971083402633667
804236390516614,24.360035161271,90.528148543285,24.85884550572517,90.56427409368301,BD,blur,1,55.58528487255659,0.8922732472419739,0.8419204950332642,0.5786591172218323
1165449024229030,11.127732358514072,42.37283796780444,23.207934430890283,57.094110068814125,DJ,blur,1,2058.5323449796606,0.5755053758621216,0.3146968185901642,1.703406810760498
465682694540312,47.092368215581565,15.033271683507603,47.158034871361664,15.148761783048363,AT,blur,1,11.386931724022734,0.13315075635910034,0.049736104905605316,3.9455599784851074
1414034302297531,5.9652601827551,-10.011148216804,-1.0592707205867977,-77.64927216187124,LR,blur,1,7548.864661937936,0.43480604887008667,0.34660738706588745,2.920111656188965
164124928906484,17.026658655636,-88.957499025099,30.26744121716826,-84.31237626749983,BZ,blur,1,1545.9505674507514,0.2938641905784607,0.1733986735343933,3.3339061737060547
265373079006579,12.19339030343679,-4.128458023871779,11.260240389621153,-3.961369896625931,BF,blur,1,105.34410749212971,0.7332366704940796,0.5901519060134888,1.1665602922439575
211403467484458,-24.160264772744977,47.3486048183456,56.60749355057348,36.6199483861121,MG,blur,1,9037.582585921471,0.5027770400047302,0.42063671350479126,2.743539333343506
4252117868180040,-31.701164589216,28.774388216841,-31.411046272835723,29.14888327282843,ZA,blur,1,47.95637794593211,0.6499578952789307,0.4281013607978821,1.1417672634124756
1185546705230006,60.068284515535,20.263657107897,59.38746755877607,24.70044399140192,AX,blur,1,259.90914957882006,0.5938249230384827,0.37838998436927795,1.7129549980163574
307549670912816,47.805455809752,29.008339682994,46.767037931960616,29.812045803618975,MD,blur,1,130.4111533185779,0.5431211590766907,0.41315776109695435,1.8799397945404053
1150240562161074,1.3857279016312,173.14547646453,16.371535010329442,-61.48148328268293,KI,blur,1,13705.944975370956,0.4521840214729309,0.3445711135864258,2.8114712238311768
1926367507521003,-34.006516340223,-62.239283065807,-32.907061951062175,-60.760049738253855,AR,blur,1,183.78257465559477,0.5061560869216919,0.23983901739120483,1.4371263980865479
174862464516382,18.026136330252,-63.051721834115,35.145286706215806,33.391941208697574,SX,blur,1,9427.789079783015,0.5099430680274963,0.33174392580986023,2.081726312637329
238608201397184,13.394898337011,-15.796480495355,5.988897462274422,0.5594887634234325,GM,blur,1,1971.4452858902712,0.5799723863601685,0.33597028255462646,1.4690883159637451
168171301893400,-21.306913177085,47.234054757271,-5.9577819111251245,145.07629089291234,MG,blur,1,10573.505206788552,0.24627585709095,0.1346864402294159,3.2157816886901855
143601257800230,6.1813662366503,-10.476370028512,6.386020987409606,-10.559187300313287,LR,blur,1,24.5285260060533,0.8135825395584106,0.716853678226471,0.8533790111541748
1426576467702919,42.716570546448,19.37002352769,46.21019551629747,12.349882362148444,ME,blur,1,678.7671357822562,0.07910597324371338,0.03757160156965256,5.063162803649902
582527629366762,13.909926027264,-60.995742963827,13.880194671735712,-60.94633202236215,LC,blur,1,6.274979408632989,0.9969583749771118,0.9942900538444519,0.022292789071798325
789178535042815,10.848339859199,-14.344376628968,11.00194998055815,-14.499016183030236,GN,blur,1,24.016680801012704,0.9998862743377686,0.9998267889022827,0.0013973097084090114
770818833619667,46.189989851656,27.550790956761,46.225729148808576,27.493087935705592,RO,blur,1,5.958994792404757,0.9930424690246582,0.9899918437004089,0.05298597738146782
771812706865289,18.810877831997,-72.868700352417,18.69210055450021,-72.18155935412678,HT,blur,1,73.5466113881801,0.9599139094352722,0.9299619793891907,0.20688877999782562
1979924955729830,0.4210184118848502,9.466164114756396,31.01042964700855,30.60195989732101,GA,blur,1,4065.848535595689,0.704788863658905,0.6097458600997925,1.1448270082473755
1215125515585698,-29.72467996101,27.401763312517,-29.64418549224047,27.53922246135958,LS,blur,1,16.01378877237954,0.5178319215774536,0.3427277207374573,1.4759083986282349
525797611782911,33.53278970091,10.187082947953,33.543861173109086,10.157058158087153,TN,blur,1,3.0429360176590934,0.9795219302177429,0.9695450663566589,0.1365862488746643
981736889296495,15.18213389856,106.76109629686,14.385601128199076,101.2462807449779,LA,blur,1,599.4774217308648,0.7839059829711914,0.7129169702529907,1.2313241958618164
290546622610201,0.90650801653382,111.91071699724,17.584343755696427,105.45525531171849,MY,blur,1,1984.2494163269025,0.3018728792667389,0.1496995985507965,3.153297185897827
925069178226405,-33.684138890591,120.78000000686,-32.809708656116946,117.28634211374398,AU,blur,1,339.1057378385706,0.9548864960670471,0.9454749822616577,0.3229410946369171
841753896415038,-6.3002644508667,176.31963764015,-7.5730529628148515,146.61519070020123,TV,blur,1,3281.2395846194304,0.12371037900447845,0.034406229853630066,4.835351943969727
645048966783670,42.89641826045616,17.56617896330491,42.880945573421755,17.496912379596203,BA,blur,1,5.8995926191299315,0.7922714352607727,0.7081686854362488,1.016366958618164
2157623727878098,42.203008413762,12.652366039877,42.21639054094553,12.62207470736267,IT,blur,1,2.9048883482281047,0.9648274183273315,0.9598982930183411,0.27314627170562744
491154428864902,34.78133892235,10.662689207895,34.768691704105,10.734666844625224,TN,blur,1,6.722831601888958,0.4071490466594696,0.025635123252868652,1.5229021310806274
5023711767716996,27.43539864879576,89.6844986785493,5.293791981967737,-0.7215449522502694,BT,blur,1,9776.563154253836,0.2658616602420807,0.1603187620639801,4.116217613220215
502661524102239,25.24288508,105.72866675,25.08430522754637,105.93430418637865,CN,blur,1,27.189124481676476,0.7432504296302795,0.6564636826515198,1.2635527849197388
768051953908267,24.417738719697,124.24306124209,35.52049335856816,134.81243662752235,JP,blur,1,1597.9693473794596,0.2529311180114746,0.15649673342704773,3.1817433834075928
2634487660183183,15.505396860363,-61.465808232581,15.579749075071005,-61.420931158497574,DM,blur,1,9.563799634294957,0.24575269222259521,0.052629292011260986,2.5315606594085693
777370986311883,69.771194043132,-50.45379669083,65.40525002858882,-23.492614462631767,GL,blur,1,1228.8031584000614,0.41723906993865967,0.19475337862968445,1.944251298904419
214018630224328,-30.195842567793,28.141370668784,-30.142352711118996,28.006517812252106,LS,blur,1,14.26313754888603,0.3370846211910248,0.15090325474739075,2.129915475845337
898244168080774,48.39779130109938,69.97859259537432,21.09889181090715,94.70644192349496,KZ,blur,1,3748.7386008367507,0.11466683447360992,0.003578580915927887,4.320309638977051
4492529727427156,-28.146082771307,-51.513579498292,-28.320710180738455,-51.18346728297321,BR,blur,1,37.72136651873012,0.8242329955101013,0.7263778448104858,0.7002221345901489
285348029668834,24.497433158551,56.506035667282,24.619365352729545,56.21986229287892,OM,blur,1,31.960753666786562,0.68010014295578,0.5959605574607849,1.3380305767059326
171014971604854,50.702549851864,3.6582481425115,51.09379470853547,3.4675438181448834,BE,blur,1,45.51376279820551,0.3739146292209625,0.2334906905889511,2.5083141326904297
4840639372618820,-14.92550912288379,13.489538311090364,41.066729431748726,28.659908499229388,AO,blur,1,6419.219652930588,0.43105757236480713,0.24266739189624786,2.585118055343628
206149904648055,26.21207915528,44.093256403165,30.07150613479424,31.732032280155334,SA,blur,1,1284.8522960249477,0.45105674862861633,0.2868884801864624,2.366096019744873
204252138180851,-21.559664995251,23.773974999472,32.976702867450335,-111.25185975211765,BW,blur,1,15429.32218948431,0.10125461965799332,0.030969612300395966,4.878075122833252
920871192081755,-20.154762249788,28.582363111001,-26.057271411167207,32.62093668637843,ZW,blur,1,775.3254159815718,0.8688998222351074,0.7887534499168396,0.5774217844009399
219966586218279,47.029132462966,15.932431980783,46.95622288351667,15.896796286356606,AT,blur,1,8.545840277054603,0.254641592502594,0.19458121061325073,3.754155397415161
135549215221893,2.4175748743344,9.8423648123313,7.2353812778766855,36.37741490538436,GQ,blur,1,2987.4474581239515,0.21956726908683777,0.06012895703315735,2.813185453414917
376262240365585,11.737844217402,-84.258740123025,11.774461230450001,-84.04567185676984,NI,blur,1,23.549785165127606,0.8961257338523865,0.8067944645881653,0.3948420286178589
171728951493255,49.507376607171,105.95258746284,47.911666843413585,106.93574760691675,MN,blur,1,191.53455281093932,0.6535921096801758,0.49251776933670044,1.5797239542007446
253978489850814,48.281270225581,27.973739010266,48.26686739782316,27.28190208374482,MD,blur,1,51.22620109066453,0.23321844637393951,0.06013678014278412,2.7213969230651855
300413981460892,28.731055900238,48.000514767945,29.429955012321418,47.68921760926409,KW,blur,1,83.39409721749095,0.36472487449645996,0.03151926398277283,1.2836132049560547
1184530975332530,-14.802947311274,-42.709531402229,-14.1508285979679,-42.54659711016444,BR,blur,1,74.60400612352764,0.6634880900382996,0.3367416262626648,0.6982729434967041
1266617723756139,-2.7425780868466467,29.42359642013631,-2.3943487023327363,29.26228802819728,BI,blur,1,42.666373818762,0.5695496797561646,0.39466503262519836,1.3657571077346802
473474263980538,21.715223057868,59.471278053944,22.483921491036874,59.62410141583058,OM,blur,1,86.91334037761678,0.4665703773498535,0.19457459449768066,1.2074620723724365
1249815355421012,41.352986665751,46.933972599593,41.73192073198177,46.765213166838365,AZ,blur,1,44.414705307496035,0.709496796131134,0.4212271273136139,0.6205222606658936
228708892356879,48.677696253977,17.636842304644,48.604780782331716,17.98249280516428,SK,blur,1,26.659275999553948,0.4440063238143921,0.31538093090057373,2.5736124515533447
573918251034517,24.9108887387342,90.79494731880273,21.84949738287246,87.95070551687483,BD,blur,1,447.3458179659659,0.4138651490211487,0.05331423878669739,1.7543869018554688
2964997383812126,2.6098453233173,9.8422664516346,1.0549221215225906,34.13580853186075,GQ,blur,1,2705.3635351986723,0.3640861213207245,0.21449024975299835,2.628607749938965
216212559884926,39.033844678159,125.75376577506,42.632427980633544,41.20816550863383,KP,blur,1,6811.579039234452,0.4366375803947449,0.36621952056884766,2.80106258392334
305136647878220,12.193469016038,-61.616092049056,14.599007359117314,-61.09597815197398,GD,blur,1,273.33532230016607,0.4665512442588806,0.24759697914123535,1.6943702697753906
1425023424516398,-16.694601299289,-60.803490901407,-13.973601007946968,29.805689075067303,BO,blur,1,9628.333907745897,0.8008030652999878,0.7748620510101318,1.3070507049560547
454775888919551,46.828024824521,7.8088947836121,46.89824263025776,7.626131798232247,CH,blur,1,15.938649249605612,0.37666019797325134,0.007063090801239014,1.5999231338500977
861104217828929,17.113853213721,-25.242018334352,15.505092362828085,-25.916882044053818,CV,blur,1,192.83906465260642,0.9984846711158752,0.9970737099647522,0.012186414562165737
1051007365779921,6.813554100014411,158.2040012,7.891080997750405,160.94125394399873,FM,blur,1,324.7703785285333,0.9999749660491943,0.9999521374702454,0.000300119019811973
1334507140366814,-23.48982047010992,35.38536972552172,5.181831665459256,-1.167543458255192,MZ,blur,1,5087.724718006305,0.30644312500953674,0.003822505474090576,2.1024153232574463
3912389445490209,49.325970928935,17.226098099604,48.75275204528063,17.957758091645047,CZ,blur,1,83.10777984103092,0.22522863745689392,0.059010639786720276,3.3937230110168457
265194928674974,13.23781099507,-59.544998005588,13.199503250175868,-59.362230100129075,BB,blur,1,20.237757818227713,0.8396677374839783,0.8091476559638977,1.09488046169281
130827665729646,41.660012138201,21.174396481341,42.939753885371076,18.08328292982857,MK,blur,1,291.31203518040854,0.4733542501926422,0.1905054748058319,1.618347406387329
382514279656400,17.169493550421,-62.549673737704,14.015512852917679,-60.97581755460879,KN,blur,1,389.1016335847782,0.9738597869873047,0.9558907151222229,0.1459922194480896
490566595325309,32.35061764629,15.101938149737,35.64816753019451,-0.5880228589930739,LY,blur,1,1490.3041965651014,0.7917527556419373,0.7254858613014221,1.0008974075317383
177150824328343,-14.845732355681,35.25013351485,-14.451735447819082,30.610103465815406,MW,blur,1,501.0855752332316,0.8352872729301453,0.7439311742782593,0.7755457162857056
337754307681723,22.908438446718,90.804919962877,22.91616661295893,90.66100254411431,BD,blur,1,14.765315312386418,0.8434767127037048,0.752272367477417,0.5991684198379517
288297272916728,-17.786629070676,177.44305087069,-29.12377822127805,31.70464150707625,FJ,blur,1,13632.728740597177,0.36982905864715576,0.19516149163246155,3.1596333980560303
485752159242168,60.005211059817,20.384442671458,58.255354682840945,15.950860535792842,AX,blur,1,319.0171716429492,0.31850096583366394,0.03880435228347778,2.1657960414886475
495377298477425,41.941602973878,34.631294266421,41.87902644851494,34.830244701120584,TR,blur,1,17.873260274877488,0.9999291896820068,0.9999082684516907,0.0009254356264136732
2890584101196635,41.681667019865,21.147788358398,41.77333874868909,20.000451407552163,MK,blur,1,95.75724841546102,0.21707244217395782,0.10212229937314987,3.0717718601226807
401731674144754,23.355590466277,121.32187991241,23.010967081043677,121.16046350934906,TW,blur,1,41.72142881221087,0.11650525778532028,0.03842058777809143,3.6907734870910645
1169142930166538,20.834467782196,-75.727264614924,16.87700145418927,96.17615838607622,CU,blur,1,15729.765590070085,0.4636536240577698,0.18576598167419434,2.067781448364258
306207777612908,-13.800621344179,-171.85935966246,-12.947617969336916,-172.05209604022107,WS,blur,1,97.11422620369645,0.9729743003845215,0.9484341144561768,0.13835656642913818
2665542867084280,15.44922162275011,-15.809327283661323,15.662044504435523,-16.167309064726243,SN,blur,1,45.061814193045066,0.998292863368988,0.9979055523872375,0.01701168902218342
473236960624282,-11.390300678508,43.342774487865,-8.58059875201514,115.9586673628197,KM,blur,1,7938.5128040207455,0.38450130820274353,0.21349968016147614,2.9292423725128174
175640891118270,58.3416314331,22.123379209424,58.43544886519902,22.09809439873811,EE,blur,1,10.535598891879886,0.49358171224594116,0.1846340000629425,1.4415205717086792
940728323368212,5.5203195797668,16.760305199775,-16.49740203987907,-48.53792942151338,CF,blur,1,7582.481913260537,0.5188100934028625,0.2805880308151245,1.9500312805175781
159670792680757,4.8671591384211,31.498747958114,13.062593275150695,79.87402270231867,SS,blur,1,5382.025455068861,0.5926357507705688,0.516810417175293,2.157963752746582
490425192372401,-42.289566526657,-73.549884623054,49.819678021929235,20.743420621497798,CL,blur,1,13716.42202285846,0.18404795229434967,0.06718818843364716,4.021539688110352
140927168065220,14.884255893398,-24.355900858541,27.996725883996817,-15.790102328862076,CV,blur,1,1704.8881702270178,0.9323923587799072,0.8932877779006958,0.3762883245944977
2148319455305366,12.658976107053,-1.5012029355804,12.596877432435257,-6.6808970266054954,BF,blur,1,562.0567515562959,0.7534172534942627,0.5421408414840698,0.6951902508735657
950272148968894,-12.972416512525884,45.15611771647966,-12.761034534513104,45.128164240872266,YT,blur,1,23.69912902132928,0.8056195378303528,0.6121128797531128,0.5010511875152588
153355823412892,49.184810534933,-2.0480987436129,49.21275525909908,-2.1021518599677758,JE,blur,1,5.0080079834083735,0.9874158501625061,0.9852952361106873,0.11106469482183456
363513025083758,47.047992478928,8.7799077721095,46.89290812477644,8.336822012158587,CH,blur,1,37.78447143192416,0.5485147833824158,0.35236722230911255,1.5192830562591553
512297363276315,31.456330474142,35.250774430442,31.51850507543193,35.21124677938165,PS,blur,1,7.864138411833554,0.5984960198402405,0.5491887331008911,2.4407272338867188
456622292570371,17.562683786778276,52.54996407813734,-23.514864838085526,-46.51152003020343,YE,blur,1,11670.578442694623,0.2476493865251541,0.050621405243873596,2.652766704559326
4527359417278295,12.574854908472,-70.042613806787,5.160408627619625,-1.178837424339373,AW,blur,1,7592.24101672435,0.5816197395324707,0.4401719272136688,1.9304496049880981
537629581307027,13.181351944444442,-59.52259444444445,13.1994538302968,-59.61104545560314,BB,blur,1,9.78508291829307,0.9968177080154419,0.994408369064331,0.02358192950487137
795129897807041,35.163207188355,-6.1437231591152,40.62188803267822,-7.481400516725608,MA,blur,1,618.199709627828,0.38249489665031433,0.19350412487983704,2.5665812492370605
351777130251541,39.481253041447,46.278721306968,39.540554306654656,46.02097757478497,AM,blur,1,23.07341699639273,0.5203163027763367,0.26292693614959717,1.5307776927947998
808281843784947,-9.017975593206083,125.18936083216094,-8.486389040743417,126.49144836453425,TL,blur,1,154.8266087200972,0.5793142318725586,0.4378690719604492,1.3920930624008179
571640328046013,9.496515810605342,138.0909467705742,13.243135772371959,-59.59395236843664,FM,blur,1,16820.52232642852,0.1572355180978775,0.039266303181648254,3.671522617340088
1596718320725210,6.820059002595853,158.1889075956807,8.0213719950014,159.76448213689844,FM,blur,1,219.14380433141972,0.9999037981033325,0.999846339225769,0.0010897734900936484
909068383276012,51.71872582063,71.017642467242,37.258026915622104,-3.64277018473634,KZ,blur,1,5862.506979384581,0.09212378412485123,0.015333317220211029,4.676618576049805
201271568510246,11.498181689874,104.89298318393,7.991179396677156,38.23338750135164,KH,blur,1,7300.826281917312,0.9084632396697998,0.8644041419029236,0.4470665156841278
865101847550557,14.337966085705,-11.307015681085,12.918339836447272,-1.6696523282088662,ML,blur,1,1053.2513530279061,0.5648361444473267,0.4165562391281128,2.182915210723877
273645621106204,11.400246031697,15.323762439617,9.961829022899128,-12.643952053424838,TD,blur,1,3059.015398465393,0.07930447906255722,0.02400856837630272,5.460896968841553
816784312848146,47.27419583333333,110.70045194444444,45.508403885801286,73.65616395325655,MN,blur,1,2821.053914246006,0.749591052532196,0.5713316202163696,1.0018221139907837
205051911255970,15.898719949045,108.34769045302,19.35940390425012,105.30527414010031,VN,blur,1,501.9823437538888,0.9943323135375977,0.9927170276641846,0.049048297107219696
1197452254025430,60.290261118231,20.017018951216,60.23680166808163,20.093722438943846,AX,blur,1,7.296111771338103,0.9479498267173767,0.9085652828216553,0.2696562707424164
524857088520171,40.969687102424,47.506671390525,10.86423846835788,-1.1965207323126947,AZ,blur,1,5803.980622063915,0.19872751832008362,0.07002747058868408,4.357033729553223
585468982429325,56.863557681775,25.533807915732,58.11485600822615,25.479990147223845,LV,blur,1,139.1751819261023,0.3211195766925812,0.037545740604400635,2.1372199058532715
223293895846479,40.460441929706,49.654367032421,38.72225500033611,35.34022388434015,AZ,blur,1,1240.2570975693698,0.34799379110336304,0.10072982311248779,2.1984684467315674
983815092358003,45.845665401276,-1.1566237774946,45.94958050381838,-1.2444305980752215,FR,blur,1,13.4046825592408,0.9124672412872314,0.8745816946029663,0.531474232673645
495004361712254,16.705985016912,-62.221856779895,31.593841222890873,-111.36965792529443,MS,blur,1,5206.583715382795,0.37283074855804443,0.2835676968097687,3.5222349166870117
1116467962190839,49.234789455854,-2.1566386309068,49.15014767747944,-2.024585269700193,JE,blur,1,13.44117641035544,0.4851721525192261,0.39094656705856323,2.3541390895843506
799261197806429,13.04112461881004,7.584578150427974,12.622767396494845,-5.986299545638189,NG,blur,1,1471.887154219796,0.306640088558197,0.008740216493606567,2.151923656463623
375892980333603,53.800018986142,19.066495869964,53.20090936763362,19.636082651592226,PL,blur,1,76.53168363863854,0.34755152463912964,0.1397048979997635,2.0984015464782715
216735996617694,-51.729168266578,-59.221494505424,64.25929178668791,-20.67267499094366,FK,blur,1,13319.951449674541,0.9878444075584412,0.981303870677948,0.0912371277809143
122836676470530,19.317250203375,-81.382868299519,17.26445280622296,-88.51172045327253,KY,blur,1,786.3969647706853,0.9977036118507385,0.9968600869178772,0.019915657117962837
864991334054817,22.630694715979,75.815649968185,5.319233468351879,-3.6494768398368858,IN,blur,1,8700.613163110193,0.5397177934646606,0.4741998016834259,2.483546257019043
303472461226103,30.448379399773,-91.249052345819,30.324428621064882,-91.19351959976836,US,blur,1,14.776223121189249,0.3951188325881958,0.11967206001281738,2.4415476322174072
751120052245249,18.306901319254,-66.036105758042,17.49498548308658,96.90864011202432,PR,blur,1,15618.876740031474,0.34745001792907715,0.005039095878601074,1.8521989583969116
618094669584037,1.0592725919843,104.01250864856,1.0948908436953373,104.0632420568488,SG,blur,1,6.891958984929372,0.9692851901054382,0.9607620239257812,0.2432345151901245
204293011757830,15.079993126144066,39.21687884094408,-14.376314793404061,40.339634997111574,ER,blur,1,3277.717731549866,0.9657455682754517,0.949959933757782,0.2126695215702057
2928508607437195,37.840107608369,68.802462308142,38.57305020627388,68.85429250537534,TJ,blur,1,81.62521928366888,0.639568030834198,0.28428971767425537,0.6871668696403503
1371451869918489,3.6333328691599,72.957712473483,-8.675961694657964,115.11249541685999,MV,blur,1,4869.794160894523,0.21967633068561554,0.056091055274009705,3.762425661087036
215955796651386,14.063525259413,-83.397823687399,11.772954908570398,-86.42507193271271,NI,blur,1,415.3317168838549,0.7583717703819275,0.6635158061981201,1.187002420425415
137850255541406,24.545211603122045,88.5941532347436,23.807872596147632,90.36752448136208,BD,blur,1,197.69362789189975,0.6188607811927795,0.25336432456970215,0.7686090469360352
300676795037037,47.54022479277,18.649560765963,29.671622202569523,-98.46393097317629,HU,blur,1,9382.931156293887,0.23141062259674072,0.055691465735435486,3.3410868644714355
758419548202670,56.459896994613,24.509987996003,56.95692911016841,21.910017049064272,LV,blur,1,168.02501987797342,0.30941087007522583,0.052791863679885864,1.984498143196106
234036278489604,30.859288137504,35.983036655163,30.42250904807899,35.61212204221826,JO,blur,1,60.14986454698664,0.4145326614379883,0.1767382174730301,1.8424193859100342
1877580812408950,8.2904185166376,-13.160532748623,8.27469903081828,-13.171511384501775,SL,blur,1,2.1247585933371034,0.9714829921722412,0.9583844542503357,0.1660386025905609
508516997178857,-20.44017415751,57.716929198138,14.629322225485735,-60.993245023463516,MU,blur,1,13519.485581756258,0.9126957654953003,0.841204822063446,0.3652081787586212
2476936639119646,-17.187994442004,145.88923082343,-17.439251727945198,145.87371602070237,AU,blur,1,27.98703929574717,0.9476451277732849,0.9012770652770996,0.23198288679122925
170299241727097,29.609911657314345,104.99307446089506,30.3380689291359,105.18892497018278,CN,blur,1,83.13599128164249,0.9999599456787109,0.9999290108680725,0.0005097133689559996
297845861929140,19.00823988924,101.48346297652,23.8412298160002,90.41699555880933,LA,blur,1,1264.6324402991286,0.30194568634033203,0.12936288118362427,2.4326114654541016
322702535907825,20.283683791944,105.67522750563,44.644270976707595,20.514054563863564,VN,blur,1,8067.0200783259825,0.05900342017412186,0.017145927995443344,5.374016761779785
787272635685450,4.323621691762423,18.511948154254057,1.833900688871774,32.55479190778943,CF,blur,1,1583.492361562418,0.49745479226112366,0.4547635614871979,3.037767171859741
173788081866624,59.75612769558473,-127.47179840177547,56.97325639757634,39.22773246077951,CA,blur,1,6982.735679144886,0.3303656280040741,0.22298020124435425,3.4665353298187256
233747548461554,9.3263006266193,2.619361832951,6.38096791173375,2.402815785459283,BJ,blur,1,328.37333623603917,0.667742133140564,0.5281746983528137,1.3325448036193848
765041667535640,-33.099247370966,-56.459447149244,-33.32163450629258,-57.49245737738114,UY,blur,1,99.23378999101227,0.9287136793136597,0.8936308026313782,0.4282173216342926
296876208707767,35.337232736933,0.33737085013529,35.50031849073529,0.1278386696822035,DZ,blur,1,26.25576147130518,0.9109439849853516,0.8614718914031982,0.45571762323379517
5220870694689924,13.010537169214352,-15.781125774925767,13.071382187826329,-15.511226291224881,SN,blur,1,30.01001733886397,0.9615148901939392,0.9419279098510742,0.230496346950531
490774565689974,13.06406278563,-1.087121270677,12.481413849468135,-1.9658991055231037,BF,blur,1,115.23442677406555,0.743548572063446,0.6321962475776672,1.1238014698028564
218599310068075,-21.24302439442,55.333436310069,-20.919534364547207,55.428212852037966,RE,blur,1,37.290310675571,0.9172087907791138,0.8738468289375305,0.35852235555648804
174969884519406,46.737187807587,8.3987859932934,47.547106653086324,13.270760990132404,CH,blur,1,379.25545923839894,0.7080761194229126,0.6191015839576721,1.405623197555542
581849006299222,-16.292466257509595,167.67474403169504,-15.427216656202434,40.528721304207885,VU,blur,1,13226.941333698524,0.1695089042186737,0.017666682600975037,3.348278045654297
514194699740537,49.025633194136,19.779030185528,49.1063134216933,20.068704786695758,SK,blur,1,22.931549880253115,0.37782829999923706,0.25761979818344116,2.9245846271514893
1636152166570934,13.748349438255,109.21278035386,11.383976411076588,105.84090462129221,VN,blur,1,450.57564698667176,0.9808257222175598,0.9737213850021362,0.14248521625995636
810831549638249,38.371680067627,71.17919493021,37.411146013262474,71.55618584413511,AF,blur,1,111.81219318846665,0.9941657781600952,0.9888315796852112,0.0387948714196682
126986893262506,9.535228699145444,138.11777436553538,5.746662225769979,157.4385890078946,FM,blur,1,2169.9944880615612,0.9998706579208374,0.9997623562812805,0.001417974359355867
355702972637605,13.535688328213,-8.1000075739741,12.50429670486806,-5.9417817643268425,ML,blur,1,260.42230860218734,0.9970890879631042,0.9955168962478638,0.025061264634132385
939211946839909,40.900998111452,76.418995914539,32.3420567571917,-109.77363243144438,KG,blur,1,11846.052367819366,0.4472322463989258,0.1653035581111908,2.4963748455047607
211629123827045,6.1356720399309,-3.8436536027728,0.2091881984644282,32.461280729334085,CI,blur,1,4082.2378955562262,0.4134223759174347,0.08491635322570801,1.6428749561309814
696540331416062,44.87397500000002,15.571799722222226,45.14881618162443,15.034541198414468,HR,blur,1,52.131567487777154,0.5410739183425903,0.41639089584350586,2.0460047721862793
942512046483923,57.98102591119,22.153417844629,58.183503334249835,22.28490460116797,EE,blur,1,23.804468386094513,0.35846447944641113,0.15744547545909882,2.5798821449279785
1794577467377638,2.2867934802243,111.96866392671,3.317330328676764,101.35122634542182,MY,blur,1,1184.7283604253817,0.6829888224601746,0.6159087419509888,1.899268388748169
569520134014537,45.631513310144,14.917895762855,46.435411136126135,15.161830024582283,SI,blur,1,91.35112311704911,0.2998812198638916,0.22401148080825806,3.522554397583008
759618951395520,13.918783401918,-90.820453412238,9.587454422861306,76.4893590464619,GT,blur,1,17049.95449546286,0.3251536190509796,0.18660756945610046,2.921001434326172
317414069756073,8.849591446096811,17.846700004099304,12.436384106857435,-15.479382716793692,TD,blur,1,3661.2579212419037,0.606478214263916,0.38568490743637085,1.2587156295776367
310132177165029,32.35614104026,15.078246874263,35.95563052076618,0.3952016869915302,LY,blur,1,1407.4724275665415,0.315655916929245,0.022812604904174805,1.744904637336731
378106816842746,47.677672060857,2.1491709666626,47.75262968902888,5.556412638509589,FR,blur,1,255.0243836749495,0.41818317770957947,0.3383760154247284,3.221088171005249
974285533334788,1.987119011826,-157.37182088346,17.38609861921931,-88.39153748257904,KI,blur,1,7712.739060500051,0.6770390868186951,0.48341435194015503,1.0736713409423828
186014066630410,-0.26584500006505,29.929660585315,-31.050840850181068,-51.7114482244426,UG,blur,1,9196.65574277365,0.15364103019237518,0.09360067546367645,4.836865425109863
2045346162308378,6.372858133743794,2.3062901826009594,5.821063583375281,-55.29220825778809,BJ,blur,1,6365.342488682415,0.5132773518562317,0.42721953988075256,2.423097848892212
1172091903236601,49.476195621557,-2.5778975923381,49.538024118431956,-2.0859141214024923,GG,blur,1,36.18267331017959,0.999351441860199,0.9991423487663269,0.0074407076463103294
1148818178927460,38.977689066483,-8.2445481523452,38.83920759915982,-8.370168825043296,PT,blur,1,18.84828298390371,0.1861952841281891,0.02730843424797058,2.9123144149780273
1222613584876307,17.370666616194,-62.748620435823,13.865970099977767,-60.95582794320246,KN,blur,1,434.413227249705,0.3610635995864868,0.031697630882263184,1.6230621337890625
2874363389509925,1.1429664809873,33.846541381524,1.05894950674357,33.95651955838184,UG,blur,1,15.387378708796133,0.9993334412574768,0.9991834759712219,0.007770712487399578
472676697278023,-11.651270507603,43.263829479505,-12.750474616691164,45.194857855710076,KM,blur,1,242.86439811055143,0.9930833578109741,0.9899543523788452,0.05237346887588501
229441082274343,16.133435457207,-61.769410665445,11.149978410525168,-60.77768146570595,GP,blur,1,564.3947322985515,0.6319951415061951,0.31969141960144043,0.991990327835083
588131552889375,-30.701177534770288,-55.134334723553735,-7.101431310630177,-35.54125459656117,BR,blur,1,3323.9219994116206,0.4154454469680786,0.276930034160614,2.284513235092163
282418593597680,-15.111719223373,167.09145508574,-12.605521273609426,-172.03277980249243,VU,blur,1,2269.939997272664,0.9254742860794067,0.8834313750267029,0.3217923045158386
979772486214909,34.1336148881033,136.00098041765338,35.72848881801612,136.58087922240676,JP,blur,1,185.05239277258397,0.26560941338539124,0.006433546543121338,2.159313201904297
3774979212627875,-14.866355003204,34.792262380462,-7.262332351343338,-35.527686649574115,MW,blur,1,7693.259804789494,0.2494644671678543,0.09785936772823334,2.916728973388672
426972879607348,-17.525550986516745,-149.84053510202472,5.641789392519819,158.55499058026194,PF,blur,1,6222.366853951097,0.6612206101417542,0.41507166624069214,1.1288965940475464
1689362237932062,13.800606381009,-88.316570230116,13.804388476333477,-88.31983713924836,SV,blur,1,0.5489186574983849,0.9885576963424683,0.9842174649238586,0.09508887678384781
1166613090443646,50.253231893566,106.33993531955,47.7077625067451,106.78340552517943,MN,blur,1,284.88606518375326,0.1873413622379303,0.04438069462776184,4.306465148925781
420134173638637,-10.810393821363714,31.731146261210167,-11.97769288861682,30.69463420345819,ZM,blur,1,172.0819369327605,0.9893982410430908,0.9851604700088501,0.08476482331752777
474713760445897,34.526350993866,69.196344342811,41.34144246986961,33.7231566358913,AF,blur,1,3178.2975904428995,0.44261735677719116,0.2844839096069336,2.701040029525757
506851794060092,43.177582319251,19.311856309232,43.166511575571135,19.11987606477584,ME,blur,1,15.617176664384424,0.452444851398468,0.32926422357559204,2.277977705001831
2995572500661892,38.898518256485,16.523049856494,38.853209947734186,16.415290561582857,IT,blur,1,10.60184769981609,0.19381432235240936,0.1465541571378708,4.280353546142578
115961117883320,28.43217928695932,36.51346701072073,13.861402562962025,41.8900966586845,SA,blur,1,1712.741603032515,0.38376110792160034,0.18132539093494415,2.0527772903442383
1007571866714652,55.571514078836,10.350650482308,55.63757630158774,9.741942803800091,DK,blur,1,38.93458244693568,0.32698750495910645,0.05316075682640076,2.323716402053833
1174895919599539,20.052558993471,103.35914721659,18.870998318354495,103.07828646042383,LA,blur,1,134.64270284739644,0.29164767265319824,0.03637373447418213,1.8367528915405273
912812452874701,-11.627287351809,43.262280127651,-11.70837661039689,43.4389055782787,KM,blur,1,21.242617815134608,0.8390133380889893,0.6966985464096069,0.5242734551429749
173416451344450,35.019561811666,33.986374163354,34.74729882561712,32.432209896231335,CY,blur,1,144.95814436365947,0.899316668510437,0.8197281360626221,0.4155665338039398
1449896788674967,-5.4217682185916,141.29314063475,9.895193486937973,-84.17010355347685,PG,blur,1,14984.093076512807,0.38926461338996887,0.31072112917900085,3.6983895301818848
232511111978904,-34.065025583843,-55.656389079107,-34.34444669606585,-56.17379724037204,UY,blur,1,56.827620336982505,0.9171428680419922,0.841058611869812,0.3179017901420593
1109815899545804,24.996104447036725,51.03225264110503,25.38372580873213,51.41981513309561,QA,blur,1,58.12466312251656,0.41312089562416077,0.035398781299591064,1.4722707271575928
736517197023313,6.5599786208778,-4.9915528001493,5.2689362210743464,-0.7687500297511978,CI,blur,1,488.60849986562835,0.35522714257240295,0.22594711184501648,2.8602044582366943
456214902348496,19.610685333333,37.215206138889,12.638940969718147,-8.006804132356176,SD,blur,1,4878.576815098121,0.4357339143753052,0.27327579259872437,2.188117265701294
345208620288312,19.224700165467,-69.390303678979,19.278177250834972,-69.4947319712971,DO,blur,1,12.471460079131369,0.5924351215362549,0.4312167167663574,1.5966488122940063
1468811220266965,7.362390601198927,134.50483736055023,34.800851086246155,134.4340678985997,PW,blur,1,3051.026189770822,0.8614493608474731,0.8468756079673767,1.048187017440796
308427384185327,35.884648502247,14.544820145722,35.847498367618606,14.496675614982365,MT,blur,1,5.99046992830158,0.8432884216308594,0.7030303478240967,0.4967787563800812
395740224747116,6.5139480425193,2.6483266181429,6.496303424319083,2.633279123643648,BJ,blur,1,2.5715937624227143,0.4982149302959442,0.010254740715026855,0.782157838344574
1432327937141676,13.459201505715,-14.688767601582,-24.590592366859696,-56.40227214883772,GM,blur,1,6195.447364461321,0.6799653172492981,0.6164650917053223,1.6156394481658936
1797066053813454,45.212729270223,20.36112097384,44.57213928260567,4.690393005404948,RS,blur,1,1234.5565275408294,0.3733619153499603,0.16811221837997437,2.6390798091888428
4182076221831792,70.667211583155,25.389289533957,65.29626309566169,15.389750938717285,NO,blur,1,726.3629523512521,0.2577703893184662,0.10992984473705292,2.9477062225341797
3450481218541153,25.63903018538021,51.51003081357617,25.36758496435402,51.46990912797563,QA,blur,1,30.450732311774434,0.768634557723999,0.651797890663147,0.9456929564476013
881754115706919,18.443691037533,-64.642920411564,15.588573007541802,-61.40974241106672,VG,blur,1,467.90698860779315,0.5952620506286621,0.3466857671737671,1.5521613359451294
512504643106571,-51.848040759038,-58.223206369416,-28.12583404095312,-56.83183461264543,FK,blur,1,2640.3316824363924,0.24915270507335663,0.1775025874376297,3.5468356609344482
172855664661959,10.37149331328,-12.099479736597,10.122150269163443,-13.938251949686858,GN,blur,1,203.10197028789037,0.9987695813179016,0.9980697631835938,0.010457919910550117
833358057538383,78.076451987378,14.16217603674,65.62213503715205,-23.350437829712888,SJ,blur,1,1834.3834803473644,0.9968670010566711,0.9939637780189514,0.02259070985019207
214810390166469,3.5846135120697,23.723674547511,-38.473612349238174,177.92567993259667,CD,blur,1,15337.683084587166,0.29516151547431946,0.24573713541030884,4.034839153289795
562840304708452,46.225408646208,15.611350197474,46.11386460742309,15.79876752367505,SI,blur,1,19.029549378365594,0.2962116301059723,0.17523425817489624,3.0201966762542725
817268602327565,-5.9419482354293,29.161401435445,1.7849663056011316,30.323749686300758,CD,blur,1,868.8332898902123,0.8656502366065979,0.8566408157348633,1.0182712078094482
1034524170413490,21.467073188908,-71.131572461898,21.656272321162067,-71.37605436471043,TC,blur,1,32.89096711592634,0.523378849029541,0.2841506004333496,1.2097821235656738
1856356164529190,14.123830049658,99.400519963042,45.74913389525091,21.255864235746515,TH,blur,1,7973.887213284542,0.36270469427108765,0.30905768275260925,3.1455271244049072
478137076746783,18.362805634492,-88.435381772096,17.548953830103677,-88.26048614511728,BZ,blur,1,92.36782022247482,0.997960090637207,0.9962534308433533,0.01613895408809185
498318618261034,41.404988775836,21.780395818511,39.842786976848735,24.40201731708554,MK,blur,1,281.2757077440137,0.6439326405525208,0.5917888879776001,2.138984203338623
2934584883419749,40.95347805494,47.883005000971,40.778393861012304,48.72870867537301,AZ,blur,1,73.73184608670464,0.9405651688575745,0.8900266289710999,0.29665467143058777
928316151288980,7.1879551740757,2.0018755441177,6.530390671092436,2.6342240088140825,BJ,blur,1,101.09249704897317,0.8447068333625793,0.7977147102355957,0.898343563079834
684315855630498,-29.405735807316,27.816853497845,-29.40513681910011,27.664237032119637,LS,blur,1,14.784010808374445,0.9205692410469055,0.8827095627784729,0.41685032844543457
186849946625100,14.753512333683,-61.142985518229,14.780046303422939,-61.14075126840493,MQ,blur,1,2.960206765275835,0.3368460536003113,0.2405548095703125,3.257841110229492
963176671141156,18.09268978577508,-15.935383158508005,15.916822197068093,-16.34586920337052,MR,blur,1,245.85053644697007,0.1958116888999939,0.03729963302612305,3.0180957317352295
300283158416232,38.131370007974,13.274583161259,38.07550158220252,13.24346745565706,IT,blur,1,6.782699626704412,0.9009814858436584,0.8637892007827759,0.4956810772418976
1247260492372230,-2.4010827279028115,29.579609392792413,-2.2095903431714636,29.707478648812252,RW,blur,1,25.59740273532462,0.9562387466430664,0.9361818432807922,0.2427772432565689
4176262119093022,14.688978023377,-91.548589043217,14.68238384543393,-91.55577819612888,GT,blur,1,1.0656474888429863,0.6825452446937561,0.47070780396461487,1.1551697254180908
2762253127421121,2.0297128301047,45.335734728401,33.159239522985686,-7.659538391054103,SO,blur,1,6501.731004100034,0.3795548379421234,0.25970590114593506,3.2660441398620605
225659908904821,25.948880833757,50.588428667013,25.885262932756227,50.50207218941747,BH,blur,1,11.163927547146352,0.47733786702156067,0.05155172944068909,1.1578439474105835
149923280750483,7.361847187159381,134.51969303436232,14.584896944248298,-61.009801052604054,PW,blur,1,17033.738398357254,0.6098729372024536,0.46826696395874023,1.6687437295913696
190898982868748,55.795733000622,26.378530002305,56.922462349339106,39.04790116370403,LT,blur,1,789.2453919060697,0.9542635083198547,0.943270206451416,0.3187757432460785
186306836702993,38.679684725081,-3.0625683543611,38.77604851314944,-2.9815458993995145,ES,blur,1,12.81455568963293,0.44817185401916504,0.09792286157608032,1.4340364933013916
1146877169153705,18.59342674547,-68.388033766711,20.962032643842548,-101.47850512546161,DO,blur,1,3466.4483881006736,0.07880011945962906,0.009118251502513885,4.865713119506836
950737242436239,10.385183082561,-0.78958324298512,10.391317387879496,-0.6440899954395543,GH,blur,1,15.927539233829098,0.9999908208847046,0.9999851584434509,0.00013122880773153156
301977051516569,58.706895821146,13.896556360307,63.84148808248442,20.267614184065593,SE,blur,1,664.046957484406,0.25649023056030273,0.1371704638004303,2.8049745559692383
898624280682585,49.458533172147,-2.5981886348273,49.31973057878376,-2.28757117929053,GG,blur,1,27.270067145155387,0.5518343448638916,0.2207443118095398,1.4462682008743286
469891447444920,16.804499980025383,53.27984729115688,16.880652780066534,53.07839048391116,YE,blur,1,23.051688007590354,0.5845823884010315,0.28110745549201965,1.1599516868591309
530606458102780,11.557031237126,43.092310521315,15.692037811367474,-23.624419974993735,DJ,blur,1,7196.72089811635,0.4444485008716583,0.23901334404945374,2.1710920333862305
310840073886034,-0.84581588834853,-80.17844601219,-1.2372419403060342,-80.73243028120967,EC,blur,1,75.41691509783179,0.9679936766624451,0.9480153322219849,0.2054866999387741
477881999969065,24.946444828187,56.186213387143,23.041427531814392,57.81359764524049,AE,blur,1,268.6961745560469,0.6070477962493896,0.45457762479782104,1.4098329544067383
494687355014866,15.351932577531,-61.256287052693,15.387305306318332,-61.19494078607282,DM,blur,1,7.663760888419035,0.9094775319099426,0.8633376955986023,0.42622631788253784
1443285099355563,16.555627302292,96.198597103646,16.421329945334506,102.7099442644012,MM,blur,1,694.384670542517,0.6821480393409729,0.4713214039802551,0.9094676971435547
4104851466266998,50.070544187764,5.8458119238789,50.1216203494885,5.314301414164344,LU,blur,1,38.33652814959611,0.11720043420791626,0.005816169083118439,4.3172993659973145
1896496400517870,13.223609624878,-61.268552428199,34.695049004301005,135.86228921378213,VC,blur,1,14388.167628224417,0.4341432452201843,0.29895690083503723,2.4420371055603027
1077942902611364,51.861118010498,-1.6602529488605,51.719296702685284,-1.3707350026351177,GB,blur,1,25.40080347810403,0.22883640229701996,0.042423784732818604,3.1765880584716797
1365414380506403,21.476737171908,-71.132920671407,17.201886328234597,-62.45001214685334,TC,blur,1,1027.2284372052557,0.7430386543273926,0.625761091709137,0.8986091017723083
275646330919906,47.355981665822,13.66278897535,67.56046546956462,23.813022242655336,AT,blur,1,2320.141535015648,0.4164503514766693,0.15216395258903503,2.2019295692443848
4085345498214305,54.3204660444997,-4.449369579381132,50.842803469616975,-4.202194898587812,IM,blur,1,387.05821278444273,0.6302435994148254,0.5176623463630676,2.0363011360168457
319387202956018,36.746376386627,71.926086394726,37.01944825361861,71.85491383559055,TJ,blur,1,31.01701995393097,0.9968564510345459,0.9948537349700928,0.025301164016127586
192500316060760,8.5018456161549,-10.886196315338,8.525674320039577,-11.994195572663052,SL,blur,1,121.87499386239605,0.4914725124835968,0.2579018473625183,1.7618203163146973
469096650835409,78.165866991509,14.615773975551,62.17829655389157,-7.247229461868244,SJ,blur,1,1930.5896334481347,0.5744182467460632,0.1576126217842102,0.7393957376480103
204485121341585,12.133472243206,-68.277416893276,14.54895162876502,-90.50454169740244,BQ,blur,1,2418.7797642039077,0.13365253806114197,0.020374223589897156,3.102214813232422
142251097914946,62.221882069575,-7.0387447331054,62.4689275569137,-7.123420785168831,FO,blur,1,27.81564083176522,0.9986783862113953,0.9974629282951355,0.010627715848386288
5522870664422058,42.480681608263,24.806056880296,42.19114897631586,25.052339707878875,BG,blur,1,38.030082029504854,0.7541757822036743,0.6445335745811462,0.944957435131073
911536296350418,13.531493241774,2.048401634304,-10.302694686548852,13.998514788559781,NE,blur,1,2960.1456931337902,0.3777204751968384,0.15497353672981262,2.4490318298339844
217953836457406,10.205301098661,-14.000220074778,10.353213236372149,-13.91795213066577,GN,blur,1,18.74896080395473,0.7681884765625,0.6479890942573547,1.1081633567810059
2915873148627226,47.806436500583,28.717659500757,48.19313490424941,28.229255442463366,MD,blur,1,56.29764208623297,0.9534801840782166,0.9112730622291565,0.20847927033901215
1383220612042284,40.713663160769,75.04503308282,41.287012861021005,-6.943233996049744,KG,blur,1,6599.535742685357,0.6949458718299866,0.6274896860122681,1.8933840990066528
966259830868758,43.623138586006,18.908434254799,43.79286404378441,18.00687292290715,BA,blur,1,74.8838367225943,0.1225786879658699,0.0087556391954422,3.5488791465759277
216904886576725,-17.609749712456,168.24322430001,-11.342519002132077,-171.89932922330348,VU,blur,1,2246.7944232295195,0.9465057849884033,0.9208048582077026,0.3278592526912689
1083924499211873,-15.604998425967928,-54.3918257160871,-25.706096526335838,28.319751897952944,BR,blur,1,8550.069124933105,0.689522922039032,0.6370716094970703,1.5193181037902832
515495726108152,-21.626125276138,46.991186348236,-26.04033671850045,32.57397241223706,MG,blur,1,1545.233293443515,0.3659031093120575,0.23378710448741913,2.473663806915283
995843031248300,0.35769064003091,6.56005755347,16.03892346207559,-61.643127389766654,ST,blur,1,7671.000524305207,0.21762330830097198,0.007725775241851807,2.4294888973236084
868028680411287,33.75473452141,35.539565617947,33.87822223433645,35.582764290261025,LB,blur,1,14.299400803958472,0.9871805310249329,0.984212338924408,0.09742558002471924
497044088003103,39.80104505168,3.0309963190024,39.84925430270783,3.1104735896401285,ES,blur,1,8.648834624254219,0.9159901738166809,0.8465031385421753,0.3773004412651062
763955694314654,46.724388793399,10.079801957807,46.92762884322475,10.473377178560574,CH,blur,1,37.51463903661705,0.2857518792152405,0.015849262475967407,1.950856328010559
933520784110620,12.510164810275,-70.009077685586,35.12477650425617,33.35316535079015,AW,blur,1,10389.423659680346,0.47749900817871094,0.21425405144691467,1.6827213764190674
4220821467968709,8.70139122196,80.590505170341,8.207422749473254,81.49920442720287,LK,blur,1,114.04311096546465,0.9999864101409912,0.9999791979789734,0.0001921611838042736
472361870697782,26.020756253761,50.623130115609,26.02730887980092,50.61105539713639,BH,blur,1,1.4094564431449519,0.8974849581718445,0.8344517350196838,0.4626060128211975
658902925214070,22.641060199825,-79.087651499584,23.052267784253857,-82.4471522903139,CU,blur,1,347.2674848949743,0.3734414875507355,0.07754534482955933,1.5083909034729004
1183079165486550,-5.70834515155,34.761777557018,7.976006589758139,38.61857121079391,TZ,blur,1,1580.6102673514404,0.2937929630279541,0.020350754261016846,3.100125312805176
296065025397911,34.897985568931,32.528909790104,34.89714789266383,32.41021602510094,CY,blur,1,10.825203752988182,0.5909427404403687,0.40921226143836975,1.4931668043136597
298824355069041,42.200225487404,21.258956694741,43.32357904562928,18.15444484480007,XK,blur,1,282.52788273160104,0.29882577061653137,0.022305786609649658,1.8624104261398315
111691027649131,-22.530138328473,-59.8361857055,-24.524889141024307,-56.72377819129866,PY,blur,1,387.12517053807704,0.42599964141845703,0.29409778118133545,2.336806297302246
752480212123625,49.471066330606,-2.5339439207361,49.49432777461605,-2.2318897325210965,GG,blur,1,21.97340529159292,0.9689609408378601,0.9630306959152222,0.2300381064414978
1074377829753053,-6.7022282025878,-76.214917225524,3.080281565513574,-76.53938825801198,PE,blur,1,1088.3615896916697,0.5722857713699341,0.4917449653148651,1.924347162246704
525641785107823,50.160224002237,6.1091880533415,49.6594755570561,5.987492007683502,LU,blur,1,56.35848347065206,0.12173247337341309,0.01076073944568634,3.8706579208374023
226167275508563,15.49826792628,-61.465568794916,15.590731760100214,-61.43074827199029,DM,blur,1,10.937282066992836,0.9033119082450867,0.8346750140190125,0.41497501730918884
148887153873411,5.2121780980173,-52.75060936262,-37.88515120029257,144.8574896712536,GF,blur,1,15968.095388688924,0.1416703462600708,0.012602224946022034,4.003637313842773
303850827922633,-34.01092105809,-55.839634214304,-34.14069688579321,-55.893234450741744,UY,blur,1,15.25148954498225,0.9474722743034363,0.9010931253433228,0.22995097935199738
311706737236449,50.868855073513,8.8221774508729,51.91981127802185,10.283429314446717,DE,blur,1,154.7029321334113,0.09331691265106201,0.026589110493659973,4.19134521484375
1416886515315835,8.139352166375,34.375065339482,8.305711725460954,34.56887783767813,ET,blur,1,28.233535436763997,0.9933053851127625,0.9908881187438965,0.054609376937150955
178330404153531,-21.691747493695,-64.656846311167,-17.519739689633795,-65.96536490882293,BO,blur,1,483.71907875188657,0.5714333057403564,0.47363659739494324,1.6429755687713623
218036349822435,41.14963208511,20.008913305496,41.27299078032444,19.855746685577987,AL,blur,1,18.76993135739852,0.572674036026001,0.48581764101982117,1.896135926246643
2882903775325778,69.217437476679,-51.098566140502,78.3268647046132,14.850020629527556,GL,blur,1,2125.6333471455496,0.17747707664966583,0.0921628400683403,4.332485675811768
459460818448144,27.426607200988,89.643491444303,-6.656680191652408,106.57175183573143,BT,blur,1,4204.536089592318,0.8169117569923401,0.728463888168335,0.9131684303283691
309590514053514,-21.85770610861,165.95185481884,-35.16658566163294,173.47562139495346,NC,blur,1,1650.9695693414194,0.7308007478713989,0.6406583786010742,1.4227474927902222
179548807357974,23.005385103705,120.43121323661,24.719285032027557,120.96644971945659,TW,blur,1,198.19600996959198,0.5576539039611816,0.5148820877075195,2.2690327167510986
528726041469936,3.6332857552313,72.958318596822,8.046825745916701,98.76146628026125,MV,blur,1,2895.1996369046724,0.23644068837165833,0.02596801519393921,2.54748272895813
568831498116619,24.732585867741577,121.74077955053384,24.699697685371586,121.81737853130704,TW,blur,1,8.557861148429842,0.8559982180595398,0.7536930441856384,0.5860396027565002
871486690248300,-19.804021310365,-63.993881510197,5.5407678563192,-73.55777417498007,BO,blur,1,3006.109454568147,0.6206443309783936,0.48957300186157227,1.6436210870742798
380042953234728,-19.161161992074,-64.572161532541,-24.238088940143708,28.992265635104992,BO,blur,1,9489.667727338761,0.23938558995723724,0.07639999687671661,3.00797963142395
368884091223603,35.755508707073,53.366090359346,-27.05121098163156,-71.42635106141422,IR,blur,1,14755.418719001247,0.9850775599479675,0.9819657802581787,0.13196438550949097
512716496579771,12.164080960014,-68.283956526724,12.818735557295348,100.90091836059757,BQ,blur,1,16991.803435556987,0.21058470010757446,0.004484683275222778,3.3600850105285645
485436899323868,65.609323761209,-37.633778515025,64.73741889161487,-14.29030656161187,GL,blur,1,1087.8117985286187,0.5685180425643921,0.38218003511428833,1.7411760091781616
172629294662585,48.532451875231,17.496813301999,48.552657814915364,17.229995512734764,SK,blur,1,19.77069294380294,0.258734792470932,0.16443000733852386,3.4479808807373047
506770377649958,-12.679904697999794,45.08466359942028,9.101690720965525,-79.53214331036261,YT,blur,1,13964.923248715595,0.28269878029823303,0.11037297546863556,2.525905132293701
265103101980958,14.721827633666,-60.947724527678,45.1356727677671,3.9605438365102255,MQ,blur,1,6894.243376179897,0.3437587320804596,0.2375609576702118,3.391183376312256
517013032790983,42.403345896483,44.64336095767,42.9461086845179,44.68987774129952,GE,blur,1,60.472156077224575,0.8544629812240601,0.7675623893737793,0.6204311847686768
825755764959780,20.340364998941,-87.352869999803,26.563027655666417,-81.85688284707913,MX,blur,1,890.2613632722092,0.25143930315971375,0.15535567700862885,3.6711416244506836
3799534356839064,60.209940286403,20.246918494907,60.25396464527374,19.954609829872826,AX,blur,1,16.86366547132093,0.8033492565155029,0.6431002616882324,0.6782843470573425
134126825414739,38.270282754345,61.711075339758,38.73955746079265,58.49456601562206,TM,blur,1,284.6945324273045,0.6906949281692505,0.45145338773727417,1.0248465538024902
1397623030665407,14.493780516069648,-88.97344682800627,14.680864860519424,-88.86954486250491,HN,blur,1,23.617179915741534,0.8242601752281189,0.7262859344482422,0.696327269077301
170949221611851,33.305143801504,126.28817369339,35.6948662406287,128.93320961154495,KR,blur,1,359.6353007965431,0.9316329956054688,0.9200527667999268,0.48523733019828796
978428179365285,33.705735440434,51.794214966505,39.84516556738435,-119.01231828542117,IR,blur,1,11782.16550947933,0.35602056980133057,0.2610158622264862,3.633697748184204
333013904838174,32.340904308709,15.105537141291,36.3848903282721,44.58448010920802,LY,blur,1,2732.074432041695,0.37440550327301025,0.26149532198905945,2.6422977447509766
248513507027667,5.6150523860158,16.240852825971,-16.534186827464048,-48.49880067142433,CF,blur,1,7529.119488730126,0.11711522191762924,0.056833960115909576,4.273224353790283
237495388152862,-11.621236170917,43.26262853229,14.31404000605448,-90.84335049121434,KM,blur,1,15040.695218610605,0.3195996582508087,0.07208514213562012,2.0780422687530518
3042776155952353,18.400872724367,-88.464242712832,16.819706566142514,-88.39834330590682,BZ,blur,1,175.95631249605117,0.5023666620254517,0.004861384630203247,0.6948769688606262
487380732512751,4.8184532,114.77786780001,5.297601388172802,100.500188967492,BN,blur,1,1582.2837223430818,0.1534726917743683,0.025399357080459595,4.530227184295654
290265362649999,26.177525761353,50.383620514714,24.427977499576567,54.567931234831924,BH,blur,1,463.40481530974756,0.7600862383842468,0.6876102685928345,1.1448071002960205
482049282914438,7.5885792292079,134.59098074356,0.8169443578083333,109.87398720964251,PW,blur,1,2840.8742475260124,0.40900394320487976,0.045342087745666504,1.8485320806503296
225571855612889,46.763350531273,-81.597671294692,46.252488202115856,-78.71845996469527,CA,blur,1,227.5366797092053,0.43233048915863037,0.02787533402442932,1.4022194147109985
4804926129529176,15.24531506432567,-14.593708973874378,12.437679678104026,-1.2864802176490906,SN,blur,1,1469.9081008351832,0.35560569167137146,0.056491345167160034,1.8373807668685913
369883598351184,-20.367575551703407,57.57618979619237,-34.44694121158198,150.84337934722328,MU,blur,1,9030.1817280594,0.42507970333099365,0.05665546655654907,1.8342891931533813
4121896524538487,24.635513307941,-76.169569569,13.00922909692603,99.80585500647221,BS,blur,1,15806.453465465576,0.1765972226858139,0.027088850736618042,3.515207052230835
3863471930446023,-17.111944610128667,15.757158787596603,-25.771561490295753,25.023119454959037,AO,blur,1,1357.9655476427229,0.6157063245773315,0.25928229093551636,0.8788326382637024
300728688257104,30.395743312589,35.487349115709,30.315450566466726,35.71079678015289,JO,blur,1,23.22463303758917,0.9727317690849304,0.9551918506622314,0.16481685638427734
1126228627789114,50.981438273289,3.9109549608118,54.80205036109607,17.83480000088375,BE,blur,1,1023.8549359241946,0.25849291682243347,0.1784999668598175,4.259933948516846
549637092752676,-14.934793656692474,13.483762083058584,-8.927084775851883,13.332657213408678,AO,blur,1,668.2287785804432,0.8668712973594666,0.7957057952880859,0.495853066444397
1003284990411465,12.059176169795167,-15.322303903822672,15.756924977039617,73.7656846842967,GW,blur,1,9550.25523736652,0.5174465775489807,0.40839725732803345,2.297227144241333
549574962737771,14.061193852760738,-84.04279947361962,17.781589664502196,-94.48759595694666,NI,blur,1,1190.671477226843,0.7233673930168152,0.6349406242370605,1.1965365409851074
542559790066195,33.009983226586,35.680040403337,39.72232067578424,3.2516447110767346,SY,blur,1,2980.28897989748,0.15138715505599976,0.022840365767478943,3.715491771697998
265445685298888,13.004017262133,109.35894392193,21.726772957374102,106.69379798325264,VN,blur,1,1010.2256280988274,0.6669239401817322,0.42014065384864807,1.0060396194458008
1444159855929152,12.212140324895,-61.65046673147,14.652560246074698,-61.03884580094878,GD,blur,1,279.30697285592663,0.37021249532699585,0.21223528683185577,1.96439790725708
378257181042695,0.4223981532159322,9.46341740514976,-34.86855993830932,-56.09095814275078,GA,blur,1,7829.086815020062,0.3673098385334015,0.16350552439689636,2.235924243927002
136200968757362,15.043474943211962,-3.1134483369205417,10.7845599440377,-0.18415956263607586,ML,blur,1,570.095764685719,0.5279761552810669,0.3619453012943268,1.8370975255966187
533142534351766,-9.8840552815116,33.911477956503,-25.90060712461047,32.495786280564396,MW,blur,1,1787.1947158214068,0.3077213764190674,0.20812764763832092,3.2471675872802734
522728752252154,41.038602463059,19.563694296348,40.95983989639004,19.60199963855597,AL,blur,1,9.329324010584017,0.7112165689468384,0.6390336155891418,1.3265877962112427
758888101326263,31.637988555726,73.231186805001,33.67912600357154,72.61657568701135,PK,blur,1,234.1418832300472,0.4051400125026703,0.15589824318885803,2.1798417568206787
305757657709496,1.0675572904673,103.9646409699,19.738022995895722,-70.53625041286423,SG,blur,1,17625.132356981976,0.2988971769809723,0.10347142815589905,3.0184192657470703
223281329232117,12.507939003947,-70.014398687436,-8.931918556415097,13.247320589513459,AW,blur,1,9500.291407699717,0.39187127351760864,0.2057735174894333,2.18314790725708
353672373022082,41.381628312913,22.307214335612,45.184309287467215,6.432190627329352,MK,blur,1,1350.1564936363943,0.4180765151977539,0.19434215128421783,2.639953851699829
855868761633795,18.030052213813,-63.078616758552,13.791596953278772,-60.93642626194141,SX,blur,1,523.9884571472397,0.9625759720802307,0.9472363591194153,0.24420380592346191
510341753682172,18.547859996816,-68.613997996337,27.376753691009448,-80.72735125307106,DO,blur,1,1579.9854888614034,0.14665727317333221,0.051239944994449615,4.09813928604126
3864898026890576,49.490894517019,-2.5725344431006,49.34401545872704,-2.4232897060210288,GG,blur,1,19.57786059168843,0.5159677863121033,0.0890810489654541,1.0399576425552368
307754797548858,34.712695715026,-3.8563324324235,34.37122022390952,-3.7685414928870427,MA,blur,1,38.81242032447401,0.7178646922111511,0.49807247519493103,0.8222819566726685
446821260679124,-9.024115630183084,125.29622320893388,-38.61702964716296,177.4867012738369,TL,blur,1,6136.112504420078,0.13665491342544556,0.03712621331214905,3.8780672550201416
947185652683658,-2.3270469336559,-78.929168380573,-2.2905866123394802,-78.67438109397344,EC,blur,1,28.596896550167155,0.999315619468689,0.9989455938339233,0.00675330962985754
2947290612262244,-11.652155080814,43.263890007029,-20.925904701559343,55.513711727684566,KM,blur,1,1663.5964081273803,0.7772881984710693,0.7192029356956482,0.9624406695365906
2932426006995864,12.349827079376,105.09907855331,11.07630497788801,105.86626389146465,KH,blur,1,164.4086935210578,0.9982594847679138,0.9972019195556641,0.016381893306970596
271753411301610,-18.657738465691,-174.02787918873,16.844247964754647,-88.57631088979518,TO,blur,1,10140.01407440896,0.5076069831848145,0.43391525745391846,2.651318073272705
478264666827999,61.472372240129,-6.7939711372832,61.68014832664342,-6.701855736889038,FO,blur,1,23.612456623226677,0.9814199805259705,0.9628617167472839,0.09264163672924042
1101915547131650,-35.411992228208355,-71.29963328046824,-35.48140583783264,-71.31537812952168,CL,blur,1,7.849110766361978,0.6506249308586121,0.47676509618759155,1.1188445091247559
3920872697958453,60.225200988406,20.059664271851,60.26017539176523,20.09694072900711,AX,blur,1,4.399593796637054,0.9297093749046326,0.8712829947471619,0.33151477575302124
480958303108322,18.02673753942373,-15.984917957529673,16.959988115657936,-15.690364711300056,MR,blur,1,122.66133095349122,0.9373798966407776,0.9244912266731262,0.460563987493515
477439253471149,2.1909112658474,25.247273616721,1.785262404177607,31.724831583136755,CD,blur,1,721.2478788891373,0.4751115143299103,0.14757347106933594,1.3820905685424805
2503535586463255,5.369009126207446,163.01297824070343,1.0950128252931666,153.8261628386854,FM,blur,1,1124.9738245540727,0.9999598264694214,0.9999245405197144,0.0004694784292951226
699303201033596,25.12900987620192,33.08865526570508,-25.864119924831144,32.484146222665785,EG,blur,1,5670.549070460843,0.6018938422203064,0.5238919854164124,1.557110071182251
1109009986288059,-8.6876105869135,120.2374852281,-7.0889155996872155,110.48686770206378,ID,blur,1,1088.5123292388168,0.4257844090461731,0.23724566400051117,2.406775712966919
945361122882179,12.134119747509,-68.278230013563,32.17375629572323,34.900843304080496,BQ,blur,1,10496.951270414133,0.31064465641975403,0.14197318255901337,3.06056809425354
1086140081896052,17.025256612863,-61.868698580061,17.113442855047435,-61.66382312477062,AG,blur,1,23.883445261119945,0.998917818069458,0.9979838132858276,0.009014907293021679
2896487987274330,-8.6384264591615,125.60292428532,-8.672291868771227,125.45953952221473,TL,blur,1,16.2056611864901,0.3084619641304016,0.047077834606170654,1.8791680335998535
2579869142308862,10.34358900767,-61.458152299031,19.425017763429736,-70.68487440965633,TT,blur,1,1414.29388875965,0.28204116225242615,0.016918659210205078,2.16035532951355
267083508462188,52.899440738443,8.4141554815178,51.491664247199346,6.730320650981539,DE,blur,1,194.0908608553493,0.3516344726085663,0.22015942633152008,3.1667938232421875
135893315238976,8.7909434146234,-78.181606800432,19.74975524073577,99.68262407858235,PA,blur,1,16832.900707404988,0.3675004541873932,0.21038833260536194,2.4961369037628174
150017570480103,41.50666060749,21.935799073836,18.942560544679544,-99.24461400198847,MK,blur,1,10977.09403800083,0.9019757509231567,0.8882614970207214,0.8471916913986206
869032447374518,45.14353499999999,14.845183055555555,44.6874548943318,15.13026466426264,HR,blur,1,55.459832932811125,0.4081107974052429,0.179332435131073,1.8260726928710938
919042368661061,-35.376055559767,146.26475,53.36175468105514,44.67811952250433,AU,blur,1,13811.943142461781,0.6018571257591248,0.4358973503112793,1.5590739250183105
985915661813386,-23.393263453848,44.397761247232,-25.97402573027143,32.52389115492974,MG,blur,1,1232.9914974848887,0.9358956813812256,0.8987661600112915,0.37799131870269775
670850541182018,26.0204034,51.064903400000006,25.728099708456526,51.128444219815165,QA,blur,1,33.118540679777695,0.9886868000030518,0.9858536720275879,0.09770910441875458
358677975646602,18.32970950933104,-64.95126838918696,13.154408295308114,-61.227652654000245,VI,blur,1,699.8862918141213,0.8302671909332275,0.7166276574134827,0.7325252294540405
468571217849628,27.519976313624777,114.13899685380947,27.546533665352822,113.68259619167871,CN,blur,1,45.09845301997923,0.7286306619644165,0.5757585763931274,1.1900272369384766
166033172108272,39.547581612083,46.441663046559,39.68057407979341,46.250136421958686,AM,blur,1,22.087279250398844,0.641755998134613,0.5765125155448914,1.9348747730255127
494503958271926,65.59525777881,-23.774501108369,65.72019015315247,-23.70402275399739,IS,blur,1,14.262460264430898,0.9999892711639404,0.999983012676239,0.00015278268256224692
912539252641876,-6.3006910051682,176.31917767142,10.104781294860102,76.21224738098405,TV,blur,1,11231.765504184707,0.13875657320022583,0.0004934966564178467,4.268662452697754
528519191857396,31.419084991343,35.033717818153,31.907676301605534,35.15841000323542,PS,blur,1,55.59581593599638,0.32851526141166687,0.049734294414520264,1.7865723371505737
2693852350916149,-22.134506991871,166.34104640683,-16.856238589942144,145.68339939036173,NC,blur,1,2241.1700400697287,0.18850062787532806,0.03840389847755432,3.1588168144226074
943976513021626,17.310149834096,-62.711002505143,17.03241639907608,-61.83098043784286,KN,blur,1,98.46066766575298,0.6021658182144165,0.20500823855400085,0.6782838106155396
314603156759488,27.431221771339,89.646958499505,27.922009644726383,83.15481876615951,BT,blur,1,641.544292864686,0.7407619953155518,0.6966124773025513,1.4208616018295288
142911821192377,18.124397901175595,-15.95930487738458,34.82530394760125,10.748174002454224,MR,blur,1,3225.121127960391,0.7216585874557495,0.5400686264038086,1.066907525062561
995608364307407,62.231154398192,-7.0203744109078,62.36765436341037,-6.982440927162667,FO,blur,1,15.30422618572571,0.9060725569725037,0.8614271879196167,0.5133562684059143
920634065161187,49.245509981929,-2.1382669508349,49.17328235570714,-2.0934859987919827,JE,blur,1,8.665144812642975,0.999923825263977,0.9999112486839294,0.001071319100446999
314870496880636,28.628362975198,48.038775336392,29.97239779447335,47.70049785895994,KW,blur,1,153.0070856834083,0.9227948188781738,0.8864558339118958,0.4223620891571045
137727984953777,-6.2967650470378,176.31787733981,23.119241719863766,89.6403607521387,TV,blur,1,9944.373436663891,0.9666261672973633,0.9522703289985657,0.24176715314388275
970870010403579,1.3869451851245,173.14684137479,20.141438261864703,-87.40463478269055,KI,blur,1,10939.388125658676,0.17223010957241058,0.025937318801879883,3.6386423110961914
319746332831620,37.296859809574,-5.7125450742042,37.384125686487494,-6.1895822416014585,ES,blur,1,43.27435479269972,0.5671951770782471,0.1833275556564331,0.8893870711326599
3035810213314122,55.003356832716,24.139338741958,55.33849612198483,24.782886664060296,LT,blur,1,55.308422139756345,0.7940171957015991,0.7570233941078186,1.2846121788024902
288447642774684,-6.1571269966165,107.04394801454,-6.989446905557004,110.50400777660516,ID,blur,1,393.2532742260345,0.6168887615203857,0.42438530921936035,1.1769828796386719
829997677895262,12.323432189112,-1.5533388682237,12.433966036937711,-1.0984955782430876,BF,blur,1,50.906472681388706,0.5638554096221924,0.2372167408466339,0.974646806716919
106381768201986,11.974525625543,39.044869566531,8.217095957652402,38.30876378833857,ET,blur,1,425.5043955476179,0.9341076612472534,0.8839690685272217,0.3175341784954071
305230294414376,18.451313183212,-64.558514994681,15.565372422673386,-61.45420452550151,VG,blur,1,460.32928676776754,0.4860055148601532,0.022609740495681763,0.9507593512535095
883910462466493,-15.648621030725534,39.34163432285212,5.983538528907361,0.6064663589820225,MZ,blur,1,4896.39904964326,0.5030515193939209,0.40984445810317993,3.073030710220337
492194012125902,46.117642,18.110710999899,45.32595576274618,-75.70674206891091,HU,blur,1,6817.134317978666,0.9137622714042664,0.8839727640151978,0.5985954403877258
1573490059506418,18.338429999176,-64.899272406242,19.94155242610326,-99.43481800653424,VI,blur,1,3626.016629834736,0.46462199091911316,0.3647063374519348,2.61037015914917
766495730715953,44.706372569218,18.069343447503,41.81634101305361,2.641736789739703,BA,blur,1,1287.7449164538655,0.23041775822639465,0.018368929624557495,3.392268419265747
781285156083286,32.087994573877,-8.2233968662806,32.00889265955124,-8.218644358825838,MA,blur,1,8.80712917087596,0.9999830722808838,0.9999748468399048,0.00024714594474062324
745256106153583,52.344707039659,45.336839122968,55.1000515500846,46.97608994584304,RU,blur,1,324.78585753565983,0.29284197092056274,0.0180303156375885,2.587533473968506
1117334568775680,18.337748404316,-64.915702992028,17.013459777272754,-61.86154212834277,VI,blur,1,355.493970937753,0.5140212178230286,0.39358097314834595,1.9510422945022583
306286164527539,33.350146257859,126.25399959043,12.263311801735195,102.30254072907839,KR,blur,1,3377.3825887234075,0.11710513383150101,0.007289484143257141,4.074744701385498
336794264546437,4.9054666559617,-52.301588003183,4.808645900369861,-52.43804796204247,GF,blur,1,18.560587644999057,0.9698390364646912,0.9481047987937927,0.16432256996631622
153474173412155,38.399164295663,71.058858396182,32.337958516718956,77.49108338923936,AF,blur,1,890.7776801042651,0.9785786271095276,0.9648208022117615,0.12111151218414307
350521240549818,31.321208568090835,27.27841709921041,31.079476343569116,28.260641108945517,EG,blur,1,97.21071015582649,0.7100122570991516,0.5963890552520752,1.3792529106140137
218975556246226,7.8821057071516,-74.834139978895,-27.409578946716294,-59.040828913075195,CO,blur,1,4276.729277633346,0.441945344209671,0.23219412565231323,1.9203321933746338
1259603784501134,31.292411220432,35.534796522034,30.840132685604523,35.569790946466625,JO,blur,1,50.40140824688088,0.9973942041397095,0.9970672726631165,0.027021631598472595
4309223739108363,2.1266240352603,45.323364966483,17.024868505385523,54.22317615349792,SO,blur,1,1921.119713546262,0.4337007999420166,0.2760026454925537,2.4068775177001953
259978149147748,40.965992824636,70.990742663385,44.85830484575627,-111.34549375464951,UZ,blur,1,10469.01838293364,0.19486257433891296,0.09952735155820847,4.187519550323486
764847514207415,29.990268063885,35.075916116471,31.061341438312322,35.031839833785305,JO,blur,1,119.17272393989984,0.27757444977760315,0.06322181224822998,3.62272572517395
248250033759700,29.80888569787,-8.8927590395819,37.768337922437325,41.44330129663882,MA,blur,1,4678.565743584354,0.30839893221855164,0.11544278264045715,2.7732341289520264
454143095650719,4.754477618596,115.1672935653,4.883428520724303,114.89242503049276,BN,blur,1,33.6624745824933,0.6517676115036011,0.4510575830936432,1.244449257850647
779725396245876,17.150242379267,95.997861485963,19.888546946670736,101.28343027235515,MM,blur,1,634.9695810718331,0.4579719007015228,0.3036578893661499,2.7216176986694336
580468796254927,1.0529367558583,104.00979134276,1.0861110376136147,104.0792670580488,SG,blur,1,8.559645150223771,0.9890124797821045,0.9831061363220215,0.07386651635169983
996366924230321,9.4509927129863,-5.632989557206,-27.39816558149052,-55.91440120768131,CI,blur,1,6788.232330932087,0.5372545123100281,0.3466407060623169,1.8926796913146973
167430881975593,48.946219066106,17.372135047934,53.048310859565646,6.324633733945613,CZ,blur,1,896.2297965635532,0.2292119413614273,0.16774249076843262,3.833031415939331
1287753361619391,41.902938185448,12.402760733592,42.524841223411066,18.329007483830647,VA,blur,1,492.82881226752613,0.3879057765007019,0.17800351977348328,2.044386863708496
631066277884886,8.81662211291624,-82.90477256073295,17.311358918945583,-88.45419185704283,PA,blur,1,1119.2625921154333,0.6153168082237244,0.2522892355918884,0.803770124912262
1770786233100996,69.218294531367,-51.091665910743,68.72325069103198,16.20203945662736,GL,blur,1,2550.8552949928385,0.48004183173179626,0.17235532402992249,2.041933536529541
239943934683187,68.81413122743538,15.673939453479123,65.16042409540349,-14.075986287256086,NO,blur,1,1340.1297091249137,0.8043815493583679,0.7127257585525513,0.9246063232421875
481611806279393,19.322225516792,-81.380605067753,26.553702322110595,-77.88031773807637,KY,blur,1,880.2226127810918,0.3719800114631653,0.16856443881988525,2.172915458679199
3800949300034619,38.343949995952,57.117059018247,42.8797491219783,77.25008364881704,TM,blur,1,1767.7908016120314,0.5356327891349792,0.265497624874115,1.4706387519836426
823233711883166,29.068560075854,48.084048261556,23.978548911726776,38.8229144836779,KW,blur,1,1080.7318368686974,0.5842123627662659,0.17703601717948914,0.7334030270576477
450038362963389,38.978830137822,-7.2812361854766,38.18102815823706,-8.549612491806279,PT,blur,1,141.50951978629186,0.3800185024738312,0.10114896297454834,1.5021475553512573
297933462444738,13.662316404789827,-16.430340101173016,5.856622176068438,0.4080993166375075,GM,blur,1,2037.6075710225455,0.38015708327293396,0.028465956449508667,1.73604416847229
949917125580796,18.251570400358,-62.984528794394,43.367305147375404,-8.295290788347767,AI,blur,1,5794.63929170239,0.10361278802156448,0.009735733270645142,4.224142074584961
313078556837128,55.266055994786,11.315098206416,53.30786369864828,6.017739815129979,DK,blur,1,406.818940281757,0.7398631572723389,0.6656574010848999,1.5950312614440918
210766354219144,-26.628804736334,31.659445474276,-28.3718067836002,32.33650680282937,SZ,blur,1,204.99338888543093,0.23499329388141632,0.07335609197616577,3.2343342304229736
520708829313842,54.68692259669,9.0074931788196,53.43314235765344,13.266154204982437,DE,blur,1,310.87368358908697,0.4497159719467163,0.39506903290748596,3.121617078781128
992154464938892,-17.65251068093,177.40709100849,-17.525669377418385,175.73287003063794,FJ,blur,1,178.02031317224797,0.984085202217102,0.9733123779296875,0.10922500491142273
150289013771703,50.348577719861,-4.6628826388904,11.26212824521154,77.06926900580964,GB,blur,1,8461.051823213464,0.16296055912971497,0.06920599192380905,4.08022928237915
1423738521294950,17.182641732455,-88.332789645282,17.391571873944958,-88.41567130506141,BZ,blur,1,24.842691417405668,0.36862021684646606,0.17473043501377106,2.9209539890289307
1155605118288528,14.706942793316,-61.143095527488,14.682419733918994,-61.03132436005691,MQ,blur,1,12.327247005424232,0.9343096017837524,0.9208781123161316,0.45883917808532715
2986698694926936,78.215334468879,15.012641390148,65.59919617892668,-23.173978997778274,SJ,blur,1,1857.46169242348,0.6517594456672668,0.46586304903030396,1.013850212097168
2083829008422694,58.379655829272,6.1151443597417,59.830094464040506,5.494850470101007,NO,blur,1,165.12217155829572,0.5988526940345764,0.3615780770778656,1.425605297088623
155652916570780,42.348418071723,20.818276988414,40.2345722627357,29.0693023484136,XK,blur,1,727.9561067524681,0.1886894553899765,0.030170544981956482,3.167332410812378
845707173409060,13.15145888888889,-59.57003805555556,13.163209390111358,-59.58477034487238,BB,blur,1,2.0619659416722755,0.9812319874763489,0.9686784148216248,0.1174367144703865
792307658322895,52.913640031191,6.8640509875213,48.477999463530736,10.051345050385967,NL,blur,1,541.7748144210294,0.11114750057458878,0.03720115125179291,4.1817169189453125
463829391356731,7.1956119778003,124.23640602451,-8.91690245620215,158.8986910174559,PH,blur,1,4238.301949737986,0.38902366161346436,0.09997433423995972,2.10335636138916
190327429484222,18.406063827426,-66.173016157195,18.40883917928082,-66.15391346743505,PR,blur,1,2.0389313379784153,0.9973192811012268,0.9970702528953552,0.029880186542868614
964385794363812,38.838166509572,140.96848476449,38.91637267673499,141.1418336689968,JP,blur,1,17.34352213540823,0.44346344470977783,0.183622807264328,1.5688257217407227
992350614846774,12.919375038455,-85.248546579532,13.04761594545309,-85.55479902900565,NI,blur,1,36.11730251520286,0.6982293128967285,0.43880677223205566,0.8029100894927979
2898111640459899,32.288702684025,-64.767038528517,4.611764557820907,114.55035418901667,BM,blur,1,15911.307568936329,0.7480725049972534,0.6166667938232422,0.9242863655090332
156853596375003,19.653051191999,98.633327646919,17.928962179715477,98.62034782214428,TH,blur,1,191.71481989201777,0.8432904481887817,0.7927683591842651,0.7628823518753052
353101693221406,-16.097698333830845,28.68442044328358,-15.634416883050159,29.002027339180405,ZW,blur,1,61.70704126951332,0.9861865043640137,0.9820699095726013,0.11461344361305237
