id,true_lat,true_lon,pred_lat,pred_lon,country,error_km,top1_score,margin,entropy
2968866076713699,3.651294949900348,72.82224826219343,20.123902638568847,-86.983332806723,MV,16572.545512214103,0.14676570892333984,0.06691865622997284,5.112356185913086
792552144983254,38.0289734581,58.23521846894,38.046871646867665,58.18857255021405,TM,4.544133104357851,0.6859989762306213,0.3955453336238861,0.7523307800292969
1048482462350820,37.132134817275,72.732355425817,37.27778807378687,72.90193937244425,AF,22.087996152675128,0.9785194993019104,0.9572410583496094,0.10532238334417343
1523110134747236,55.585444821143,25.495861113402,55.5863744322388,25.716319998369016,LT,13.854903619908475,0.8710381984710693,0.8399858474731445,0.8748964071273804
837931920144780,13.297517763945,-61.228313355163,13.34404111325183,-61.211573714744176,VC,5.481089080878401,0.9986633062362671,0.9982141852378845,0.014690461568534374
373839510658989,25.158006017574,51.409598469506,25.168879825134074,51.39231409405361,QA,2.118478996398063,0.7281922101974487,0.6056617498397827,0.8959790468215942
203966514648186,39.044462198576,125.75420431832,16.018083318480386,108.25616515218181,KP,3074.770991140949,0.5470530390739441,0.43468770384788513,1.9002563953399658
1322389432013706,7.435105314907208,80.63116533197775,7.497697820630045,80.70037977648009,LK,10.328307439376777,0.7788630127906799,0.5800087451934814,0.6008501648902893
157373106331958,-8.7631615071759,160.69566743528,-17.163196785183292,145.54634293929655,SB,1887.0275363997835,0.327288955450058,0.023292601108551025,1.3505338430404663
458312391931633,6.2375106253174,1.2104281322936,6.185408737537286,1.2034193523779522,TG,5.845041070663645,0.9987372756004333,0.998322606086731,0.012398017570376396
510236553670467,7.7018594495534,-5.0412782197133,6.6926770035289245,-1.5525017869769668,CI,400.89704811612023,0.5027944445610046,0.32385748624801636,1.8688318729400635
4537381269655437,-12.793579704798,45.271858507886,-12.735522353589822,45.25408427801477,YT,6.73730868103053,0.9809532761573792,0.971480667591095,0.1251656860113144
929995707797025,65.473359769866,-18.670471823789,65.54682216554492,-18.81366800197761,IS,10.502046946580704,0.9040209054946899,0.8362493515014648,0.4169726073741913
565758964389055,6.793181101683,-58.128173698297,6.974698504273211,-58.34487826478555,GY,31.29989093409053,0.9999910593032837,0.9999884963035583,0.00014487255248241127
477563046797948,10.320770162958,-66.873297721696,-28.495399297301415,-48.89284712937293,VE,4729.021864535486,0.9308737516403198,0.9162501096725464,0.4330063760280609
1314759745659884,12.198001526742024,-69.07626402780737,20.15166810007611,-87.37610732461138,CW,2142.7154440412355,0.47777560353279114,0.16992002725601196,1.8173714876174927
212370810484851,-11.344344273861,15.104067544359,-11.29465940790371,16.805327280495305,AO,185.57365800061103,0.9816833734512329,0.9771280288696289,0.13227838277816772
2852013765012256,17.350825178913,-62.727573880504,17.429196577234734,-62.64089112206537,KN,12.670752934965174,0.9982811212539673,0.9976475834846497,0.01565910130739212
4422496797782748,56.108776388904,10.184173053807,56.30063681937521,10.452438487125415,DK,27.02650319884515,0.4840729832649231,0.21125894784927368,2.091282844543457
892651014800774,25.200160409829,51.451785026219,25.35249687706286,51.46617577984147,QA,17.00073209813606,0.8813393115997314,0.8073973655700684,0.5351076126098633
777829342920912,6.6695966451966,-1.6316373162952,6.704128825214249,-1.6195927246056065,GH,4.063678817726101,0.9949191212654114,0.993729293346405,0.04466123506426811
139332574880387,28.875105537629,32.662850056184,27.763387066050896,34.35748594671251,EG,206.87257814030718,0.8890607953071594,0.8355250954627991,0.529697060585022
792018445083297,60.52963050505,17.591197762848,60.51687327763341,17.489656481093032,SE,5.734136437594847,0.9813184142112732,0.975139856338501,0.1414639949798584
1164257950687271,47.45224564,-2.13337063,47.42463851941793,-1.9606932268208053,FR,13.3449770979379,0.5830133557319641,0.47903314232826233,1.9668962955474854
478557176754312,32.293297740507,-64.781755679568,17.152057117309248,-61.99189062054529,BM,1706.824202718553,0.21845272183418274,0.005276873707771301,2.4636995792388916
268606811705205,34.532265129494,69.164958850838,26.238471071864094,50.570845411041724,AF,2003.2816436959442,0.4689638018608093,0.33082878589630127,1.9056177139282227
1176693216516870,42.16310320000001,21.68371939999752,42.15905535685767,21.69882515105656,MK,1.3239415399262349,0.9972773194313049,0.9960334300994873,0.025181781500577927
475590970312056,6.6745810866323,-1.6022842209891,6.692393402401652,-1.5789588662195884,GH,3.249444367630009,0.9991300702095032,0.9985815286636353,0.007771809119731188
371268094300384,-1.5003185397835,-78.024221104214,-1.4270759441760317,-78.0685742137996,EC,9.520255023729106,0.9976211190223694,0.9966509342193604,0.019807571545243263
2980661118882197,41.687971040403,44.818385303918,41.69590765161101,44.79963662937541,GE,1.7895000598167368,0.9456763863563538,0.9376433491706848,0.4211950898170471
470161170981450,1.2981100066962,103.84563399342,1.3080718864635468,103.86230023685195,SG,2.1586113570523624,0.7629462480545044,0.5285221338272095,0.5627611875534058
185220580017694,-1.733648,38.202393,-1.7413841838905288,38.22097584242578,KE,2.237348868298826,0.9858601093292236,0.9718170166015625,0.07520654052495956
1331796673947524,-22.27291907075742,166.44964053767978,-22.636692100583467,166.00811715039592,NC,60.78536251115467,0.3121080994606018,0.2350044548511505,4.08162784576416
173519298004414,32.907773349041,13.271739147593,32.977098866887424,13.370683380586403,LY,12.028061159086441,0.9663020372390747,0.9506056904792786,0.21302875876426697
1818040528375207,27.673912374776,85.33103008291,27.670784836772754,85.36262220187749,NP,3.1304491402093593,0.9765560030937195,0.9607373476028442,0.12978985905647278
511758196854635,7.7274242779021,-8.4020508087861,8.91267620018539,-11.960023428852345,GN,413.0464173554415,0.7054794430732727,0.6118738651275635,1.203079104423523
270840678805293,6.705131705169925,-11.329849661584376,6.750023365844143,-11.468278098109732,LR,16.080920227730672,0.9967203736305237,0.9956701993942261,0.028681471943855286
552503646173040,15.870322480816238,120.60409860484626,15.867946446048158,120.68351021589102,PH,8.497747645533368,0.5340306162834167,0.2882981598377228,1.4300645589828491
759610554735134,38.561458079667,68.774620159951,38.5742619324298,68.84511500686523,TJ,6.292015237982381,0.9998760223388672,0.9997648000717163,0.001301461597904563
815735859317998,1.3802687984107,103.94247459592,1.3058433454597806,103.69074801517067,MY,29.181116414925107,0.7089757323265076,0.4887223243713379,0.7771304845809937
884893512796549,35.3620807181024,8.850180261163967,35.311181264275675,9.039971722092291,TN,18.122306968972353,0.32893311977386475,0.017879635095596313,1.3941221237182617
919655055534695,15.539147535189,32.567377977901,14.808306132300405,-16.429586745414753,SD,5247.08539204374,0.42693597078323364,0.030935317277908325,1.3580390214920044
473691440722321,-17.792853262031,31.064453944951,25.487290140263926,91.57271502870232,ZW,8122.111062080386,0.3548913598060608,0.12491802871227264,2.486670732498169
314584293458705,37.608340751735,65.730689674656,37.34531785003014,63.3488064697741,AF,212.20644149660117,0.998854398727417,0.9981259107589722,0.011143634095788002
817893178858280,24.751147898993,46.670565545117,24.72123671681815,46.71756341649838,SA,5.7957349084071845,0.9997922778129578,0.9996525049209595,0.0021826468873769045
741905893171384,16.247511056806,-61.493080159281,16.208505037665198,-61.42509423019399,GP,8.455626144116332,0.6322892904281616,0.4092795252799988,0.964629054069519
464293144858546,18.105860205786,-76.716792696842,-36.909250254333585,174.58705036562185,JM,12841.178089096342,0.5796740651130676,0.5076137781143188,2.189403772354126
391469091926615,31.184154781855,121.53698999569,31.2028681794152,121.55135354496126,CN,2.4892751639292507,0.9045486450195312,0.8267512917518616,0.3793506622314453
587348258894514,21.451986600062,-71.14392897406,-34.870592211105745,-56.08937074580134,TC,6461.398213704731,0.31597504019737244,0.1795578896999359,2.843691110610962
332390238282042,-26.461540192591,31.186935932895,-26.394400779304192,31.253559333854707,SZ,9.987212658248266,0.7796198725700378,0.6779143810272217,0.9977153539657593
197447458874449,18.462224328095,-69.610023546959,18.448492037668828,-69.66729738045055,DO,6.231021941662104,0.8631695508956909,0.7376758456230164,0.4477994441986084
799369480717417,26.508365092498,67.673397990396,25.902202087593356,68.76074576779479,PK,127.71374576107574,0.4744604527950287,0.4051476716995239,2.4543886184692383
293862092366968,14.623198319257,121.00289596716,14.657614968836233,121.02171037645114,PH,4.329288701433369,0.9768736958503723,0.9663153290748596,0.17779913544654846
849414943153728,6.9311704,158.23741199999998,5.61377387735666,158.30557831014255,FM,146.68143223394648,0.9983991980552673,0.9969131946563721,0.012700521387159824
170729448312223,31.184467156456,121.49214524951,31.20699426964889,121.49338244735313,CN,2.5076633733663676,0.9977840781211853,0.9971859455108643,0.02263520285487175
479924466789350,17.086557613115,-88.603770313716,17.025696182546923,-88.37587981757467,BZ,25.153241825731293,0.9792774319648743,0.9740185737609863,0.1455729454755783
304953117670655,6.1830238445421,80.295051618219,6.373105704779062,80.38931885541157,LK,23.5647085480625,0.7234257459640503,0.6095767617225647,0.9872602820396423
812572942718406,42.434961667643,18.848470516038,42.416836974385,18.837436259800523,ME,2.2095206217176244,0.6375448703765869,0.5554215908050537,1.8250540494918823
972752486828150,61.903556249206,-6.8919900393937,61.818965425988125,-6.872730779534429,FO,9.460136642180107,0.987711489200592,0.979424774646759,0.0839049369096756
960615918042871,8.5667610022416,16.051865017708,12.702687959559551,-1.2137531377597248,TD,1941.4311097465902,0.6304370164871216,0.4179673492908478,1.1961205005645752
1028558997673243,-7.7663031547857,110.39194012586,-7.744871506868447,110.39639738640662,ID,2.4331647979297464,0.8371690511703491,0.7437268495559692,0.7155659794807434
312424627118799,16.035833333333,-61.665555555556,16.033955027730897,-61.70815583897726,GP,4.557426808810692,0.9921187162399292,0.9893454313278198,0.07138697057962418
1177379556042190,43.933274754561,12.446279216948,43.905587647633695,12.920538147845834,SM,38.110495606039464,0.5858984589576721,0.4647221565246582,1.8423306941986084
172384624761974,6.8786399991044,79.873747009749,6.893792693415855,79.8837652741978,LK,2.015442807322736,0.9654656052589417,0.9455180168151855,0.19207297265529633
774876743416875,10.135358774748,35.123325776293,10.435902415021838,35.962266973456195,ET,97.68127217937511,0.9686476588249207,0.9578851461410522,0.2271643429994583
478340670103096,32.897418801664,13.318457592753,32.957852690165616,13.287247097394108,LY,7.32413017176358,0.8588449358940125,0.7553099393844604,0.5712494850158691
4360883090630429,22.13807795248,113.56310960176,22.122084018993387,113.44846122614659,MO,11.942326197418021,0.9907785654067993,0.9839978814125061,0.06251844763755798
264455948704800,4.8890081360488,114.85860238399,4.881364771180115,114.88200843220552,BN,2.7289036089575758,0.9538511633872986,0.9107791185379028,0.20428596436977386
250761983405911,19.340997255374,103.53984496329,19.42433225167776,103.39040585975326,LA,18.209192406579643,0.9582616090774536,0.9461456537246704,0.26442939043045044
246589360577097,-8.771273864306,160.69878423181,-9.212819864326981,159.78026931268639,SB,112.19219982032725,0.9056313633918762,0.8663647770881653,0.5305126309394836
1144725265991561,13.133131729109,-59.623353061241,13.029210968368536,-59.558334016734314,BB,13.532218552837884,0.9978755712509155,0.9971760511398315,0.018960507586598396
350706179804025,11.212301899315,-60.778473624391,11.165923056677002,-60.799557574606716,TT,5.6466785817017175,0.7592108249664307,0.5278185606002808,0.6042497754096985
289905532779215,15.591285885359,32.573947135541,21.985631235272255,96.10070221526854,SD,6680.716728377253,0.3064045011997223,0.1478521227836609,2.756885051727295
368289668187836,31.44977121162908,36.7697744134477,31.474719817525397,36.83488703940635,JO,6.770236636540844,0.9995400905609131,0.999379575252533,0.005364622920751572
786231035342629,49.063434302396,13.750067075605,49.080013569184224,13.709633406552058,CZ,3.474767218587646,0.99552321434021,0.9934917092323303,0.04114121198654175
1473694292961879,15.005190928889,-24.303708014193,15.342444202899463,-25.434965797986504,CV,127.06418617217504,0.9999139308929443,0.9998892545700073,0.0010627133306115866
134616085348379,-22.962609059434,-43.400591930183,-25.45658512172204,-49.27859820640057,BR,657.3602533888449,0.38509491086006165,0.25973454117774963,2.1377334594726562
4574668059227346,-1.2702037183948,36.815580942096,-34.61304064366907,-58.39237691657044,KE,10403.405015879294,0.5094226002693176,0.40082302689552307,2.371950626373291
204060301376147,-33.44340956618,-70.643199414308,38.00128366441761,23.744735433059965,CL,12557.308894138892,0.6350927948951721,0.44513702392578125,1.219258427619934
218839216360548,42.437971566674,20.480747991588,42.45518672345041,20.539266252834288,XK,5.169024856755636,0.9326254725456238,0.9169918894767761,0.5073531866073608
181748170490360,52.080155551281,4.7519573066269,52.02187102115671,4.33005241745666,NL,29.568963253807816,0.5966027975082397,0.316972941160202,1.1283684968948364
526617902048336,-8.9072895591377,13.224485972797,-8.881595402938707,13.219185023231558,AO,2.9158057235378854,0.9961636066436768,0.9945880770683289,0.03539932146668434
184342960226325,18.490026906611,-64.388038143762,18.487383243631047,-64.22500359135968,VG,17.195440454916888,0.969891369342804,0.9562768340110779,0.19642780721187592
311078480581288,24.84077652229,121.20502602832,25.02038201150992,121.26971459146827,TW,21.009433201060823,0.840175986289978,0.7554375529289246,0.7020131349563599
215777309956750,4.846271103074,31.551512216183,-30.38184464763282,27.5431849140161,SS,3940.3513944517795,0.4767194986343384,0.2826341390609741,2.138747215270996
185454390112908,6.6924383297525,0.33548652632183,6.737334102920352,0.3555000678056324,GH,5.459541727825184,0.6333138942718506,0.2903834581375122,0.77510666847229
302158568087030,49.458681525482,-2.6384382070055,49.464395430587864,-2.4658772398992843,GG,12.487509456281337,0.9741172790527344,0.9657022953033447,0.19505132734775543
849452072377630,-17.53915379318815,36.62427955012685,-17.396335137254873,37.07889984247194,MZ,50.768059430393045,0.9988991022109985,0.9987121224403381,0.014014665968716145
463826081394966,14.968377678462,120.67558459261,14.971808613117325,120.69077372606783,PH,1.675640106282389,0.987580418586731,0.9778108596801758,0.0757494866847992
929814105080869,40.80099264701917,23.953234242877656,40.777733294269915,24.283427012345033,GR,27.918141684141972,0.5134654641151428,0.39793193340301514,1.7625057697296143
771248050207971,53.24536799883,28.940670397827,53.30800551625656,29.000570080996596,BY,8.023252981113249,0.3936328887939453,0.11962473392486572,1.9536852836608887
792102912022157,60.45607066268998,22.366916921203668,60.453321257416825,22.359078347154945,FI,0.5274404491374222,0.6296706199645996,0.5685743689537048,1.8472435474395752
296596078759027,-11.719379728594,43.246712839199,-12.792318024612623,45.2542981938869,KM,248.6352560103016,0.31493809819221497,0.06822927296161652,2.0504655838012695
455309828901532,41.209886422603,-7.7551217301885,41.19744807063655,-7.760329647400061,PT,1.4500843156747858,0.7134513854980469,0.580970287322998,0.9494252800941467
291627022628062,33.963192817862,35.780192456285,33.91977681167128,35.77473209665348,LB,4.853846572843986,0.9988753199577332,0.9982266426086426,0.010543574579060078
374869687183560,13.157880221613,-61.233736651192,13.180417833539252,-61.230513055557445,VC,2.530255511204577,0.8159183263778687,0.7260295152664185,0.946757972240448
799586110964961,22.187807076838,113.55310966096,22.338076103040212,114.1849833745576,MO,67.13602257284452,0.5392913818359375,0.12235239148139954,0.8729408979415894
1204374810054746,36.285706561319,44.487443645823,36.14543718219587,44.52274607566982,IQ,15.915533637718596,0.9989473223686218,0.9979510307312012,0.008615659549832344
223879072872538,8.842279590817,39.014326477669,8.849761020263626,38.9476017017737,ET,7.378251619576481,0.687073290348053,0.4749877452850342,1.0158135890960693
2976045105986287,6.6428517553597,3.7124119607035,4.806359884175347,7.05938021861281,NG,422.86881311797396,0.49043408036231995,0.010672330856323242,0.8559965491294861
108050242018886,6.969103003679196,158.20700498564452,6.331878312345653,160.83527951413393,FM,298.8050314307836,0.9997150301933289,0.9996156096458435,0.00327261327765882
2878920018989626,16.767977447916,-62.16926783055,16.92035247766526,-62.10916497617839,MS,18.11050440756702,0.8228831887245178,0.6505146622657776,0.4991733729839325
392754569148602,32.90451290297759,35.618376232616576,32.870575278250556,35.669436700127704,SY,6.08047636340185,0.9805974364280701,0.97318035364151,0.149667426943779
2915005882104769,36.280796122281,44.494813587589,36.33945145222542,44.482836513753334,IQ,6.609878963120556,0.9253482818603516,0.8920737504959106,0.38838785886764526
787413695520823,52.260094121601,-9.7262089058636,52.10882701261232,-9.568920693873938,IE,19.947561158065778,0.986531674861908,0.9805492758750916,0.09601914882659912
467667047647359,42.477498617895,78.332133479727,42.5456603372629,78.34402726748031,KG,7.641678439748598,0.9976199269294739,0.9969017505645752,0.02484060451388359
534785424179921,44.698918566318,11.235098011488,44.6949720171677,11.219029152632173,IT,1.3437808109487797,0.9194540977478027,0.8862848281860352,0.45830175280570984
164890048805011,31.987230818152,35.988299185579,31.999521316209318,35.92167557785352,JO,6.429884575635027,0.6580528616905212,0.42265912890434265,1.0600429773330688
1139785983162098,43.729740717686,7.4241711778301,43.74458419000318,7.51835492786095,MC,7.744682876140599,0.5817314982414246,0.5232710242271423,2.1370885372161865
294608492142265,49.507120210533,10.957420772689,49.85789796987399,2.1641900990493332,DE,633.4701155099551,0.2741492986679077,0.21984747052192688,3.7362189292907715
897416174310643,12.11257375547303,15.114133268592315,-15.358903001732724,28.30545540307519,TD,3382.2234112726414,0.40613868832588196,0.06395390629768372,1.7872008085250854
1404889136602711,5.966658016862389,102.19357156840854,6.002961636800831,102.17813338954126,MY,4.382969421570633,0.9668948650360107,0.9436196088790894,0.16745302081108093
1028385924738645,60.298144080033005,-1.3601661199428043,60.53914355582102,-1.3529249276485735,GB,26.800866726413584,0.5323061347007751,0.07753190398216248,0.7569543123245239
798060477807097,-6.1621622642962,35.791184071875,-6.22343479475634,35.76749542232262,TZ,7.299119055346296,0.9999858140945435,0.9999812245368958,0.00019600997620727867
522523268880248,22.437908133652,113.9963212503,22.3907629911131,114.05443106366104,HK,7.94749397077662,0.7827955484390259,0.6626299619674683,0.8936672210693359
978922822918209,38.459924739885,70.957052923563,38.31316598309314,71.31135316240476,AF,34.92710925268471,0.9925215840339661,0.9856253862380981,0.047767072916030884
320824176096003,32.868850701272,13.252697716435,32.849815656733995,13.217329805663107,LY,3.9234183138090652,0.9998410940170288,0.9998112916946411,0.002072898903861642
781009219679376,-33.52568995278445,-70.56946969371263,-33.53286578735619,-70.53549132975272,CL,3.2490413120601964,0.5496478080749512,0.43406108021736145,1.9252398014068604
1200678303730661,6.7441108913889,-11.338223051111,6.68276505408966,-11.150036227768014,LR,21.872808099643596,0.9999510049819946,0.9999334216117859,0.0006209753919392824
174815774512301,18.373798575377,-66.164252483577,18.368488481292285,-66.07843111523049,PR,9.07577286451595,0.9245563745498657,0.9088553190231323,0.5200701355934143
809130439962845,-17.806589989912,31.058665442235,-17.89263389879203,29.597783580537527,ZW,154.91868120226613,0.9444486498832703,0.9387798309326172,0.44875407218933105
215585490093683,21.429814057802,-71.143984745929,21.511217900842453,-71.22955650570299,TC,12.662604496461036,0.8604028820991516,0.74040687084198,0.46554479002952576
2061370040672760,23.130129333083783,57.304818786373865,23.130833306968075,57.33868031232376,OM,3.4634377209676632,0.7037043571472168,0.42812979221343994,0.6919907927513123
461826329315858,6.922653410392726,158.16713204223527,6.06758150414446,160.22417112629654,FM,246.34952234065676,0.9999910593032837,0.9999867081642151,0.00012276314373593777
2658538881106898,54.076613080405,-4.6626946083932,54.093905269386056,-4.66988660817433,IM,1.9791982659874985,0.8632718920707703,0.75961834192276,0.5044330358505249
386845445821165,-20.192321867116,57.465159334922,-20.174952805536357,57.4799072329064,MU,2.4696597695007503,0.9809074997901917,0.9675390124320984,0.12224649637937546
1186688371763773,-4.0769253137078,15.543731608787,-22.436906359840215,-44.308265714479276,CG,6743.729741735977,0.4913157820701599,0.4062362015247345,2.5935497283935547
485824979501277,-21.027634813995,55.265202384014,-21.06219522038465,55.243631111078095,RE,4.447431906530275,0.9993682503700256,0.9987463355064392,0.005372018553316593
4333151226729345,5.1436633707968,10.275555430161,5.239036698657054,10.112928273945244,CM,20.899656605325738,0.9226664900779724,0.8791148662567139,0.4211076498031616
735854147081979,-8.9273633746285,13.229263598387,-8.90682954645703,13.241774628426969,AO,2.664976552887279,0.9005873203277588,0.8011753559112549,0.3238011598587036
220593786168658,25.288921256132,51.544172712704,25.333002779481536,51.530527543071884,QA,5.089933561329675,0.5123336911201477,0.0656881332397461,0.8512259721755981
126686216412984,-39.34031264198768,176.6646726662819,-35.20945384360728,173.44259421321823,NZ,540.5184813442094,0.5571494698524475,0.4391200840473175,2.3524417877197266
522641002203099,10.820736374663,-14.374742626726,10.19253535011543,-14.636562437140135,GN,75.49030367726819,0.8091627359390259,0.7707788348197937,1.0713907480239868
1418872605132014,64.138078975009,-51.674656668526,59.02500723132516,6.67328364292198,GL,3025.7048553418585,0.8300317525863647,0.7712832093238831,0.9134294986724854
1681758595358665,9.9223808468178,-84.07287452244,9.959074614188362,-84.08100078263496,CR,4.176107125585241,0.4562181830406189,0.2276168167591095,1.6645007133483887
855230191740060,52.531172115734,17.595023464947,45.04818805680016,39.04255248330576,PL,1768.4556031244765,0.31552064418792725,0.04550302028656006,2.4401278495788574
662818325372861,12.09137001644062,0.3515679983418129,37.615621996120694,-100.2576510755899,BF,10101.511734780957,0.2960624694824219,0.14639201760292053,2.986966133117676
1345877059119336,34.753321749092,10.732329077369,34.79053197920797,10.740993643299166,TN,4.212596740382691,0.9819081425666809,0.9704049229621887,0.11314405500888824
281558953685315,4.8645540921906,31.55890622148,12.332363107208382,6.124841356771651,SS,2914.5008787618494,0.8411833643913269,0.7946208119392395,0.8575599193572998
567959944339743,-12.983527262379935,40.54411443750482,-15.103071732339469,39.015711856877665,MZ,287.6195949290414,0.9772790670394897,0.9675213694572449,0.1670776605606079
5958922360793875,45.448396,28.0342630999984,45.43989663831098,28.017807045845338,RO,1.5941679907497899,0.9788897037506104,0.9768223166465759,0.2074347585439682
498705155258344,-32.99150703342881,27.830541945379323,-32.99036018749229,27.879981820961483,ZA,4.612797453518355,0.9808191657066345,0.9750727415084839,0.14953088760375977
536110370924537,50.027898471981,5.7032501399493,50.097245060888575,5.506556258814662,BE,16.018430207240627,0.3760404884815216,0.06222659349441528,1.6891722679138184
159093136183447,58.902323881512,24.890439699558,59.40128680642205,28.13179229618555,EE,192.93765837917456,0.29388853907585144,0.03898707032203674,2.3524351119995117
482123746365058,18.77068954301225,109.5167219419622,18.456164731043042,109.66453363291008,CN,38.285343730402246,0.9997342228889465,0.9995995163917542,0.0030885636806488037
1260580401350350,47.11878826739628,9.52397965641232,50.0241430836575,19.985436667777517,LI,833.8369763906163,0.3948030173778534,0.27527105808258057,3.136045217514038
887329792116551,57.164394544066,24.800741369799,57.17288960655675,24.76340056028276,LV,2.441294755499448,0.804463267326355,0.7776292562484741,1.3148930072784424
1369163463495827,-8.337714333333336,146.32581206944445,-7.874810547130464,146.18453833646967,PG,53.770678012503204,0.4755200445652008,0.05997106432914734,0.9769095182418823
1119773328535214,11.574366313107,43.148171412949,23.768034162448025,88.90081478168389,DJ,5009.630268447964,0.303856760263443,0.09585368633270264,2.9844000339508057
297353132756057,7.596135050397317,80.07435462157339,7.5413909429078565,80.06574993621349,LK,6.160714115782344,0.9823827147483826,0.9653897285461426,0.09143953025341034
1780092662193902,12.433249549951002,-15.615374464555998,12.466048463374356,-15.583409497564356,GW,5.034614932663906,0.9863648414611816,0.9793152213096619,0.09696236997842789
469586100799143,49.032847472547,-119.46563954783,49.01900740811445,-119.47032818180277,CA,1.5764579535206866,0.9313750267028809,0.9001124501228333,0.38980454206466675
1513826832385427,44.73931975354254,6.570028855837958,44.404453101933704,6.72612115110227,FR,39.23463503635207,0.7009830474853516,0.5235040783882141,1.1273008584976196
107385491477154,25.47382854311715,67.67444062013713,26.324864971638856,67.75222965477789,PK,94.9502786704031,0.6980393528938293,0.581634521484375,1.305934190750122
3852146114840695,-12.793613238151,45.219155577116,-12.831141295474291,45.191872856849386,YT,5.115083921331119,0.9992973804473877,0.9990044236183167,0.007261915132403374
1092052001430299,43.38489674362745,77.07840236524704,43.38031295649757,77.03408418781147,KZ,3.6176417983849145,0.6615750789642334,0.41964268684387207,0.9436361789703369
399858267754646,-0.82122607429075,29.708525650658,-0.7733223285807171,29.833707906244648,UG,14.902746698246093,0.9992627501487732,0.9988349676132202,0.007178408093750477
683990706692392,12.4162998,-15.732106299972225,12.419079887051812,-15.507454809378963,SN,24.397677530155338,0.603411078453064,0.46295052766799927,1.5851503610610962
159490466037039,61.070918228963,23.611001234674,61.087743736811724,23.653647101244722,FI,2.9595922332308686,0.9105584621429443,0.8468303084373474,0.42162805795669556
175881937663243,-13.873235897275,-171.92236450085,-12.285521845562638,-172.1490095509887,WS,178.24410099079378,0.9999958276748657,0.9999933838844299,6.370939809130505e-05
345899810217481,0.336857347445269,6.733930414311903,-5.371910197824401,145.46070277590556,ST,15399.08692655463,0.9747285842895508,0.9548092484474182,0.1463131308555603
472231004021208,78.217025050691,15.623900819075,78.4014406709389,16.301444512219604,SJ,25.56428938683847,0.9888126850128174,0.9805077910423279,0.07381033152341843
4078198005556751,42.697985597013,23.320040490064,42.689945643402396,23.321013843232357,BG,0.8975342364369012,0.993447482585907,0.9903550148010254,0.04827193170785904
934319390748381,17.157821690552,-88.328750712519,17.180854551581856,-88.46231689254252,BZ,14.41930464473684,0.9999072551727295,0.9998591542243958,0.0011812887387350202
941572233334402,38.746948759295,27.659549662826,38.77827671951475,27.66214821720357,TR,3.4907887075944317,0.984815239906311,0.9792378544807434,0.10990377515554428
299718295161762,-13.832841339129,-171.99749692165,-35.30083378529354,149.14582182692163,WS,4553.596198265035,0.2135002613067627,0.1183617115020752,3.8847007751464844
206301544461686,-25.502562414583,31.502402320838,-25.508794243462837,31.312243664528772,SZ,19.09654764837434,0.9433640241622925,0.9322960376739502,0.4271990656852722
942646176277016,64.342739280518,-21.565025339424,64.3445661249132,-21.53548117695617,IS,1.4368162260367237,0.9898557662963867,0.9861546754837036,0.07062283158302307
371996704204604,49.228401008929,-2.1135363610597,49.16911354591854,-2.119853051634309,JE,6.6084221762257345,0.9445136189460754,0.9327003359794617,0.39323562383651733
4079011258832744,11.181856576234,15.362834024614,-24.390741196005678,25.39374120724569,TD,4102.701118410515,0.3593270778656006,0.26769810914993286,3.2774949073791504
866686323881635,23.015731671584,-82.236442946764,22.868679408789934,-82.26788680146187,CU,16.66546438084839,0.8491801023483276,0.7522284984588623,0.5769779086112976
169004001818583,53.24706939723,-7.7392528772895,53.48381800881313,-7.534943635452239,IE,29.610558953141332,0.614959180355072,0.42465853691101074,1.3304592370986938
1176419399941284,29.34095865237444,47.92483016002481,29.31831739623849,47.92780509001814,KW,2.5340569864961933,0.7479235529899597,0.5766159892082214,0.7813303470611572
305371501168859,-12.950232444809,-39.253597444682,-12.960515504954376,-39.267969036755424,BR,1.9320505484705564,0.9989957213401794,0.9986990690231323,0.010732484981417656
945686042845215,-34.375687843478,-55.959477894494,-34.44363163989551,-55.96171667650487,UY,7.557796559542011,0.9994837045669556,0.9991756677627563,0.004987864755094051
3264114417179085,51.06115503427784,20.276311803837903,51.075123920503046,20.129336344877697,PL,10.38662118178298,0.9848288893699646,0.9766417145729065,0.0992143452167511
297682931980717,15.33880885873,-61.388256681051,15.292463554274555,-61.38303998995213,DM,5.183642787052026,0.5908039808273315,0.34503501653671265,1.295142412185669
4562014627158405,40.413786985985,49.901337895702,40.41555965907509,49.87656034829664,AZ,2.1069260454878282,0.9993637204170227,0.9990620017051697,0.00636061979457736
4081085965270408,26.545427555543,-78.594888130261,26.59229388849556,-78.39528517708268,BS,20.523642371662962,0.9999994039535522,0.9999992847442627,1.2408831935317721e-05
168258195210497,60.096894372664,19.912416502006,60.10749214503605,19.97115465987916,AX,3.4623102087637014,0.9971826076507568,0.9964092969894409,0.027351226657629013
868325677437100,52.355412,15.271228,52.37707668139125,15.396165476134602,PL,8.818298552133795,0.47885286808013916,0.04348704218864441,1.1905708312988281
453950452568626,0.33850166666667,32.625873333333,0.34154718840833975,32.58557751359724,UG,4.493391119333583,0.6990060210227966,0.6112821698188782,1.44115149974823
516350622733644,-11.69743586755,43.25662827258,-12.74348644768899,45.23636262193708,KM,244.5738673394274,0.9995090961456299,0.9990476369857788,0.004370699170976877
457747381989134,40.853878688382,49.238976979805,40.87342331614116,49.15393769426556,AZ,7.474165321899729,0.9983949065208435,0.9972342252731323,0.014386259950697422
312891683724344,47.073236718335,9.492902524929,47.06381173558372,9.50672153580535,LI,1.481125152234897,0.14686505496501923,0.015349090099334717,3.5190911293029785
207669927879048,0.2434368064726669,6.741723678213676,-9.58442593361933,147.62180938307858,ST,15563.858630711518,0.4161953926086426,0.1656457781791687,1.7585140466690063
1346422675744422,43.745454507164,7.4275132807166,40.88009650323258,8.95928244073951,MC,342.58777895150786,0.6433218121528625,0.5225954651832581,1.7418441772460938
1178614565925572,55.768134619001,11.803316683659,55.751363890705605,11.870622780665743,DK,4.605470202005716,0.4471282958984375,0.34058016538619995,2.5182881355285645
4077398428978148,-20.898203791224,55.478459921847,-20.889044079076953,55.491432585649115,RE,1.6892331662777675,0.6802303194999695,0.363549143075943,0.647275984287262
3567826270110179,16.045251874335,108.15123490304,15.985763984929267,108.26873312406715,VN,14.193694574744098,0.9302823543548584,0.8959153890609741,0.3268917500972748
611044820439134,14.209557759847472,-90.83963667729132,14.25979411587842,-90.79660565087399,GT,7.260442437700957,0.9983550906181335,0.9978353977203369,0.01593664288520813
510847859992456,32.64166959551045,35.08979661867835,32.67604942520171,35.10410189231128,IL,4.050641616544879,0.9992548823356628,0.9990319609642029,0.007874475792050362
816805199271955,6.1650625945689,1.2141240843507,6.1706667406259665,1.2017383237930253,TG,1.5043922713005904,0.9943932294845581,0.9920344352722168,0.047560036182403564
1255282235202492,12.348873828361434,-15.763970371016509,12.396195155453617,-15.797446040388992,GW,6.395864360287139,0.9991384744644165,0.9988998770713806,0.008671793155372143
491986955482020,11.203576671607,-60.784089688687,11.21369599140693,-60.70377122185981,TT,8.832620543934423,0.9682838320732117,0.9443466067314148,0.1715058535337448
270285571475632,36.263409575492,44.090636515081,36.355130254438805,43.95954898359871,IQ,15.555904762813777,0.9894222617149353,0.9873385429382324,0.10062042623758316
372296168357285,4.371387581693643,18.55241881567572,0.33000906280355796,32.650714398870946,CF,1629.208052444331,0.7887871861457825,0.6998516321182251,1.1123496294021606
938375160298311,16.809000149996,-62.192964019956,16.885771581538336,-62.180462017529784,MS,8.639655395853667,0.9967976212501526,0.9949572682380676,0.025442779064178467
858732874719835,13.98846387739,-89.676554632517,13.979230373293548,-89.55270086472339,SV,13.403147239540468,0.44888049364089966,0.1728384792804718,1.331699013710022
4932206326866060,19.90040411447715,102.21682408697772,19.76512395500818,102.25925135851482,LA,15.683448523483905,0.9996960163116455,0.9996437430381775,0.003867261577397585
304665034597975,64.173020559816,-51.673722042842,78.39025182049326,15.893413384067776,GL,2643.362022860467,0.7035805583000183,0.45357242226600647,0.888176679611206
765935014121013,11.856709805944,-15.585058265577,6.42317047594909,2.3278673272064445,GW,2056.300314087198,0.6571034789085388,0.38315480947494507,0.9808799624443054
1116234248855133,23.13148517372,-82.409168623059,23.22467347551442,-82.40393316181849,CU,10.375877069422444,0.9874686002731323,0.9749466180801392,0.06745229661464691
1565454233660935,4.9844013718914,31.868028874573,-19.053784572359415,-50.479981864431565,SS,9388.451372490588,0.3723333179950714,0.1011609435081482,1.9262590408325195
466071115586042,-35.117075674616935,173.7525834588883,-35.099517630245586,173.69236641859194,NZ,5.815169507628048,0.519551157951355,0.073605477809906,0.8567124605178833
196615759010722,-2.187952871929234,29.29637482718081,-2.1739765208223036,29.303750222570454,RW,1.7569363795746882,0.7301937937736511,0.5544849038124084,0.894050657749176
485993769194071,16.245988555627,-61.355321005066,16.280067649276447,-61.46588101105546,GP,12.395242887165196,0.9750891327857971,0.9573513865470886,0.14864586293697357
154665719930194,40.857788981607,-4.026404830256,40.88615802747793,-3.982987440618831,ES,4.82473604365901,0.8254286646842957,0.7917730212211609,1.081565499305725
758917281475513,16.663728560759,-22.933662538757,16.517462889755045,-22.96669149471843,CV,16.640504819349783,0.9311240911483765,0.8754824995994568,0.3165630102157593
141772038353844,40.99629260871088,71.5904877093507,40.80205715571246,71.54219471957758,UZ,21.976086402865345,0.9992399215698242,0.9990792870521545,0.008581322617828846
371210704330734,43.313831589121,-80.612814206955,43.345154150706094,-80.57560697400585,CA,4.603029095895843,0.5249449610710144,0.08154335618019104,0.9124016165733337
466617411095013,40.205611194128,44.496853060121,40.21427731313584,44.38386902833929,AM,9.642623659149143,0.9999740123748779,0.9999544620513916,0.0003336842346470803
654749932672889,-8.515213,115.302095,-8.269245708277163,115.07645159818036,ID,36.93450049277765,0.37267976999282837,0.15771210193634033,1.8478832244873047
173813175240046,6.92107868181041,158.32001719666934,5.879194378300162,157.90040985428806,FM,124.78629467680248,0.9998908042907715,0.9997942447662354,0.0011731573613360524
268761814992877,-22.171944444444,166.46916666667,-22.234277603666072,165.14751537788229,NC,136.23975828265424,0.5875551104545593,0.4020959436893463,1.8173049688339233
196734252288143,14.60936724604,-61.005973302893,14.603195233478871,-61.0639941803804,MQ,6.28072895338163,0.9919742941856384,0.9862796664237976,0.05690983682870865
200332151981788,22.470258449521,91.787204936196,22.520231245504405,91.57014137813646,BD,22.981750083949002,0.9983813762664795,0.9969406127929688,0.012866958975791931
759390114739078,60.804738278454,5.6172084468889,61.105465024336546,5.826217037317395,NO,35.29156015367535,0.9978873133659363,0.9967948198318481,0.01678931899368763
510640907041965,2.052108990768,45.311706576995,-5.332316223520427,39.283646633700954,SO,1059.4901121928442,0.6085590720176697,0.4167618751525879,1.2949957847595215
129342202550531,39.043657832721,125.7530846622,25.282077570660423,51.50502090563179,KP,6964.615723949044,0.3894954323768616,0.32844018936157227,3.0966203212738037
203638648067758,42.565919993355,1.7782863839699,42.57576282748785,1.8741811615137598,AD,7.928588885227783,0.8935298323631287,0.8589257597923279,0.7027433514595032
3538488536255728,49.455702206346,-2.6532779930092,49.488193996414815,-2.44246010355309,GG,15.655592335643512,0.6182871460914612,0.5909437537193298,2.2754757404327393
2526269147680709,7.7266774836051,-8.8259059435699,7.830634885736508,-9.12716276026371,GN,35.1453827903164,0.5958998799324036,0.21335923671722412,0.7990453243255615
2594504944183942,-4.2580823095993,15.258783129269,-3.42692065911822,13.001597426118735,CG,266.93136781532337,0.9683929681777954,0.9620772004127502,0.2529965341091156
332256884987294,-38.737304268295,-72.640492679727,-38.8587345147106,-72.62017081884294,CL,13.616792840016148,0.9999338388442993,0.9999052882194519,0.0008522647549398243
301492214777599,-51.696387609645,-57.847929496627,39.363311639725936,-9.264215219722521,FK,11165.117271076915,0.41528984904289246,0.296769380569458,3.1871867179870605
2104439553041919,-13.26626992254162,13.792566861877606,-11.099643150024418,13.708882969815654,AO,241.0895201673038,0.367885559797287,0.1828022599220276,2.088273525238037
788761585170795,48.812666815556,20.514854962654,48.7732726208967,20.87273909338686,SK,26.579570704065294,0.43391841650009155,0.16511240601539612,1.807396411895752
928532784652563,32.367253895864,-64.673147976278,14.601028593340489,-61.02620282813074,BM,2009.785900024086,0.8419045209884644,0.7632055878639221,0.6666645407676697
1488771551507654,34.50519327710793,136.70831275128722,34.463594755243655,136.76701935039108,JP,7.095679829935233,0.41378968954086304,0.3120223879814148,2.4172093868255615
184013914172234,24.78549984285125,46.59107522766319,24.765984156590882,46.58435874742178,SA,2.273523800644858,0.8334810733795166,0.6678724884986877,0.4598694443702698
187782539875285,56.669416570058,9.7106530831952,56.69280881313334,9.635233728018974,DK,5.2901832234183335,0.9227349162101746,0.9129388332366943,0.5651454925537109
934781500617716,-3.1298,31.324441666667,-3.4718198391186066,29.399926089146366,TZ,216.9995900192416,0.4770505726337433,0.08007824420928955,1.312606930732727
199930921769164,41.214780137328,69.127771744055,41.200858709963924,69.10527728151501,UZ,2.4366637976695635,0.8934918642044067,0.863517165184021,0.6836447715759277
2629098904057637,-25.976404335065,-57.073736670097,-25.873161237375864,-57.12410017556276,PY,12.536361909740329,0.9755120873451233,0.9639620184898376,0.14579874277114868
1052432728499237,6.5313325216276,3.3410551030092,4.7853961645569605,7.084655527678228,NG,457.4619920714466,0.6572239398956299,0.4735604524612427,1.1355422735214233
141091031374248,27.369888057868,33.670811436555,26.278382500824897,35.588406562158376,EG,225.68905245213855,0.999875545501709,0.9997862577438354,0.0014144422020763159
276092321350420,18.462251132082205,-77.45240876872427,19.14137925688974,-78.87699965084948,JM,167.89427560065462,0.9988279938697815,0.9986572265625,0.01344176847487688
532828541062964,12.167082741353,-61.728665328128,6.920484839993359,-58.33553096080415,GD,691.8707739606372,0.34294378757476807,0.09488233923912048,1.4383069276809692
974618830021776,-18.127510899604,178.4560883633,-36.80828100138686,174.73038086734638,FJ,2108.9602516094888,0.4104975759983063,0.19834184646606445,3.114201068878174
644345363940905,12.903590915012412,-16.021083457394564,12.842425712258137,-16.048369745283164,SN,7.41659954579188,0.9999921321868896,0.9999845623970032,0.00010425404616398737
385063492622863,-15.169263086608,166.94943123707,-15.631717557837085,171.64539944968539,VU,506.0263798057067,0.9671537280082703,0.9561251997947693,0.2338964343070984
485407646128567,-4.0795642342786,15.541307457178,-3.742925981517885,13.145138738261899,CG,268.44341321388526,0.9955098628997803,0.9949001669883728,0.0472220852971077
333653311564886,11.529971016599,43.142435096437,12.601716921237157,77.80917963829054,DJ,3768.825259420806,0.16651804745197296,0.08517270535230637,4.314172267913818
739812123382661,22.152028413873,113.56485974735,22.24129582347237,113.73079020694065,MO,19.75768343686858,0.7888554930686951,0.57855224609375,0.5217754244804382
4053280314732774,0.46981481077248,25.426433394365,-27.093789901771334,-55.42287415176846,CD,9126.556453336363,0.43116295337677,0.2071107029914856,1.8263475894927979
2908124242793554,41.90454455336,12.459437206791,41.90172707743775,12.494793828492323,VA,2.9428236507265217,0.9726772904396057,0.9653897881507874,0.18943646550178528
911821476271722,32.896907294492,13.320139540157,32.88029124864415,13.459526709381345,LY,13.145554784956708,0.9490286111831665,0.9384114742279053,0.3408876359462738
576312847091932,-2.2089660889512,-79.736606147768,-2.2609138454870465,-79.65591142340428,EC,10.665619325129002,0.7398895621299744,0.4951912462711334,0.6753650307655334
280967337092722,41.876045968487,44.911870991351,41.87142452743531,45.02432269440704,GE,9.324912053584187,0.9905100464820862,0.9858548045158386,0.07736339420080185
2000426796782022,49.209924211613,-2.1546055101701,49.16480781743901,-2.059172562314337,JE,8.559825798852385,0.9978430271148682,0.9968483448028564,0.020495709031820297
1091948541332622,8.403069472915359,-13.024979373956317,8.302337359155546,-13.07404738333867,SL,12.433870316175375,0.8908013105392456,0.8262122273445129,0.4566851258277893
469034080842091,12.39668747731136,42.176785102209344,13.076080227262281,40.490639915723435,DJ,197.8652903773255,0.9969987869262695,0.995638906955719,0.025797877460718155
194822626243019,-8.416150762006927,126.79238608603512,-8.405994633672945,126.70002525679615,TL,10.22216440305821,0.9142481684684753,0.8753764629364014,0.40491876006126404
631265615091160,26.30389561407092,50.63009477219367,26.270404145412254,50.64590739119179,BH,4.044005639749233,0.8376376628875732,0.7360498309135437,0.5952101349830627
503480057499599,18.35100803139,-64.774898201659,24.47408754430088,121.53001833771307,VI,15204.383175288425,0.3245960772037506,0.1874166578054428,3.355987548828125
825424435020139,-18.133253832034,178.45905624662,-17.48854029150831,178.28876077686806,FJ,73.92099808615424,0.9998434782028198,0.9998011589050293,0.0021718048956245184
926087001502511,61.602006418202,5.1460921234917,60.85047247606319,5.68555697426015,NO,88.41375549237847,0.9992897510528564,0.9990670084953308,0.007587704807519913
1538640029639597,4.9355956431287,-52.316047705614,4.847886776428851,-52.07456643873832,GF,28.47589154448061,0.9930750131607056,0.988457202911377,0.04995555803179741
175500894365575,-19.502899616258,34.601082800325,-19.518207969615283,34.650713982774526,MZ,5.473277286165112,0.9988616704940796,0.9982104301452637,0.011224232614040375
317771896538022,-26.478774902484,31.19228388701,-26.1522304489965,31.041360965674478,SZ,39.30272416620106,0.9760190844535828,0.965999186038971,0.16856931149959564
319439009738152,12.637927198808,-8.0227073898358,12.620984627473508,-7.998453918259806,ML,3.23644265095768,0.999948263168335,0.9999186992645264,0.0006134844734333456
804017953860875,-18.030147218212,177.33174766819,-17.995204935343526,177.61002454723717,FJ,29.681802759838202,0.9192054271697998,0.8966931104660034,0.49197918176651
818939468748389,15.623037621297,32.555340304153,24.63128624090665,46.704270280976885,SD,1782.6542858332655,0.4385819137096405,0.25968146324157715,1.9967600107192993
1108434773230459,-9.414551532017164,159.89154161113197,-9.23324248989657,159.33124116669833,SB,64.7006098877043,0.999180257320404,0.9987070560455322,0.007485801819711924
832896490674760,18.066884661153765,-15.996660008151332,17.671022283026314,-15.714445746280775,MR,53.19405922513786,0.9992148876190186,0.998884379863739,0.008149305358529091
2904150059880684,-8.397871047646936,115.2186642961631,-8.521763562021725,115.24795667482485,ID,14.147922461617618,0.6746929287910461,0.5410634279251099,1.046056866645813
764614974854877,53.08520081713778,4.790119855154317,53.123659334387234,4.850445601588457,NL,5.874137809751746,0.32463639974594116,0.05503377318382263,2.66410493850708
933027787479083,59.94607873255,9.9678788613893,60.096728226061835,10.03573964824106,NO,17.170543745592944,0.9266671538352966,0.8534789085388184,0.26353245973587036
941629533264401,-18.681543131978,48.272063593094,-18.431712004032313,48.67615553184548,MG,50.85485466807652,0.9999983310699463,0.9999977946281433,3.1149000278674066e-05
239028618254524,25.75635685369,51.458495012837936,25.745152049617023,51.36310462865335,QA,9.634479154375505,0.999460756778717,0.9991101026535034,0.005107568111270666
488596778954474,22.963024960658,89.816806585647,22.97204346347614,89.7828790875716,BD,3.6153604891369073,0.9790146946907043,0.9764053225517273,0.1954272985458374
485690976191110,42.647828103608,20.319965756733,41.99658696231221,21.310863559820994,XK,108.9965885325694,0.486407607793808,0.17040225863456726,1.735517978668213
1232140577199714,4.1723535514433,73.516776513636,36.10087495823183,-5.228816138308964,MV,8723.773171347397,0.2867071032524109,0.14145977795124054,2.7475247383117676
1438553696506606,12.381509840774,-1.5069600287985,12.144328516158605,-1.6516388581075636,BF,30.70321462420319,0.9926595091819763,0.9910396337509155,0.06669577211141586
261268849020663,46.045079224511,14.492815421721,45.804267397655714,15.933873199126221,SI,114.63178723538569,0.47697576880455017,0.21955323219299316,1.987960696220398
946456309510743,17.28788945367,-62.692838723968,17.376748820978335,-62.588877079433374,KN,14.812220227890105,0.9089430570602417,0.8687000870704651,0.42550551891326904
1877613065740346,1.0772221376841888,34.16330827629853,1.08200603069029,34.180083799803576,UG,1.939399913894221,0.8870166540145874,0.8285176157951355,0.6300789713859558
463535754710580,-24.464851698827,25.666018195491,-24.46176739601916,25.618776237546314,BW,4.7937644777052295,0.9974856376647949,0.9952106475830078,0.018905675038695335
294298389067831,8.556161137824,-79.855057234947,8.523207699093295,-79.87348075786032,PA,4.187003236693018,0.9985271692276001,0.9979564547538757,0.014264174737036228
491708515459108,24.988818232903,121.5638262442,41.02723388436972,28.85627743666505,TW,8430.611095868584,0.6196407675743103,0.4827107787132263,1.6227941513061523
829990807912685,42.578391424522,1.6518810666588,42.531289441771065,1.5478573876489787,AD,10.001544506588132,0.7171510457992554,0.5493232607841492,1.0283920764923096
477095690267243,18.351293997014,-64.772692002966,18.31840274909012,-64.74053865329782,VI,4.989381474559248,0.8696905374526978,0.745171844959259,0.4268745481967926
281037143751778,-51.690943183069,-57.86519790828,57.41210371446741,9.688384803670223,FK,13593.948434672944,0.6164682507514954,0.5663878917694092,2.3689982891082764
309369754053771,0.65183116346166,24.646416906643,0.9884937648291954,24.805603177706846,CD,41.40823689953588,0.9974161386489868,0.9964971542358398,0.027534915134310722
179198207421597,50.440770567217,4.0985738073268,50.456028889199466,3.9800632346816753,BE,8.561055078413895,0.39400580525398254,0.16883179545402527,1.9044581651687622
320246453008896,41.962439422769,22.778079975145,41.4385991617136,21.210888278086063,MK,142.55126134226734,0.5152825117111206,0.055052727460861206,0.8403394818305969
182656657093448,37.834928231178,23.776353603179,38.03325483991447,23.807035394280415,GR,22.216470282043538,0.4085300862789154,0.18452127277851105,1.5256259441375732
1806435056202276,12.817198953545,77.58366012313,12.455881996739429,76.41716099191414,IN,132.79026512083263,0.502836287021637,0.1769949495792389,1.0452996492385864
478650626883155,48.979988322142,20.418383314077,48.9784486694112,20.84287948130245,SK,30.98053188404039,0.9553048014640808,0.9467107057571411,0.33156639337539673
950046505732639,6.1760982908304,1.1746323489364,6.171116703208366,1.1881950569957938,TG,1.5984087539605671,0.9929973483085632,0.9876287579536438,0.0470399372279644
510015656698193,-23.560307374955,-46.657700584456,-23.55640466606538,-46.654584736796146,BR,0.5377599126901629,0.6989837288856506,0.4263225793838501,0.7551659345626831
1524142307775900,18.438090132242,-66.062084574714,18.470853656246152,-66.06052119162361,PR,3.6468677158439586,0.9985408782958984,0.9983300566673279,0.015646550804376602
3051026881810247,42.401027167102,18.762200075208,42.39610251734311,18.77729586244405,ME,1.3551466633729,0.8585538864135742,0.8063294291496277,0.7447991967201233
445596116741780,61.550360623671,-6.8269676222935,61.40265826113252,-6.947071522040659,FO,17.618416549104946,0.9999740123748779,0.9999499320983887,0.00031183898681774735
1431085543892379,-25.517319456127,-54.899824147253,-25.49383198461055,-54.80502258357407,PY,9.86607111688399,0.6644831895828247,0.5531893372535706,1.3234399557113647
1080817992324265,3.4117110032595,-76.500035425406,3.436838080538024,-76.50479002742159,CO,2.8434080008508578,0.9302685260772705,0.8908450603485107,0.35066184401512146
173462721349028,10.019220952193,77.245427026983,10.04337109686429,77.0828539646381,IN,18.00235976146001,0.9556912779808044,0.9303209185600281,0.2242211252450943
495269051575884,41.204825361744,32.632414194214,41.22869829260833,32.631368236080945,TR,2.6559900889958943,0.796357274055481,0.7481220960617065,1.2245874404907227
804614274134943,26.126439981553627,50.50264527411515,26.165129891511555,50.504090516037756,BH,4.304539693957569,0.9932852983474731,0.9904186129570007,0.04746061936020851
521579805867187,34.71112499576,33.087401952569,34.73063918803298,33.141566422636494,CY,5.405048265444318,0.8952702283859253,0.8612616062164307,0.5390134453773499
532312421473565,4.8475881164048,-52.328371135792,4.937053865298122,-52.49111704630202,GF,20.592899603097273,0.8799592852592468,0.8040697574615479,0.5580350756645203
1421203891558603,64.28677021158,-21.847022188793,64.2829553273086,-21.82750550185979,IS,1.0327628637172683,0.945081353187561,0.9292839169502258,0.4160979092121124
793681894918616,36.337455556783,127.49213333093,36.308104121737784,127.58668306777987,KR,9.077620857787974,0.9914534091949463,0.9901948571205139,0.07735846191644669
570390197256664,-20.160201013688,57.482060141855,-20.15319971875887,57.52605584004676,MU,4.657993852004444,0.6363466382026672,0.3699517846107483,0.945871114730835
309140090657499,6.2497163978472,-75.564576357526,6.203947003833172,-75.59345346844607,CO,6.007526043726837,0.9704753160476685,0.9625910520553589,0.19991205632686615
338818917685610,-25.97692689566,32.576070911245,-25.97807907551023,32.67811865842592,MZ,10.20154499970273,0.9967273473739624,0.9958024621009827,0.030851710587739944
179799113996645,32.012382302587,34.815801775095,32.02632465797788,34.846051595489925,IL,3.2460603493493916,0.638867974281311,0.2813504636287689,0.6795057058334351
139528728567192,34.00593145733501,71.60045558245127,34.02966376701436,71.56833527375804,PK,3.9658195620319674,0.9521307349205017,0.9195983409881592,0.22899281978607178
303137414813829,30.000144554134,30.974334446309,29.98777390969224,30.95606074866858,EG,2.2336327723120544,0.49329134821891785,0.06744658946990967,0.9210367798805237
296041025395717,17.470447309334,96.466900225328,17.433822137406736,96.48758334596197,MM,4.625918520790602,0.9998494386672974,0.9997435212135315,0.0016410695388913155
148691280496507,-4.2587619645067,15.260287643713,15.882095122555805,-16.525288950095153,CG,4152.571617259918,0.8002466559410095,0.6293970346450806,0.6621208786964417
2933363260211136,-20.534663153062336,-47.4085478117367,-20.54643161114262,-47.39478472142336,BR,1.940660372916925,0.9835414290428162,0.9711411595344543,0.0972311869263649
1163026260806846,41.843248059257,46.133104699467,41.78519130369138,45.01795298304564,GE,92.64245831013028,0.6859439015388489,0.37982428073883057,0.6746615171432495
261038552611880,32.90436265600691,35.619355976774024,32.84979093156072,35.7216632937336,SY,11.318186491467337,0.8963731527328491,0.8311967253684998,0.433288037776947
3020027394895498,-34.656013383102,-58.665788892235,-34.618021800702884,-58.57042688628421,AR,9.693415656591105,0.7750635147094727,0.6398890018463135,0.8106438517570496
491574158709199,3.5446626928929,101.51853165787,4.044240855487522,101.64952266693778,MY,57.42028172639554,0.8165685534477234,0.7230557203292847,0.9852080345153809
213095640269797,20.052711689016,101.85635753557,21.39391336768876,102.44631768867345,LA,161.26230792374417,0.7338538765907288,0.47254234552383423,0.6103118658065796
906146386618855,15.448592150348,32.493122427065,37.62874412262445,40.89021827987337,SD,2600.946029148759,0.4310966432094574,0.1188611388206482,2.2547929286956787
4211063818941844,53.780538402287,30.888636054285,53.75625642049289,30.95966062994379,BY,5.392508115746014,0.8708098530769348,0.7930788993835449,0.6637013554573059
278168560712386,13.97715233511,-89.592284522569,10.910364944642907,-74.83461350816346,SV,1637.8944229442761,0.5981212258338928,0.5117292404174805,1.9850425720214844
2810889522495546,14.580387953457,-91.628052743294,14.585040231467728,-91.65173572342266,GT,2.6005633417273017,0.8434274792671204,0.80645751953125,0.7976611852645874
1206210606506203,41.458654622914,47.026129616437,41.37526079885171,47.039952797679305,AZ,9.344336465744023,0.908083975315094,0.8569934368133545,0.431563138961792
1041083299790648,12.30650293495465,-69.09012350762212,12.178966219848919,-69.0576968647405,CW,14.612645815974512,0.9426649808883667,0.9283483624458313,0.45279383659362793
1425991504540280,37.051423727892,25.200133880901,37.033853643817785,25.257399043513452,GR,5.445100358713117,0.7369649410247803,0.6709751486778259,1.2708399295806885
214684556815619,44.207234819485,15.445053950153,45.380173473050185,15.331672427172679,HR,130.73129218539728,0.17592594027519226,0.05551690608263016,3.5944080352783203
557518318968873,58.910742755502,16.922155055725,58.693437714941545,16.38809827631279,SE,39.11619799772267,0.39289823174476624,0.1473008692264557,1.5939955711364746
3711764062267943,6.629739922481,-2.4158862928693,6.516518522766476,-2.2579175109514327,GH,21.51735956479217,0.9998695850372314,0.9998180866241455,0.0015547407092526555
183266563643173,-9.4418010017119,159.9733580063,-9.93259676486042,160.07626263270018,SB,55.72740311523403,0.9996057152748108,0.999515175819397,0.004735147580504417
292514192590217,18.06666582542,-63.012564934704,33.05490834899748,-16.309901363443846,SX,4926.741520241789,0.20783327519893646,0.08497203141450882,4.2865166664123535
1355205161527107,-18.15031935504,177.50020220767,-17.7496851098417,177.4026277790661,FJ,45.72860042754527,0.9963484406471252,0.9951146841049194,0.03674496337771416
1324351877952088,-39.751509554423,175.83399099982,-39.693667524997764,175.7973864037718,NZ,7.153185262464675,0.9260932207107544,0.9083768129348755,0.46806249022483826
480859067036951,-4.265769374650432,15.286073059975628,-4.377268311004521,15.553059556509774,CG,32.09452990173798,0.9995232820510864,0.9992589950561523,0.005188999697566032
847926189134711,34.031523235099,0.089599590591495,33.99055370091936,0.3917195879682631,DZ,28.217403397858906,0.9999861717224121,0.999979555606842,0.0001969161385204643
419725225859147,10.758068166363,-61.439103607909,10.70772233731857,-61.433970976065915,TT,5.626213592410498,0.999599277973175,0.9993464946746826,0.004265751224011183
935006587070284,4.8891236709045,114.83750681748,4.876398710080047,114.92726015251381,BN,10.044061780172969,0.9964218139648438,0.9940879940986633,0.029916509985923767
223040259199591,16.942177708651414,-25.313688447205976,16.845460923663108,-27.494898467468847,CV,232.3205140124614,0.9930974841117859,0.987210750579834,0.04689783975481987
318276223034451,-18.875545567592,47.548192468965,-18.929166780130334,47.79271762711064,MG,26.405618855895604,0.9994778037071228,0.9993090629577637,0.005637200083583593
3030002357286466,9.8335960839375,-13.231990775181,9.923094473800655,-12.833996768435538,GN,44.72015771688715,0.9904633164405823,0.9868354201316833,0.07203833758831024
310707703993698,12.058446438067,-61.754314026145,12.122551896815182,-61.76844691193441,GD,7.291950455074772,0.999295711517334,0.9987848401069641,0.00669383117929101
519306882576363,21.473762520837,-71.146446647665,21.527443752939863,-70.8657879238804,TC,29.643378677413484,0.907105028629303,0.8277965188026428,0.3657582104206085
285453356463035,41.528991201787,-8.4546944242611,41.26067939117039,-8.536642704400636,PT,30.607987466955045,0.23523980379104614,0.11876610666513443,3.0509748458862305
222970532970437,65.960733928603,-18.539058733891,65.82223866145362,-19.13291698123873,IS,31.0591759964377,0.9850627183914185,0.9753847718238831,0.08902465552091599
308192837357066,-17.302272375058,31.267089155046,-16.633235886694397,30.711047314445388,ZW,95.03465350891095,0.888526201248169,0.7926323413848877,0.43026164174079895
134109346111939,36.678618942608274,126.84620408479756,36.730092755622806,127.0364840219427,KR,17.90273279035138,0.7515974640846252,0.7153702974319458,1.5113943815231323
318145526409884,57.158107937777,24.853530310604,57.16640027241591,24.844705289245223,LV,1.0645923270607336,0.8228164315223694,0.809169352054596,1.2549656629562378
484040259605602,-51.696526167391,-57.835112166476,42.96836094001008,76.96622223237141,FK,16534.76099817415,0.34778082370758057,0.14365872740745544,3.258007526397705
500316934456953,-24.02083754696,21.215850311983,-25.05833849871986,20.86446473441016,BW,120.71578132428498,0.9500638842582703,0.901989758014679,0.21347349882125854
1877951319039908,-15.186962696802,167.01522866044,-15.486074058040314,167.40086361915243,VU,53.06903857789864,0.9990733861923218,0.9989299178123474,0.010098469443619251
400480590937473,13.254706987623,-59.637013621962,13.192175965671405,-59.616783292464554,BB,7.28982571257467,0.9863582253456116,0.9756383895874023,0.07926727086305618
300890901630013,22.319358998504,91.811877543058,22.46791830789839,91.3906396434584,BD,46.3507894208704,0.7355530261993408,0.5140623450279236,0.7037349343299866
326761322132069,62.224966175113,9.5373757722816,62.298289765067885,9.763231291161986,NO,14.251508614023319,0.9618260264396667,0.9415056109428406,0.20294339954853058
1085266058809634,41.002099641265325,71.59921176907586,36.11034780011666,44.76883269504213,UZ,2385.4012691698194,0.5305949449539185,0.2970259487628937,1.6093008518218994
237204988181204,39.95678869942876,116.22826088681424,39.95672954127942,116.27670968591818,CN,4.1294985160280655,0.9627240896224976,0.9513676166534424,0.22782596945762634
519122845911608,16.065119517256,108.18899673931,16.073650638976943,108.20335313275204,VN,1.8036024376409443,0.6174130439758301,0.3962423801422119,1.1590932607650757
221499099325300,-24.045262115808,25.016613401693,-23.908954630253213,25.075587362867548,BW,16.298050495412134,0.9995765089988708,0.9994021058082581,0.004437382332980633
2916059862045647,-39.002960430271,177.0853618,-38.986702425606424,177.65391879002846,NZ,49.168429193895236,0.458675742149353,0.016284167766571045,1.297622799873352
385565172553538,37.516134028538,66.037449484491,34.03913996175416,10.007077511189154,AF,4994.46381902598,0.30453166365623474,0.11443202197551727,2.496776819229126
507406523722338,32.063913623613,35.882162347814,31.935077136496588,35.83680350014977,JO,14.950870463168233,0.8741722702980042,0.748635470867157,0.38089925050735474
483469556803450,20.468064189052463,-97.25641078476056,20.468673300731027,-97.24933287424811,MX,0.7404432730494241,0.9433926939964294,0.9283539056777954,0.3739638328552246
520431342295453,41.986597112301,21.296198110929,41.99699127041803,21.26595225857496,MK,2.7539248775857117,0.9503495097160339,0.9310900568962097,0.30395129323005676
272971951198352,6.118540302792,1.1889541067189,6.118622576729154,1.1227969176538954,TG,7.3144435715859295,0.9054325222969055,0.8277305960655212,0.39265674352645874
929318611136474,-12.147871200709,-76.95273917234,-12.259310739326907,-76.87665702763825,PE,14.897052909541156,0.638155996799469,0.5407419204711914,1.9415156841278076
265373075285903,42.202511631894,18.959763499381,42.226657959798345,18.930466947769894,ME,3.6097250006687487,0.901920735836029,0.8622248768806458,0.509201169013977
309527040801929,54.124601888486,-4.5325745893945,54.12337012641453,-4.412946682789658,IM,7.796625316408304,0.9167577028274536,0.890386164188385,0.43943917751312256
133595638763507,41.371946625662,-8.6445150154719,41.38094593613931,-8.66146324335472,PT,1.732381478846843,0.6708241105079651,0.3420572578907013,0.638018012046814
979351809477930,23.090641341954,-82.421497704091,23.051280257698114,-82.44832948288945,CU,5.166296999848424,0.8917419910430908,0.7835255265235901,0.34339216351509094
1113637305802291,4.3046776713443,18.616067173342,4.066188666741326,18.823594120868357,CF,35.11277441126032,0.7498192191123962,0.6407226920127869,1.0869675874710083
562288768434534,-15.92547459651388,28.88610866451656,-15.863555885411985,28.864531172719005,ZW,7.261458044924358,0.9999128580093384,0.9998582005500793,0.0010081067448481917
474356197234342,35.712118048994,-0.57088511513572,35.6894874213205,-0.5784721630620095,DZ,2.608004329642408,0.998231828212738,0.9975926876068115,0.016862524673342705
530459581672842,-9.1233324340612,28.303401968507,-10.470160467402977,28.35601377727563,ZM,149.8713535054529,0.7961341142654419,0.6072096228599548,0.5852245688438416
1211747759283890,40.271634409525,69.604780481073,40.31163972566104,69.62293049868786,TJ,4.707218882940351,0.9951338171958923,0.9902839064598083,0.030902275815606117
299082065020330,47.058890881103,21.906117710823,47.05494342729418,21.96257562146808,RO,4.299373710602863,0.8654565215110779,0.8371008634567261,0.7929747104644775
235702271649368,53.82286562078,27.757359904354,53.78300122147689,27.81611057350256,BY,5.876508157808942,0.9390387535095215,0.9094699621200562,0.3311235010623932
307067804314925,31.940897872173,35.832342039817,31.94522735333586,35.89767238907618,JO,6.183155661878113,0.5497539639472961,0.14704987406730652,0.8774688839912415
226931482119246,24.794101706204,46.668504059159,24.81161209157666,46.690248084579856,SA,2.9339732392940707,0.9043174982070923,0.830633282661438,0.372451514005661
592300825722313,13.812135861206356,5.243136320931858,-15.542691759198494,28.337274435019975,NE,4135.445648350666,0.2812843918800354,0.1460152119398117,3.285234212875366
1062003031331097,13.05117358489066,-16.735137558747514,12.900760658474125,-16.803141565846275,GM,18.276409042322253,0.9994181394577026,0.9991769194602966,0.005940984468907118
487026282616009,16.989268242861,-88.298704962434,17.00234433160669,-88.15314905793986,BZ,15.546355892664788,0.9488911628723145,0.9223213791847229,0.3121086359024048
1579221962276023,16.491626889715,97.628023840649,16.48133148790347,107.59672993830179,MM,1062.7890832502442,0.4067862629890442,0.27990657091140747,3.408177375793457
281544933516460,56.841368963872,14.71032696217,56.88286016941754,14.697695558003915,SE,4.677064765338397,0.48919349908828735,0.3221439719200134,2.357491970062256
1871362226383007,53.84597806725736,-7.449045786999431,52.2663114289459,-7.136735517573525,IE,176.88617739365196,0.21496263146400452,0.033529430627822876,2.56109619140625
3304737806471889,8.557986371963706,37.949018498377065,8.567165052973218,37.76796169822847,ET,19.934341005176428,0.9999455213546753,0.9999290108680725,0.0007637919625267386
1598919856969535,13.164651541799,-61.176406875661,9.095567036478215,-79.48157993240568,VC,2047.0006517582826,0.8884640336036682,0.8452726006507874,0.5032472610473633
4308507335837428,32.136614677545,34.907535999177,32.0571746482213,34.815926656812444,IL,12.348921223791752,0.36403217911720276,0.20779338479042053,2.5543642044067383
161058289175038,18.3551899303,-66.189646834422,18.32562656528857,-66.2668334610196,PR,8.785015311290847,0.9998310804367065,0.999796450138092,0.002389035187661648
281512340272176,56.843086648247,25.052249062768,56.85215488111797,25.07980057792331,LV,1.9554134030961128,0.752819836139679,0.6766929626464844,1.126145839691162
481457146338478,-0.56353899999999,34.942781,-0.6459440505386879,38.52358668556584,KE,398.25063201600506,0.8068994879722595,0.7225712537765503,0.8161211609840393
162415079137748,9.4147376944444,-62.464435555556,3.169136650577751,-76.54911999817084,VE,1703.8234925390705,0.5030737519264221,0.38214582204818726,2.1190593242645264
1172296046664812,26.23696547513535,50.67680719629811,26.262971015902636,50.68706176073987,BH,3.0671941459375494,0.6265150308609009,0.36893460154533386,0.9305969476699829
342228981202482,14.146572757618564,-16.471726762865792,14.112101467879384,-16.35762741478574,SN,12.886691971537525,0.9998024106025696,0.9997746348381042,0.00283855851739645
1219609448494474,47.053863031425,16.79125517321,46.984534486703595,16.802471922249364,HU,7.7557361610343705,0.46888285875320435,0.33354151248931885,2.745081663131714
542536743608998,36.15548597267978,-5.352052680031317,36.141131364086874,-5.411260248429895,GI,5.550644013526507,0.8378840088844299,0.7896581888198853,0.8092102408409119
302037238097785,13.43448605544,-16.691636559473,13.21774894483172,-16.401802874260557,GM,39.550950406512094,0.857475757598877,0.8254964351654053,0.7769701480865479
321199332701116,10.392567612458,-85.080424647305,10.430938545433532,-85.07778488363637,CR,4.276408938178254,0.906393826007843,0.8527234196662903,0.3886241316795349
523345112514062,13.16476404361,-61.21817453002,13.208712911805096,-61.2351358874146,VC,5.220502947971022,0.999669075012207,0.9993465542793274,0.0030375567730516195
482042593065938,9.0203875405763,38.771118484191,9.027684361901274,38.76989122421895,ET,0.8224871160413587,0.9991117119789124,0.9986201524734497,0.007935493253171444
574995940149537,-2.9520802282172,29.073338364348,-3.0127890104355117,29.08550582972552,BI,6.884396308787732,0.9996776580810547,0.9993876218795776,0.003052168060094118
691823468982204,-8.956736999999999,125.0639191,-8.950108238253673,125.13230165146743,TL,7.547221173197117,0.8027867674827576,0.7293697595596313,1.0334250926971436
1322954818090229,35.021911726008,32.445121684731,35.020735913815024,32.451160457913026,CY,0.5652308050233826,0.961824893951416,0.9323633909225464,0.19319169223308563
826708488475024,47.59668934788742,109.24758232071208,47.49997787672751,109.18769203398762,MN,11.655439707357171,0.9985637068748474,0.9980041980743408,0.015087706968188286
463390471610300,-28.598884281538,31.828879479877,-28.62237999570122,31.834195361588574,ZA,2.6636405977870083,0.7323848605155945,0.5882775187492371,0.9245962500572205
446895800958080,13.096909722222229,-59.556356388888894,13.147162263386724,-59.51949314603812,BB,6.867290831622774,0.9999984502792358,0.9999977350234985,2.553864396759309e-05
3981177205253803,46.165230177539,43.856532146453,46.20389329718914,43.95379297265194,RU,8.634020389872443,0.9984026551246643,0.9976869821548462,0.014597325585782528
293190075620012,51.173109958007,71.42525604587,51.18031231651306,71.41492627486036,KZ,1.0769952718255795,0.7852631211280823,0.6239835023880005,0.7793790102005005
223013799466261,-2.21501417101085,29.626766938048327,-2.274574219767274,29.535201768422592,RW,12.139469412065218,0.9651774168014526,0.9367436170578003,0.17492198944091797
4742779515787200,22.637526,120.275245,22.673791401815507,120.22742360244096,TW,6.3515117349037755,0.3300691843032837,0.20590853691101074,2.57964825630188
913869305854459,28.235288135523,83.968394675393,28.28753605477252,83.98368596210938,NP,5.999629231558304,0.9995651841163635,0.9993502497673035,0.004225215874612331
906343676879021,49.781204029886,14.681830764691,51.07305199261184,13.704319831141106,CZ,159.46191550407244,0.5117158889770508,0.4052116572856903,2.635728120803833
474520473642776,16.786499827446,-62.210737818399,16.974754881439562,-62.12311070363297,MS,22.91560400225759,0.8767128586769104,0.7816510796546936,0.4888281226158142
131304752374399,58.461061185287,24.700149811011,58.50601992330151,24.74505492377453,EE,5.639577926239729,0.9639151096343994,0.9569118618965149,0.2927546799182892
574472616859073,47.115623039358,9.1728365648209,41.066945663302924,40.94457163753826,CH,2605.2430312997753,0.3147754967212677,0.21003124117851257,3.4582936763763428
456218282346687,47.135273879509,13.543419446575,47.1293023145766,13.590745179167463,AT,3.641097537836732,0.6385416388511658,0.5084207057952881,1.3941926956176758
515029242985356,15.28975626061,-61.376092220357,15.32995781880421,-61.383734830692966,DM,4.544734933208416,0.8945775032043457,0.8092353343963623,0.4117942452430725
368300551950537,27.514715809166663,83.44858763722223,27.513382178851433,83.41713633856537,NP,3.1052232202040018,0.9996198415756226,0.9994152784347534,0.003891246858984232
115224331040605,31.942016430855613,35.929166992821415,31.9526515023664,35.91586852617106,JO,1.7241962589176318,0.691999614238739,0.5661240220069885,1.0241233110427856
262980595528120,-51.703407338747,-57.843793995528,57.88567379785919,19.026420948939037,FK,14027.149139544335,0.6333522200584412,0.5542224049568176,1.7608695030212402
425381056090312,-12.943647801502689,45.102473540609786,-12.915643663847417,45.09948463274592,YT,3.1307208097094854,0.987421989440918,0.974854588508606,0.06763967871665955
195073085673607,31.328362270439,-7.6569637060339,35.4247779570438,23.604849845673492,MA,2925.965442984969,0.726473867893219,0.605444073677063,1.2217061519622803
3938002516280997,35.892007543467,14.517317739472,35.893128089462124,14.511692274871912,MT,0.5218407767031853,0.9974378347396851,0.996077299118042,0.02082795649766922
366867951406073,13.278972974761,-61.253613422421,13.267274674096708,-61.24772785775631,VC,1.4483715930718166,0.9995299577713013,0.9991927742958069,0.0047570327296853065
909286942948527,24.990660683462,105.82378895295,24.954518702163835,105.91782274408257,CN,10.2953148350976,0.9972760081291199,0.9964573383331299,0.028225472196936607
376617083776922,49.168255682396,16.547556922324,33.34912369876313,-111.71338520847273,CZ,9511.796948168607,0.2031407207250595,0.11566560715436935,4.304405689239502
469100271012767,-15.510342795162,167.18259517332,-9.276357928284211,161.1209815537663,VU,955.7081140491457,0.9463042616844177,0.9345631003379822,0.3668437898159027
1046594315865131,23.850296249257,120.62904081673,23.924446756667002,120.6105493851078,TW,8.456783016226028,0.5975427627563477,0.44112730026245117,1.556227684020996
1296723944506093,29.2537177733051,47.84370397949851,29.283064866879677,47.88232398911715,KW,4.968125082474399,0.9714025855064392,0.9580196738243103,0.16748978197574615
464155264644600,13.511164797181,2.1212445539824,12.633450931032757,-8.017205009034916,NE,1102.3723254165275,0.9988848567008972,0.9985427260398865,0.010845424607396126
554846209253491,18.351352008041,-64.772977968034,18.320862170925533,-64.77420534950205,VI,3.3927894372441085,0.9528428912162781,0.9420965909957886,0.3741679787635803
458797855418333,-12.008654172515,-77.081922463692,-12.200226670336653,-76.92493576248734,PE,27.296292533788968,0.380449116230011,0.0474647581577301,1.3472262620925903
196958599523253,6.382117207971581,2.446956286994027,6.376527419872361,2.4290231126144652,BJ,2.0769181716160863,0.9810227751731873,0.9694138765335083,0.119583860039711
139837008803808,6.962588197039608,158.2049820347907,6.829886024173663,161.1733804534871,FM,328.0143177434791,0.9825650453567505,0.9676076173782349,0.1011921837925911
142870954453245,60.274044459186,19.919946311692,60.23779537201358,19.84715019811117,AX,5.689844088755,0.9996172189712524,0.999467670917511,0.00449364073574543
488826818930504,45.186871192959,26.5716603756,45.10429375813602,26.441837291654128,RO,13.710482142984196,0.7994982004165649,0.649579644203186,0.6853281259536743
136302528523844,-17.765037205174,177.45488186211,-17.41862398779326,177.81833300590336,FJ,54.47778799427285,0.994523286819458,0.9924379587173462,0.0506998635828495
553464836032893,31.793282901138,35.236842527187,31.79613393998814,35.2436161552306,PS,0.7143667860042032,0.998970627784729,0.9981458187103271,0.009117640554904938
719505419292775,15.623548500000004,-88.40056140000243,15.592730448563493,-88.3632700530135,HN,5.262382576189154,0.46580517292022705,0.19442373514175415,1.3301804065704346
194570529179141,55.76052751775,-4.1869827740506,55.80925264003312,-4.327693008303289,GB,10.332369808981129,0.51204913854599,0.23985618352890015,1.3776804208755493
466404077977143,18.462241,-77.28014,18.340941913621982,99.31336263935894,JM,15905.87124782315,0.26618292927742004,0.1258191019296646,3.194981575012207
753385515326001,20.80517130637,106.51960577352,20.739700253694824,106.58878883533067,VN,10.233996803727916,0.9670230746269226,0.9492232799530029,0.18229185044765472
486039249305784,42.529319137781,1.6993786115344,42.53506626915962,1.782413024590397,AD,6.833725435632554,0.47137418389320374,0.20574963092803955,1.3019756078720093
486395089335466,-27.460070009101,-55.817249053517,-27.457924962610516,-55.86068679415474,AR,4.292539115195649,0.5852664113044739,0.28892526030540466,1.0907979011535645
1100610753741284,40.164305058516,44.410769554427,40.25207424648975,44.58384696750686,AM,17.642865767891,0.9800447821617126,0.9601308107376099,0.09824018180370331
475310060237171,-2.0585900506304853,29.51526736617085,-2.1084936310569984,29.523288136727803,RW,5.6201474097388475,0.9092920422554016,0.868424117565155,0.4381621181964874
176252551031061,37.960721087093,58.231448226137,38.01198120512348,58.14322587999055,TM,9.605626130091691,0.8966966867446899,0.7962594032287598,0.3486759662628174
4029540760402256,42.8855115,71.306967799985,42.90405215601962,71.57425858464778,KZ,21.8714009261679,0.9889406561851501,0.9881070256233215,0.11238497495651245
601743204116596,18.660198959939,-72.282007881507,18.70289880449721,-72.37584179539519,HT,10.965382403629455,0.999980092048645,0.9999725818634033,0.0002968565095216036
538492934223042,-3.3540115515152,29.329962828788,-3.1442247675929913,29.413146809730254,BI,25.088649302573767,0.7640683054924011,0.6433401107788086,1.075909972190857
902382987331438,50.65024803894269,12.546943683618016,55.91600585252992,11.603669609894476,DE,588.8588203567801,0.5558498501777649,0.38870352506637573,2.246488571166992
3147012618756624,30.06922302471528,31.38601158981072,30.05001763870105,31.29002668358611,EG,9.481195361111466,0.9809926152229309,0.9703012704849243,0.11734933406114578
787185801939561,15.617318488984,107.50362630305,15.615661510696977,107.33381047498384,LA,18.186540514415324,0.9086130261421204,0.895388126373291,0.6684067249298096
2546059859022627,14.073774016692,-87.211531260896,14.080704910956348,-87.18683073233498,HN,2.7733238815857315,0.863004744052887,0.8068414926528931,0.609710156917572
1059882655408572,12.3778184,-15.712063599999995,-14.70357122577065,29.41254752694887,GW,5810.155274684472,0.7402013540267944,0.5909339189529419,0.9945622682571411
806615609961628,9.5467943526225,-13.67675140611,9.389101813283895,-13.504650935749979,GN,25.763661294252543,0.9937223792076111,0.9900940656661987,0.051633320748806
299433024998377,32.907862929662,13.272507179464,32.88346860768883,13.653675373730579,LY,35.6913685938873,0.9994125366210938,0.9992043972015381,0.00644273916259408
3501798286712511,49.191956232312,-2.1243418008993,49.162124791453486,-2.1562690506521656,JE,4.04837921112337,0.9725674390792847,0.961040198802948,0.16250862181186676
1118368195325788,18.010972155228608,-15.982286368797666,17.962876030449905,-15.880011754776284,MR,12.066512182530936,0.9991846680641174,0.9990295171737671,0.008959164842963219
792542264713267,47.524541422528,-2.2827807072038,47.39742281980953,-2.0092900189704053,FR,24.950531701683474,0.3697229325771332,0.24767187237739563,2.8674871921539307
180244573968954,12.186270270865,-61.719984698269,12.406093213149246,-61.505838556177906,GD,33.745554121987986,0.9899058938026428,0.9848266243934631,0.06926791369915009
170069791574702,18.364130344933,-66.186471035188,18.38201636341292,-66.16992137549938,PR,2.646787254799945,0.9969077706336975,0.9960131645202637,0.03214637562632561
966950577380484,36.171689433345,127.53219025373,36.209520081228455,127.69582730981863,KR,15.275517166692069,0.9380334615707397,0.8875236511230469,0.29154157638549805
4183137908401155,-22.132375872543,166.430008972,-22.572136447340846,166.35154108795354,NC,49.56051914086858,0.9887386560440063,0.9836453795433044,0.08933880180120468
840613886533677,15.264102427118,-61.32420693367,15.26334564566044,-61.3446471404723,DM,2.194285162335803,0.8335670828819275,0.6733219623565674,0.49025586247444153
2944430419178145,46.264593924703,20.109937888743,46.26684473180438,20.138949678184435,HU,2.2441563998437495,0.8422651290893555,0.7986405491828918,0.8526880741119385
147078281136114,12.3737761,-15.777216100000006,12.398583447667587,-15.772990680208858,SN,2.7963638260120454,0.9995040893554688,0.9993404746055603,0.005544400308281183
347101727564127,13.361572900698242,103.83002205282604,13.303012111440992,103.80379849065356,KH,7.102974634975468,0.9993877410888672,0.9991409778594971,0.006117701530456543
1204778669969259,21.45769198551,-71.141860803078,21.667857564302846,-71.85175278696191,TC,77.04179883664368,0.6678406000137329,0.3382614552974701,0.6513768434524536
2778378902475549,9.3511913499901,-79.804405846246,9.432031144113633,-79.82774021285125,PA,9.346372480024952,0.7699328064918518,0.6367526650428772,1.0320185422897339
254983536408746,-26.837725957829,-57.034637036767,-26.896089486281433,-56.89422596441392,PY,15.365469986999404,0.9989757537841797,0.9984388947486877,0.009797430597245693
563925614569541,17.563926388399,-88.405976389745,17.3587812952949,-88.49626516304669,BZ,24.739951688893576,0.9851166605949402,0.9775523543357849,0.10690035670995712
308784624016496,13.75382813251,-60.999095413468,13.747537822932754,-60.942660127180964,LC,6.13546162500005,0.7772130370140076,0.5686966180801392,0.5996043086051941
480920036481670,35.885028099972,14.4120035,35.91278149397043,14.407845508759229,MT,3.108680045549559,0.9994350075721741,0.9988766312599182,0.004851780366152525
1203142810114224,45.884161513776,13.923902287968,45.86912900764607,13.992592610466636,SI,5.57415516461543,0.5110809206962585,0.28841859102249146,1.3216768503189087
229875582236279,41.771191069881,26.224924525309,41.76349101721231,26.234415666501118,BG,1.163055209313141,0.9098266363143921,0.8234070539474487,0.3249625861644745
509474633432037,4.7973917649583,-73.059081898788,4.805401246157452,-73.17502625631282,CO,12.878015757272035,0.9902368187904358,0.9819191694259644,0.061404235661029816
184677810089460,44.760162822792,-68.324988102994,44.864839350080594,-67.95289953215539,US,31.575247745995235,0.9326493144035339,0.8947297930717468,0.36000463366508484
756196765063920,13.990829009325,99.995172618137,13.88909439106781,99.97824456583483,TH,11.458938458465681,0.8180288076400757,0.645192563533783,0.5308575630187988
143955760990906,15.06060975455,-23.696673500949,15.056473595214145,-24.94265583173742,CV,133.78994662025787,0.9955072402954102,0.9922509789466858,0.034582898020744324
2848541665385275,4.0914139907147,9.7338389613174,4.183919906854828,9.775802024113117,CM,11.290023102986629,0.44332355260849,0.30855071544647217,2.6008706092834473
512429873501020,-34.504925949498,-59.077012390546,-34.51215598916931,-59.0086665792725,AR,6.313868249092381,0.7933506965637207,0.6264287233352661,0.6526598930358887
444655540939447,52.2733338639465,25.071373759309623,52.285834513492155,24.944352724878787,BY,8.752328691150908,0.786847710609436,0.7456742525100708,1.2403255701065063
1152015521941705,4.8023795314973,7.0060588395083,4.811735826293302,7.069581730361421,NG,7.1150512168630025,0.5168336033821106,0.144545316696167,1.015598177909851
470457360893609,42.179036405614,18.996269607281,42.215183911957126,18.956499053118982,ME,5.185480085313894,0.866159975528717,0.7795929908752441,0.6113826632499695
1606622729532819,-1.3474307721321,-80.65442520084,-1.358865911530372,-80.79363871077977,EC,15.527668264714212,0.7196862697601318,0.6553300619125366,1.5358799695968628
175386394444489,43.752467672705,7.4320811524389,38.682535217122926,16.10532576710146,MC,917.890073164263,0.26058730483055115,0.022948935627937317,3.0001771450042725
144768847633884,16.765278055556003,53.232101388889,16.701667856814094,53.319340952859044,YE,11.676040732653012,0.9756566286087036,0.9657666087150574,0.1618717908859253
909787206261643,47.912557353316,106.84544342696,47.90963797655283,106.87586151251509,MN,2.2902450469500475,0.9684510827064514,0.9415055513381958,0.16440808773040771
142350614461021,52.19732734217,4.9871478801847,52.64374586112416,4.921313118163724,NL,49.8398276870459,0.44845905900001526,0.24154873192310333,2.028473377227783
1225616864551314,62.277296143396,-6.5232669672459,62.15473866366956,-7.057917151632453,FO,30.881585735406677,0.9999995231628418,0.9999991655349731,8.291885933431331e-06
290234656084761,18.253068206034,-63.022377608946,18.267572656077586,-62.246571899050785,AI,81.93736636354716,0.632988691329956,0.36556416749954224,1.2506520748138428
247029990445394,-8.7632668112048,125.43672186746,-8.792950212589814,125.44200604899238,TL,3.351335759452645,0.8833386898040771,0.8421118259429932,0.6298845410346985
794280201289169,-24.502759051508,28.73057664981,-24.488265981062565,28.65220612922537,ZA,8.092147882799008,0.9912386536598206,0.9829432964324951,0.05253106728196144
1423948517967855,7.941400067147383,-11.730342679006885,7.859017046958421,-11.7256695745105,SL,9.175021717528988,0.9794385433197021,0.9756472110748291,0.152121901512146
692630215373282,35.008198424766,10.088675125984,34.97985184174753,10.380014154502694,TN,26.725229008249887,0.986331582069397,0.9786906838417053,0.10126471519470215
130125939463738,12.353417268335448,-69.14709678041014,12.215374759112064,-68.78587210607884,CW,42.141573333932406,0.6898908615112305,0.575720489025116,1.3989589214324951
937559773721463,26.530858241,-78.6568618007,26.511098382503818,-78.64079345233698,BS,2.7172642405361405,0.9959482550621033,0.9953042268753052,0.0414196215569973
1346240069104261,5.8460907573855,-55.182171334801,5.934741785227384,-55.23319511798016,SR,11.358773224377554,0.598893940448761,0.35126543045043945,1.0811392068862915
505719110619971,36.253683485541,139.42214705999,34.729455562330216,136.93943830829886,JP,281.4923435695048,0.39972391724586487,0.2476235181093216,2.396055221557617
1135669503601621,13.486828371207,-88.181859009121,13.772489704602169,-89.70925072376015,SV,168.08359104140084,0.31665968894958496,0.13931608200073242,2.4047324657440186
214728600086228,-34.274664108,140.59937356304,-34.32228869413134,140.67926095934195,AU,9.049639622111046,0.999573290348053,0.9994145631790161,0.004559499677270651
373506790615547,13.924216978516,-60.993993066802,13.873158126332276,-60.97978498472755,LC,5.880969561025665,0.598685622215271,0.2117231786251068,0.774212658405304
292026939130846,22.286062247822,113.94419501508,22.360426537016117,114.24426171527024,HK,31.953750092488335,0.3904498815536499,0.01585403084754944,1.2745451927185059
793873551106178,18.478927922814,-69.889501601007,18.4668097843654,-69.94577964967282,DO,6.086424038709025,0.9786328673362732,0.9663650393486023,0.14105913043022156
1760363224156719,8.8841739906636,-79.780910060738,8.904713273865399,-80.18776194298694,PA,44.75415948421828,0.9773812294006348,0.9583624601364136,0.12460362911224365
114594014238073,34.664376988941065,10.697063879451797,34.65413765129384,10.706198309056347,TN,1.4122058094163445,0.8654521703720093,0.7504017353057861,0.48329901695251465
1376524946512469,44.00006529033955,3.589279871463367,44.0346712596097,3.5523845688788422,FR,4.84884599159827,0.9163671135902405,0.8702095746994019,0.41184142231941223
1197114260698959,17.115537450886,-61.805445913022,17.11190716462037,-61.71637766909339,AG,9.474019532427077,0.9890462756156921,0.9781580567359924,0.060828935354948044
221449236060698,5.7827381753892,20.643667502372,7.0650432807985135,-11.554426154970825,CF,3559.9596749809934,0.5352201461791992,0.3528323173522949,1.8574844598770142
292687302576864,4.8912673960913,-52.339227563042,5.107755158935196,-52.91476450697902,GF,68.14658293345619,0.9999920129776001,0.9999903440475464,0.00013196264626458287
1692824374238930,37.905115789503,58.365383820939,37.92804361045754,58.37111114286262,TM,2.5984905220918493,0.9999992847442627,0.9999986886978149,1.1394863577152137e-05
535104574561907,-10.41862146696,105.67436935958,14.106378883423908,-60.907106713782696,CX,18500.91352320914,0.3437115252017975,0.2461749017238617,3.4295921325683594
2969112516748487,78.219209961341,15.646018520708,78.36836586466987,15.509557006466665,SJ,16.868688427331314,0.9998039603233337,0.9997667670249939,0.0025568250566720963
503288120871693,58.715552001661,24.308260206451,57.676301898915725,27.665169822275736,EE,228.11269350962723,0.4548880457878113,0.05707472562789917,1.5327129364013672
921859851929637,-11.729926830121,43.241646651322,-11.73100321718494,43.225435925727886,KM,1.7689576551711148,0.9974129796028137,0.9964626431465149,0.02219945378601551
173005334752720,-13.832864606727,-172.0248469082,-11.637534847397577,-172.3579266710492,WS,246.7677888071843,0.9992148876190186,0.9987486600875854,0.0077405404299497604
119658220700664,6.847201065353781,158.30128081155442,5.442599197868825,157.8887557957263,FM,162.70689116009515,0.9998961687088013,0.999843418598175,0.0011893906630575657
444382490056218,19.356030149097,-99.27362204831,5.754077034118463,-73.03409620246464,MX,3216.743696968028,0.27885451912879944,0.1630183458328247,2.8194499015808105
408600204099262,40.129972229792216,65.20150457086474,40.132487119324864,65.22655498034388,UZ,2.1479748349667562,0.947810709476471,0.9037960171699524,0.23648390173912048
729722464374374,14.04455890888,-60.957911129339,13.995571053423287,-60.97255685301902,LC,5.6717241404382985,0.9989954829216003,0.9984988570213318,0.008740880526602268
2922144968044286,10.706322625772,-61.511705874126,10.634296185374847,-61.59626672471595,TT,12.228004898104633,0.9990893602371216,0.9988729953765869,0.009315451607108116
484395269675162,-34.610437291757,-56.048469406113,-34.64715334864847,-56.07007384441654,UY,4.536015397572713,0.9622833728790283,0.9377341270446777,0.19090533256530762
167466368509129,18.105303656002,-76.716645323143,42.53924853501153,141.03707567334885,JM,12242.234008336201,0.2108023464679718,0.043212711811065674,3.578852891921997
819862911963532,16.071820577279,108.18200424629,16.09128466831361,108.24653948128308,VN,7.226878494279438,0.8621637225151062,0.7694912552833557,0.5242224931716919
4553925524637056,44.89451258627,19.330263800241,44.851282711141465,19.34240693331151,BA,4.9012587477777645,0.966839611530304,0.9583333730697632,0.24654707312583923
1484400845227541,45.829862548594,28.577510696626,45.765498182325956,28.575333446811964,UA,7.158981076427029,0.7787086963653564,0.5736110210418701,0.5937762260437012
1354327798272985,43.183750251241,27.004788855197,43.36755975356478,27.01866523338343,BG,20.469533725251594,0.8243923783302307,0.6790708303451538,0.6107701659202576
862964924255508,22.20362073339,113.54826574735,22.216209936071127,113.58758417508783,MO,4.28286090628684,0.9729930758476257,0.9595196843147278,0.14625899493694305
376217844002814,34.91683919934661,136.42054057927248,35.54339648353699,135.38668487018973,JP,116.92527244681465,0.2542624771595001,0.1483539640903473,2.7789371013641357
301316518197980,12.129894183908,-68.814790702402,12.210726619992585,-68.8801124113318,CW,11.45424700856839,0.9910643100738525,0.9881137013435364,0.0776420459151268
335521787914099,51.078402076113,15.067153816308,56.38644781472461,-5.416002132582784,PL,1463.7646103877826,0.3018152713775635,0.253639280796051,3.6400928497314453
2900254643557767,25.257771409937,51.485911368467,25.217755808430425,51.4869742579785,QA,4.450815979671563,0.8749199509620667,0.7530123591423035,0.3967239260673523
673660050704908,32.90427410039122,35.62627222018585,32.85382056050242,35.55953860645115,SY,8.385087302719135,0.9993614554405212,0.9991235136985779,0.0068336245603859425
214575550195605,49.562314032567,6.0177176257641,49.526975152080276,5.9453300729987175,LU,6.535885752873008,0.32028040289878845,0.1239384114742279,3.209385871887207
292374029158728,5.5557184884694,-0.20032011655587,5.562393617568977,-0.2175212452146555,GH,2.0432642261412592,0.9421657919883728,0.8914103507995605,0.2499697506427765
486290799353026,48.706848392783,21.178833496329,48.70424289451661,21.216031891100254,SK,2.744978067379368,0.4180111587047577,0.14807242155075073,1.5512230396270752
509936886716193,54.623476487757,25.109110285353,54.651415168124565,25.138267399178822,LT,3.62932298788698,0.6006711721420288,0.5646374821662903,2.393603801727295
751677595524058,42.071424911009,19.398959675492,42.01644582949006,19.492712904626956,AL,9.864571410219728,0.9178736805915833,0.8899441361427307,0.48165953159332275
1496170900788521,12.279561469299356,-15.785628171836166,12.38789581264789,-15.766660742676462,GW,12.22116631891737,0.9904376864433289,0.9867714643478394,0.08067284524440765
719175709411626,18.48961267969129,-69.94711767641911,18.468512654045252,-69.91854124262527,DO,3.8193227713779256,0.9902684688568115,0.9857964515686035,0.0690271407365799
755939215068907,52.979500569956,-0.6770185533809,51.44041275812489,-2.6626517187690277,GB,218.14086282710076,0.173906609416008,0.04503388702869415,3.259394407272339
367279748058219,33.924695664649,35.645985253048,33.89638438327576,35.73274080387691,LB,8.602652864021415,0.9999974966049194,0.9999955296516418,3.6619192542275414e-05
475564843661123,-33.606335145124,-70.716814617081,-33.67264148739265,-70.72705232825334,CL,7.433593050168598,0.9853251576423645,0.9836904406547546,0.1433505117893219
5651553591548285,27.682358654255346,85.43672327651461,27.670140762038265,85.54935844039682,NP,11.174381849676813,0.8066211938858032,0.6888967752456665,0.632918655872345
956843725130274,6.3976332775462,1.925675035011,6.377900323880354,1.8226275760626065,BJ,11.596691669076568,0.8444179892539978,0.8180931210517883,1.0059317350387573
562945801354235,31.81995635801,35.380050620362,31.819547118038916,35.36010578884154,PS,1.8850078393888738,0.9665738344192505,0.9431820511817932,0.18383218348026276
475095177036874,32.382009990214,-64.67256130551,17.190706394941852,-62.55240404727025,BM,1702.571721752388,0.8396551012992859,0.7479140162467957,0.6688838601112366
522949295725542,40.439540534020125,-4.111558427919815,40.47011151031948,-4.12512371773486,ES,3.5878757423029346,0.9998582601547241,0.9998292922973633,0.001904310192912817
321346902848198,15.402595978577,-61.305776091934,15.435965527086527,-61.19914258676104,DM,12.017495583733673,0.9605581164360046,0.9212042689323425,0.16693414747714996
236558401575173,35.879815848188,14.561223784258,35.8432674973284,13.908658833561555,MT,58.94686400333659,0.4719271659851074,0.16492778062820435,1.1498316526412964
684183875614458,-24.5881134109,25.911796895272,-24.54782246068073,25.730194153741916,BW,18.903740553545134,0.9996132254600525,0.9995114803314209,0.004468108993023634
313246687184501,18.406410966402,103.69950713718,18.4073134356559,103.60580387878403,LA,9.88676460044403,0.8473057150840759,0.7183219194412231,0.5625532865524292
502545667480313,66.122169031758,20.992014716859,66.05047604137108,21.342891195763087,SE,17.710915957106216,0.8301247954368591,0.7201563119888306,0.636055052280426
108821668626526,3.638357000000001,98.621413,3.627520664142995,98.56943945601668,ID,5.892103479147005,0.6770289540290833,0.41643399000167847,0.8124662041664124
771234176913522,-4.2011076360198,15.563481103638,-4.1312886322733515,12.693746492273618,CD,318.3511930484001,0.49335163831710815,0.3493339419364929,2.614394187927246
775912819695026,-16.881203796203,168.5528726197,8.508826917514744,-82.51113627735123,VU,12286.149165967065,0.38429832458496094,0.2989438474178314,3.146327495574951
136568578492543,40.868345067124,19.65583552679899,40.90403995293013,19.63349103078851,AL,4.391126671465089,0.8967729806900024,0.8463493585586548,0.5596286654472351
3994322613969673,57.68058896829,40.013449430549,57.69712266790041,39.9524730309053,RU,4.063806670232567,0.9175370335578918,0.8833816051483154,0.4622255861759186
1138538666963808,7.68781338181818,38.65572490909091,7.617238463771367,39.025540879982394,ET,41.5040812551802,0.884724497795105,0.8485004305839539,0.5830966234207153
246110843978281,34.726591792776,-1.3372863677951,34.68472248711851,-1.2637907875847056,DZ,8.17384299139697,0.5973730683326721,0.2066250741481781,0.749858021736145
1114981075689299,13.458377406906,-16.697620238373,13.353172653537447,-16.22414192501672,GM,52.53289906548598,0.8224664926528931,0.7215811014175415,0.7984036207199097
295411508783013,23.606884221992,58.318532208121,23.59741713593316,58.30509281180439,OM,1.7272437423382436,0.34633389115333557,0.045689940452575684,1.9539545774459839
3017764151784904,40.330824941221,-79.994134867953,40.20399852105857,-79.99702770565108,US,14.10459023493893,0.20511682331562042,0.04314425587654114,2.757772445678711
492073192224345,43.965457273428,12.471912342881,44.44539260320535,8.866044932058974,SM,292.3083367293009,0.20286925137043,0.01913049817085266,3.1498146057128906
901384850453385,13.107138230349,-59.469428958085,13.056154534495922,-59.013586910447096,BB,49.696316447891505,0.9647000432014465,0.929722785949707,0.15501022338867188
961663704650882,-13.764610315917,34.344964580369,-29.39648787544786,27.587845364002597,MW,1872.1416121726963,0.673830509185791,0.5345630049705505,1.1040995121002197
918085495400885,22.187707285357,113.5543155851,22.288964557520558,114.2016417804305,MO,67.57000370488589,0.6389409303665161,0.2928674519062042,0.7279139161109924
414584586757824,-13.545504143358432,26.03925639955543,-13.481991769472165,26.183675014545443,ZM,17.136887167197667,0.9986724853515625,0.997363805770874,0.010243193246424198
578631163542394,7.964901866890908,-11.765720405160009,8.649877349349447,-13.106362731510577,SL,166.01105213270856,0.6075499057769775,0.3203069567680359,1.066195011138916
4140529272670729,-20.980147379947,55.317682213454,-21.003402812185694,55.282721111513496,RE,4.4564574483517365,0.8919873833656311,0.7863948941230774,0.35409486293792725
221610119734628,18.350756969584,-64.771780994594,35.278104787799,23.90020260056827,VI,8726.06660616935,0.35955655574798584,0.21732266247272491,2.7520036697387695
227787849107413,58.079122710931,7.613543488889,58.14851450507534,7.434332674520575,NO,13.051414279539195,0.9939162135124207,0.9931140542030334,0.06187950074672699
1301095046951732,32.29481289865,34.842707773857,32.29584251517748,34.85286925543323,IL,0.9619522551301758,0.9622425436973572,0.9506353735923767,0.23518799245357513
159868186137837,42.517774035486,19.054850259477,42.52491443759233,19.09490968695429,ME,3.377655584476618,0.5229871869087219,0.21576693654060364,1.260944128036499
158915396176899,49.817202999667,6.2815169005933,48.059384892462774,16.15839318945866,LU,746.7989046692976,0.2616030275821686,0.05580815672874451,3.131479263305664
215563980335270,50.494933177329,12.12397734325,47.95952393932532,16.194359181622463,DE,408.35727352103396,0.21710465848445892,0.08381666243076324,3.432312488555908
3226688494224424,41.991433662348,21.417589201148,42.00134230412536,21.351192687611633,MK,5.596444797362162,0.9641638398170471,0.9503300189971924,0.22608867287635803
343786030513221,11.717312785411751,43.20915950942669,21.272955075484123,-71.81562738998124,DJ,12031.005264146777,0.7749906182289124,0.6944848895072937,1.2071800231933594
470029777442516,-7.0172195329267,110.38360359781,-7.000517858050374,110.39388009020858,ID,2.1760702332089923,0.655815839767456,0.463886022567749,1.2640583515167236
873255316572385,12.168408333333,-68.998466666667,-12.583411680980527,-38.53238495065225,CW,4344.113787716754,0.36328476667404175,0.18263167142868042,2.638566255569458
316095129952297,39.960873390718,49.293060619459,39.981544796310786,49.20854259421045,AZ,7.5601917993853665,0.9987155199050903,0.9983282089233398,0.01260311994701624
228007019091312,56.732528254504,21.370962366336,61.24233137593488,29.88253696297284,LV,698.4213336942852,0.18994927406311035,0.013914167881011963,3.1924192905426025
338707504564623,0.3325475790453411,6.730475659555116,-3.393427040862708,-79.78969016079468,ST,9623.4820561285,0.3782532811164856,0.2145995795726776,2.939087152481079
1512384889093235,43.950047919958,22.723144933431,43.865240418921864,22.644011984263052,BG,11.362946064275214,0.9956166744232178,0.9947707653045654,0.041002560406923294
2955527854704219,39.912152353987,53.899501306947,39.410079382655994,55.05010421752653,TM,113.213861916408,0.6622000336647034,0.3747924268245697,0.9291098117828369
888269798403530,-1.0982816666667,36.144505,-3.0858751414041294,36.48060831320373,KE,224.14347069629753,0.7435703873634338,0.5266246795654297,0.7228610515594482
642436910068164,36.11490279422312,-5.348270727689244,36.046049005020556,-5.13665253880379,GI,20.500721106276163,0.8257827162742615,0.710895836353302,0.7143294215202332
237963658097477,40.496667641633,19.432296479197,40.47568138207599,19.429934488324655,AL,2.3420995980898502,0.98838871717453,0.9858415722846985,0.1040285974740982
483431452904337,-20.230911517419,24.964818702283,-20.035935707585185,27.094092047894968,BW,223.34964531235488,0.8698356747627258,0.7914745211601257,0.5570665597915649
180226253977651,54.121174504944,-4.6274519189452,54.22230010800029,-4.572530282272891,IM,11.799207565966976,0.5288116335868835,0.08806192874908447,0.8148912191390991
785680085485972,-4.7297222222222,145.64527777778,-4.169522307303358,144.7633158193412,PG,115.93064456032242,0.9995915293693542,0.999443769454956,0.004985238425433636
232364788658210,17.117949715262,-61.866314061683,17.12605977338656,-61.997969429294336,AG,14.019623937895714,0.9862444996833801,0.9725913405418396,0.07336311787366867
471448177497811,60.430706930534,23.596264628231,60.41726357746483,23.587200428316674,FI,1.575437943107827,0.8240188956260681,0.7986834049224854,0.9835834503173828
1244622139303513,7.988621971614799,37.48382597412199,7.975769835722054,37.502972147347705,ET,2.547030035890774,0.9989758729934692,0.9982768893241882,0.009110664948821068
286116506579687,47.185642620994,28.914491020252,47.303455893742395,28.89582892212731,MD,13.175765680414385,0.4989221692085266,0.12442779541015625,1.1071529388427734
614195073311424,22.826867507853823,57.7548590203204,22.696823513184853,57.81187506363204,OM,15.597300107174288,0.32271021604537964,0.16886217892169952,2.0455684661865234
1332280647142505,1.670800159406,10.991565921398,-0.939747508287822,-78.7006341826584,GQ,9976.383415154578,0.21929381787776947,0.1061057448387146,3.4861021041870117
772818013260614,35.713997143366,140.81450118159,35.73879845578106,140.84016793100847,JP,3.6018759172842074,0.5161356925964355,0.3938133120536804,2.2668731212615967
219488562936732,69.241707636812,-53.537875455654,60.418170619237266,7.746010905262827,GL,2913.2228319349574,0.5776501297950745,0.3575707674026489,1.3482880592346191
541544103530446,55.836095729486,12.416739592402,55.79921417128717,12.498542564624298,DK,6.552486321245286,0.42503318190574646,0.3803490996360779,3.5444235801696777
464295654797078,27.526817466618,89.830017400913,22.059435333518522,105.22821561036059,BT,1667.3701869839858,0.6887040138244629,0.5568278431892395,1.1371347904205322
522622609885846,14.484076267703957,-90.70360228201636,14.462012324108228,-90.68911147914348,GT,2.907454845708577,0.8984780311584473,0.801507830619812,0.3512527644634247
1999661550387942,7.774497693832627,80.58315785391267,7.755484804522539,80.47062742031878,LK,12.577039078892115,0.9997345805168152,0.9994716644287109,0.0024742817040532827
155621953174560,-51.690337778356,-57.882120622009,48.34430191157843,-4.483324776218953,FK,12221.832277775246,0.3592507243156433,0.23790696263313293,2.8955039978027344
757755011606802,6.8196630477328,-58.132830737738,6.92286106923915,-58.209379248787954,GY,14.251022347907021,0.9997507929801941,0.999559223651886,0.002566126873716712
1405137103182557,28.199383999899,83.92954198348,27.721407744263082,85.1849208073428,NP,134.26368670140621,0.44039809703826904,0.3006174862384796,1.9601945877075195
259897419151643,9.6131970866272,-84.626947166293,9.563444505685855,-84.21315184227775,CR,45.70520102356157,0.8974274396896362,0.8128516674041748,0.4147389829158783
1102216886927824,18.461462,-77.396732,-23.236279123967986,-46.84586852255934,JM,5700.828335653844,0.5032984614372253,0.37770771980285645,2.1731483936309814
460777678541293,6.3173085571469,-10.810168777149,6.227730052169961,-11.21518881590711,LR,45.86130953697364,0.9836100339889526,0.976713240146637,0.12523238360881805
474993240491863,17.105214732515,-61.811720073148,17.15051117742745,-62.19507503915537,AG,41.04679617066928,0.9507678747177124,0.9062402844429016,0.21771401166915894
169667235033531,69.205334562343,-51.128602926089,77.70248453517326,13.982659569717113,GL,2118.316889727077,0.33694154024124146,0.1940501183271408,2.6042797565460205
740494353497081,10.601346977607,-68.254824493697,6.324417850100532,-10.58195644487644,VE,6352.8887941083185,0.30351147055625916,0.07950069010257721,2.782189130783081
550220469340911,46.410919708825,29.962493595315,46.4528605342744,29.89700609868006,UA,6.851092481169664,0.4344957172870636,0.11708188056945801,1.5455785989761353
245702837336410,19.259176601015,101.1796184777,19.388860884452466,101.08673158179174,TH,17.405188260794336,0.9720211029052734,0.964740514755249,0.19515500962734222
1129302624254772,-15.512322273865,167.17187897688,-9.431179585066062,161.21435322459374,VU,935.4875025304251,0.9997590184211731,0.999647319316864,0.0026276465505361557
1799161930285630,18.488122680819,-64.383246946501,16.88773439554841,-61.910326877332395,VG,316.6907695817136,0.847064197063446,0.7664268016815186,0.5910115242004395
2960340507583247,47.032103017707,28.886288485774,47.04700443072797,28.848462637203163,MD,3.310847575913862,0.6737632155418396,0.573107123374939,1.6687180995941162
686676612845766,13.19675790459234,-59.565868041422014,13.21317328156647,-59.596643063966226,BB,3.798807176143371,1.0,1.0,2.1869585253853074e-08
866395413943565,6.4229817,2.3386317,6.425526135332691,2.319370261219795,BJ,2.1470484494541773,0.6361628174781799,0.5153318643569946,1.3998684883117676
1034903567243715,-22.26854244401197,166.45561233952094,-27.47145742456273,153.05708218336918,NC,1469.0866534997324,0.2798948585987091,0.06466484069824219,2.055009126663208
2584133291892783,-13.819347971182,-171.80549770958,18.429245064935834,-95.3348452441954,WS,9112.605806688736,0.5040377378463745,0.42934009432792664,2.625028133392334
154387329985070,46.215734979708,18.954974096395,46.22766821472035,18.884795028795853,HU,5.559710708155795,0.9370896220207214,0.9270205497741699,0.532150387763977
241920060953111,4.5884157164529,114.19806540386,4.599175433210403,114.31740839379377,BN,13.28170202984144,0.7665649652481079,0.6380351781845093,0.7752294540405273
382288733329775,36.45704865828944,44.38361668672855,36.56256331497735,44.07746618137373,IQ,29.771120056045596,0.9630069136619568,0.9365226030349731,0.20601817965507507
530108141687263,43.727329890522,7.4139550875314,43.7391495258764,7.424506026077422,MC,1.563961166777593,0.4643843472003937,0.3532841205596924,2.3389053344726562
1156070225186274,13.004563570913524,-0.0929592081860904,12.61407994825742,-1.5403515222237705,BF,162.83253963808886,0.9148780107498169,0.8622725605964661,0.422594279050827
297635021890138,37.084010767189,140.96527807941,37.40420168420933,140.39791521665873,JP,61.56168074805053,0.4212021827697754,0.2725256383419037,1.9596171379089355
1127661537735100,-41.65507457011,146.7152264774,-41.66424588711245,146.7016956534331,AU,1.5177362946400155,0.5147320032119751,0.3426533341407776,1.8199644088745117
460831248528326,32.407244758738,35.309136777584,32.39386317359069,35.33299853181301,PS,2.689375915242256,0.6352975368499756,0.3368743658065796,0.9100622534751892
489888638875292,18.00372032572915,-15.960383301760256,18.079166413795853,-16.18122328553001,MR,24.810299865658113,0.9912450909614563,0.9879538416862488,0.07713013142347336
161047899240446,23.8180895,90.3695815,23.836621442330415,90.35180772314409,BD,2.7413180424709758,0.9396455883979797,0.8854343891143799,0.2585841119289398
934140260720130,-51.689230455939,-57.899384289137,63.0943624454161,7.897945131964704,FK,13986.414789804763,0.2585800290107727,0.07141892611980438,3.681915283203125
479610759816956,33.585997023016,36.298446056501,33.51532843507603,35.87100470439886,SY,40.382684905395436,0.6909360885620117,0.622075080871582,1.5489264726638794
765233560861306,2.9642195370885,101.66141953008,2.9547015255199165,101.60529522424716,MY,6.3216382156890845,0.9976552724838257,0.9968878030776978,0.02092367596924305
464706124798658,3.8596085705621,11.510646369735,3.860444301049449,11.696723217990668,CM,20.64407328519486,0.9982682466506958,0.9971332550048828,0.01498659048229456
311915957223210,48.653641704778,8.9845737051933,48.72074122038375,9.153035679913959,DE,14.442834122679162,0.35620665550231934,0.14020419120788574,2.1911041736602783
817078892534965,40.267567814145,69.601498468347,40.33485758850768,69.55469723812386,TJ,8.469751948888101,0.9365888833999634,0.8731853365898132,0.23634248971939087
215254533451475,43.819988547928,18.330792849862,43.813879271137154,18.351077475716274,BA,1.7635879384996056,0.9439290761947632,0.9044271111488342,0.25641635060310364
2888255258054606,43.427070875648,24.665228207518,43.48222093409681,25.235940616037297,BG,46.473339247828605,0.9168112277984619,0.8392657041549683,0.322519987821579
834910553796928,50.672449230353,36.479444396428,50.72564667186083,36.31442746257157,RU,13.040910417541117,0.9999878406524658,0.999984622001648,0.00019618179067038
481782076580045,36.607945278658,4.6469456950054,36.634750318690536,4.918532255629534,DZ,24.420183110621885,0.859745979309082,0.8100276589393616,0.7788704633712769
148255767313122,13.682533543224,-89.288111929081,13.472047672749895,-88.17211335720998,SV,122.87495394191573,0.47756877541542053,0.2298174947500229,1.2987160682678223
502540957553350,35.725982578066,51.561844655951,35.72401125276988,51.55818402385572,IR,0.3965429824450537,0.7867266535758972,0.61191326379776,0.7630096673965454
4491742700839121,-11.724533161127,43.24489422039,-11.68915028986893,43.367193559655185,KM,13.885253988564573,0.9411885142326355,0.9200751185417175,0.3085227906703949
804566007111688,48.86927755014,2.6178178631467,48.85670612663017,2.774859098846747,FR,11.572443245300398,0.9162173867225647,0.8663649559020996,0.47580665349960327
899108650655420,8.9540852434942,-79.556543609583,8.984902539080862,-79.53785316666138,PA,3.994586945863542,0.9887425899505615,0.9775043725967407,0.06187962368130684
214848333411462,48.702549082158,7.9204824215071,48.68414981698917,7.993403406126608,FR,5.729988409485676,0.5694074034690857,0.41790008544921875,2.1570491790771484
568621320777544,-34.808647064455,-56.137982325538,-34.753948892136876,-58.32911830529708,UY,200.20122472048237,0.7955151200294495,0.7055310010910034,0.8493222594261169
870852866796334,39.309248463731,-7.4430111869073,37.89971994136499,23.923321424887643,PT,2716.4467986323734,0.18688660860061646,0.014006495475769043,3.224012851715088
513211343138320,12.104398778817,15.074400791334,8.328082029122205,-13.08469137468612,TD,3108.383771648454,0.8179295659065247,0.7790188193321228,0.9436149597167969
290452846069114,18.438264749926,-66.022265085576,18.46989985303428,-66.28212742047118,PR,27.63430416762005,0.998534083366394,0.9982498288154602,0.016138531267642975
2798718830380916,46.968282800079,28.833482342546,47.02754681415001,28.872236021251855,MD,7.215530900647722,0.8776733875274658,0.7787960767745972,0.5141139626502991
272942011294105,-16.612773692305,168.16249423085,44.28781291481777,39.28438194666204,VU,14351.27087957249,0.6367014050483704,0.5930442214012146,2.270512342453003
299602785135637,5.8624596725802,-55.176919166956,5.813615363454726,-55.34418770817164,SR,19.283602565674858,0.39983585476875305,0.049232691526412964,1.3683477640151978
130729442381687,34.967097936412,-89.688923022655,35.77895515029722,-76.41574497143093,US,1205.9112093472854,0.277193158864975,0.012458652257919312,2.507455348968506
831081011096837,41.228421532361,28.845182193245,41.24237416763158,28.86553699729793,TR,2.3030491053172972,0.9821277856826782,0.9724821448326111,0.13541924953460693
1198407170629720,12.003072172679,-85.934620572015,-33.150234945635546,-71.09995348528537,NI,5261.631703428831,0.16285444796085358,0.009916454553604126,4.348761558532715
127266323441552,-8.550294233534116,115.21993034729888,-8.549766482309167,115.14756179427815,ID,7.9578011541857885,0.3120046555995941,0.10937653481960297,1.7519707679748535
487764256228829,14.152498959398608,-16.470684865151227,14.10327036173756,-16.35676567734551,SN,13.448542880698138,0.9998145699501038,0.9997843503952026,0.0023519934620708227
544743673580961,18.515662119925,-73.785083761546,18.377418960664116,-73.90882170478858,HT,20.16564471682745,0.9997116923332214,0.9995739459991455,0.0032493930775672197
485732119402607,43.274516972858,20.788312195269,43.292226152609636,20.836414077714476,XK,4.363309497015743,0.9933202266693115,0.9916645884513855,0.06197961047291756
151970247320695,6.152378233298196,102.20709793369888,6.181829802860754,102.1775677653491,MY,4.624107246444785,0.8243070244789124,0.7770934104919434,0.9506207704544067
158093726263650,16.399809094532,-61.464379424016,-34.86732923303665,-56.16561406460331,GP,5728.068881832653,0.2968439757823944,0.11019480228424072,2.726229190826416
1914021882090975,42.542379701187,21.01428048222,42.47800204820596,20.758680197649717,XK,22.140254900388303,0.7985512614250183,0.7047879695892334,0.8887559175491333
203516844942665,46.568489033125,21.266773484115,46.50244452709955,21.195518666290635,HU,9.145402603808012,0.5021159052848816,0.40690377354621887,2.581979513168335
310209900558886,6.7872717418682,-58.16841996243,6.788035254533639,-58.19957405555407,GY,3.4409441968678194,0.9985406398773193,0.9980608820915222,0.013922026380896568
906141979950681,35.283099723551,-114.05345305402,35.19579755359244,-113.99968442371242,US,10.866555883132367,0.8415364623069763,0.7077280879020691,0.5506319999694824
220428729512205,21.038623711804,105.77391338584,20.9984421978936,105.86094133167556,VN,10.077772327878797,0.4092327952384949,0.042767107486724854,1.1320418119430542
789957038560620,37.590736226677,61.830211272044,37.545310098165764,61.90564717506017,TM,8.349774271071443,0.9343005418777466,0.8791043758392334,0.2794305980205536
497924484855446,49.212024303293,-2.2239949744189,49.1671700008418,-2.1361608113671537,JE,8.100616778931673,0.922851026058197,0.9060071110725403,0.6155984997749329
3937869909654497,58.021672732517,56.312813474116,58.00106811573345,56.232300524108574,RU,5.267080722617146,0.9078245162963867,0.8852916955947876,0.5444944500923157
3491642720935331,26.529370278856,-78.684726174675,26.525982731294818,-78.67906953892742,BS,0.6771961882326649,0.999866247177124,0.9997953772544861,0.0015043372986838222
168656845263430,16.747411774220026,53.42964473363168,16.805669704117115,53.39840571159353,YE,7.2818327622410095,0.9978479146957397,0.9959563612937927,0.016898121684789658
407374824239845,-5.955051421740527,144.7785704829734,-5.978044709636257,144.8312915499736,PG,6.366498648862832,0.9995013475418091,0.9992657899856567,0.005602882709354162
455365168860461,27.470693785049,89.631868019838,36.548541884180054,51.24135544548635,BT,3730.9694852187076,0.9823477268218994,0.9775180816650391,0.14181488752365112
1017257905477590,9.1299294362807,-12.890888324749,9.138234301486426,-12.865040596008816,SL,2.9841692836293183,0.8987378478050232,0.8669959306716919,0.49367162585258484
206758917925729,41.633141767203,43.043641531931,41.6626354035551,42.93930746392282,GE,9.26867312113745,0.9578344821929932,0.9439763426780701,0.24669592082500458
836273610309169,37.576905228993,126.98250169703,38.14868778212384,127.2610275312695,KR,68.11869909216973,0.9996727705001831,0.9996024370193481,0.004187330603599548
2997712030478750,9.0811266331751,1.1353816591198,9.256590422545118,0.9619168463944741,TG,27.262844081049508,0.9997541308403015,0.9995537996292114,0.0026207161135971546
491048675425868,13.155324030505,-61.225388554327,13.12037821984129,-61.15581917784208,VC,8.476426942244757,0.9763031005859375,0.9649583697319031,0.15180854499340057
1125134811286612,-0.68988901284279,73.155864027112,-18.208560141455507,178.4669887278002,MV,11598.012302038205,0.6402942538261414,0.5146979093551636,1.586238980293274
212631876992699,47.57565540446,8.6836625276756,47.5517106825295,8.717365066291899,CH,3.671999699299382,0.9879148006439209,0.9831735491752625,0.10391244292259216
978132962724139,4.6068199736554,114.29496750131,4.6394658362735335,114.50064983223785,BN,23.083630697633666,0.9692522883415222,0.9456182718276978,0.17116475105285645
482473599629998,43.749893552153,7.4264661597701,43.75506511580772,7.435479860233206,MC,0.9245704283182731,0.8178780674934387,0.7676975131034851,0.9778728485107422
299195015014911,47.3569907062,8.797610569793,47.273329284873306,8.748890806872955,CH,10.001508299136605,0.9937460422515869,0.9922577142715454,0.05781654268503189
174610044551137,15.405463277085,-87.825018753514,15.363495991592206,-87.82948900037483,HN,4.691094694292544,0.9635319113731384,0.9397048950195312,0.20952057838439941
136029649050092,0.3399203660911113,9.477302064989836,5.313491576885763,-53.00675963616464,GA,6958.278862552017,0.23532186448574066,0.022790536284446716,2.3717243671417236
296245981990775,41.372700247875,68.828590719579,41.2921945634675,68.88393418019432,UZ,10.074123643943611,0.7222977876663208,0.575680136680603,0.9181253910064697
993977414762766,-2.583392081658024,29.736904043700967,-2.560081062718137,29.81196520650683,RW,8.731625918176068,0.948060154914856,0.9258938431739807,0.2760556638240814
147197684050250,43.934996796349,12.437825686928,43.91669707957726,12.323944237396287,SM,9.344641818895724,0.28368014097213745,0.044112637639045715,2.6818413734436035
508606180320563,54.098891105163,-4.6269830746093,54.05043999697413,-4.68246682212728,IM,6.490653398778795,0.7825709581375122,0.6156643033027649,0.6551404595375061
263205328872928,-16.83106954081,145.73539277961,-16.849427279555673,145.7230793148716,AU,2.4257387245929993,0.5827261805534363,0.3749886751174927,0.9871360063552856
1740608499662684,35.803861702964,51.47772073825,35.810247782928585,51.46127584598959,IR,1.6442148762428592,0.9897677302360535,0.9818438291549683,0.06893420219421387
503930757624840,1.8669469581218,9.7643765258325,18.88096539862065,-104.07883463343939,GQ,12434.139382806437,0.49008896946907043,0.32655882835388184,1.7383418083190918
287107186465067,17.570369032092,-88.395701907176,17.405045512338187,-88.53429781781544,BZ,23.537132284124905,0.9109679460525513,0.8653849363327026,0.4050889313220978
159585026777711,36.78600505458685,127.11685701458336,36.788570978190435,127.16525623262068,KR,4.319482591811332,0.9999772310256958,0.9999560713768005,0.0002778054622467607
491143942333678,-31.646394677559,-64.049267897135,-31.641581273596856,-64.02143121274739,AR,2.688909370864843,0.9807385802268982,0.9616062045097351,0.09635734558105469
292149249127537,11.676172920272,104.91734598963,15.192485582162826,105.56696524428843,KH,397.2559806989129,0.4483453631401062,0.3166395127773285,2.8771414756774902
486992326059697,-20.234562345348,57.680184614667,-20.233493552644855,57.61331676550881,MU,6.977524831536669,0.5406240820884705,0.1995173990726471,0.9720017910003662
790429551596946,14.307016410706,-90.792764550037,14.230163734605718,-90.81983107493048,GT,9.029704422147942,0.9237983226776123,0.8658538460731506,0.32283395528793335
354483789341202,10.66394670577,-61.448455434437,10.69717383351372,-61.409960362020456,TT,5.598543296803097,0.9990754127502441,0.9985738396644592,0.009223618544638157
333974338175856,43.38312972222222,75.18504805555555,43.432831953011274,75.10832012690017,KG,8.304254988349632,0.7908530235290527,0.7147793769836426,1.0927561521530151
310181027300005,4.9138982372571,-52.320239192936,4.956135370898556,-52.20158827318521,GF,13.958321677767367,0.999925971031189,0.9998618364334106,0.000837910280097276
489698928960277,55.90755533794,23.330077603635,55.93198786759208,23.5148987706042,LT,11.832037917939088,0.987089216709137,0.9832878708839417,0.10913745313882828
963487447634410,-9.443175833333331,160.1841877777778,-9.181459160659728,159.71207784889518,SB,59.41876266400511,0.40314042568206787,0.07757645845413208,1.626572847366333
940297690049722,10.544530654858,-6.9170121928914,13.30376337847189,-6.662845553881853,CI,308.05599730032503,0.28599339723587036,0.10600486397743225,1.9266548156738281
274456794245889,14.012203071887,-60.918840982444,14.061754314722332,-60.87746093545226,LC,7.091150316202915,0.9999668598175049,0.9999343156814575,0.0003793795476667583
499231541763074,-17.67345970478782,35.71770311414629,-17.616003888414465,35.624422262440305,MW,11.769354922695305,0.9790065884590149,0.970958948135376,0.15423926711082458
740034783337220,10.242351719658,-67.07175037305,-20.916926274227745,55.41808976258526,VE,13773.152788679457,0.19284604489803314,0.005121141672134399,3.4492197036743164
313196563579681,-22.83320830519,-45.624067583303,-22.8152967855043,-45.70546361794557,BR,8.576596581970168,0.943800687789917,0.9166654944419861,0.3416377604007721
557647226305247,49.97355459812587,-98.22833151849294,50.42181393441352,-105.95222432579175,CA,551.7923427816855,0.9545210599899292,0.9313082098960876,0.2497633397579193
134775978605373,45.765772369232,15.054278452768,51.32989747603303,7.001842645914154,SI,855.8468978151745,0.14362914860248566,0.0017675161361694336,3.6635873317718506
2209033082563978,-20.295812624399,57.49330172569,-20.299472670878078,57.49130209933793,MU,0.45729750509898726,0.8346748352050781,0.7388678193092346,0.700042188167572
237417298182008,46.974677390285,9.6355759643795,46.92417802099392,9.611565288263762,CH,5.903646861543189,0.5778967142105103,0.530328094959259,2.414229393005371
556720552384528,-6.7914022300447,39.243087476569,-25.871072405744936,32.65616666344764,TZ,2233.66572158387,0.560492217540741,0.1528700888156891,0.821567177772522
304456207816251,52.850057208062,5.7055687921235,52.96837333042361,5.590496752467411,NL,15.252248407156278,0.4905707538127899,0.3533669710159302,2.7071609497070312
1367885517059139,46.835122164124535,27.229957424538693,46.81363934113805,27.147937592994385,RO,6.681951827375419,0.9769865870475769,0.9640026688575745,0.14745432138442993
1209448172805531,60.054441917966,20.511407216084,60.073355239799966,20.51838628504216,AX,2.138424959481476,0.9805846810340881,0.9734556674957275,0.14233389496803284
612677363041594,42.87539932623175,74.7186663751452,42.87172526486132,74.68026320093709,KG,3.156027119193313,0.5027397274971008,0.3411288261413574,1.9131994247436523
831285824930285,-16.497657272838172,-68.08064726363715,-16.488953119079444,-68.10234862910438,BO,2.5080619767288304,0.9257640242576599,0.8603096008300781,0.30013197660446167
3040315519535750,8.5768298063092,16.03754027524,9.902326145010495,-12.803554770504764,TD,3167.845443117995,0.4161188006401062,0.24343357980251312,2.234851598739624
3283897291933447,45.99325036811461,18.654871377251727,45.935705193616144,18.756425234013324,HU,10.12696175342134,0.923923671245575,0.9097571969032288,0.5912862420082092
1137849726718437,21.552992989018,39.164178678049,22.1471281150717,38.306682312517495,SA,110.43816326221186,0.9966256618499756,0.9955198764801025,0.03178422152996063
2951895281714522,46.72732029753,7.6771269556783,46.98937484459396,8.325775499560386,CH,57.28486215687348,0.4617626667022705,0.2618650794029236,1.6484051942825317
196196569306769,-11.781132189015446,27.185037043024657,-11.949990659449234,26.82998739332302,CD,42.9569120462899,0.938346266746521,0.8917210698127747,0.27471446990966797
155230033218515,18.465322695287,-69.95403050938,18.451131380994326,-69.93729568789047,DO,2.367626756718078,0.47284427285194397,0.021110624074935913,0.9902175664901733
308702590934988,-18.145039227572,178.43459919971,-18.151074803045198,178.7327883589254,FJ,31.51485790603071,0.9937267303466797,0.9895222783088684,0.048325732350349426
2810728412571764,6.3909253727705,2.4110416615095,6.379271550458065,2.473714344471516,BJ,7.045844235167092,0.9828099012374878,0.9782400131225586,0.1441628336906433
285668529885261,-1.675838,38.221446,-1.7476156052977727,38.12508323117515,KE,13.357061739936242,0.8152963519096375,0.6317334771156311,0.4872288703918457
477477166895124,34.038867397479,-6.792056354731,34.025996816890874,-5.016326373029455,MA,163.63694416010216,0.39227384328842163,0.13434740900993347,1.8856979608535767
230233798477029,50.949072822623,4.7302219022013,51.08095812983543,3.4922166710855245,BE,87.83589438300666,0.8490842580795288,0.8340320587158203,0.9858473539352417
1438419213201474,8.5794495365911,-79.88432840891,8.490757921968306,-80.1086560376899,PA,26.566189588429285,0.9956839084625244,0.9937333464622498,0.03306800499558449
225367212262109,16.802090590675,-62.204797437341,17.20072315241945,-62.5423374281001,MS,57.035506301673976,0.7405775785446167,0.5720646381378174,0.819644033908844
289835199303480,-25.346252051339,-57.430389728528,-25.180654523805668,-57.499699231891725,PY,19.68852682547988,0.8535818457603455,0.7786900401115417,0.6441487669944763
1161385350994129,-12.779721914177,45.231290533565,-12.809317959320254,45.217468954451185,YT,3.6161319517504724,0.802860677242279,0.7063287496566772,0.8142557144165039
935237680660687,50.573436665603,16.343888336587,50.52403578517147,16.489397243940722,CZ,11.656496913856452,0.9356769919395447,0.9095380306243896,0.3805374801158905
307184837517989,22.153520064633,113.55667280911,22.236011285438643,113.81465219955597,MO,28.099772081147297,0.9820166230201721,0.9800661206245422,0.1555379033088684
514468643065192,0.35670761022526,-78.13923790401,5.468121850124461,-73.41770886487936,EC,773.1601901133141,0.5948668718338013,0.315134733915329,1.2136014699935913
2925807284301943,9.9203745633439,-84.139782195704,9.956336200707957,-84.05633989543578,CR,9.975655312126536,0.36946335434913635,0.1512976884841919,1.9706257581710815
183883443608237,-20.892271039395,55.493148575461,-20.903909018837474,55.41987823988956,RE,7.720558044659084,0.659349799156189,0.35545602440834045,0.760837197303772
909207693113219,-2.722053006103932,28.99879184795397,-2.9061711856221857,29.22729070701637,BI,32.605973408489334,0.8672850131988525,0.7919820547103882,0.5882778167724609
1261001267650765,17.093885778130208,53.06404201759654,17.00437388608694,52.59083697109518,YE,51.280819779588285,0.999115526676178,0.9987753629684448,0.00884073507040739
112914721569346,25.01673536212545,55.26744075246655,25.033995644951744,55.27228017039214,AE,1.9802265899957605,0.89667809009552,0.8807501196861267,0.6402852535247803
323213999168323,42.723660197442,78.36579745813,42.73100717403619,78.26015039007231,KG,8.668130093828204,0.9990381002426147,0.9985953569412231,0.01070452481508255
1148724072311112,3.2346027730824,19.781003543749,1.6157149431447428,17.451902412428904,CD,315.2024791880569,0.5356858372688293,0.1466693878173828,1.0620741844177246
1941191596038080,0.66269168990823,32.090714235704,0.7592495650374373,32.16953137451121,UG,13.8591023926683,0.9723590016365051,0.9631783962249756,0.17324958741664886
841118793496757,40.585019266329,50.026710789153,40.5840484568985,49.91680188337779,AZ,9.28206575770246,0.9908350706100464,0.9858292937278748,0.07232401520013809
3013917838852119,12.121527685972,-61.744834602972,12.136422796148356,-61.72471584567736,GD,2.743517930261732,0.8154597282409668,0.6404991149902344,0.5190150737762451
1434515676931485,36.48499132294666,44.38119702262342,36.431365117061645,44.596098757709775,IQ,20.123094636659168,0.9999897480010986,0.99998539686203,0.0001422226632712409
872582159960123,18.09509173468338,-15.977548191809728,18.315565188488,-15.832043279517604,MR,28.934975269345987,0.9732966423034668,0.9578480124473572,0.170779287815094
476576197831647,-34.88546900895388,-71.25560707544794,-34.86801818850402,-71.22070897726155,CL,3.728263272523845,0.9956759810447693,0.9916936755180359,0.02973668836057186
521641709215679,38.171869308025,41.441247431796,38.20339816471737,41.418766795097625,TR,4.018865630278517,0.9988009929656982,0.9978801012039185,0.010583512485027313
870627043521185,-20.207807909833,57.557968025002,-20.224698776786397,57.575567407595585,MU,2.6267723449329217,0.8357885479927063,0.7492462992668152,0.6652835607528687
883935662339272,57.887080190461,26.165245638561,61.265813081714036,16.6023841179307,EE,655.5741798564918,0.26692020893096924,0.16360540688037872,3.1292402744293213
2975184306112031,-15.393804279590734,28.394529064026333,-15.403101393544441,28.394641477535647,ZM,1.0338621426431573,0.902365505695343,0.8065332174301147,0.33112847805023193
1720555854819879,41.902244946385,12.472155316852,41.90653225362977,12.489391287589529,VA,1.503969970339851,0.986333429813385,0.9832662343978882,0.11295019835233688
615369832868239,-17.27819798495327,-68.51428166740978,-17.276137022839293,-68.51502150901086,BO,0.24225824301872828,0.9736241102218628,0.9605176448822021,0.16764217615127563
858641008020642,41.872392024309,12.467315967353,41.90922662020399,12.493900863421409,VA,4.649547871993484,0.7202303409576416,0.49799805879592896,0.9356493949890137
784022482247500,5.8277392863182,-55.225526618556,5.836401774152347,-55.240419257852714,SR,1.9083439033739398,0.9933584332466125,0.9888699054718018,0.047266628593206406
466921437929070,43.945143347752,12.405526399583,43.87433055690443,12.863892909429516,SM,37.55377250333928,0.6356179714202881,0.5076502561569214,1.5334006547927856
2929871177289268,15.255371123269,-61.375781500784,15.274631101704383,-61.357093846310356,DM,2.933454627227775,0.9997219443321228,0.9995459914207458,0.0029854881577193737
523197115346391,-13.971776289726,33.783081510686,-16.72137463262119,-49.421641433777296,MW,8858.144113533046,0.34578046202659607,0.07293340563774109,2.285539150238037
151549510250554,0.32442485388512,32.633693878664,12.328617789228245,76.59804880843373,UG,5028.374202174919,0.33375996351242065,0.22038911283016205,3.3070545196533203
1547583225431524,27.260789735616,91.181218133601,27.712448683301165,91.0179840641222,BT,52.740277468852995,0.9979718327522278,0.9974997043609619,0.01942085660994053
478430900042187,-0.14854654317475,-78.489555286644,-0.15755039872844892,-78.45508195515117,EC,3.961835628135555,0.9078687429428101,0.8503134250640869,0.4323872923851013
148972987131053,10.820600239157,-14.374888709007,10.365353181766011,-14.682014078500014,GN,60.74009064626157,0.9835574626922607,0.9744169116020203,0.12437021732330322
168952121777905,48.23078791494741,16.148342581412056,48.22902933119212,16.127107972656734,AT,1.5849933827811689,0.9364417791366577,0.9206955432891846,0.41568657755851746
353347540250394,28.489596100001,81.26519630000124,28.531369707973933,81.26771379015588,NP,4.651521986237123,0.9999996423721313,0.9999993443489075,7.293256658158498e-06
935172783968452,35.986131967613,14.367127108096,35.94904152779404,14.270638116423587,MT,9.613226911537014,0.9855549335479736,0.9823059439659119,0.1282336711883545
1151746665583486,-12.779018973237722,26.00928905397242,-12.822967284142937,26.04212907149042,ZM,6.046568541356086,0.9829902648925781,0.9676026701927185,0.09511024504899979
2393317690801397,-12.069016236703,-77.03665985988,-12.078416251923342,-77.02653302402702,PE,1.5182330314928454,0.907305896282196,0.8615171909332275,0.4900234639644623
795465334444876,0.3339977495606621,6.738762910038565,4.971645168371177,-1.7032405557079784,ST,1069.9191522903302,0.3815213441848755,0.23769156634807587,2.1051390171051025
2896589564002336,63.118822728944,25.791061880386,63.11196158644417,25.775442184958454,FI,1.094936184991524,0.9510290622711182,0.9318652153015137,0.3025580644607544
540117650484633,46.302809625229,28.641585707937,46.29011052258967,28.647825903014773,MD,1.4912413342127642,0.9733582735061646,0.9652788043022156,0.19005641341209412
475509447060133,13.650514039427,-86.398525236697,13.716286803098294,-86.35039428599609,NI,8.973789145522828,0.9974512457847595,0.9951708912849426,0.0194122064858675
157174013075266,32.21660756923,35.291237377564,32.14713385037417,35.31825102024349,PS,8.13269733264721,0.5604623556137085,0.40394163131713867,1.336093544960022
295394572074486,38.481106514114,68.746781937087,38.44838980069788,68.84736324043507,TJ,9.48266216529919,0.9966568946838379,0.9933918714523315,0.022921141237020493
198782898749317,35.687544571958,-0.62062280599048,35.68144579137142,-0.6137332909489003,DZ,0.9203674293298854,0.9772748947143555,0.9596576690673828,0.12894126772880554
759221151450417,18.517491997967,98.463412053409,18.497761283553462,98.27233196719587,TH,20.267361673495127,0.7732530832290649,0.661156952381134,0.8875728249549866
460244195714711,12.19653414825656,-69.07504867251409,20.177096466386576,-87.54220775748551,CW,2160.074257439094,0.9667096138000488,0.9570261836051941,0.24667029082775116
820595532296263,56.23439395838977,25.271868578112507,56.27713031564322,25.380739413975185,LV,8.234264747822461,0.8307327628135681,0.7714529633522034,0.8559887409210205
1438721179813491,48.382322659661,17.796926492604,48.49647748455461,17.929298790816343,SK,16.014847685839257,0.6725258827209473,0.6249812841415405,1.8846341371536255
327262465407338,52.026989994976,5.2598309998768,51.46881122404186,3.842987137189504,NL,115.6097960466391,0.61211758852005,0.49101921916007996,1.9231733083724976
461429221597317,49.253300405152,-2.2504654409513,49.270815078845125,-2.303160958051224,JE,4.291280967939082,0.9917404651641846,0.9905384182929993,0.07857085764408112
3866266460155961,53.61572715065,14.038505029602,53.64270312670693,13.954216808750996,DE,6.315700737294104,0.728571891784668,0.6139615774154663,1.3971967697143555
375431337131206,43.585600579473,77.083337244727,42.466936742754825,69.63143148799705,KZ,618.161632167625,0.4317348301410675,0.10942840576171875,1.259321928024292
954535098695422,29.249374972981,48.076687379914,29.276347413450907,48.054227459332445,KW,3.7070238489576015,0.7588141560554504,0.572624683380127,0.7253950834274292
235731214987748,47.065458938533,9.4990098432088,47.53378604901545,14.308434557428747,LI,366.32948623376143,0.12462108582258224,0.024658121168613434,3.3446717262268066
2845158875798175,6.3934989623932,0.81081550452393,6.383258800294604,0.8345553470180763,GH,2.859815219821417,0.8791717886924744,0.8261582255363464,0.6029351353645325
516234036217895,26.541557987084,-78.643710622572,26.52187254653262,-78.64028998804548,BS,2.2152156217993575,0.9999991655349731,0.9999988675117493,1.5528050425928086e-05
792576118306682,13.503066806425,2.1258453026712,3.8563370777778805,11.693489570692561,NE,1501.269012427122,0.3827537000179291,0.0660872757434845,1.8849035501480103
818897715743535,14.180099400002026,-87.205207100002,14.201001774999646,-87.12695989125278,HN,8.749551111219326,0.5497020483016968,0.1425062119960785,0.8415932059288025
195737239042979,51.581867122542,-2.5926650077247,51.73064792522851,-2.938564480756735,GB,29.035224913637702,0.2704864740371704,0.14645420014858246,2.789517879486084
158483042913849,24.741859270131,46.765677183925,24.727206115175868,46.78280147862146,SA,2.376083415259004,0.9597532153129578,0.9206469655036926,0.17614004015922546
166231622073834,37.896321688496,58.263381497664,37.93476136140505,58.217318675782295,TM,5.881976894139193,0.990559995174408,0.9862377643585205,0.07712230831384659
898363761008724,40.293682969265,20.862222665336,40.24795767014048,20.838923435982704,AL,5.455166645425999,0.43603503704071045,0.3122573494911194,2.5562305450439453
1797003350643261,-15.400810622763276,28.349022158378663,-15.398614616212559,28.37307018318526,ZM,2.5895509208061096,0.6861768960952759,0.5472005009651184,1.109095811843872
468690357569941,40.494957780249,49.322897126922,40.48473133993177,49.37686229394359,AZ,4.703159942752736,0.9952620267868042,0.9915146827697754,0.034348633140325546
125648172881838,2.0516613851163,45.310385901092,14.731262325782847,-17.388198325223676,SO,7016.549222241628,0.866579532623291,0.8262383937835693,0.7999241352081299
480483870043208,47.181786809999984,9.5407896199999,48.006449821849,15.836446212575616,LI,480.7727270417219,0.4763720631599426,0.36323219537734985,2.2774150371551514
313485797075614,41.608854880647,44.785060268737,41.5580680921273,44.61416819454942,GE,15.294315638390714,0.999497652053833,0.9989969730377197,0.004331903997808695
818591305723529,7.396220811176,3.7883377613719,7.554481278296911,3.9129051865226105,NG,22.322438525664413,0.5991145372390747,0.21126466989517212,0.7322110533714294
453150375784878,28.796308510551,48.063740353483,28.787555009239185,48.073222603097236,KW,1.3420998065017378,0.6660796999931335,0.4743821620941162,1.008819818496704
939980116750725,9.9598672045592,-84.593396108313,9.953502498409874,-84.60978436408438,CR,1.929336715341407,0.7034057378768921,0.43855148553848267,0.7683239579200745
465663531205647,10.643884863859,-61.362035910773,10.556318838125332,-61.47008730576751,TT,15.306109669710317,0.9965783953666687,0.9958840012550354,0.0310954786837101
931554844288440,41.335838146047,27.676621148293,41.49458589354078,27.141888968214893,TR,47.95747387592202,0.48496493697166443,0.07089826464653015,1.0255670547485352
309888847360764,18.079995833333,-63.075718888889,17.049242671904572,-61.79901708646223,MF,177.35217015685532,0.6645626425743103,0.5441012382507324,1.2825218439102173
1233650300433317,5.8284270493941,-55.197561641337,5.831066608085798,-55.15290881916682,SR,4.9482003769277405,0.782223105430603,0.6662354469299316,0.9097246527671814
157871656228899,17.841904171745995,52.6573254161756,17.671275562522602,54.075892875142905,YE,151.41597750611578,0.5951567888259888,0.3156300187110901,1.097623586654663
503873747410741,-20.164398838337,57.513021639953,-20.169414149486332,57.520501659986294,MU,0.9594642061814136,0.8645156621932983,0.779815673828125,0.5695490837097168
475345117009312,14.49907545062,-60.854085449722,14.622955116469285,-61.01967722790429,MQ,22.524482603589778,0.9738942384719849,0.9497667551040649,0.12822821736335754
2607999966169384,13.468595162877,-16.632283131017,13.253571924827714,-17.609549625180744,GM,108.3954655563464,0.9998277425765991,0.9997373819351196,0.0020204356405884027
1168257490263581,-21.045874002739,55.256306770199,-21.006246947684996,55.283281396164206,RE,5.220556821989232,0.9756070375442505,0.9520431160926819,0.12006472796201706
1221686231620879,18.484531317307,-69.959884264486,18.493107669978976,-69.93595918303161,DO,2.697248517102888,0.9787200093269348,0.9595834016799927,0.11308491975069046
142886617744202,60.105814820846,19.93449257996,60.13669738601311,19.96318643578346,AX,3.7839945037029374,0.7516241669654846,0.5988370180130005,0.8737490773200989
159538589913897,8.415194861547175,-82.4264431767198,8.494625680081565,-82.44837143151665,PA,9.155677207108656,0.9802137017250061,0.9621788263320923,0.10472360998392105
912686452636563,12.374848019533,-5.4977431668217,12.278822904497941,-6.055480566773552,ML,61.52144321504102,0.4506639242172241,0.028538018465042114,1.306800365447998
292526455747866,15.058378159667,120.59763262953,15.07563605439325,120.61584257444594,PH,2.739617337076763,0.904607892036438,0.8303613662719727,0.4035930037498474
550433289279248,62.322908147127,-6.2847702624581,62.14471220848765,-7.192518157709123,FO,51.02660750110359,0.9985052347183228,0.9970802068710327,0.01158272847533226
199262358713003,-11.734125975989144,43.25840465200636,-11.75218274782307,43.223007259662616,KM,4.345319636164714,0.9447861909866333,0.9312064051628113,0.4033886194229126
524406452257827,34.758695193072,10.305021995947,34.748257458839994,10.311661053538197,TN,1.3095552316807864,0.8552653789520264,0.7465011477470398,0.5952998399734497
588535279715845,35.38075133351922,9.016179373807844,35.392303173815904,9.040450154572701,TN,2.547732942442869,0.7408127784729004,0.6544779539108276,1.1339941024780273
491099515365631,-2.0222026463638,147.2677735083,-2.5447169309731006,148.03887418397778,PG,103.51700428270385,0.5580309629440308,0.12857171893119812,0.8002678751945496
481681399614129,41.308549664905,16.305535881517,41.293044975755315,16.29428259711021,IT,1.9636751642877481,0.8635255694389343,0.7875168323516846,0.6293427348136902
505968210591145,46.430209349781,30.050670408357,46.74197031761433,29.331495430895323,UA,64.97880732750211,0.749581515789032,0.6267633438110352,0.805422306060791
278069007334437,65.149220495738,-13.672847162523,65.409417171754,-13.872901753708044,IS,30.391309278389066,0.9906961917877197,0.9862275123596191,0.06704249233007431
174052231297333,42.499654970268,18.660714246434,42.46710252570886,18.63959313668885,ME,4.012706342754252,0.9995760321617126,0.9994697570800781,0.0050356159918010235
370271304340282,45.224900040776,21.156056458131,45.15401545179206,21.20455879225164,RS,8.750612424793093,0.9644479155540466,0.9461310505867004,0.21079696714878082
562961538852285,-17.39960132142857,35.58889496071429,-17.320159992550995,35.64938869910903,MW,10.920126353137436,0.9131107926368713,0.8798227906227112,0.502742350101471
160069386503578,-5.8821160517110975,144.68052087737857,-5.82344239619475,143.85254785457116,PG,91.81854699368644,0.9985678195953369,0.9977973699569702,0.012545979581773281
951397322321396,24.972563318963,55.164575943925,24.299368780718297,55.7688626190869,AE,96.61134787272752,0.34835994243621826,0.13953416049480438,1.7309980392456055
515646369592395,1.3438101185432,103.88282486994,1.3970967547223272,103.84784525811519,SG,7.0871731977052645,0.6625670790672302,0.42857983708381653,0.8737680912017822
975994926567439,14.58751824941,121.10932220497,14.562677775726248,120.99352021608438,PH,12.764638339933882,0.9220812916755676,0.8583122491836548,0.3219776451587677
301165948367276,21.472917774971,-71.147930844242,21.670407742831415,-71.12496556338742,TC,22.087913663905958,0.9975376129150391,0.9968780875205994,0.0235349852591753
506517423800792,48.625056203236,21.223717196046,48.47466962894471,21.61679952622562,SK,33.418459740629075,0.9168583154678345,0.89975506067276,0.6252340078353882
182476037076882,-34.902277853147,-56.169037489962,-34.89732077236451,-56.17061411970236,UY,0.5696469879442061,0.831295907497406,0.7415828108787537,0.6728154420852661
999368654142860,5.32522,-4.0184367,-19.7736708650612,-43.61290921628413,CI,5150.713561689547,0.24824507534503937,0.16949716210365295,4.059952735900879
311001907315282,18.47656600158,-77.658702999815,19.851245085486887,-83.33237273185368,JM,615.1696628187042,0.9893530607223511,0.98471599817276,0.08357767760753632
483918429518401,4.5079879729219,-75.783479463288,4.28182129479349,-75.77306796828167,CO,25.175063992283967,0.5046434998512268,0.3499380350112915,1.9466142654418945
324740389173269,22.248153462832,89.249850089362,22.336053332056693,89.54112035085224,IN,31.520829195376002,0.9655306935310364,0.9526559114456177,0.20504486560821533
826544561324217,46.103811928391,15.136403713917,46.138180130920524,15.027511961850657,SI,9.221771840093012,0.180451437830925,0.06060931831598282,3.561335563659668
524988685178524,55.220142561522,24.816622690616,55.27973951960819,24.704244125909362,LT,9.728699909878776,0.923995852470398,0.864736795425415,0.3285173773765564
528751628311973,49.504666935724,-2.5343788949625,49.519068152201925,-2.35155270813065,GG,13.296427724380726,0.8940381407737732,0.87469881772995,0.7234336733818054
1006855903431126,-13.862704165523,-171.67735824831,-9.573291216180083,-172.0987452693989,WS,479.1613302852867,0.9987278580665588,0.9976823925971985,0.010611987672746181
135482298522826,1.3207064602686,103.88923440707,1.3001567177696025,103.84659267943445,SG,5.262302505650665,0.7619413733482361,0.5425870418548584,0.6169933676719666
180141037398114,3.652314555386064,72.82270810481077,21.272422610193196,-72.06389454714191,MV,15292.545856489916,0.39260825514793396,0.2873762249946594,2.9610581398010254
369894647759454,18.084349498525,-63.025322782998,17.15585255950813,-62.27292502345237,MF,130.4502618063276,0.47932395339012146,0.2592107057571411,1.5114389657974243
2949692435245748,-25.499727277284,31.508315111283,-25.49438843118624,31.383260043975746,SZ,12.565228286694664,0.9970331192016602,0.9943260550498962,0.02213752083480358
858109328394292,-6.0142273404461,35.4364954295,-6.058497251526012,35.56199793259467,TZ,14.725046959645306,0.9552735686302185,0.9144032597541809,0.20875230431556702
5518239851551057,43.942839227316,12.406143759291,43.331527204903345,13.130527172146062,SM,89.54699102749147,0.3651460111141205,0.24805907905101776,2.864715814590454
477193383608725,37.443316941599,126.89898339944,37.367208563523064,128.12245967361108,KR,108.3981162209442,0.999971866607666,0.9999514818191528,0.0003441853914409876
460510588543663,55.406288447906,25.190700495561,55.35847281306307,24.91223518751228,LT,18.37646539486232,0.9989917874336243,0.9987612962722778,0.01107320562005043
517372412754178,13.428542,1.974153,-1.245235148559168,36.28085354976392,NE,4118.689815052613,0.3258838951587677,0.12485438585281372,3.033254384994507
154293046701536,60.216995006162,19.980939849715,60.22262008922214,19.85013399380969,AX,7.251122482858828,0.8781178593635559,0.8531496524810791,0.7332163453102112
1216231982147003,41.953568708136,21.752772708604,41.796796429700535,21.915291207168583,MK,22.021444137461373,0.9833688139915466,0.9780721068382263,0.12406705319881439
287519343117141,35.110930390969,33.417434262855,35.1259284536584,33.34055270584625,CY,7.188768017477778,0.891585111618042,0.7954248189926147,0.3929077684879303
169328111759884,46.502134302258,21.424242795222,46.45825226596775,21.403387495916455,RO,5.134115989866587,0.7964118719100952,0.6249719262123108,0.6859073042869568
1252661771803314,15.541202430359,-61.287626915813,8.933278749321973,-79.55330357612112,DM,2114.9963575423058,0.1774817556142807,0.010951712727546692,2.795917510986328
1504979453174752,12.061611969215,-61.752771337609,20.315430240192182,-97.17088065437585,GD,3883.183830213228,0.15621088445186615,0.0672597587108612,3.884988307952881
141973578448731,16.7950367323747,-22.951782357784225,16.347957330173692,-23.247079425363708,CV,58.837400989048504,0.9622284770011902,0.945124626159668,0.2636531591415405
213908736845495,43.730724155943,7.4146741443654,43.750642608586055,7.488685219151625,MC,6.344856494909067,0.4569772481918335,0.21136653423309326,1.831044316291809
468610187691324,22.259956003754,114.21390107127,22.283040119551654,114.28210748740736,HK,7.473069749658537,0.863054633140564,0.7827063798904419,0.6125381588935852
301764928309455,-2.7586805141105017,29.747438001208888,-2.749608397038763,30.672608528082506,RW,102.76038905376765,0.9162042140960693,0.8374651074409485,0.3118264973163605
837363243525566,22.444114245365,114.03173808054,22.4152631517829,114.0327647814931,HK,3.2098303748676758,0.9212758541107178,0.8966192603111267,0.4090999960899353
1192176134556921,35.755031250407,-5.8054718317727,35.76336623043661,-5.79646824111311,MA,1.2324740830605212,0.9137114882469177,0.878152072429657,0.4608803391456604
238942707663065,-2.7994805036765618,29.506448802325444,-2.371566664778255,29.494159621953752,BI,47.601425931640556,0.5646792054176331,0.15204188227653503,0.7874704003334045
496656111585840,35.914782103548,14.441545509352,35.91034488464864,14.42472367996491,MT,1.5932655994394833,0.8828608989715576,0.7964813709259033,0.43226853013038635
2613109165652326,5.0127485546324,115.00866530599,4.957472517457685,114.95666984920506,BN,8.423375757800644,0.49942880868911743,0.002648472785949707,0.7160944938659668
2920267538293606,31.492720673285,36.059023447123,31.410331948336655,35.99704818118345,JO,10.885259492036734,0.9992140531539917,0.9989820718765259,0.007978052832186222
330363492010812,57.020480365732,40.96841492921,57.02039506792427,40.98240697400785,RU,0.8469611993463847,0.3924981653690338,0.04386186599731445,1.3443678617477417
1542387555965642,-37.956148693252,145.07015242424,-37.956240498884945,145.12289449695535,AU,4.624178345039691,0.8432483077049255,0.7798295021057129,0.7422505021095276
1067408620449469,47.910512909841,61.298904006823,50.84797396085523,61.905505554552576,KZ,329.56628338763414,0.9906882047653198,0.9843373894691467,0.06591136008501053
1226542924431021,24.778034887085,46.66454775394,24.736847299418812,46.72347833856497,SA,7.508899713298201,0.9959502220153809,0.9921408891677856,0.027634069323539734
3809705862475038,53.089390216082,17.901619577733,52.15871030852399,20.881544732845757,PL,226.18053637444797,0.33385059237480164,0.2342519462108612,2.5854504108428955
303960771319032,42.017621863044,21.445444485848,42.004633990528376,21.3857497194772,MK,5.139047388183363,0.5917708277702332,0.4614306688308716,1.5307224988937378
504579173908780,14.757824507659,-60.922428532362,14.574018069943998,-60.95678750469175,MQ,20.76985212546196,0.8271490335464478,0.6937592029571533,0.7304247617721558
426765355423272,24.727549776738,46.71183354128,24.714313500165055,46.72165277143514,SA,1.7747833521107734,0.830206573009491,0.800865650177002,1.0519124269485474
825629858041921,41.915037375067,12.474089452973,41.908559724730104,12.499112628295933,VA,2.19232807567502,0.7674925327301025,0.6659982800483704,1.0868356227874756
220697819386324,4.4390017335183,72.961419149852,-6.1694616268600555,39.24696489534079,MV,3924.5154658458914,0.7596972584724426,0.6753033399581909,1.230536937713623
311893623678569,54.243678409976,-4.4731461335914,54.23467584922752,-4.332926210185788,IM,9.16668250936008,0.4121958315372467,0.0764697790145874,1.3293569087982178
1064798207376965,53.363770874918,-6.381942158303,53.39948558662173,-6.392620038466289,IE,4.033950417468715,0.38321298360824585,0.1015198826789856,2.291783571243286
1206390963245335,4.3132964074471865,18.47380410519441,4.1946620015524845,18.500926410687242,CF,13.530048541947538,0.9697856307029724,0.9606544375419617,0.2354104220867157
1376415476047476,-29.060570656645,28.851300684868,-29.083525641522478,28.810416882790076,LS,4.7225339803312965,0.9894556403160095,0.9829525947570801,0.07336782664060593
563003151754018,53.966004418643,27.091052265733,53.98834448826916,27.1315042622696,BY,3.6288555602851496,0.9469081163406372,0.9323464035987854,0.3551098108291626
522591659113508,17.329084648449,78.372150490382,17.335313515324508,78.41244455798912,IN,4.332770164028696,0.4070113003253937,0.18248596787452698,2.5157439708709717
456520088778556,32.369123255485,-64.651077510482,17.052764225057967,-61.84190981303096,BM,1726.3503663646131,0.5425226092338562,0.23300078511238098,1.2565507888793945
1543281722729696,-25.911815330004,32.590293288051,-25.874858723326916,32.808885529230245,MZ,22.248990737827008,0.9990149736404419,0.9982538819313049,0.008772904984652996
160421516040399,-28.843205966075,31.933676652282,-28.85866271920195,32.117141090734776,ZA,17.95065621719302,0.9674258828163147,0.9350978136062622,0.14613842964172363
506951033671464,13.534320220668,2.1045288552387,16.65070708131744,2.160820781085678,NE,346.5790880186458,0.7317420244216919,0.6179839372634888,1.002703309059143
321867679560064,26.226120747796,50.535740003114,26.202207455004757,50.52531800353693,BH,2.855068544365496,0.3951856791973114,0.08192521333694458,1.7843186855316162
811159346207446,0.3240685398746589,6.727942328912516,9.034806924523583,38.75639861869985,ST,3675.6198082074097,0.4883370101451874,0.1824367642402649,1.6942812204360962
1187499651707768,25.107695263356,121.85273909377,25.097089881941113,121.84204453130832,TW,1.5969663640618788,0.7503616213798523,0.5895783305168152,0.990332305431366
285503816564669,5.8384507280065,-55.201339270109,5.836284491540169,-55.15339829689945,SR,5.308618211878432,0.9998764991760254,0.9998490214347839,0.0014667661162093282
456302612262337,18.426294266453,-72.783909588698,-7.209324836944993,106.87729787723715,HT,18767.277903771163,0.20084959268569946,0.07270585000514984,3.4603512287139893
515705049445290,-34.175242907197,-55.943286157762,-34.21896110546413,-55.939263600836824,UY,4.87529892886955,0.9995444416999817,0.9993267059326172,0.005011801142245531
372655217457670,30.343034783529,-9.508013710001,30.33546939794352,-9.520031022008894,MA,1.4274754587002412,0.9994182586669922,0.9991130232810974,0.005750465672463179
926638314825547,27.865168108391,34.316125697301,30.174677545817367,31.775145112411682,EG,356.3355552045645,0.4364665746688843,0.3439052402973175,2.7790253162384033
276433437562171,43.308221990243,20.858050456004,43.31168533900788,20.863852263134795,XK,0.6071852403147184,0.9990869760513306,0.9988833665847778,0.01074305735528469
813965596207253,-17.58644903736,-66.190468568627,-17.559463696413648,-66.21828838056891,BO,4.207227762792954,0.8534740805625916,0.7558208107948303,0.565038800239563
626991838700169,33.574481874938,36.303898107675,35.30987547989133,24.99895130005413,SY,1053.8702323094537,0.33214592933654785,0.019858747720718384,1.9343987703323364
958614508261475,5.778730546992,-55.167893777025,5.8284807755634755,-55.36328177780978,SR,22.311476798907073,0.9998598098754883,0.9998177886009216,0.0017083409475162625
298431975253071,14.045561514233,-60.969772735929,13.190604071369883,-59.63297432045303,LC,172.93850144188755,0.5748171210289001,0.20245897769927979,0.8911847472190857
629557928974405,12.27597983495014,-15.78671877261181,12.63355232225648,-15.895242681979878,GW,41.46954769228122,0.9998387098312378,0.9997326731681824,0.0018403383437544107
1986373861525794,47.920544921004,106.81967455524,53.33387196238123,83.7148722252063,MN,1728.0443797936437,0.46597057580947876,0.33994460105895996,2.3003764152526855
348586089933101,35.73510678431,51.409948720788,35.72147413113152,51.38855494581055,IR,2.4550536125149685,0.6094762086868286,0.2350863814353943,0.7401429414749146
526465721696419,41.574858797434,44.957286711978,41.51705408862678,44.87385528322567,GE,9.461634223006055,0.988507866859436,0.977306067943573,0.06465289741754532
578951429703921,42.461942093511,1.5011175400077,42.52410768049965,1.5174310657402337,AD,7.0407161375080545,0.7387667894363403,0.5690121650695801,0.941467821598053
457699851960680,14.193451037294,121.16555298205,14.179493206621139,121.1941646018945,PH,3.45291380478249,0.8610998392105103,0.7510020732879639,0.527187168598175
206196164483289,60.61382977084,23.850283700716,61.80718176847709,29.182708433720727,FI,314.7572800847599,0.25249457359313965,0.0004934072494506836,1.988965392112732
516519599377051,31.237682759476,121.51817056087,31.204868451379657,121.51709152959108,CN,3.650226965091875,0.999126136302948,0.998884379863739,0.008996141143143177
458760961862601,37.976418093272,23.848114182173,38.11051171623095,23.80956229888258,GR,15.287950265367288,0.39026549458503723,0.06555497646331787,1.3510465621948242
488765942391703,9.1325808036111,-12.91642352,9.120602854265092,-12.890905088682068,SL,3.102075833043696,0.8137704730033875,0.7109106779098511,0.7486964464187622
190921546709103,-8.83815867738432,126.51777210476467,-8.84427915622428,126.39076048677957,TL,13.971823364160361,0.9972710013389587,0.9951154589653015,0.020852401852607727
301131344837866,47.612667349576,19.389881863921,49.08334986133702,12.42593686619438,HU,539.7642723975235,0.39519616961479187,0.2603949010372162,3.228447914123535
293660645761895,40.018224177755,43.881565235614,39.98359518723563,43.8349857481216,AM,5.528898684712363,0.9348682165145874,0.912884533405304,0.39371681213378906
891805831406740,-24.905633299744057,47.098805386586605,-24.553441004627597,47.20774676048932,MG,40.67828858285713,0.8909872770309448,0.8510123491287231,0.5649906396865845
520066952489183,40.459046069554,50.075318251808,40.455891721744365,50.05267181407622,AZ,1.9478832211413168,0.8635672926902771,0.8389319181442261,0.8574857115745544
153969260020620,-6.7613519988552,39.240423620924,-6.759024671244407,39.25901452925282,TZ,2.06908987141154,0.9873473644256592,0.9796481132507324,0.08703824877738953
687827069287217,32.895707829502435,35.602847419071445,32.865713628306814,35.75289121559821,SY,14.40283755538378,0.9708376526832581,0.9675217866897583,0.2526147961616516
2942685645975732,6.4607770186078,3.389439144503,6.471773016992317,3.4011493506928616,NG,1.7801669365051418,0.9789559841156006,0.967915952205658,0.12254723906517029
1140622613110288,13.828492533571,-61.048909627828,9.45155080105634,-83.614250680564,LC,2503.971648745395,0.7339346408843994,0.5220098495483398,0.7463255524635315
4152872981401950,-17.836307264774,31.106413944122,-18.065728753410017,31.18472611204087,ZW,26.82183288639434,0.97845458984375,0.957077145576477,0.10539595037698746
3912037045551024,49.453103099644,-2.5315678408187,49.464255576546684,-2.3117629884205737,GG,15.93499994391502,0.996577799320221,0.9952881932258606,0.03294387087225914
417196166212657,6.142966817267967,1.2290495885692352,6.125930892161485,1.173050326870416,TG,6.47449543571595,0.43632426857948303,0.2492942214012146,1.8758659362792969
1392823844385546,-17.751311104201,31.017604911661,-17.700941402095367,30.231839200234795,ZW,83.41310887587578,0.999786913394928,0.9995834231376648,0.0020871071610599756
963182517753195,12.918205918919,-1.0778490497425,12.57003303072428,-1.5540745326151946,BF,64.54842857316787,0.9995244741439819,0.999397337436676,0.00550887081772089
156256873096147,22.376735942542,114.21272476804,22.371184830707477,114.2523697070458,HK,4.122921660302159,0.7298018336296082,0.5212897658348083,0.8706644177436829
294441165629097,-30.084942841925,27.429271732057,-30.166964364019464,27.588894587921914,LS,17.856583996774578,0.9833149909973145,0.9691962003707886,0.09425140172243118
1198183143965867,46.062444205664,13.305439509735,46.07929669509704,13.329594541869394,IT,2.642691060127001,0.5550804138183594,0.4419696033000946,2.422325611114502
217886896500794,4.8794185020285,114.89389562391,4.9237324555120505,114.92460089243336,BN,5.987675629417692,0.9602839946746826,0.9226208925247192,0.17620640993118286
327209588975006,42.510808676112,19.129817747348,42.533429912992226,19.219265271499708,ME,7.750001499480091,0.5570312738418579,0.3569141924381256,1.5491865873336792
806632346933811,46.722604789932,25.589786360891,46.51629528026864,23.76376537119294,RO,141.3299236659138,0.46080851554870605,0.2614240348339081,1.8037209510803223
154023119913532,15.603540268684,32.50722781271,12.19044223382402,-2.1399290390124186,SD,3754.984210939691,0.31428778171539307,0.07031024992465973,2.4624247550964355
785483205725550,38.389195411241,21.479629440382,38.3699587512576,21.556716696967626,GR,7.051735227251058,0.9727274775505066,0.954872727394104,0.15702861547470093
922177321912917,-12.911300940456,45.192943466421,-12.91624103313072,45.17990674840796,YT,1.5159748498838506,0.8143391013145447,0.6298050284385681,0.4895363748073578
491051438985023,12.607605383939,-8.0014986394826,12.620206600028999,-7.987947197887325,ML,2.0311705898514276,0.9502678513526917,0.9283083081245422,0.26584354043006897
747325659292585,13.376760833515,103.85110522328,13.320677617856719,103.79467645359877,KH,8.727067124931244,0.9835582375526428,0.977043628692627,0.12920963764190674
651717339118494,36.33856017814412,59.50737319793464,36.34863420870125,59.51134556851539,IR,1.1753250435840674,0.987273097038269,0.9812784194946289,0.08367761969566345
456457315654436,18.332646930912,-64.792351235661,18.301608648397615,-64.65975462878268,VI,14.416232997537124,0.9994551539421082,0.9993679523468018,0.00669889384880662
236483364535615,-24.2067887388968,47.34799636033702,-23.855813816854127,47.26370993248132,MG,39.95433490937359,0.9997833371162415,0.9997463822364807,0.002768557518720627
2979358812390348,43.639835142756,-79.792994847759,43.62160583633039,-79.6805193589676,CA,9.276544214869023,0.7273784875869751,0.5510995388031006,1.0215576887130737
1697797530407112,13.100644632269,-59.622901705077,13.049133727576304,-59.59458536201092,BB,6.4972039943720254,0.9999574422836304,0.9999290704727173,0.0005190696683712304
1237985553325267,1.3134678537552,103.88220742915,1.3017767816306147,103.85876880286631,SG,2.91187280677815,0.8781207799911499,0.7594532370567322,0.3863039016723633
371696960951022,6.0440190675712,102.14367636508,5.841348759490796,102.14303798917308,MY,22.53602063512795,0.39337581396102905,0.149057999253273,2.1635422706604004
3288828007887441,54.334016993508,-4.4405030032602,54.34725702267111,-4.369036021785846,IM,4.860990699678082,0.9401918649673462,0.9114153981208801,0.30214107036590576
2949255821865687,1.7536488785763,173.04126139325,-9.648919310907639,-35.81218859471387,KI,16706.940274661345,0.5690795183181763,0.39930710196495056,1.8354268074035645
179838191132463,-17.19330917472477,35.70187230986394,-17.21335218851755,35.83103402666634,MW,13.899423191702542,0.9997243285179138,0.9996259808540344,0.003124785842373967
519437515728198,-11.719825445884,43.248661750097,-11.75474459354057,43.24607809222743,KM,3.8930071569275757,0.922257125377655,0.8916482925415039,0.4474748969078064
4596333670382493,43.261335103371,76.855403721482,43.279301288808625,76.83232732137313,KZ,2.735282704501626,0.9979979395866394,0.9976428747177124,0.02342587523162365
216578107467204,4.878450216662951,-52.35928445193802,5.091506579432712,-52.58517608039796,GF,34.45871274257197,0.9998345375061035,0.9997956156730652,0.0021083455067127943
1694351724089682,24.434358407266,54.420882615593,24.444871894255854,54.38668472663441,AE,3.6539668795006297,0.9290332198143005,0.8986775875091553,0.34375593066215515
752959342066923,14.716093043551,-87.96590693,14.82897552023126,-88.04583111234463,HN,15.211779825242425,0.9770207405090332,0.964287519454956,0.13236111402511597
301334474787954,-31.186859428857,150.84270665747,-31.10724863404227,150.90140630438094,AU,10.467512668802746,0.44310206174850464,0.1399780809879303,1.159267544746399
705584464124145,19.83350694444444,94.28806138888888,21.42422798915952,99.62098518129686,MM,582.4305104590387,0.46528518199920654,0.39553576707839966,2.7588210105895996
490162655660956,34.681766948634,-1.9150212390946,35.17440665308833,-2.8961828671546597,MA,104.88814699728317,0.7546851634979248,0.67978835105896,1.0106492042541504
4001759596570983,37.181036394912,71.451031380866,37.160213851830626,71.45505970899406,TJ,2.3427110298064284,0.9965720176696777,0.9932602643966675,0.023802485316991806
3908820389171829,14.612418061607,121.1029517525,14.44272097941295,121.0131800574035,PH,21.199758612936794,0.3376205563545227,0.08313232660293579,1.8448121547698975
477442970258143,12.08435935,-86.23898302,12.11629267505811,-86.25028780423878,NI,3.7575325036186897,0.9984429478645325,0.99808269739151,0.015420698560774326
233865138504119,39.801655188963,64.5387058878,39.79501685421802,64.47611706726549,UZ,5.397753584537469,0.9989917874336243,0.9987942576408386,0.01190631277859211
1757493161091135,-13.231500632299438,13.76975876631989,-8.34410779529475,-35.94478351036323,AO,5449.187444721997,0.5920270681381226,0.23738068342208862,0.9186885356903076
4315264741816819,46.950104544587,29.562485868327,46.94010005059684,29.570651344710353,UA,1.2734884035120573,0.5064566135406494,0.2059881091117859,1.1380187273025513
459822045103497,64.174637753746,-51.743700744579,62.48928438503556,7.621465031190954,GL,2860.5993714902684,0.17613418400287628,0.07066193968057632,3.5000500679016113
4405492659463485,-21.032099103612,55.28632697797,-21.046986664727562,55.30649942992275,RE,2.6689526641027315,0.9999080896377563,0.9998523592948914,0.0011073604691773653
889269714965392,11.579160599788,104.89411548439,-3.0312431899071566,117.754760774515,KH,2159.09968480646,0.5301860570907593,0.32641756534576416,1.948836326599121
840419689887577,39.442316407049,-95.09315215539,39.86227447663714,-95.78192673020303,US,75.21801889525533,0.3698909282684326,0.07068943977355957,1.3369914293289185
5479495465454444,-25.80537586663,24.679512147264,-25.84084370415562,24.85051570223103,BW,17.564467321944555,0.9932414293289185,0.9883877038955688,0.05200033634901047
198726925402744,50.830082685246,19.027509316307,50.8288391831049,19.108916248376,PL,5.719216867940453,0.6552676558494568,0.559226393699646,1.794633150100708
1376470779417972,42.4426569401,78.55328286643,46.523714816585816,22.818474444913047,KG,4352.339718806825,0.4208827018737793,0.31491753458976746,2.695235252380371
872665263284030,32.382051816641,-64.673144844628,-20.9044825718512,55.52496766203472,BM,14011.532314088065,0.505250871181488,0.10736453533172607,1.1065903902053833
325503622339500,13.098392820505,103.2053213218,13.117223617703845,102.98191174864574,KH,24.28519014689151,0.9982569813728333,0.9974830746650696,0.01677154377102852
960377514764094,23.432176135981,120.16392472136,23.4121477467436,120.24270310272024,TW,8.340778382927427,0.35791000723838806,0.028429150581359863,1.8056180477142334
5412657415442231,-23.96427040931,-46.311420786457,-23.964150512009912,-46.314862322495195,BR,0.3499480110245141,0.9635930061340332,0.9477214217185974,0.2006927728652954
206788114424617,-29.364314848411,27.626382884704,-29.107947057320885,27.987426187627463,LS,45.16506239071866,0.6633442044258118,0.4020610451698303,0.9652683734893799
2861798987467498,17.30791843592,-93.181872831978,17.34729127840171,-93.1063741787003,MX,9.131968249198176,0.999607264995575,0.9994291663169861,0.004181659780442715
307070744385880,-12.126509073597,-77.026018347486,-16.50463323575797,-68.12360714153625,PE,1075.3359997853208,0.4842427670955658,0.18324682116508484,1.622024655342102
952847465462859,18.441551055246,-64.615630884422,14.029217312014767,-60.981532709890836,VG,625.4174532295544,0.9754589796066284,0.9700469970703125,0.17928574979305267
247375137145123,25.830403917206,89.118619717353,23.46870215472617,90.25055667707038,BD,286.43851175060547,0.3486432433128357,0.04535606503486633,1.472429633140564
1158617281280814,18.260075988666,-63.00872033167,61.37676981025744,16.66035895185961,AI,7684.364564975538,0.16407763957977295,0.0914691612124443,4.56360387802124
2861129390812160,3.8558579650057,11.520468738001,3.8689941274888286,11.568408186180624,CM,5.515449267690289,0.9994158744812012,0.9990309476852417,0.0053972103632986546
202241424912680,1.3727361047028,103.87690015417,1.3823262025327525,103.83532071497284,SG,4.743503870971608,0.6067641377449036,0.2961432635784149,0.9090886116027832
185018763479125,21.058857798853,105.8642383118,21.08074635417493,105.88593940200315,VN,3.315735757752818,0.8872965574264526,0.7826518416404724,0.39025694131851196
167123055330835,11.877880503343,-86.051278792765,11.83093417007,-86.18710154298525,NI,15.675442314945816,0.9828700423240662,0.9702935218811035,0.10651471465826035
1597250640649995,0.3708790383797916,9.476489327817708,37.63333203722985,138.95795196152852,GA,13340.239924215935,0.19551077485084534,0.1020037904381752,3.7893118858337402
118185854397488,4.363108765045942,18.561119128437447,4.0525812991394154,18.882849128322736,CF,49.65073974276384,0.7639564871788025,0.6667215824127197,0.9047685861587524
138501144962747,35.731433558024,50.560747355487,35.743045611636056,50.528751606069896,IR,3.163367254389325,0.9960605502128601,0.9934546947479248,0.030856719240546227
819954035279526,52.270502324625,18.266972084343,55.38335274464513,10.455205710041136,PL,618.0323857032834,0.1310446560382843,0.059413619339466095,4.591919422149658
826480937868064,13.470475631534,-88.15647124126,13.47169572987265,-88.17483408876186,SV,1.990308437739581,0.6604906320571899,0.5798688530921936,1.6188501119613647
783061689063012,46.710549772567,12.581685606742,46.71877052108949,12.413108971561341,AT,12.884546966795005,0.9938187003135681,0.9922686815261841,0.05508209019899368
405637301598400,14.145169100002244,-87.22418309999819,14.13086401766899,-87.11922800460059,HN,11.428217216776837,0.8561252355575562,0.734392523765564,0.5086638927459717
275300524323729,33.265493118797,130.27196258994,33.25105288466245,130.28353817250326,JP,1.9330485205876051,0.3945799767971039,0.10490739345550537,1.642130732536316
506841910739778,-2.7353817566404834,29.0366368567293,-2.098888506410516,29.31887747049906,BI,77.40963295911254,0.5441722869873047,0.33220934867858887,1.2690852880477905
907479106758863,-5.5930026847964,145.46213589517,-5.370545165325501,145.53918070963266,PG,26.164871269813023,0.5491303205490112,0.10088124871253967,0.7117036581039429
1127969934380299,-25.935514962437,32.555055647278,-26.026580966059083,32.58073583358167,MZ,10.446365616484066,0.9847686290740967,0.9780309796333313,0.11314883828163147
808161139817089,18.487994270922,-64.397366186495,15.373980962281648,-61.374813546444905,VG,472.4843603350801,0.3661569356918335,0.08005848526954651,1.6853570938110352
3073976706166533,-12.777352463656,45.23180693464,-12.786150078821574,45.19314160202771,YT,4.305456936501771,0.9994006156921387,0.9990012645721436,0.005724752321839333
469576414371975,21.454185370227,-71.14466579309,21.217547763804394,-74.12313035903695,TC,309.60683566607224,0.921070396900177,0.8803622126579285,0.34619492292404175
266095041926829,18.51735634905,-72.283537507962,18.483727048766273,-72.23171817893763,HT,6.621283048645697,0.9973541498184204,0.9956117272377014,0.021635551005601883
1448840255471653,53.138880645419,9.4356142339944,53.157410453315734,9.41294878193115,DE,2.55540035043255,0.293719083070755,0.21789783239364624,3.5853047370910645
164405418867892,14.703260567866,-17.463567247481,14.726601894302654,-17.48567231502911,SN,3.519673947792586,0.9217714667320251,0.8539687991142273,0.3400692045688629
467078871075738,53.518605538367,-6.1897863999577,53.52622057390122,-6.234743115928454,IE,3.0901963572381534,0.6057841777801514,0.4006522595882416,1.4570989608764648
225700692652786,6.6782865263757,80.126229656972,6.756082237570524,80.46478907515507,LK,38.37536595164103,0.978174090385437,0.9602192640304565,0.12535460293293
282234506904623,18.165603133749,-66.081575884118,17.715703986077855,96.80371464027694,PR,15608.165947697287,0.6572929620742798,0.5670701265335083,2.0735983848571777
2069274266576042,-6.8013888441297,39.279660997342,-6.811009488640616,39.285750476038295,TZ,1.2635078099598365,0.9599899053573608,0.9205398559570312,0.17156270146369934
3460847054141895,40.198729813445,44.501589844911,41.03967767059966,28.95713575388388,AM,1313.5790819676577,0.2815078794956207,0.0061487555503845215,2.031513214111328
771421724073742,-17.30835143037391,35.59293557882229,-17.313294208137588,35.268741992917406,MW,34.42022711881866,0.9664890766143799,0.938636302947998,0.16840483248233795
419568189675752,42.94803932238426,17.702877856217047,42.89165414060166,17.748501206220034,BA,7.287753669975896,0.9759006500244141,0.9646956920623779,0.15472866594791412
518215659349583,32.846086463123,59.211096248203,22.89510309285464,57.413404871928115,IR,1120.455353347829,0.7854556441307068,0.7128500938415527,0.9134458303451538
592846025024537,10.591509153902,-61.355578413879,10.596058016238464,-61.21557526583442,TT,15.310651302806097,0.9999345541000366,0.9999149441719055,0.0009105376666411757
105856861581536,13.610931482446,79.330934977116,13.653189729679546,79.39511863127407,IN,8.377686524931773,0.9981801509857178,0.997127890586853,0.015542808920145035
853664695827931,-8.526692491236176,127.00330759995656,-8.501547448592982,127.12329291605546,TL,13.487711757559682,0.9974767565727234,0.9961671829223633,0.020433757454156876
756526315255351,21.741105485457,57.331438555461,25.8778255435625,50.58306991217085,OM,826.1246489420271,0.3688217103481293,0.1672603338956833,2.155789852142334
755862751960401,13.675728963422,-89.252540751588,13.672723721513888,-89.25492242006548,SV,0.4217619608887091,0.9153368473052979,0.8718634247779846,0.41637787222862244
388357952341718,47.070800715501,9.4810477639355,34.479251829193345,135.80483907194085,LI,9484.982859240681,0.20501045882701874,0.13482984900474548,4.144230842590332
3070153066563529,-13.45777418937008,28.068002574606297,-13.370781662179771,27.485696970705003,ZM,63.72140583778196,0.9905198812484741,0.9862356781959534,0.06822096556425095
111271164370685,41.274154449435,-8.7227879915196,41.271983004757715,-8.708901756772603,PT,1.1853424712221754,0.35138803720474243,0.019297897815704346,1.7668472528457642
1977779152374707,5.5593460650097,-0.20537718923118,5.543305493405675,-0.19789649230625425,GH,1.9664126426642607,0.6485015153884888,0.4378349483013153,1.0148617029190063
290853032664268,-29.612783774606,27.500339495529,-29.628253814439667,27.57564583351917,LS,7.47988055443438,0.7444362044334412,0.6577434539794922,0.9089799523353577
468681001047953,18.421827984394,-66.071994018186,18.497874185946387,-66.26517110654308,PR,22.060055241452112,0.8240724802017212,0.7760719656944275,1.0205142498016357
579389733098075,42.90704912268142,143.17319152168108,42.910316393173346,143.18384799013128,JP,0.9408728974186129,0.9382652044296265,0.8769791126251221,0.23525530099868774
923698561803148,1.774625814348,173.04555732982,25.659098989369344,-80.15817915500277,KI,11597.232577785511,0.1629219353199005,0.021705135703086853,3.3811488151550293
1474345876231604,60.227156366338,20.09120358292,60.258956009218636,20.12750926842133,AX,4.0641895908145145,0.9473016262054443,0.9216232895851135,0.3656092882156372
205370717826237,31.986632687453,35.227985049704,32.09222834283705,35.249261680896474,PS,11.911740034823584,0.9104893803596497,0.856948971748352,0.42207902669906616
958801831527641,43.300113786064,74.251422321127,43.29648884429128,74.87540748193388,KG,50.49867553927797,0.9805305004119873,0.9641492366790771,0.10908621549606323
586589152656597,44.01109358474603,20.378301069672485,44.14254571720415,20.18557686763486,RS,21.228998513834938,0.7241330146789551,0.65554279088974,1.421622395515442
206671484346299,42.099827056666,14.700939425236,42.05175122965705,14.708107858287287,IT,5.3784290798888295,0.4388108253479004,0.23245984315872192,1.8424975872039795
343035040582754,-16.901173265234,168.5721443463,5.462982066870282,155.49383796502076,VU,2872.336525831093,0.4584604799747467,0.1358867883682251,1.739652395248413
314102643512627,17.112357140413,-61.837325599576,17.103404134287263,-61.31919430363797,AG,55.07330077735349,0.9835771918296814,0.9748479723930359,0.10712230205535889
923574474884620,-20.328919273918,57.378759018471,-20.343111712489172,57.42830631335293,MU,5.401679877857171,0.513947069644928,0.1531936526298523,1.0718858242034912
2802289946767793,17.565546326943,-88.407452787302,4.893044224186958,114.89947530280823,BZ,16439.989748715067,0.717017412185669,0.5876032114028931,1.0495867729187012
1397919693918902,49.633904930514,5.9287814256254,46.717460635213605,15.672876517749605,LU,791.1871628541384,0.5269052982330322,0.3939608633518219,2.4822912216186523
782345912657059,27.473754956703,89.628120225878,12.643597408759835,-7.9910826332132245,BT,10095.476746192526,0.5240533351898193,0.4837454557418823,2.905799150466919
803560670581013,1.2426331553229,25.27236199658,-25.441571864111193,-54.64333559663201,CD,9056.241189409833,0.305157870054245,0.11916661262512207,2.4480135440826416
3886796741367423,21.469612720634,-71.146881666482,18.4441597119186,-69.96892347651401,TC,358.2289602327788,0.46019047498703003,0.17563298344612122,1.4650688171386719
468880664376818,6.3881502690757,2.3724782328795,6.379540779959903,2.407950359069925,BJ,4.035072386430028,0.9185933470726013,0.8579137921333313,0.34716662764549255
1414662148914234,-41.447812437345,173.87807417673,-41.47901487133836,173.89870411575114,NZ,3.8720625390166203,0.9665884971618652,0.9556649923324585,0.22340111434459686
5441647892575951,21.008460002461,105.75527599574,21.001203394215977,105.76325546624713,VN,1.156371021646988,0.35603785514831543,0.028902918100357056,1.4261236190795898
324558589180287,38.637816715392,-8.3395020198634,38.618480162253626,-8.386372687882645,PT,4.604376177463979,0.6197088956832886,0.5899615287780762,2.3478822708129883
835163440451623,44.209975863485,15.446192575831,44.20050659601814,15.404683835146953,HR,3.4721519472118727,0.868450403213501,0.8218063712120056,0.8398499488830566
1098348937323288,32.363736648027,-64.658461852041,4.609524158600106,114.27704568057946,BM,15902.308839061214,0.7781375050544739,0.5927670001983643,0.7027679681777954
306829720997230,-27.466228812161,-58.839853907957,-27.26635387838709,-59.14862600714038,AR,37.73168816197102,0.6493330001831055,0.509789228439331,1.594510555267334
2886098281658353,-13.652404020143,-73.434262994024,-13.634334548899789,-73.48966800549853,PE,6.315076243998951,0.9874703288078308,0.9809631705284119,0.08899752050638199
214301946780097,11.261966023178,-85.643301017731,11.29834334153693,-85.68758512919338,NI,6.299324603958652,0.8332260251045227,0.6966830492019653,0.5736416578292847
3963961906994814,7.3639163344103,134.53292057044,64.12170253617828,-21.878258953950283,PW,11824.71046892289,0.3896177113056183,0.3220806121826172,3.514829635620117
140454671398039,17.474168203281,96.528263420252,17.49164757853159,96.63182855010072,MM,11.154594354342473,0.8517427444458008,0.8021551966667175,0.7847232818603516
501679667692729,-21.060259769066,164.8629795895,-22.904031919424774,166.18082573698862,NC,245.95641769327256,0.9563905596733093,0.9316851496696472,0.24887101352214813
523642652047083,36.1242465265685,-5.353564464521,36.07742535053964,-5.2501869441728095,GI,10.647457196008073,0.9001949429512024,0.8720136880874634,0.6487767100334167
455293229286191,38.10206962682012,22.445689581738364,38.12926056830101,22.396468496436828,GR,5.261542322250468,0.8517235517501831,0.7862021923065186,0.6911358833312988
1700672520130773,13.098589069355,103.20420415875,13.119192493411681,103.07214490204277,KH,14.483993393800969,0.9984411597251892,0.9982238411903381,0.016649099066853523
171283338618085,26.169507294515324,50.62904497342869,26.178869893758797,50.488616630531624,BH,14.052337886019444,0.704734206199646,0.5840536952018738,0.9246230125427246
486822142565175,-4.3701696741817,15.284625379814,-4.807937763304196,14.73020632935497,CD,78.39456836972252,0.9476644396781921,0.9149126410484314,0.2855442762374878
508057216881971,43.58241422845,22.248249349831,43.59147224552258,22.217164674874077,RS,2.6986182102047453,0.5115627646446228,0.3815523684024811,1.9574158191680908
259706442571347,-21.956879959474,166.14608497369,-26.2341882210247,-48.582487324112215,NC,13479.964221563583,0.5052271485328674,0.31807029247283936,2.50028133392334
1194127967724913,46.394889739437,9.6906114623177,45.900802457762104,9.388817551020868,CH,59.65653395082245,0.16780124604701996,0.035023584961891174,3.5792598724365234
324396552383787,48.071525535142,28.717741802449,48.08974602444447,28.71900421362167,MD,2.0281953051710824,0.9973496198654175,0.9962725043296814,0.024144932627677917
380241137419266,0.3406572582959188,9.476807501816548,5.356129555752689,-0.6756543107625143,GA,1257.565266330951,0.9321802258491516,0.9157562255859375,0.4571784734725952
838427847024077,16.402345239618,-61.503918702789,16.345770095247023,-61.50268349479617,GP,6.2922490915383165,0.9970781803131104,0.9957086443901062,0.02339683286845684
979151069581267,17.148629804007,-88.722171852011,17.239155382597946,-88.5647063727009,BZ,19.52209108695501,0.9469974040985107,0.9216408729553223,0.33057329058647156
3036293666589333,-20.52308847500004,-48.58246350833337,-20.515985836688426,-47.917335064431406,BR,69.27087136701549,0.972775399684906,0.9581730365753174,0.15785516798496246
328762415360416,27.892858915538884,69.2466709638308,27.86478126444616,69.27449883247768,PK,4.150747775336111,0.9534436464309692,0.9274787306785583,0.2665359079837799
166559098712915,14.819726996363,-61.123747138882,14.820305208652988,-61.09690818438292,MQ,2.885794585655259,0.7787163257598877,0.5614191293716431,0.5561415553092957
263696782149958,17.046380193769,-61.750352767636,17.125796607374852,-62.03225560193855,AG,31.236890193995333,0.9881220459938049,0.9791950583457947,0.0718642845749855
4046286288787021,6.7754331627957,-58.012037833854,6.753245466752753,-58.00567044643187,GY,2.5653876806522935,0.9999984502792358,0.9999973773956299,2.633550320751965e-05
1208236406646139,25.195796099998105,55.27843239999999,24.99002440383814,55.18376037388825,AE,24.787444503356326,0.21529224514961243,0.06834737956523895,3.4197402000427246
464009811535723,62.247694876136,-7.1779826241072,62.740386459401016,-7.099531495077177,FO,54.93273051632354,0.9648405313491821,0.9367207884788513,0.18138304352760315
1144724399323919,44.074563876473,15.523761366138,44.1321743522331,15.481466288197698,HR,7.241678517162858,0.3851698040962219,0.052804142236709595,1.5588877201080322
963884730921690,14.7356315627374,-17.51215257935848,14.73122963412376,-17.682771060435044,SN,18.354631345049583,0.9974873065948486,0.9971693754196167,0.028161918744444847
2186908224844079,29.31402617408101,47.67459667112707,29.3254487605885,47.67680998753391,KW,1.2881325373140358,0.7426820397377014,0.5514855980873108,0.7799532413482666
370410214295808,11.956749779246,-83.986300712023,11.712434803402978,-84.10448067639777,NI,30.057378598870276,0.5698931217193604,0.22182631492614746,1.1143803596496582
505867480615009,7.962301500159592,-11.751501366090318,7.956856830610156,-11.722068425015507,SL,3.2973205713497817,0.998687207698822,0.9981158375740051,0.012090791016817093
144960331407833,13.446262329219769,-89.06039886455108,13.425956601029922,-88.94333689025748,SV,12.860189041457218,0.5662322044372559,0.23998087644577026,1.1136435270309448
191821222787783,12.182187821876,99.975406246615,12.228641025659206,100.05610772348327,TH,10.178756648617432,0.9968767166137695,0.9950388669967651,0.027552470564842224
3792340244228654,57.547391084945,-3.111494312753,57.562163604612834,-3.016312753297105,GB,5.910911295299123,0.9858306050300598,0.9771035313606262,0.0929429680109024
517341165995153,-16.827692695242465,-66.62422894605952,-16.83347236978855,-66.54621687660824,BO,8.327807829061046,0.9817422032356262,0.9752433896064758,0.12057128548622131
382185546338202,17.123296740743,-61.839224522786,17.11828776180953,-61.66078547588797,AG,18.97044211914586,0.9996694326400757,0.9993411898612976,0.0029992852360010147
307068777464847,16.257620280538,-61.52176177901,16.2681704310219,-61.57644273642459,GP,5.953676579310527,0.22551597654819489,0.1155068650841713,3.406629800796509
4023500644339176,78.185480266055,15.762874957896,78.21876543964966,14.721081510067236,SJ,23.972163423760442,0.9749036431312561,0.9512429237365723,0.1261112093925476
1094787337712299,-13.6415515,-172.6689925,-9.507987105575552,126.04022176719056,WS,6676.4090066183235,0.3522827923297882,0.23200839757919312,2.7206311225891113
287373346455058,-26.469034663193,31.185416877935,-26.408051538596602,31.24664496574873,SZ,9.118428010554457,0.9891265034675598,0.9847688674926758,0.08681892603635788
201611818475695,-8.2656833810972,157.23551951264,-9.222612989792355,158.4858706117968,SB,173.795990553048,0.7026358246803284,0.6604659557342529,1.7179924249649048
141354448010695,42.092013507109,24.711971214904,42.17259760495139,24.87677501302094,BG,16.27821280592076,0.5635241270065308,0.151525616645813,0.7884118556976318
299272888409039,19.13317403012,-72.678267170551,18.996544917390665,-72.53454044967262,HT,21.423682691128043,0.9998133778572083,0.9996965527534485,0.002058026846498251
1223157621436471,7.721437163816,-4.9985027125813,8.84423828166161,2.3742698739691206,CI,820.7889475484885,0.772853672504425,0.6912100911140442,1.2852253913879395
1170031426769120,-25.483899479301,31.542910869636,-25.341146084981986,31.697533701194008,SZ,22.206693159065487,0.9704880118370056,0.9559268355369568,0.16268324851989746
974058993374254,41.891536438985,12.458595403295,41.906288918807434,12.484845845187746,VA,2.722350457985384,0.8150116205215454,0.7704351544380188,0.9516234993934631
5238961106171794,13.773397799254465,-87.70063852186598,13.729412561032383,-87.77753359696351,HN,9.638388992529263,0.9982197880744934,0.9965946674346924,0.013753433711826801
985805078825867,51.803876795291,5.3378862585515,53.274983743947516,8.459398372872808,NL,267.02719506658764,0.22370308637619019,0.10646013915538788,3.3659775257110596
333449935010427,63.887420941317,-20.52799141881,63.96163872713912,-20.54167102873767,IS,8.279681360334774,0.9805585741996765,0.9762037396430969,0.17371274530887604
755077948706560,-17.806381727777,-63.169398983105,-17.785462498404275,-63.16922362388992,BO,2.326186267566229,0.9552909135818481,0.9409042000770569,0.28541794419288635
784112722475775,-1.650236,38.209251,-1.4057659302365062,37.77129331281266,KE,55.75689670876796,0.9558373093605042,0.9396339058876038,0.29918140172958374
224132079075410,26.532572834573,-78.613971352836,26.58441808482385,-78.66051093363448,BS,7.393312169996584,0.999996542930603,0.9999935030937195,4.975649426341988e-05
167986711809845,49.774237764028,6.2881586194947,49.762194183420405,6.2244255778862785,LU,4.769109954008,0.7228310704231262,0.6502742171287537,1.4428305625915527
378516000089845,33.580993080024,-7.6527209488724,33.69227524102757,-7.391136913708733,MA,27.194953680626455,0.9738967418670654,0.9648292064666748,0.1828593760728836
123094746467051,32.869446011633,13.259467437654,32.85921136378363,13.214596430595359,LY,4.342678911562444,0.9854446053504944,0.9742745757102966,0.09058724343776703
3159302127726714,12.261505960554729,-69.06807830713917,12.334581284959594,-68.81590586063317,CW,28.57643742523673,0.7710046768188477,0.6478399038314819,1.0783019065856934
2966074423637187,1.3291921669562,172.97919761422,14.825706459867488,-91.49653275059507,KI,10563.173752287927,0.9818764925003052,0.9701603055000305,0.12514616549015045
616225963108757,18.400178829043,-64.679403050729,15.596796377827637,-61.4473881700267,VG,463.9566246284496,0.9800664186477661,0.9609058499336243,0.10131160914897919
297319171835172,32.148757317123,76.420420420197,32.20781953004572,76.21157901498306,IN,20.723241213980547,0.9998648166656494,0.9997543096542358,0.0014428577851504087
1198620757267035,2.2392074040558114,32.90477593009336,2.112211595115764,33.02069242077758,UG,19.11298049655381,0.9979007244110107,0.9962296485900879,0.016398726031184196
304195207928513,6.3526244515108,0.87053751005147,6.379849912276153,0.8331161376908661,TG,5.125069618259152,0.43340176343917847,0.09791943430900574,1.3459926843643188
1166489287454012,13.002096091171383,-0.0952385470794465,12.578858522628192,-2.1711078729934177,BF,229.96433735782148,0.9372313022613525,0.8997215032577515,0.34047770500183105
1533113357087797,46.49897653995,15.200207302595,46.47756520450006,15.23389710517615,SI,3.5100945903830274,0.5747154951095581,0.2887946665287018,1.4012305736541748
1201905996929524,37.229506440609,-3.5735237087104,37.24236036312439,-3.5940309882537393,ES,2.3105824542629008,0.5126467347145081,0.305504709482193,1.4180881977081299
316638853421674,24.84406743993,68.978049290537,25.52859993977848,68.38520501166106,PK,96.70706798253794,0.2787535488605499,0.152115598320961,2.732417345046997
893558731495817,47.18088148402011,9.507217409401376,47.21478385553787,9.467313023252025,LI,4.827100478061324,0.8684055209159851,0.8422605991363525,0.753593921661377
884244522979064,-34.598519399999994,-58.494949799997336,-34.62126605615179,-58.519688814989706,AR,3.394610236085204,0.7534446716308594,0.6854931116104126,1.273877739906311
472705540726825,36.747365185931,3.1919482673845,36.77866142261778,3.0641928534895846,DZ,11.900657999212521,0.9953283071517944,0.9939571022987366,0.04379979521036148
917741812353834,48.102814890032,106.62327194309,48.11452490806273,106.66101066079234,MN,3.0897561529008595,0.9845351576805115,0.9746524095535278,0.11116672307252884
904869503625026,5.9626014942536,80.706726323695,6.183483714176725,80.59407865006283,LK,27.53874435152342,0.4190414547920227,0.23683325946331024,1.908740758895874
299728208260524,14.461145885336,-61.047790058104,14.132885409868468,-60.95370920429897,MQ,37.882455333867995,0.5634632110595703,0.2927597463130951,1.2507081031799316
2890303101207231,-12.781076889618,45.231328452827,-12.833056099184127,45.19306438302062,YT,7.114766948228954,0.9992938041687012,0.999171257019043,0.007911249063909054
204839501223721,6.8270883332953,-8.8115516666747,6.286385285477999,-9.371792547529147,CI,86.28430832954716,0.9210197329521179,0.9035912752151489,0.5166493654251099
339106120946506,39.816925884672,44.983376365592,39.80835701200269,45.03707571563975,AM,4.684572636079816,0.8253728151321411,0.6614512801170349,0.513664960861206
783755722276379,78.185290143171,15.762240580554,77.35843533136352,14.336464259701932,SJ,97.87537569594616,0.9999532699584961,0.999933123588562,0.0006119036115705967
110525027773851,32.049045371448,35.87828555458,32.02635698152627,35.89487116873075,JO,2.9679584552802987,0.8136695027351379,0.627800464630127,0.48540419340133667
3921522111267204,51.556385559486,-1.7238866587548,51.45386333009592,-1.5661716127310843,GB,15.783382103254883,0.21445930004119873,0.04878509044647217,3.3576624393463135
307157771073449,12.440701647459,-15.533311040118,14.841612985155766,-16.421199489178914,GW,283.68316421668226,0.3779163360595703,0.1630927324295044,1.7552903890609741
969916363751004,55.278129141686,28.163125750572,55.39535393089896,27.941169887022063,BY,19.155759157619055,0.9731495976448059,0.962320864200592,0.20014847815036774
247424453827719,-11.687268189076,43.259015849948,-11.693016413234739,43.2726980817137,KM,1.6211595817936395,0.8136196136474609,0.7621761560440063,0.9664487242698669
767453534139403,-33.033573136423,-71.567076684822,-33.03415017978399,-71.6306333014656,CL,5.925101792871992,0.6757568717002869,0.5702103972434998,1.3613178730010986
961175517984737,17.191166224032,-62.56420006312,17.146496143283446,-62.328140905913536,KN,25.566072287002836,0.9999603033065796,0.9999222159385681,0.0004503170493990183
224324342782943,42.963296891059,16.688905260405,43.01309180362875,16.63497283946626,HR,7.064102919379483,0.9323722124099731,0.8841707110404968,0.3317301869392395
969145483831364,42.993911178166,72.085556248839,42.9144827244277,72.83065599234025,KG,61.278368978199495,0.7965646982192993,0.7010253667831421,0.7614878416061401
841342346739082,37.02207,72.592191388889,37.01755540675945,72.58232552869035,AF,1.0095580922300864,0.9998551607131958,0.9998075366020203,0.0018356338841840625
796223681022336,32.370681311513,-64.654510888392,17.18982834494999,-62.44208489608274,BM,1702.6057036966376,0.45359328389167786,0.09609672427177429,1.22122323513031
737651066902693,44.997414003568,20.164229343623,45.058423705087954,20.17717174670775,RS,6.8597942112833925,0.9422206878662109,0.9298945069313049,0.45237916707992554
854782241776759,17.106413759711,-61.808421989788,17.14854256015234,-62.248664555870164,AG,47.01572437079186,0.973905086517334,0.9479547739028931,0.12196441739797592
450909892674150,13.163026369929,-61.21730274495,13.19644393806021,-61.220412771645535,VC,3.7310882167100483,0.9698284864425659,0.9414845108985901,0.14465728402137756
306748381079576,4.2255300019478,-76.141811995864,4.21468384723979,-76.09250446637492,CO,5.5993086860533845,0.9719422459602356,0.9664008021354675,0.23738816380500793
1219242475175430,49.460112100743,-2.5598762933143,49.472570913160965,-2.3299040121316383,GG,16.676578997627804,0.9994727969169617,0.9990936517715454,0.00534691009670496
482092986415187,-17.566850874903,-66.371661785437,-17.546964021524186,-66.50197133598404,BO,13.990657834692055,0.5474891066551208,0.11315780878067017,0.7845847606658936
454392976458083,16.177900925925968,95.69205277777782,13.507449014690517,100.36805129222549,MM,583.7072120688649,0.28777065873146057,0.14781345427036285,2.818014621734619
256771183127093,20.466609391089403,-97.31502636042003,20.45468277191525,-97.27120717210931,MX,4.753809233308523,0.9708922505378723,0.9631460309028625,0.21582059562206268
1131422700660717,78.654582727128,16.350078692917,78.44394362824396,15.03406580139188,SJ,37.31546964403816,0.9996117949485779,0.9995086193084717,0.004755072295665741
4097481043644313,-6.2577377045597,106.79735130044,-6.292314265734549,106.80708954903734,ID,3.992562373331086,0.8007120490074158,0.7000949382781982,0.7950640916824341
399871371559258,36.1377117004016,-5.348913718473895,36.058757206151135,-5.306586318681933,GI,9.567618709684266,0.9912288188934326,0.9868872165679932,0.06410792469978333
876533816237599,26.544499673885,-78.644867308134,26.520404678270143,-78.70201282936195,BS,6.284769269453551,0.9998316764831543,0.9997664093971252,0.0020252822432667017
2178213068988066,18.264362381568,-62.97972236248,18.25491396646253,-62.14468902680429,AI,88.18224983719223,0.9939430356025696,0.9912371039390564,0.046427588909864426
143493404425278,12.899846591875,36.219934163908,-3.236952197537095,37.00697487952958,SD,1796.4336417053478,0.6533786058425903,0.6070317029953003,1.9302892684936523
180004914551762,51.04187351824515,4.724553620012143,51.08944737563914,4.590342750043221,BE,10.767464477224436,0.16459521651268005,0.013687193393707275,3.1234023571014404
204249711839903,32.04714756721974,34.845549002834034,32.690294233361364,35.09930979660177,IL,75.38118464191835,0.2961394488811493,0.045918673276901245,1.6241658926010132
294304678897896,12.597237777848,-7.9605790076782,12.601100233042052,-7.9942530267161205,ML,3.679367594127733,0.9847735166549683,0.9696337580680847,0.07941827923059464
174446247903489,44.930723567147,25.476006254002,44.931862971241955,25.439833749075834,RO,2.8503498605760775,0.7760245203971863,0.6666030883789062,0.8364904522895813
2525311561111771,16.792587123993,96.168914956522,16.793237756487983,96.14490206657266,MM,2.5572688598257924,0.9939477443695068,0.9921289086341858,0.05188708007335663
305381351316479,-2.1560387264863263,29.430377095520367,-2.1535831264041225,29.467055952945035,RW,4.084755278561425,0.6075031161308289,0.26104867458343506,0.8934156894683838
2752271175084333,-4.2050532939682,29.006568505373,10.678979829136052,-14.23536005641005,BI,5064.485950756837,0.3716296851634979,0.24860495328903198,2.9366753101348877
978655322673078,-25.231402881162,-57.418940580889,-25.214797006160488,-57.50452793467419,PY,8.805278764701363,0.9871900677680969,0.9820684194564819,0.08691123872995377
829784351252002,-22.202946484139,166.4429832039,-24.046955695758943,169.09884144630627,NC,340.28239582693374,0.9883316159248352,0.9846029877662659,0.09594607353210449
902374183828491,16.74183213675454,53.364345557333,16.728818825454617,53.322404140993385,YE,4.694708490755741,0.9999580383300781,0.9999464154243469,0.0005927166203036904
336303617829376,18.487286003474,-69.815585017999,18.496786368977695,-69.94092132736309,DO,13.259324336312623,0.7284716963768005,0.5068618059158325,0.7529234290122986
323886335978890,35.178666053729,33.745810645052,35.15850576682729,33.70280926247478,CY,4.505928499109506,0.9805607795715332,0.9717460870742798,0.1291235089302063
522256075603812,52.727576356231,-7.3766052716283,52.802425888530614,-9.086984350457147,IE,115.37631112501525,0.707535982131958,0.6304263472557068,1.3273029327392578
823267518340399,47.100118442253,9.5178627269511,46.383175461105296,11.259522453056288,LI,154.81299257198663,0.42619773745536804,0.2817439138889313,2.650416851043701
493990118386885,40.86678383387,29.263633090831,40.87530218440005,29.26272644959586,TR,0.9502602007681316,0.6214175224304199,0.4195381700992584,1.034621238708496
1074698556385522,48.175420078601,-1.4577917590727,48.18949115400576,-1.365236151071563,FR,7.03822622167871,0.6700865030288696,0.5697119235992432,1.2938413619995117
1121590995005680,49.597317152474,6.0517460166126,51.469227661707436,13.942704003175672,LU,594.9266265670453,0.2762848734855652,0.12330374121665955,3.279728412628174
1211460769284326,23.105179889591,72.533634739484,23.22071563629117,72.46056823710022,IN,14.860736025552738,0.9999768733978271,0.9999649524688721,0.00032245306647382677
248231730372172,5.3455916698025,-4.0387650025889,5.26290013917733,-3.919877566033555,CI,16.05653151864802,0.9995699524879456,0.9993727803230286,0.004367828369140625
1240985926434245,-6.279848436041887,145.1932516398089,-6.399110809980928,145.3055841534244,PG,18.165402973993988,0.9969179630279541,0.9939690828323364,0.022082369774580002
2892347014341133,48.473586970547,-123.32810054184,48.61336579912441,-123.3913302052302,CA,16.22474005425381,0.6989099979400635,0.5259554386138916,0.8557525873184204
1010376946379192,45.201382615774,-62.003398421023,45.19398020324125,-61.74672485195537,CA,20.12847083669939,0.8515306115150452,0.824002206325531,1.0980939865112305
563282107972214,-20.210305,26.1811998,36.62883802835588,-4.525213169751785,BW,7094.972555904846,0.383190393447876,0.10567080974578857,2.2817814350128174
515275750099449,4.8260451089804,-52.362087002498,5.011394002883038,-52.53318999501658,GF,28.00152061703057,0.9994487166404724,0.9989114999771118,0.004772612825036049
547434926284870,51.099358739601,2.9784896633122,51.12253518788532,2.900688598068312,BE,6.011672029088313,0.3643603026866913,0.15741191804409027,2.27742600440979
222700579653635,45.357477644864,9.3450582556327,45.3333727182146,9.421909934072676,IT,6.576999885386619,0.6775527596473694,0.6060856580734253,1.9197189807891846
381688446456627,3.8415732713903,11.513500921437,3.824559846946431,11.656443335113199,CM,15.971354049259208,0.9999232292175293,0.9998806118965149,0.0009578786557540298
180031230699910,30.391035197858,-87.310188513148,30.489496132102015,-87.3281864728122,US,11.083482411841457,0.43925148248672485,0.23543912172317505,1.6318330764770508
321167059397001,18.07943766833883,-15.954609532128282,17.593943917132552,-15.890681825554989,MR,54.40688049455662,0.9953885078430176,0.99428391456604,0.04227222129702568
805503657045601,-17.67440433882,-66.20711134147,-17.67904898366762,-66.15510428955805,BO,5.534031084814065,0.9911212921142578,0.9869318604469299,0.06647380441427231
1577632325775228,-19.576959990772,35.086946401744,-19.550813578012793,34.824587628652125,MZ,27.642088526786075,0.9999511241912842,0.9999333620071411,0.000621529936324805
222508650152513,-16.49740963042139,45.60722431969791,-16.53164335579035,45.63104237851977,MG,4.575787295252971,0.9927113056182861,0.9911929368972778,0.07510679215192795
923767101539018,62.33398431833,-6.5761470409766,62.596637067612726,-7.043078785552493,FO,37.802842571432166,0.9999053478240967,0.9998465180397034,0.0011643227189779282
391819445236532,18.423680534156,-64.619997205425,13.782939968548389,-60.91768020817538,VG,650.0871126096573,0.8431766033172607,0.7895692586898804,0.6998671293258667
194853535695440,-51.705074030512,-57.843336058102,57.881156190414046,18.98196554200688,FK,14024.973538073675,0.3532677888870239,0.021442025899887085,2.4674735069274902
332682818295531,54.632821695629,22.668414685312,54.63475958317216,22.657867820401307,LT,0.71217449284568,0.4143894910812378,0.12126016616821289,1.108140468597412
1138656260203885,41.41103708592059,22.226331384585293,41.35435511458144,22.32080252382265,MK,10.091944518223169,0.7593684196472168,0.7268182635307312,1.358038067817688
209371640993541,47.976952450086,106.93594135199,47.95966654889151,106.94022587868413,MN,1.9483929003834513,0.9978979825973511,0.9967612028121948,0.017665326595306396
2873842329523053,-37.847127572478,144.8537847797,-37.810709045136974,144.93806010963237,AU,8.437006555197387,0.22629407048225403,0.13216394186019897,3.9636220932006836
1117032348794957,10.399407604059,-75.498574728225,10.99185389377499,-74.80735479145028,CO,100.21839694287763,0.8548390865325928,0.7638906836509705,0.5283474922180176
1158317804579847,43.463539499228,22.210925707394,43.5069886996708,22.17961838087455,RS,5.451735998063467,0.2167137712240219,0.1410403698682785,4.333824157714844
893815971191057,-0.22369919167031,-78.496340567119,-0.22026139429689492,-78.48300426822762,EC,1.53139536305897,0.9825762510299683,0.9698261618614197,0.10237960517406464
845284909408987,46.620929693154,42.476905460273,46.696512145452765,42.461594362688096,RU,8.485228604701952,0.9844850301742554,0.9772788286209106,0.10153936594724655
112505854238905,30.404180023199,31.037076305014,30.438684330063364,31.187896442932985,EG,14.961843984078516,0.9965060949325562,0.9939426779747009,0.027355488389730453
466127351163789,17.083062005865,54.21700218975,17.06297726937923,54.18287481937933,OM,4.259918729818181,0.9913629293441772,0.9869709014892578,0.06284046918153763
148732450552276,26.5201353561,-78.6470408086,26.512765306024956,-78.7709616970483,BS,12.357073773993744,0.8256070017814636,0.7638979554176331,0.8588101863861084
737519993580954,24.930931172122,55.015642121957,24.86181958178518,54.95531000453803,AE,9.802380441663775,0.8510884642601013,0.7112687826156616,0.4636639952659607
504213260623767,13.468272438133,-16.630935552673,13.225538968865235,-16.8040222178412,GM,32.85089663024424,0.9987841248512268,0.9984842538833618,0.01234651729464531
305555344287335,10.603529503932,-68.256441926786,-33.828108957606,25.67604789466853,VE,11021.22488445042,0.2826376259326935,0.03283253312110901,2.2838563919067383
2920050691614359,-2.1360895260338,-79.882006559406,-2.130647316551764,-79.89805813924121,EC,1.8834786561030832,0.8547110557556152,0.7155697345733643,0.44393280148506165
944431449716907,-8.454693913531,160.83707476613,-8.734335136400396,159.1782461761486,SB,185.0134202014389,0.9786750078201294,0.9722949862480164,0.1555890291929245
878712726329634,-28.101687283618,28.658749161742,-28.07940045910256,28.715661197687492,ZA,6.108187078903751,0.9962600469589233,0.9931337237358093,0.02663317508995533
762378197681073,45.126166222692,-122.99078544937,45.2001419427494,-123.02289133912157,US,8.6022523329199,0.9135989546775818,0.8843123912811279,0.48036354780197144
149211190431719,42.600240752979,20.939153731334,42.53368191767697,20.76770925734502,XK,15.871430970177466,0.77960604429245,0.738182544708252,1.3017759323120117
397121731263976,42.284597190014,20.756074103418,42.33011404211732,20.909857193259686,XK,13.62134204006834,0.619057297706604,0.5665858387947083,2.116880416870117
308718024113066,37.468948657078,73.598658588759,37.44504323078145,73.68125616517322,TJ,7.76015699126027,0.995240330696106,0.9929722547531128,0.04050939902663231
4568853099798656,63.442545674256,10.427087624986,50.60740845548852,11.749639393300129,NO,1429.368328224422,0.2040972262620926,0.08880329132080078,3.6516714096069336
285864453192342,38.555989246506,68.550056614077,38.48156704094126,68.57284501476258,TJ,8.509546647716888,0.9252885580062866,0.9068993330001831,0.45133575797080994
518105092528649,36.627516261067,51.485145554269,36.667698945816596,51.450619862539156,IR,5.426924937740784,0.5081118941307068,0.016225427389144897,0.6930403709411621
2911018082501706,34.876003285958,32.676820656524,34.87468681920079,32.63873332571901,CY,3.4775645942249733,0.8351774215698242,0.7888942956924438,0.9194670915603638
1470566506621818,1.1484314551605,104.00553949517,1.1352580888600172,104.01442391296433,SG,1.7667019814573528,0.9981278777122498,0.9971674680709839,0.017827512696385384
1691147414429342,12.3903122486,-1.5665460524307,12.529118197017388,-1.2867090122092912,BF,34.07912890136113,0.9424772262573242,0.9043269157409668,0.2689160406589508
284727246653686,30.996633343006,34.926936136251,31.06106643111754,35.04957129660634,IL,13.706732859211892,0.9913806319236755,0.982812762260437,0.04994639754295349
754280558580919,0.4264124612263,9.4209100939662,41.70876473057524,20.589068595340695,GA,4725.282282621002,0.13337865471839905,0.031411685049533844,4.649184226989746
