id,true_lat,true_lon,pred_lat,pred_lon,country,top1_score,margin,entropy
1198015930637035,47.58736244394304,13.72243335782696,45.422666529711556,15.255148577682082,AT,0.1961517632007599,0.034918785095214844,2.8127052783966064
2627501530880734,-21.690540312924,165.67395409726,35.78944879531622,140.65143928336676,NC,0.5551685094833374,0.3900585174560547,2.0536482334136963
464312504633961,25.061219179854,-77.474052344488,18.315044782114768,-68.83446930496781,BS,0.38381507992744446,0.0538334846496582,2.2363429069519043
1640910792965420,14.05090975535,-83.408252576108,5.045918384601857,-1.597838433901856,NI,0.836383044719696,0.7922847270965576,0.992333173751831
784509382269632,39.054295235447,125.75444015475,49.00348075910869,20.673015486109968,KP,0.1614471673965454,0.01385970413684845,3.7996532917022705
1203580403446328,59.403162352068,5.3346943684814,60.33236402078454,5.579803241674153,NO,0.48799678683280945,0.34662294387817383,2.7887539863586426
529318031569520,35.884852698,14.543835095527,35.8960521165857,14.407029499691802,MT,0.8447271585464478,0.7647984623908997,0.5572686195373535
579627393601024,31.161290071016406,27.62620232776423,31.047821827182453,28.26807966371596,EG,0.9393146634101868,0.9042800068855286,0.3427964448928833
493287055050730,18.529699440908,-73.82906994801,18.44711319338057,-74.06470938633386,HT,0.9980968832969666,0.996632993221283,0.01648031361401081
194636675718395,15.711283292961,-86.911458774945,14.734006621939931,-88.04749867794389,HN,0.8631037473678589,0.8089989423751831,0.5823849439620972
324862519056205,19.31841800221,-81.382583014952,27.973745131778976,-82.77116531116194,KY,0.43800756335258484,0.2697049379348755,2.6683499813079834
312497683776326,-3.5385285661184,29.342796802632,-3.5374876773895516,29.156288397652823,BI,0.9033980965614319,0.8358891010284424,0.45585426688194275
524249899215869,-20.36057432562562,57.57448506856856,-20.2510954931059,57.623994556626705,MU,0.5661885142326355,0.52326899766922,2.497098684310913
762407414666903,18.261799133186,-66.040383948361,42.02494810316859,-8.66026884457044,PR,0.1390628069639206,0.017029359936714172,4.069098949432373
1162773017520174,6.3181766455254,37.510104406035,6.246178143957926,37.58271954206671,ET,0.9962217807769775,0.992649495601654,0.025863420218229294
3356357477800408,-13.862024739384,-171.85937431059,-12.068173636037843,-172.22156266113333,WS,0.9995778203010559,0.9993439316749573,0.0045489040203392506
487479689165720,-0.79790097222466,-77.201507380967,-0.960352908136422,-77.39002986335895,EC,0.9963721036911011,0.9929929375648499,0.025685826316475868
255694192945304,0.23852452895088,109.87510053714,16.8381433672185,-88.58827062361054,ID,0.43659794330596924,0.3168535828590393,2.5425705909729004
810188746588631,46.29075689375,10.078154998184,45.17667501099901,5.704619345057795,CH,0.3889172673225403,0.14459209144115448,2.6797428131103516
152336490235316,6.1412981189533,-10.222955468447,6.36090036164393,-10.387810003308322,LR,0.9959319233894348,0.9950480461120605,0.03979848697781563
1128248694323507,4.9712879947102,-52.440325961909,5.000081689193134,-52.52022262988323,GF,0.8544141054153442,0.8273053169250488,0.9947656393051147
319600276196154,17.249258189479,-62.655520880016,18.413522699551933,-64.5876747603472,KN,0.14076077938079834,0.05067955702543259,3.9441394805908203
227605128698501,30.534718182782,35.557018519973,30.778764017290634,35.57920424044831,JO,0.6861062049865723,0.38375401496887207,0.7125672101974487
469353001013618,-4.8497851046353,11.90522368749,5.33222983632032,-3.5375975448240027,CG,0.9491288065910339,0.9150555729866028,0.25038132071495056
312137333614311,50.147457733865,106.21881807879,47.93478515050908,106.78250413485661,MN,0.2606617510318756,0.1422211229801178,3.4018149375915527
417436926432877,-9.466630277777776,160.38180111111112,-9.62287644042705,159.18541964362308,SB,0.9999029636383057,0.9998356699943542,0.0011142384028062224
521833368998076,33.828288106674,35.578984207651,33.916168251624676,35.628328120272116,LB,0.975788950920105,0.9691488146781921,0.16731959581375122
804138920493771,-0.43494769438863,-76.201325946671,-1.0431723050446213,-77.44578454082034,EC,0.9338609576225281,0.9073435664176941,0.3961520493030548
302261168190071,-13.859325484052,-171.70998038915,9.08544391484924,-79.46336149407885,WS,0.27843230962753296,0.11406023800373077,3.6237785816192627
1226452984452730,18.570054722222,52.82152305555601,17.699070731582527,54.00859618266605,YE,0.7748801112174988,0.7530836462974548,1.6488094329833984
321769825972532,56.815207379952,13.937240092613,58.20429579632381,25.158128477269226,SE,0.3501194417476654,0.1639380156993866,2.6558146476745605
773469050698883,0.4364979004820079,9.440864620026538,-25.88664272112399,32.65040069014248,GA,0.21539795398712158,0.04537910223007202,2.9863991737365723
333032548339836,51.706235270322,-9.7173149835356,51.82162032953488,-9.816693269140847,IE,0.9994996786117554,0.9993273019790649,0.00587074039503932
321482029535925,44.652229350002,21.162756330018,44.67446976493121,21.285861079039687,RS,0.5128912329673767,0.41110408306121826,2.479959011077881
832510974027702,-17.456552891966,-65.728142843828,-17.575306982118537,-65.26328975167318,BO,0.3347632586956024,0.10403850674629211,1.622397780418396
109891514526025,48.213328182129,28.09057650588,48.18040266247388,28.19055132891245,UA,0.5899377465248108,0.37721574306488037,1.456052303314209
2942639579308445,34.805369127435,127.95898406217,37.410460812312486,127.56111441901109,KR,0.9839157462120056,0.9788328409194946,0.13444915413856506
370894024357836,15.425447150296,-61.271269855519,15.448324573407147,-61.315028181192524,DM,0.7114662528038025,0.43822818994522095,0.686687707901001
788101518532706,11.258356617235,-60.564806768225,13.858349244884822,-61.029861812280835,TT,0.5637452602386475,0.29411694407463074,1.2879530191421509
3872288566218352,50.796778330451,21.153443346433,50.804178174356856,20.808148993240852,PL,0.09344472736120224,0.005525469779968262,4.124658584594727
1002859423856924,17.09712846732,-24.97047664313,28.65102952002927,-17.675577930776495,CV,0.3436912000179291,0.13796941936016083,2.7219936847686768
238160651412928,-46.337650900733,167.79026062048,-41.20263072308834,175.67356861456258,NZ,0.4939914345741272,0.2260599434375763,1.4151620864868164
2563203020654329,54.32142990519237,-4.456551481932205,50.10217620882791,-5.505312493683909,IM,0.34758034348487854,0.04408299922943115,2.043633460998535
732194144134616,9.3458958330497,-79.823967302875,9.285140197666491,-79.68226799067824,PA,0.9870833158493042,0.9768719673156738,0.08215256035327911
476322813419625,17.628516606198,-63.231308396649,16.008649722819086,-61.72741903979861,BQ,0.5250544548034668,0.36020874977111816,1.5950464010238647
1136304350214402,-39.328969954559,174.63690058405,-39.38301391514336,174.64821540463447,NZ,0.9459342360496521,0.9001268148422241,0.23888397216796875
486828262519306,14.646929324615,-60.975801183717,14.623724590122176,-60.97285375632718,MQ,0.7228979468345642,0.46140459179878235,0.6684215068817139
1387937924894828,47.907557209354,107.17858480002,42.62683905470721,78.40542017813911,MN,0.9832884669303894,0.9803190231323242,0.14432328939437866
944100506347413,4.8670503980303,31.542952103365,12.419247396867393,-1.8610702531893737,SS,0.4759964942932129,0.31692928075790405,2.3355231285095215
225738692700446,69.2342740620203,17.971246283328018,69.2948575663013,18.342005907008126,NO,0.9979777932167053,0.9977157711982727,0.022804774343967438
138012564971418,-17.546030537707,-149.57580216474,24.942083753799043,121.31480106845417,PF,0.36474907398223877,0.21498753130435944,2.4659526348114014
1349102025473123,60.210439476288,20.246196471172,60.243649607758854,19.880778838848038,AX,0.8403142094612122,0.695634663105011,0.5542451739311218
481515363098541,8.3835270285271,-82.196719096621,9.96728422628813,-84.58896190810471,PA,0.7098797559738159,0.5520181655883789,1.0118159055709839
208681127527124,49.241162571487,-2.1218631166228,49.199714194401956,-2.0821604516599685,JE,0.9980618357658386,0.9978160262107849,0.020635200664401054
496883494997876,12.508559533613,-70.010590958509,6.815713253611679,-58.27421827927831,AW,0.29285112023353577,0.0051274895668029785,2.1209092140197754
1258448591563623,-8.614371141011388,35.602892240053215,5.496178824531131,-73.24233969253643,TZ,0.37113597989082336,0.26322653889656067,2.8211896419525146
849655245900069,5.9311045328258,15.65109465938,-16.525094557275136,-48.610049631703156,CF,0.6195888519287109,0.5275739431381226,1.9721910953521729
1448430112350839,11.026769583975025,-8.632346605323722,13.311006581271204,-8.233504656194125,GN,0.5070229172706604,0.09780317544937134,1.0297070741653442
711741309997504,-35.434392939173,-67.582981443437,-33.02131322209439,-68.19718482593655,AR,0.4938603937625885,0.42264896631240845,2.7193379402160645
330646891800305,14.870259800656,-24.373949477736,-8.563405502341721,125.60566378109279,CV,0.5920181274414062,0.4267628490924835,1.8803691864013672
844947319428707,12.572384044567,-70.044602664275,21.05777860890453,-89.31972924723772,AW,0.40352556109428406,0.20472832024097443,2.2283644676208496
1424082877926694,39.063764515107,125.77381801639,36.56593250417202,136.64528837514902,KP,0.2853946089744568,0.14276444911956787,3.4351415634155273
262049738998529,15.746495092756,-86.857367093038,15.48894834483976,-88.08913643086245,HN,0.5653336644172668,0.3338339626789093,1.0626643896102905
2941932222749741,8.8904169624644,80.720461103422,17.210983351305842,79.30743711856262,LK,0.6896184086799622,0.5702906847000122,1.3906126022338867
2957416491247002,22.534707236092,-79.367474703615,21.664995951394094,-78.01671856226328,CU,0.5855376124382019,0.47799888253211975,1.9397001266479492
1339793246404338,78.178055846086,15.902100697497,78.25700086770323,16.071784927858584,SJ,0.5275470614433289,0.06985968351364136,0.8102129101753235
742849163058043,7.9945228460384,126.06338592216,10.452785232622386,128.41812115507105,PH,0.8529402017593384,0.8345289826393127,1.0351874828338623
487902825754300,18.349709806038,-64.886627593059,30.475365108552108,-91.08541313453853,VI,0.8412134051322937,0.7994894981384277,1.1323463916778564
188819323085799,41.434692972264,43.314083402676,41.3330235668002,43.50095817164064,GE,0.9841719269752502,0.9782716631889343,0.10550695657730103
449823653747421,53.88835461402647,-122.76729722632489,50.66374123673663,-120.39135644796659,CA,0.6254757642745972,0.43050485849380493,1.4385234117507935
227770655816183,49.479739351354,-2.5890746408905,49.36026628423514,-2.4007011728407037,GG,0.5449140071868896,0.26504769921302795,1.2883334159851074
216079839905055,19.324976978962,-81.381549997813,58.95405233419628,15.813893547204056,KY,0.3601776361465454,0.3029785454273224,3.491027593612671
828630294440097,3.9058095275261,11.829761470611,12.245802346346213,-84.65280802689887,CM,0.41467294096946716,0.2887074947357178,3.0018677711486816
860118858181209,-20.177979,57.661693,-20.16212209414376,57.503309082034676,MU,0.7547440528869629,0.513316810131073,0.5795696973800659
114507540681851,35.729256605436,128.41830771074,36.332205170708434,127.61192060061639,KR,0.45184528827667236,0.25104546546936035,2.0643885135650635
661381454786146,-18.972548731094268,29.805283361910963,-25.31917056022877,25.830918661201085,ZW,0.6799837946891785,0.5666423439979553,1.3360965251922607
222747492577837,61.352664593679,27.429725107498,61.3045259464375,27.504753123747317,FI,0.9987843632698059,0.9984211325645447,0.012080539017915726
138806294926443,38.717835758735,58.495184798492,38.628481421285585,58.36498141592071,TM,0.49631360173225403,0.15391716361045837,1.5284289121627808
135421499385396,13.275246919086468,2.911011286873044,13.596684094820725,4.4711384541565495,NE,0.9961541295051575,0.9925698637962341,0.026769036427140236
517034622643483,-9.0920015075631,160.82242285539,-9.49508494701779,159.56812506615134,SB,0.9110888242721558,0.8229881525039673,0.30623534321784973
2526299567665760,35.829307962213,14.558295593658,36.074359789180164,14.243629141697742,MT,0.9069945216178894,0.8388032913208008,0.37686631083488464
281947363629492,78.231350087799,15.142395905188,65.74220989713196,-23.18558254828071,SJ,0.8624188303947449,0.7520036697387695,0.4718702733516693
309954333906145,40.335258934887,19.990673334292,40.388683253937884,19.943265032749032,AL,0.8230417966842651,0.7283901572227478,0.6484776139259338
163258222377928,-8.7192284268616,160.86453616743,19.40309391457481,102.4695240641249,SB,0.24436640739440918,0.09117856621742249,2.8286044597625732
497041608993768,7.354967160960991,134.4972694391149,35.777213375941464,-76.01772700546891,PW,0.5907763838768005,0.47183457016944885,1.9939261674880981
325055798982586,-10.203132697528,31.216979658259,-11.916625408604988,31.59433819910641,ZM,0.32268765568733215,0.03881430625915527,2.5234596729278564
361816321938390,12.57472666996,-70.041979864956,16.0020715992778,-61.65249595907048,AW,0.5022105574607849,0.17192399501800537,1.446997880935669
1145510005966861,18.05148025828786,-15.896397560721027,17.362370881709897,-16.054294811104466,MR,0.9953383207321167,0.9945230484008789,0.044955335557460785
262345932212210,15.140006372867152,39.26672870985676,-15.087391852065624,39.13451663452756,ER,0.4513244032859802,0.07122549414634705,1.4872326850891113
901986960835723,13.278551582622178,2.917996515380901,14.137658171394246,3.401023732940497,NE,0.9856842756271362,0.975758969783783,0.09463073313236237
317050140097070,43.4276581353825,24.38127115862344,43.66243450892087,-90.27838833691743,BG,0.8543158769607544,0.8129947185516357,0.9596952795982361
994714827967018,22.682567905302,39.11769149111,24.85199431313976,46.703111682612516,SA,0.33692896366119385,0.004762053489685059,1.8360611200332642
145209974249665,16.762668175828,-62.220769939941,14.640167442793036,-61.13106354966096,MS,0.3776313066482544,0.06410682201385498,1.6269793510437012
763480160945552,3.114388438698,31.177872023014,-18.397081721238052,35.30089559838916,UG,0.666748046875,0.5290439128875732,1.3070979118347168
4405163029511350,43.682079175037,23.978223195064,43.79642174514265,22.844952379418984,BG,0.3915557563304901,0.11127346754074097,2.1662395000457764
326659798812032,12.410385336248002,-16.110049424682003,15.812862087845629,73.76447741435335,GW,0.9326554536819458,0.9047783017158508,0.35312652587890625
895631547651467,12.080356238018,-61.704118318475,14.636581227319981,-61.02042836204051,GD,0.7026799321174622,0.614696204662323,1.0706309080123901
953292548822411,18.0817933464398,-15.894888251115804,16.911282405624064,-15.72473777989538,MR,0.8109205365180969,0.6797803640365601,0.7592493295669556
1179673359141283,-27.440457092686,31.884625638401,-25.27071803602962,31.955960304094948,SZ,0.6596411466598511,0.3230627775192261,0.6646577715873718
1391570534555001,12.121586777999,-61.634729332904,14.596412433475882,-61.07215331103597,GD,0.6507474780082703,0.4896675944328308,1.2155548334121704
1931718050309638,42.316673318457,42.610766550542,34.60847920633627,-84.75494642617922,GE,0.2936411499977112,0.06438501179218292,2.9178786277770996
1441784959495240,18.614866388889,52.371751388889,17.431711194943354,53.99976728595067,YE,0.8945823907852173,0.8308903574943542,0.4913623631000519
1092193684624091,13.222041768155,-61.27004985443,19.33187065460579,-70.62380723144356,VC,0.7220244407653809,0.5548076033592224,0.9781675934791565
545855749735091,44.933679619312,10.542218724088,44.851358408586655,11.72842977622661,IT,0.8183717727661133,0.7673453092575073,0.9141100645065308
2774084016236056,4.2465653216704,73.54886569526,16.355755944866903,-61.491057805274345,MV,0.9916559457778931,0.9899083971977234,0.07393893599510193
193239609283383,16.442716181297,97.600636667113,11.209475909956733,105.11326331933117,MM,0.21618281304836273,0.16873639822006226,4.738935470581055
838605060406461,-38.684857801033,-62.245177670808,-36.83127681350485,-59.10473176057845,AR,0.6124182343482971,0.38001948595046997,1.4340544939041138
1398766300483374,-20.281888888888,139.05741666667,-30.084571172357013,146.24019146467327,AU,0.5558463335037231,0.39790666103363037,1.5000231266021729
309592324146292,-40.470381504032,175.24679558692,-40.35968805293963,175.58626252148844,NZ,0.7269951701164246,0.5170954465866089,0.9407426714897156
787330225321281,78.186979979764,14.79210601878,77.5719025650486,14.540364011781156,SJ,0.37481239438056946,0.03737393021583557,1.525059461593628
481435006457069,41.714515597444,19.778002854189,42.35743290116084,20.760076551898724,AL,0.24414420127868652,0.05812564492225647,3.0894038677215576
562746315113072,-21.036239487922,55.673092800575,16.01812242262264,-61.67263119174483,RE,0.7099192142486572,0.6450234055519104,1.244502067565918
251075026766241,42.736773777269,78.935492923137,42.91710126541854,79.25861078583749,KZ,0.8785242438316345,0.7910312414169312,0.5442496538162231
4010096302418176,13.274118,121.232275,15.063639935216493,120.64167068470927,PH,0.4822845757007599,0.2330053597688675,1.3351408243179321
385537683018740,8.58587702121514,-10.943586617629483,7.923320524142032,-11.728022905173857,SL,0.18679144978523254,0.05145829916000366,2.8619868755340576
180372857328994,49.843429916622,73.222888258927,52.0478697194882,77.23749708438321,KZ,0.32480746507644653,0.23482707142829895,3.4724905490875244
907851513392138,-18.164645479454,178.22136593468,16.025374981557622,-61.67411640260494,FJ,0.9608371257781982,0.9471643567085266,0.28057414293289185
1131598217344189,54.864195040685,8.7383931888414,51.99840598302616,7.507213530615165,DE,0.2866201400756836,0.15875618159770966,3.3286964893341064
3247097405547891,33.97288015656933,71.60789771722264,34.022766476738354,71.52554258049538,PK,0.834524929523468,0.7247765064239502,0.7355935573577881
1063412324270300,-15.431355385415,167.20499794568,-15.716530182154338,172.91062177071487,VU,0.9979311227798462,0.9967424869537354,0.017651837319135666
478746096705872,12.1865576631,-0.3910576992899,21.58462331757379,105.02255894232833,BF,0.525705099105835,0.3963310718536377,2.381338119506836
163486722253544,18.376454722061,-65.907019733384,14.319449727686962,120.97985471969251,PR,0.2114911824464798,0.053485989570617676,3.0910592079162598
1394646127681740,50.27605756468763,-5.022433442071348,50.1393035744409,-5.470850353180689,GB,0.6305561661720276,0.42810946702957153,1.1671020984649658
311036310426740,10.534375285392,-85.108561963834,-16.158715526039828,-48.81239115226656,CR,0.23401692509651184,0.0712287425994873,3.371403694152832
180655490594869,-4.2955834051727,39.583247618282,3.3369456855154738,-76.51797122253612,KE,0.15942983329296112,0.06995617598295212,4.3206787109375
225040172344104,54.10668466178,-8.5444506137227,54.050876362318704,-8.537514151977101,IE,0.8961437344551086,0.8232998847961426,0.40763160586357117
590599688583224,62.579080335013,22.030513453623,61.14628546290185,22.047092367059815,FI,0.3859363794326782,0.15376190841197968,1.7733427286148071
378410597431210,11.755141729610802,11.99142765025279,28.328412419160752,77.15922227100282,NG,0.29814523458480835,0.2058454304933548,3.8076977729797363
769560623930363,13.781555904684,-60.954984062834,13.753253071034766,-60.9819641062875,LC,0.9968380928039551,0.9936786890029907,0.021383896470069885
191217559525689,10.598613143242,103.76819114404,13.571022598507913,99.95855805568556,KH,0.4268670082092285,0.13066670298576355,2.3205831050872803
960119301406916,8.934567996624,15.810201192055,9.952081251692913,-12.992744228109125,TD,0.7183443307876587,0.5964280962944031,1.4358229637145996
162029952434974,10.416592641005,-6.9267518159549,13.258674632959407,-7.097279696942688,CI,0.6066669225692749,0.3824616074562073,1.355326533317566
777563772895063,60.262939806644,20.372533414245,60.27934112339399,20.285694798722165,AX,0.9948008060455322,0.99107825756073,0.03917070850729942
483016122754010,8.2177331232449,-10.640871255174,9.017053644807943,-13.016018138609633,SL,0.3876376748085022,0.16824506223201752,1.7887263298034668
945669026244322,32.28289364111786,34.89665697754903,31.935825732924073,34.830369308206116,IL,0.5125383734703064,0.33161529898643494,2.30704402923584
834907740772712,-51.828914124143,-58.391576104278,38.249686035927986,-6.13823620355107,FK,0.3103112280368805,0.17657333612442017,2.9742846488952637
315786796574792,17.029958580939,-61.837386119134,14.282770898430435,-60.93336400989348,AG,0.5116309523582458,0.3734283447265625,2.1543688774108887
3935353219835220,5.0624805680856,-52.559930285878,5.118062785670731,-52.67226934321344,GF,0.9997219443321228,0.99956214427948,0.003104868810623884
703624374104706,11.148071748184186,42.461472571281,22.967361513647305,57.548587776470605,DJ,0.5526425242424011,0.47553032636642456,2.077575206756592
552376936150414,45.747934121718,28.392399493234,42.23370971385322,22.71101143372143,MD,0.9548123478889465,0.9425343871116638,0.2955018877983093
279990610516417,-25.052590421722,25.938389437355,-25.25521590824081,25.88193902100339,BW,0.9980179071426392,0.996242880821228,0.015366111882030964
244594784129468,17.181606776437,-25.056350793491,28.654453114762866,-17.699798647760886,CV,0.3436928987503052,0.06309545040130615,2.02712345123291
916296905814911,29.986443376454,35.073653850875,31.12145449746995,35.38817768526369,JO,0.8952028155326843,0.8559619188308716,0.4689931273460388
160409959286661,13.609489121743,-15.203056960483,13.236004574413284,-7.943595259693017,GM,0.528378427028656,0.32507795095443726,2.1382243633270264
375549574325666,-8.088511666666667,156.78238944444445,-9.63939315335724,159.81377113692452,SB,0.972935140132904,0.9607999920845032,0.18973392248153687
6504127516293875,-20.153986376711,28.58502890468,-29.691967187821483,-53.31674184763881,ZW,0.2953905165195465,0.22894200682640076,4.201643943786621
955352585280405,53.073543217589,5.6644949286343,53.065503033779514,5.5903903549619125,NL,0.9317904114723206,0.9206749200820923,0.4700799584388733
198798338740227,41.487329996943,45.08669320994,48.49129144008632,44.56480948667042,GE,0.38394421339035034,0.23961980640888214,2.6171700954437256
747640439246618,6.555528380315,-10.331525634335,6.4374600551639265,-10.561313833243034,LR,0.5845709443092346,0.17376822233200073,0.7115448713302612
537333261008423,39.113511978868,117.21046994629,39.896533524902566,116.43993471204652,CN,0.4801059067249298,0.16334551572799683,1.4173256158828735
5205930492794121,13.596220054527333,-87.36529096486619,13.645869449759466,-87.52184962590042,HN,0.9999988079071045,0.9999980330467224,2.1042013031546958e-05
282961036881213,36.025363064061,14.258923344808,35.84378512540641,14.139412963155841,MT,0.49837416410446167,0.17509353160858154,1.196353554725647
2898417523733065,12.385310410818,-5.9561351141694,12.394358488502538,-5.606008128143005,ML,0.9998201727867126,0.9997743368148804,0.0022472140844911337
814006309495024,18.427369706947,-64.568261557542,18.6798601508438,-64.39533961593838,VG,0.911164402961731,0.8593752980232239,0.4038528800010681
363924908375174,-4.7913317580586,11.855642981142,5.567374041810487,-0.20768460379674336,CG,0.998790442943573,0.9982584714889526,0.011309807188808918
520091355848418,69.217861349712,-51.109419049396,63.83117338033692,20.24356744080763,GL,0.44901278614997864,0.0836527943611145,1.358729362487793
840734783196696,32.126256113931,44.324859980182,29.980571843725663,31.351804826917924,IQ,0.6593638062477112,0.4945085644721985,1.3451710939407349
226163689282727,12.168906318554,-68.967070805139,21.233526997840613,-73.4246224038097,CW,0.8230077624320984,0.7954062819480896,1.2113152742385864
341214407334376,-19.377102833928,34.400509607794,-19.526688821285564,34.65752902279517,MZ,0.27819788455963135,0.1157335489988327,3.172685384750366
894968224414635,34.986110625975,32.668982915426,34.99299452357102,32.68479884383539,CY,0.723432183265686,0.44838517904281616,0.6034408807754517
462694431488011,18.632063011792,-68.389902993932,26.28228056952406,-80.19170797329824,DO,0.23953329026699066,0.008662179112434387,2.7469170093536377
857893648147331,-10.905676698416,14.247198141961,15.741711675397156,-88.48826714780724,AO,0.41449257731437683,0.24343086779117584,2.2015883922576904
382009819762071,39.329365017441,27.62045985936,40.220590394594645,28.466212675776323,TR,0.49316510558128357,0.32089588046073914,1.8792558908462524
271875871339932,11.850545983225,38.038235893261,12.14506563116075,32.38283609704762,ET,0.8464580774307251,0.7024937272071838,0.47987693548202515
525646118616107,-15.637682963249,166.84078278513,-15.606434504983513,169.85079400931536,VU,0.9991379976272583,0.9986807107925415,0.008044462651014328
2982805328705469,64.437207664635,24.181485346398,64.22279410082002,24.134713864610656,FI,0.5635146498680115,0.4455094039440155,2.0019009113311768
320116623608771,23.185410152402003,91.17769833999328,23.226867041142146,90.93564408211726,BD,0.9998552799224854,0.9997580647468567,0.0016097375191748142
803534963702486,51.121882315762,3.1082009025971,51.19579691806107,3.1864736379154994,BE,0.44881364703178406,0.3755289316177368,3.2907848358154297
376395010415901,13.924250043571,-61.056412107275,4.974497546301445,155.02881555463327,LC,0.6300809383392334,0.31829017400741577,0.999945878982544
303078421392591,-16.446930463398,-152.24847310031,17.21494519596295,102.54936424003644,PF,0.1405182182788849,0.008197203278541565,3.8828186988830566
312172783608841,49.510993358681,6.3452033888591,49.39453750364337,9.15631832168174,LU,0.48461654782295227,0.3972734212875366,2.864178419113159
6235880006437043,-3.1366812272296,-79.214143657851,4.5235305165190685,-73.87904467138088,EC,0.4795689284801483,0.10374802350997925,1.3656859397888184
965921670819949,-10.479678823577,105.67386300715,-5.825593159915497,145.89313337659559,CX,0.45768439769744873,0.3244066536426544,2.5630438327789307
925871031561258,-6.2639877158616,107.06741782953,-6.297693282385394,106.7695141195355,ID,0.5306435823440552,0.390541672706604,1.474368691444397
1164097447347216,4.8674337462563,31.519362784566,12.334608951118101,4.993637326196421,SS,0.6998822689056396,0.5860029458999634,1.4899948835372925
4396227090475829,-1.2678653976589,36.678122304876,-1.16325699671199,36.610244040216486,KE,0.2522042393684387,0.12289711833000183,3.626833438873291
865652107497194,25.981085501999,50.457665915183,26.027806849677724,50.54277947702265,BH,0.9607048034667969,0.9479286670684814,0.2839646637439728
299799271640333,2.1039771270774,45.331583431777,34.667744078396964,10.704690175771015,SO,0.48022034764289856,0.40308767557144165,2.7410755157470703
461018955189846,14.544694692651,-60.871651329228,-8.54922795534966,115.86716291804085,MQ,0.09747593849897385,0.02537059783935547,4.865025997161865
848673612668103,42.673726026337,20.952183058644,42.20871099909514,22.72931512806101,XK,0.18370428681373596,0.01190941035747528,3.622561454772949
1416342685418545,-18.613385898721,-174.00201190817,11.695421993758448,76.28688657361015,TO,0.4688868522644043,0.3853626847267151,2.891479253768921
494963678607139,41.553688076193,76.443594560854,37.13142035197225,72.4672797724132,KG,0.4146885275840759,0.041675060987472534,1.5336614847183228
219389349648885,10.15103545444,-0.08621895664982,10.331891534885553,-0.3273926447812728,TG,0.9999998807907104,0.9999997019767761,3.747854179891874e-06
3089177431309627,15.373065639057,-61.261521114061,15.416305791051702,-61.11641586503061,DM,0.933584451675415,0.8711785674095154,0.2634318172931671
267446095163419,-24.410317211088,31.569065250692,-24.538147570896236,31.16685791956383,ZA,0.7095736861228943,0.4341568648815155,0.6779584288597107
302215634735033,41.271908839255,44.308127758638,-35.683332274108864,173.67713766102818,AM,0.12224659323692322,0.02467578649520874,4.357800006866455
2667851503513129,17.27324849632742,52.95912218803253,17.439099938994318,53.09586589500815,YE,0.9644973874092102,0.9483713507652283,0.20336613059043884
153409713461640,8.790179318271212,17.833063690255294,13.302655546024797,-8.503814825560184,TD,0.51173335313797,0.2822335958480835,2.101228713989258
197648665524336,32.845770012076,3.9393382718177,23.638189179841298,58.20472244772578,DZ,0.5270459055900574,0.4266490936279297,2.2525649070739746
186111083366529,51.38944480684,5.6393438286668,51.346587588012575,5.565413325179299,NL,0.3433581590652466,0.18822848796844482,3.0762970447540283
2778308682433187,46.907087389519,21.768223720096,48.17430492379835,16.72779137017817,RO,0.15368962287902832,0.04925406724214554,4.1550774574279785
937732960392917,57.179863762985,9.5235696942098,57.191103033023346,9.532693212491084,DK,0.9728615880012512,0.953862726688385,0.15358921885490417
1146261095856485,7.3615432427089,134.43713448334,-17.459071982111226,177.85636686322553,PW,0.9577451348304749,0.9167258739471436,0.1817680150270462
481510253092194,55.547652479706,10.237061583967,55.41371453272476,9.10928976642188,DK,0.5035281777381897,0.35390061140060425,2.0134294033050537
373515770750013,52.085212737279,23.57416942403,50.366761383049436,22.32924987181978,PL,0.3196731507778168,0.19942712783813477,3.3328354358673096
509958026699758,8.7996562999047,17.834358755261146,12.589321615095278,-5.862048195875167,TD,0.4113123416900635,0.30565521121025085,2.746133327484131
898715014311013,48.970224789976,9.8639365242088,33.06487358509433,-97.07451683415782,DE,0.7513488531112671,0.6759388446807861,1.4695332050323486
1199206943853136,-16.678932002412,-60.816984800192,-19.943484653414416,-47.344376778131505,BO,0.6257076859474182,0.4844191372394562,1.6255524158477783
498260671492955,-38.013275055456,-73.225185383762,42.713427078021084,-8.732232125802996,CL,0.5315417051315308,0.3869575560092926,1.8988099098205566
894859321231304,12.227082918058008,-69.07847800166279,12.193143092507624,-68.73916587858082,CW,0.973167896270752,0.9653282761573792,0.19054745137691498
1389207538112280,-18.237830811581,177.83923612892,-17.880524220290162,177.57084070810768,FJ,0.7049444913864136,0.6484439373016357,1.6653711795806885
853984918525885,16.723203555806,-62.23130997289,53.425146439801125,5.473259265341413,MS,0.2438085377216339,0.12816432118415833,3.4691500663757324
122049223635653,-9.093844554597762,143.20550105803093,19.78364567333948,-70.74579523111093,PG,0.9504854083061218,0.9220697283744812,0.3223525285720825
503430330798585,15.754797111762,-86.834109918362,15.595279968178348,-86.85930763032744,HN,0.7240762114524841,0.4488385319709778,0.5943950414657593
909387153127451,28.736208967151,48.003263644262,29.51097608341644,47.761723445686684,KW,0.4992333650588989,0.1537613868713379,1.1025810241699219
906902016543352,31.331782024306,46.203432956327,24.55338314652355,55.84357331347637,IQ,0.3100999891757965,0.08256837725639343,2.568665027618408
2928214434172169,1.1206763559822,104.10141369167,3.229223630777448,101.40839607266577,SG,0.9693214893341064,0.9564128518104553,0.2224629819393158
450152016285778,44.280050101707,22.571319099243,44.519982969711805,25.763734309058794,RS,0.5831944942474365,0.4294116497039795,1.7119824886322021
364335675754039,27.44091865174831,89.6695301948495,41.16765715474592,70.68848869219121,BT,0.4438576102256775,0.08968162536621094,1.4623373746871948
1465192193846342,49.242897458505,-2.1257188472841,49.176534061847434,-2.037787822936536,JE,0.9990555644035339,0.9987812638282776,0.010276691056787968
307943760727803,32.017590561359,35.44667005004,32.06994926553165,35.38235378133824,PS,0.9624866247177124,0.9267421960830688,0.17079782485961914
460785571683103,37.925916394446,71.433043060589,37.05745165980067,72.24300032465179,TJ,0.8920633792877197,0.8701939582824707,0.7876133918762207
1128725237604299,-29.134916665635,150.74974999676,-29.133796547673303,151.49939504836553,AU,0.34504467248916626,0.04934436082839966,1.6686216592788696
490647468911155,40.963268605415,72.227703152599,-32.83512311441762,-70.81463644392738,UZ,0.18371707201004028,0.12077044695615768,4.030891418457031
333643931662411,5.6383973900144,16.079947991405,-32.84495636155504,151.30122580776504,CF,0.9493954181671143,0.940966010093689,0.3928084373474121
1227174381045729,47.768093183573,107.23115509769,47.7460229730716,107.34555230223182,MN,0.9732223153114319,0.964841365814209,0.19088274240493774
1407497409603690,3.0843020507054,19.86280519181,1.8623229226324887,18.240241990737893,CD,0.5677770376205444,0.2664172053337097,1.1463854312896729
3723636841075361,45.568657163831,14.018918146853,55.1425766644817,15.066179763133022,SI,0.14625950157642365,0.07588612288236618,4.304159164428711
165305525550262,8.3525370889256,-10.025850369874,8.27538907180544,-10.268456066619395,GN,0.533538818359375,0.1694289743900299,1.0095957517623901
340729614142712,18.491135,53.019456388889,17.494508653538027,53.97956509827288,YE,0.6174268126487732,0.5309323072433472,2.2183938026428223
454659182301876,-11.625933853582,43.262174830246,-20.917976337184584,55.60047399720663,KM,0.9472166299819946,0.8959997296333313,0.2160818874835968
668193423973890,-24.287426139806,25.329460617088,-24.071539381016404,24.722483218490293,BW,0.9995684027671814,0.9993214011192322,0.0047693257220089436
838630760070492,25.060757368329,105.86456403205,28.41661095260424,108.56955839248585,CN,0.7252125144004822,0.45086953043937683,0.5921087265014648
390606075408650,42.986310463262,19.555681585034,43.05612998394357,20.03408395122749,ME,0.710111677646637,0.4790242910385132,0.9260076880455017
131134676170300,-12.948481303182872,45.128315287832365,-12.920250422482404,45.05218066774839,YT,0.8189278244972229,0.6771403551101685,0.6350445747375488
1792656240942534,13.919496365755608,-90.97051612073146,14.230814799651231,-90.83138508777787,GT,0.9354550242424011,0.8960288166999817,0.29418253898620605
170823461623752,16.241110201764,-89.025642613932,16.33153581514742,-89.11781914873397,BZ,0.6535776257514954,0.35973069071769714,0.9218998551368713
326797512347685,20.477204466217,103.99483406515,21.585171064160267,102.20855486641568,LA,0.7429620623588562,0.6576904654502869,1.1438337564468384
603719283920573,40.194963555707,44.545682589004,48.15594480240716,28.303392893608102,AM,0.9007048010826111,0.8291200399398804,0.46028608083724976
307023807471036,48.822446939892,15.635962976885,44.58556168880323,25.422269410118634,AT,0.2859944999217987,0.031103134155273438,3.03639554977417
1360919617610849,48.744206328516,20.484833979395,43.32624631237421,142.95787989820082,SK,0.06392481178045273,0.004656121134757996,5.226350784301758
4130359377021158,12.744808419842,-86.016174505038,12.794647424682779,-86.07661594113756,NI,0.7835334539413452,0.7055055499076843,1.017846703529358
186509513837116,-9.162518629974178,125.26855431414576,6.005762358807153,-73.48474315890789,TL,0.38164952397346497,0.07029315829277039,1.8484078645706177
305027981215954,-18.157704641057,178.42394691893,-17.62205524406009,178.39617548740733,FJ,0.9859368205070496,0.9788640737533569,0.09328830242156982
156576193076602,-0.78254800116056,36.454570001926,-1.1480474584996996,36.8103941661459,KE,0.9339000582695007,0.8721082806587219,0.27338504791259766
713195779986935,15.71706020536666,-87.91892889999826,17.058286817139457,-99.95239780775962,HN,0.2752278745174408,0.041722074151039124,2.8987324237823486
211686643757850,18.378333055477,-65.856644722755,17.39565529644957,-88.31451480166126,PR,0.4728225767612457,0.30218225717544556,1.9126203060150146
1127316044444733,45.524200027704,20.00828632566,48.024980857490974,17.332746925747447,RS,0.2316565215587616,0.12826621532440186,3.2850701808929443
1705161749686063,1.6727266549458,109.85191823171,15.409784121012969,-88.07885492249905,MY,0.21556714177131653,0.15348239243030548,4.1815314292907715
1180959432346280,4.2166399722222,-55.441371916667,-27.08621212061621,-53.86137923879421,SR,0.6467173099517822,0.5244616866111755,1.741553783416748
152378826822821,62.297150880353,-6.3605044614883,62.626532597545925,-7.022639188900492,FO,0.9640650749206543,0.9355216026306152,0.17616556584835052
2163885233752606,46.261529486069,41.00615902421,45.97010446337485,40.54060722952855,RU,0.9995976090431213,0.9995139837265015,0.004773053806275129
828943404645761,-4.2440126883445,39.574345953224,16.720177603446,-88.70527691081776,KE,0.49726346135139465,0.371158629655838,2.3285021781921387
145074444769704,19.85141683329288,-70.79678177411726,19.835309022722928,-70.8231388176662,DO,0.996656060218811,0.9956387877464294,0.034721747040748596
167921538557854,32.347416850468,15.10321327924,35.633512497638414,-0.5578897233114752,LY,0.9932635426521301,0.9906024932861328,0.04956686124205589
628318788994208,13.152619444444444,-59.56710666666667,13.144071363225553,-59.59194554309118,BB,0.9975746273994446,0.9973195195198059,0.028854239732027054
842741859611073,16.018956092128,-61.581760537768,16.216794702931352,-61.59532518590852,GP,0.9853793382644653,0.9772256016731262,0.10495785623788834
310752417096783,66.229694079253,29.133889499018,67.46867998825428,24.868694826832375,FI,0.6288251876831055,0.3893328905105591,1.273328185081482
280932113713079,11.564178753638,15.28787472986,14.693244459177508,-17.087689967672134,CM,0.130022794008255,0.004793256521224976,4.066927909851074
306629164189671,31.994107162003,34.880880875532,23.447335118509866,120.34517742931327,IL,0.27301323413848877,0.09648172557353973,2.728865146636963
375713220429607,-20.444336397825,57.719071106087,-33.96000889078758,25.5093255722333,MU,0.6431705355644226,0.5166837573051453,1.4650685787200928
935998006944813,2.0128177809748,-157.40717950301,5.011010037761108,100.5169231908608,KI,0.4026336967945099,0.23690186440944672,2.6333889961242676
243279310922728,22.002956746269,59.647583227775,23.20658580683939,58.845711041863176,OM,0.9665789604187012,0.9408448338508606,0.18734297156333923
302369984598824,4.2729453578223,11.366798338452,4.257062620986934,11.54658239013081,CM,0.8751158118247986,0.7520574331283569,0.39079800248146057
1410294946017903,39.031705816026,125.75630076806,-20.605549230164925,-40.579317356865545,KP,0.5439037680625916,0.472738116979599,2.786433696746826
557405362093639,36.954042854563,8.9131949083518,35.263923068734975,24.829439612213474,TN,0.8828078508377075,0.8346430659294128,0.633111298084259
508273253877668,60.696459628121,23.784802432989,60.60499040348262,24.08119970139975,FI,0.6096870303153992,0.26549363136291504,0.9222390055656433
822631438351061,41.306291815096,76.061806069928,43.45615133596402,42.504347985659734,KG,0.1734369546175003,0.08949758857488632,4.35730504989624
1138310456645189,43.382281881015,16.41157939924,31.04338799151591,130.7464803707139,HR,0.4488418996334076,0.3236224055290222,2.6598613262176514
222871899226271,-15.510435536345,40.349633637766,-15.397304893543948,40.38336082421208,MZ,0.9925745725631714,0.9851887822151184,0.04413994029164314
653703302135487,21.606686370966,39.215434593079,30.02826394242386,31.435383309213258,SA,0.6478706002235413,0.4504876434803009,1.1714376211166382
512353726583180,57.378685294191,22.247361108176,56.93863012787733,22.847264725501805,LV,0.5958528518676758,0.366584837436676,1.1879973411560059
221188212807394,5.9007667928315,15.424776553249,37.54085340141566,29.537344095567928,CF,0.13704384863376617,0.0037331432104110718,4.123868942260742
319019459840888,18.609369461477,-74.151456712619,18.66108384396977,-74.13907698743081,HT,0.418525755405426,0.3298517167568207,2.5858795642852783
3291218371154050,-17.313447180213565,37.46183809351605,-17.25432269635044,36.037141221131165,MZ,0.8233122229576111,0.7477365732192993,0.7471892833709717
584561212946534,-19.59947361892,169.46805368552,20.92521534448555,101.41812020294871,VU,0.23770862817764282,0.0040461719036102295,3.0654122829437256
304491461128491,-24.913992289767,-56.992001471465,-24.953541698887392,-57.61394859869179,PY,0.9920503497123718,0.9866957664489746,0.05734135955572128
297816615150376,21.480754782652,-71.133236713743,21.85436157653777,-70.77434448888648,TC,0.9431737661361694,0.9140514731407166,0.28433865308761597
393440354996585,52.70481457742,27.450028836652,52.27329026471387,27.910070697225123,BY,0.6611431241035461,0.40207940340042114,0.9892407059669495
473720683849376,40.29467551394,43.521641209406,40.31293410957571,43.408822360670996,TR,0.9998487234115601,0.9997683167457581,0.0017425150144845247
454870842476357,28.72600008284,48.263573067355,28.986532761440845,48.12732015368235,KW,0.8913793563842773,0.8450123071670532,0.5268269777297974
151442870324225,56.727613998069,9.8232903910496,56.899179156674975,9.826249058542752,DK,0.641179084777832,0.5639619827270508,1.8750524520874023
3734785956631637,-32.223694448748,147.71777777513,-30.99909466615203,148.65946770787983,AU,0.8388107419013977,0.7208802103996277,0.6169447302818298
2674396816191889,2.5936083377885,9.8483489898272,-0.3024978775141703,31.6818519409731,GQ,0.4240517020225525,0.16261684894561768,1.69586181640625
1379450249134838,11.1299017047619,42.37458637619046,14.349387040363768,43.724666168918056,DJ,0.5318642258644104,0.4188682436943054,2.2456889152526855
275414690944598,-13.67751150128,-71.664754722863,-14.583943216968207,-70.73746646270988,PE,0.541358470916748,0.13380083441734314,0.954382061958313
1234218287109955,-20.82413546364793,164.48620687630458,-14.406626693287837,-166.28277314808557,NC,0.38380613923072815,0.1619458943605423,2.7743959426879883
302961411491361,46.996007579057,27.801513788055,46.89786497088255,27.801059276504162,RO,0.8985050916671753,0.8265162110328674,0.44038867950439453
948698085931649,49.321417002248,19.543460957034,49.301056345428,19.44210775950732,SK,0.46111175417900085,0.2204698771238327,1.9353063106536865
328279275310503,2.1101448348,45.328888943853,-8.943425200663079,13.32561683584068,SO,0.14268331229686737,0.05243813246488571,3.5397331714630127
3938529579574500,12.745875526918,-6.8748541915599,12.73847897686935,-6.8434405606440984,ML,0.9991138577461243,0.9987236857414246,0.008071696385741234
1194874720960051,12.083080655367,-61.701340518071,14.634976632831215,-61.02800667292344,GD,0.6253435611724854,0.33528974652290344,0.9070730805397034
2660802827398825,16.196727547951927,-16.262142180464767,15.883413201723283,-16.424634124358654,SN,0.8716660141944885,0.7450320720672607,0.3977367877960205
474318140350732,-30.186929671859,28.721722313277,-30.128000385349047,27.56271507937015,LS,0.23011592030525208,0.10548944771289825,3.2495672702789307
131538628927343,23.927591478789,56.89006326826,24.335279641356248,56.62923124651945,OM,0.4242316484451294,0.22983339428901672,1.8780395984649658
956252018280238,5.6732085786965,16.632589745091,-16.431491511810055,-48.47030666681587,CF,0.17734451591968536,0.036739230155944824,3.901918649673462
986557568784559,47.96199867689,3.329329196682,47.811127820675296,3.5622002164880437,FR,0.5061267018318176,0.03427746891975403,0.8562260866165161
858888201360481,27.431311876486,89.411968800978,27.8431064831032,84.77945330798067,BT,0.2911778390407562,0.2151455581188202,3.375246047973633
1122494928228049,-6.2923231452892,176.31516236757,23.115962539237973,89.6999506168236,TV,0.9992327690124512,0.9987917542457581,0.007576589938253164
822289958383794,41.363620514254,46.930408712763,41.4819229283581,46.694642531018,AZ,0.9552011489868164,0.9226260781288147,0.24337351322174072
507580496941067,41.24483557588,71.582892060753,56.80099945821808,61.44574482872381,UZ,0.5068838596343994,0.4690760374069214,2.8648123741149902
850897392160274,15.37337039371,101.11838827961,15.235051473460794,101.18208352873195,TH,0.2705959379673004,0.1370602250099182,2.523836612701416
1479666545728283,-2.207944528615442,29.59226081231841,-2.216818864612544,29.633810803007304,RW,0.6524490714073181,0.5270014405250549,1.0494506359100342
580789552886656,50.678594855093,4.8188742178492,51.68417922865162,20.83272192914713,BE,0.31475815176963806,0.04821217060089111,2.903902769088745
795872621134242,21.469950825343,-71.131968567748,21.649208987458344,-71.99025207041805,TC,0.9853517413139343,0.9749653935432434,0.08834506571292877
537185557301814,21.468632587884,-71.131614335596,21.501605204295988,-71.46789140046103,TC,0.9810135960578918,0.9694128632545471,0.1099933385848999
533124681034633,9.6221481881675,5.9902728883701,-18.022057749944373,35.66002964178031,NG,0.9024246335029602,0.8764982223510742,0.6003760695457458
459637375114061,16.326241192515,-61.485416089177,14.772274005282835,-61.177634216648144,GP,0.4908234179019928,0.35274726152420044,2.1550188064575195
761065858107101,18.02556598756,-63.076095445477,-12.962904493512504,-75.29474656790578,SX,0.7654256820678711,0.6485681533813477,0.8927197456359863
175886771114688,37.132743072818,71.445580058334,37.11518222993356,71.849598706888,TJ,0.9995860457420349,0.9992684721946716,0.0039954232051968575
3028763490743210,44.505071370572,14.497751817403,39.63182871734207,3.3761119071843497,HR,0.30602380633354187,0.0030843615531921387,1.780332088470459
4083027895078105,6.922264444172,81.810604007404,17.297791310685945,79.6972605742429,LK,0.5726035237312317,0.16893014311790466,0.8621439337730408
196273232181806,10.57170873112,-61.274575577684,6.043860899777631,100.43222614861597,TT,0.18982471525669098,0.05433429777622223,3.1549336910247803
311046543750546,5.8181956657151,-55.229591655912,5.830685556827442,-55.19201789019513,SR,0.8815506100654602,0.8093496561050415,0.5724741816520691
1340777496415094,-24.184041937054644,-56.01406804634483,-24.25034029132731,-56.06662336950008,PY,0.9999945163726807,0.9999926686286926,8.448390872217715e-05
320265609670289,38.422783933334,-28.447899110035,39.40426763179581,-29.754742418477473,PT,0.6869053244590759,0.6192766427993774,1.7006968259811401
587462658901340,49.482634783129,7.2198204378864,35.781363193339054,-83.62942091907306,DE,0.585037112236023,0.4786819517612457,1.932509183883667
1117419915461502,-13.3507635470948,24.07831798797145,-13.430083628546088,24.505113283503267,ZM,0.9799774289131165,0.9720601439476013,0.1481519341468811
293849812373143,21.729330866875,58.283925067403,25.25431933153125,55.599503717641866,OM,0.4036898612976074,0.04870221018791199,1.4485626220703125
913136816207204,27.685309394915,84.245084160599,24.03481487005111,90.75332577657254,NP,0.8350504040718079,0.7489377856254578,0.7350244522094727
1427947294218129,38.134538979321,20.602291273787,39.99008739636936,24.05858493407284,GR,0.526269793510437,0.19311466813087463,1.4673614501953125
950864868999393,51.137636946693,23.395299320308,50.40929067257906,22.091242873546506,PL,0.3771219253540039,0.11706894636154175,2.5803580284118652
223308666224105,10.524123082769,-2.6530083555487,12.715618477992917,-15.507203890109249,GH,0.8241776823997498,0.7979164123535156,1.3016390800476074
202168424910797,63.087501381586,29.619921161522,63.40016407315431,29.726321926558892,FI,0.18821747601032257,0.002731695771217346,2.3091328144073486
134334415352783,34.771117780932,10.388663407803,34.75105599534499,10.489916192074661,TN,0.8144199252128601,0.6853777170181274,0.7129924893379211
1123967504754624,2.462911169111,9.8411851986574,8.655819330118678,-12.449322275439236,GQ,0.25776755809783936,0.08021901547908783,2.6476986408233643
563150931329907,-16.454467194083,-152.25488087725,13.165656263619278,-61.20995869416342,PF,0.5120338201522827,0.2696981430053711,1.6502375602722168
527782441730123,19.613317472222,37.21518325,14.703700209497743,-17.394173896419602,SD,0.3786128759384155,0.26322922110557556,3.14523983001709
874132063313509,2.1211650392132,45.325477296944,34.79570398853437,10.741836401209898,SO,0.24440200626850128,0.04849572479724884,2.727937698364258
1414690518888723,4.4280699971271,-7.3572366993037,8.44912835709567,-13.199998673211747,CI,0.6244342923164368,0.5496678352355957,1.8301212787628174
1488652064809969,31.757099517069,35.492951999494,25.51076691192005,38.426035984764006,PS,0.40346264839172363,0.24994854629039764,2.920807361602783
548267689892757,4.8188638046841,31.553307958678,12.541112361989784,-1.223088481488048,SS,0.812919020652771,0.7455664277076721,0.9318609237670898
151479410277523,13.926511407569,-90.820049410327,10.95396544797204,-74.79130916607127,GT,0.7307357788085938,0.6131196618080139,1.0066993236541748
282741450237053,40.63918244788,14.689358309553,45.61138149550157,7.750474148829353,IT,0.3807651698589325,0.13018923997879028,1.9946012496948242
466856821203613,32.362756289357,15.075112091192,34.99952242923057,1.1754943233807147,LY,0.3631150424480438,0.054945945739746094,1.9047656059265137
503692787493112,-8.4956747146718,28.873913205907,6.1225105241424,7.737151983426188,ZM,0.1841043382883072,0.001879870891571045,3.393251657485962
129527739201981,50.74400552946,15.089402768176,49.69346389651505,15.74676193662898,CZ,0.2791955769062042,0.005348950624465942,2.0907983779907227
459080448727005,43.398268683651,17.872251876102,43.45989182352738,17.844529917107,BA,0.49857938289642334,0.20344331860542297,1.7647607326507568
2599771000325900,10.491317886291,-66.940783689543,-23.515971283219272,-46.70635328309222,VE,0.1869037002325058,0.05371786653995514,3.759537935256958
1586218158513391,-35.09726470656671,-71.96444205112698,-35.112796857197566,-72.00100230045524,CL,0.951897144317627,0.9192916750907898,0.258775919675827
790312034924185,6.4665061966066,-73.264673048874,6.564491648046676,-73.20560157879768,CO,0.27655038237571716,0.10545487701892853,2.346332550048828
3828714587227647,-28.982228650362,17.795137519664,-32.73282921911048,18.487004365642477,ZA,0.964775800704956,0.945016086101532,0.2104005217552185
915335685911826,-26.650343222475,31.676701721271,-24.556391956554307,30.705263743343707,SZ,0.8213070034980774,0.7461109757423401,0.7796787619590759
295989332000056,-21.294072972472,55.453451741806,-20.90770405451579,55.530285198114946,RE,0.8543815612792969,0.7119359970092773,0.43300020694732666
762826894424335,15.953620769688,-61.226106662441,16.34463959272892,-61.2928258657453,GP,0.7213125824928284,0.5916152000427246,0.9132623076438904
748877299000226,37.48624814219,-5.6260757420713,39.895584966445554,-5.419613304560242,ES,0.37127208709716797,0.021023958921432495,1.7678803205490112
995130811306873,23.092040987381,59.032220074214,22.938758846595555,58.69508093173655,OM,0.858518660068512,0.7242475748062134,0.4513773024082184
173462692069034,50.00493277190843,-109.16881836125964,49.981232245735434,-109.57197778470943,CA,0.9594700336456299,0.9202131628990173,0.17765957117080688
374397180633667,51.090338894144,4.5540810997605,50.82565885705684,4.311698460546809,BE,0.3079255521297455,0.15006953477859497,2.7891597747802734
925791128266982,3.9464155812419,-59.099715656841,44.416624532967056,16.00484563289294,GY,0.2744750678539276,0.06022508442401886,2.312174081802368
1008151256597783,5.4088235841337,-54.080394782482,26.287797319539436,127.8154734829843,SR,0.13367941975593567,0.05745580792427063,4.605885028839111
183020897030038,12.165472591779,-68.284782803721,-24.478730306116745,25.414485177770555,BQ,0.4676176905632019,0.06626370549201965,1.4147405624389648
497361505026790,24.459011977771,39.707017834424,26.03917561334363,50.46924241384908,SA,0.4914693236351013,0.43864208459854126,2.346926212310791
312120757154735,47.999359257395,28.38593989914,46.1893162252034,28.38982316062189,MD,0.2446938157081604,0.04520153999328613,2.253206729888916
507960406990835,40.602484593203,70.9323931635,40.7500070009932,71.03798537573675,UZ,0.9224547743797302,0.8977459669113159,0.4877774119377136
1068908920302393,28.118257713069,84.092550077463,25.03969144007825,121.86455919015035,NP,0.5204176306724548,0.23976975679397583,1.4670218229293823
2455881761214087,9.3112240684333,7.2316171757752,-15.436764165972377,28.34266655207651,NG,0.19887220859527588,0.09952098876237869,3.284456253051758
308361434006892,4.4588854980948,-75.339098450144,5.420144923045899,-74.87854987448043,CO,0.1939491629600525,0.0005622059106826782,2.8383407592773438
155484156583350,-42.588544997261,171.13273084297,-43.05136877147465,173.29918264083332,NZ,0.27687305212020874,0.08763983845710754,2.198209285736084
792143884742189,53.499641726189,-10.025130557347,53.477390210230446,-9.896116693550521,IE,0.9977964162826538,0.9967882633209229,0.020740456879138947
538480140482205,46.417273237497,15.981580762317,44.396031392592846,11.820961429718363,SI,0.08788655698299408,0.0005860850214958191,4.0345458984375
968891463855525,40.418204733364,44.58904057928,40.26420523359503,44.134108461195126,AM,0.4923913776874542,0.3606601357460022,2.226284980773926
2562980810671463,39.539716862316,22.649912734594,39.312362961434644,22.42441117513641,GR,0.6102204918861389,0.5561435222625732,2.1891796588897705
840569223558585,53.471437474357,30.369358954069,54.88584894161164,26.3511513756359,BY,0.9177946448326111,0.8763182759284973,0.4189683198928833
212713197082595,42.7199422641,21.124316375918,42.588729372403726,21.15470767950649,XK,0.9327496886253357,0.9091879725456238,0.37097740173339844
300368228286972,2.6515753388508,99.632830332947,2.336597149079852,99.7729022995989,ID,0.7894312739372253,0.7335041165351868,1.0943800210952759
803382520382829,-28.928078796683,27.877133995547,-29.302099179124294,27.50349629785024,LS,0.6227468252182007,0.42805731296539307,1.0275076627731323
1251699818583166,9.3253458360703,36.511457430463,-27.144190652334643,-55.53001197009782,ET,0.4416515827178955,0.22912898659706116,2.2458364963531494
134346362021204,-20.169316372954,57.574783850557,-20.242095758765714,57.47682150567028,MU,0.947666585445404,0.9374662637710571,0.38994044065475464
2659684644176450,15.207410023546576,-14.26851329497232,13.58583921119676,-6.587523968222512,SN,0.9442613124847412,0.8978633284568787,0.2608756721019745
338266731040151,-27.714887442632,27.237097549584,-27.643560479523288,27.246654477042235,ZA,0.6493755578994751,0.5561202168464661,1.3522891998291016
290719459343271,25.048779030648,-77.341776655437,18.604206442198556,-66.32683304624848,BS,0.583112359046936,0.29989659786224365,1.1295720338821411
592656634965955,46.682736593205,21.206630159237,46.695459258267164,21.22792440547691,HU,0.10775820165872574,0.0025664642453193665,4.111988067626953
327481305476197,3.6341919176295,72.959377283817,25.74366177934686,-80.23804997076799,MV,0.338622123003006,0.18486854434013367,3.0460636615753174
511298200008833,41.001835659413,71.969851087691,40.83457748955636,71.702085984945,UZ,0.981665313243866,0.9672166705131531,0.10768673568964005
1048097032779725,43.42241145892943,4.995993425198574,43.50742536710982,4.969478577310422,FR,0.23641647398471832,0.009441301226615906,2.447859048843384
275678077530743,-17.141803188939,177.19494791591,-17.78166311023948,178.50919117491316,FJ,0.9985767602920532,0.9981527924537659,0.01518330443650484
292380389132080,14.868771348072,-61.121170377502,14.618158552776944,-61.05828412660313,MQ,0.8027322888374329,0.6285816431045532,0.581669807434082
195963679022241,41.444760586953,46.861020646343,41.50536023052053,47.91906962998128,AZ,0.6128907799720764,0.2435552179813385,0.7900232672691345
967102544034985,16.986811638045,120.77076999861,41.29258048490679,-7.841021296877836,PH,0.11377447843551636,0.03542757034301758,4.672298431396484
132001678913743,-38.053559635768,-63.429009930635,35.33607100574505,136.5887441237992,AR,0.1327386349439621,0.09410513937473297,5.033494472503662
4323012444383952,-25.366368202834,-57.609654895019,-25.52226276923758,-54.648612426437595,PY,0.5478988885879517,0.26058271527290344,1.1024073362350464
1156261378535995,32.32323776884,-64.709264213971,14.607079117153019,-61.08065957635754,BM,0.6742570996284485,0.49141114950180054,1.114848256111145
1022165461521852,10.726476338495,-14.376868641028,10.102480305657975,-14.523195800148232,GN,0.8741356730461121,0.8134334087371826,0.6904281377792358
193167485884135,44.181071716568,19.719133913291,44.240427487694056,19.833577567952773,RS,0.5903902053833008,0.2744075357913971,0.993561327457428
2679866852305147,50.425563977087,60.525062163106,51.65647636155639,59.44894831001623,RU,0.9992297887802124,0.9985814094543457,0.0068418290466070175
924145305018051,45.915356124611,13.677818254528,53.44769291561656,23.01874909395296,SI,0.1593220978975296,0.10637370496988297,4.778420448303223
3991894140857885,6.396085635246,-10.578195078991,6.4135730239832744,-10.562886127232915,LR,0.9998394250869751,0.9997673630714417,0.0018168778624385595
3753076561487105,2.0937663139626,45.333850241529,-8.934480542866337,13.256443879326115,SO,0.3443547487258911,0.18468521535396576,2.300313711166382
4014259028668392,-23.777002866313,29.535916133115,-23.09461377492202,30.025325591009267,ZA,0.48199477791786194,0.3273675739765167,2.110025405883789
1164259444051011,-33.004571460529,-56.45950492044,-33.01651842526053,-58.74154371248177,UY,0.9845370054244995,0.9829133152961731,0.14165768027305603
427797935584192,-3.381688479243244,-44.524339863567576,-2.7987354960721245,-44.472852748310785,BR,0.9993054866790771,0.9988449811935425,0.006624015513807535
348228456711934,0.368039651477356,6.712420799552506,6.094989170829034,1.0915022517687798,ST,0.9365277290344238,0.9247840046882629,0.476489782333374
4037485459669920,4.8556815609205,31.589953699137,-3.2220115338824797,29.223938067671455,SS,0.5524581074714661,0.3794645667076111,1.605783462524414
157040263028996,18.045966582305,-63.112275507715,-12.949652573982686,-38.42749144219863,MF,0.8270688652992249,0.8164992928504944,1.260288119316101
1124425647962016,-8.100649444444445,156.82296055555554,-9.426398555305294,159.53646582970913,SB,0.9998332262039185,0.9997948408126831,0.002060471335425973
190098606266094,55.069795005888,22.812891905378,49.11722320735035,0.7750835124973363,LT,0.2692851722240448,0.0523994117975235,2.893491268157959
3863626387049111,15.379540488714,-61.26786022339,15.405452358062062,-61.201957751064924,DM,0.9739162921905518,0.9484328031539917,0.12396204471588135
807900806500123,19.60787766549,37.220870972767,14.239773456373168,-16.646567030388375,SD,0.5501253604888916,0.2683991491794586,1.3445817232131958
135555819075899,46.30515446867184,15.555693802754446,46.65520651836992,1.701377191612506,SI,0.306706041097641,0.17388933897018433,2.9952332973480225
152233856857550,11.552312562133,43.119735981314,6.38083033059501,-10.85617701631318,DJ,0.711775541305542,0.6057705879211426,1.5027339458465576
319392699542913,1.3294518861992,34.311410798855,-0.3614994920723123,31.685384112040527,UG,0.7293882369995117,0.4678952991962433,0.6423569321632385
991289955033112,34.234741855173,35.65948675276,-8.907612173032446,13.266626983872737,LB,0.9363202452659607,0.914635956287384,0.40749117732048035
328520695545965,63.434626046589,-19.024249484436,63.48521074472301,-18.967990197041757,IS,0.6764942407608032,0.4398101568222046,0.9842770099639893
464789361418887,3.807393,113.74682650005,5.263191488340857,115.54762275541664,MY,0.9272885322570801,0.8668150901794434,0.3351130187511444
1310937239362809,-16.05923501421255,28.45034874273332,-15.669117364084201,28.209444692189866,ZM,0.7833535671234131,0.6552290916442871,0.7246326208114624
1177148709364507,3.9517282399816,-59.127383286379,17.526737403792286,-88.40275246784752,GY,0.986539900302887,0.9846365451812744,0.11160647869110107
141607461308537,-22.361528273609,-59.837892878355,-24.41844828000678,25.33736169075996,PY,0.5806145668029785,0.4412792921066284,1.8372095823287964
463077528107904,-4.7878008330033,11.864756923075,5.321222961949992,-4.06013461466522,CG,0.975555419921875,0.9651363492012024,0.1558881402015686
173215948022940,8.5714365537216,-9.8691302343456,8.18584958421836,-9.717532739466373,LR,0.9075129628181458,0.8595355153083801,0.40653368830680847
3926033430843905,32.171256244263,35.467920604541,32.1000178151474,35.333882804013754,PS,0.9784421324729919,0.9690706729888916,0.16441410779953003
916665025779516,24.524150796485,67.540287646591,24.607025789877067,67.58354827058282,PK,0.9535539746284485,0.923395037651062,0.2648603916168213
842532369808274,41.215589499727,-7.4506176074975,41.15389474498115,-7.041965172593361,PT,0.8612370491027832,0.7875707149505615,0.7055720686912537
909312326294088,28.050014468342,-14.340539294975,27.69841961132248,-15.57039587084364,ES,0.33315354585647583,0.15699440240859985,2.268115520477295
1207676993015897,10.787243979814,-68.323068119416,6.34520877063975,2.463958047092966,VE,0.2352893203496933,0.038302868604660034,2.963710069656372
317484316498860,51.531648181729,128.20909035955,56.797687358163515,60.801350368568485,RU,0.6040228009223938,0.3485698699951172,1.4052143096923828
947661819318356,17.121694235905,-24.994762874038,15.92523017866956,-25.50126041710817,CV,0.9972254037857056,0.9964786171913147,0.025801442563533783
3947329925333716,12.679493966294,-6.7269231036328,12.68380039546986,-6.699719849760994,ML,0.9988095760345459,0.9976545572280884,0.009370381943881512
142131454599179,24.557496611483,35.148695104321,38.697170170295266,33.817456836583,EG,0.3299269378185272,0.24274395406246185,3.6327409744262695
165567675960284,19.612087898208788,-70.1751715983372,19.602385928222983,-70.70259992233376,DO,0.4674880802631378,0.19523292779922485,1.419783592224121
1366666657062368,47.544360211205,12.177256693404,45.946342433450795,14.036408890545173,AT,0.2530389428138733,0.035271137952804565,2.9226338863372803
829244944391118,39.11803685393,-7.7196219014644,38.337120624985396,-6.188677877528959,PT,0.3080587089061737,0.1013234555721283,2.521620750427246
298013541938371,41.541448730912,-8.7560397976019,41.26291303464253,-8.223557284099142,PT,0.7695674896240234,0.6260000467300415,0.8500001430511475
930318810923353,12.290897526921208,-69.09122276531554,-25.91782683421747,32.46347086391365,CW,0.4180828630924225,0.23895263671875,2.658249855041504
503246924141783,15.602839427825,32.487242561959,24.70715943547113,46.656178588292285,SD,0.3843289315700531,0.2061261385679245,2.5077931880950928
449325599700589,50.12174331487,4.4948783441326,45.324535973174854,1.7405702456366579,BE,0.14395543932914734,0.044825054705142975,4.386842250823975
467405711031097,17.992572255683,-66.263814308226,23.05726036141504,-82.47740316212379,PR,0.3754138648509979,0.02496400475502014,1.9383991956710815
288246882935326,40.557590089793,75.163197454637,36.83589988798925,-2.4138291503718863,KG,0.11700458079576492,0.007259257137775421,4.59633207321167
505540450790369,22.70995468898,92.098773627243,24.23749032973382,91.5570187665162,BD,0.4791698455810547,0.042237430810928345,1.1612430810928345
591386078920254,62.107759453888,-6.6834959276139,62.10702340889724,-7.0139541181530785,FO,0.9970972537994385,0.9957106709480286,0.023084161803126335
370606561029319,10.210502973191,-0.07341133185964,10.112859099109476,-0.1649621816876525,TG,0.9999767541885376,0.9999557733535767,0.00028459899476729333
439450394288287,50.054284237917,38.880788589348505,50.00131746806086,39.09618390823059,UA,0.9377918243408203,0.9105333089828491,0.37242552638053894
310375324029868,-37.347698548595,-71.82270654997,-35.5014440559379,-72.50338634888772,CL,0.6323450207710266,0.41666510701179504,1.1632879972457886
981591149045969,18.008278271819,-76.772753375805,9.061195240815914,-79.4870404354724,JM,0.7687556147575378,0.704030454158783,1.1192700862884521
538662890462002,22.639099459104,-80.443942528532,22.587272248710946,-81.18195081871893,CU,0.9897922277450562,0.986419141292572,0.0855589359998703
481222069768896,22.306404025662,114.25196352132,22.26565428797947,114.19102789883307,HK,0.9278389811515808,0.8727760910987854,0.3125397264957428
853822608822418,-13.764240001823,34.415945000478,-25.309270220433795,31.948082533778756,MW,0.4005429148674011,0.14995697140693665,2.2286291122436523
2945544342367414,18.448984494982,-64.550096065019,18.762640722813316,-64.64648757643079,VG,0.9121817946434021,0.8868051171302795,0.46809762716293335
733805970633940,26.209879663614,44.103482474166,29.718019835522657,31.075480190489923,SA,0.7351915240287781,0.6649291515350342,1.394085168838501
2579377392357434,34.360744713034,0.072177953700416,34.28748801095955,0.2021784644993325,DZ,0.9961949586868286,0.9924423694610596,0.02537933923304081
321976292610460,2.6050561253904,-76.72716581048,2.588053212026225,-76.67605288361747,CO,0.9595386385917664,0.9378387331962585,0.21659892797470093
246778030560130,22.378053670525,103.87749530607,-24.093784371693204,-46.67592880580287,VN,0.15685820579528809,0.09870492666959763,4.618784427642822
132463405538393,51.895041095248,4.7359317785887,52.998008520906545,5.5727862314236,NL,0.18454968929290771,0.06096339225769043,3.002729654312134
159985626091830,42.085182325218,23.055097885585,41.860927214625264,22.68723359607645,BG,0.429069459438324,0.266589879989624,1.7683653831481934
740422473321001,35.328722082019,33.504620154232,35.41674258176639,33.9972635918162,CY,0.45044341683387756,0.16470572352409363,1.3274577856063843
6049840251722845,8.4468470660858,-83.484163463651,9.619281269955836,-82.94442490852205,CR,0.5653026700019836,0.3884351849555969,1.6303815841674805
138432154861804,35.516834375223,24.116877817233,-16.706268639835635,-48.75789444576492,GR,0.4976782500743866,0.28022512793540955,1.927689552307129
171677658627663,18.637934456903466,98.81616605062511,18.714839705354755,99.04797297829617,TH,0.29843172430992126,0.03255566954612732,2.2484607696533203
473447400410020,45.472666923779,13.751881662375,33.85801409256558,133.2824000937926,SI,0.09536081552505493,0.03574765473604202,4.458827972412109
208370247526297,56.307504479799,9.1351912802156,56.020801816478304,8.389144053466131,DK,0.19919325411319733,0.011900156736373901,2.971284866333008
1163829564042676,17.629236812387,-63.23181172096,-20.160501262592224,57.52002809187072,BQ,0.13685670495033264,0.07748538255691528,5.154205322265625
1180300995725561,32.355451166141,15.079114167989,35.66437695589944,-0.5945297582828977,LY,0.6130819916725159,0.36078548431396484,1.1956961154937744
1162905660800863,17.15804609038,-62.622664100026,14.606273267753835,-61.03217213185443,KN,0.5131182074546814,0.16455954313278198,1.1748180389404297
780194756204466,31.983423754021,34.895586904175,32.36547943704883,34.891835094471475,IL,0.34574010968208313,0.17699669301509857,2.270528793334961
789897778580281,54.185632103826,28.47319812173,53.50263604786103,26.826107297419828,BY,0.6112968921661377,0.5291607975959778,1.8394194841384888
769108033797400,-13.06839043317,-76.274611371143,-16.314959700932405,-67.9387603453213,PE,0.2629455626010895,0.11803480982780457,3.2418832778930664
5011086665646025,13.613395452952757,-16.429313461515747,14.7642522078264,-16.921526318363988,GM,0.8942456245422363,0.8362387418746948,0.45306339859962463
3772032009586752,-4.0767885530923,29.088814837055,-3.2293212699483176,29.32683324004798,BI,0.5343287587165833,0.2758767306804657,1.6345463991165161
971793776898906,-34.758013649475,-55.95646902546,-34.101014459504796,-56.208946125157595,UY,0.936468243598938,0.9116530418395996,0.3276345431804657
745163459490620,31.824187546378,35.267560408259,31.56854643072897,35.29837183085106,PS,0.7444092631340027,0.6574478149414062,1.3776427507400513
531383694528931,37.605095136322,48.695122536588,36.1652770749632,50.43577094232858,IR,0.5244987607002258,0.414626806974411,2.2349040508270264
355157592673467,1.0703328887576,103.96283377749,1.0609733776919534,104.05369686779113,SG,0.8325679898262024,0.7338905334472656,0.7609169483184814
303575617923017,-9.4382405064784,147.20811425115,-9.36083426771637,147.04288568912315,PG,0.9609895944595337,0.9239546656608582,0.17904727160930634
1038259080102537,-26.782850103384,31.938656241877,-24.55173761839957,30.91113293993237,SZ,0.48489248752593994,0.21745267510414124,1.611476182937622
459158871851075,10.792404464252,-12.298637806325,10.038978853690617,-12.897059903262473,GN,0.9891758561134338,0.9791107773780823,0.06466364115476608
288005262963881,-21.597843332119,23.667795003616,10.63610188641299,103.79414512755838,BW,0.14788511395454407,0.012598589062690735,4.6562371253967285
311438013831843,16.840623273889,121.74439328693,15.89271246389153,120.75168815695962,PH,0.288540780544281,0.14388208091259003,3.3798270225524902
457187265449390,18.32580535956599,-64.95398969507924,36.62761718159027,28.33373734678938,VI,0.35541588068008423,0.1451878845691681,2.7043850421905518
327825698973041,39.559288635696525,72.9109157130074,37.751229152371366,74.56750810402755,KG,0.9583554863929749,0.935058057308197,0.23851899802684784
1376712112713014,5.1198336159589,-52.65735432583,4.982484473514886,-52.64580983801411,GF,0.94571453332901,0.9364661574363708,0.4247209429740906
524817781855332,-14.010419075563,-171.76031777505,-10.023914031260542,-172.17096077764134,WS,0.9999650716781616,0.999944269657135,0.00043308184831403196
858561451393926,36.701828275673,67.096598041303,29.98704858370776,31.398212285300083,AF,0.6542370915412903,0.5018196105957031,1.608811855316162
177928610855949,6.391780060521,2.6237783121974,5.164865430811203,-3.444093760429478,BJ,0.9354405403137207,0.8952254056930542,0.33616337180137634
747501719832988,-9.89210909998267,38.8967731000014,1.9559803914581748,32.87104844981989,TZ,0.38707679510116577,0.14899519085884094,1.721336007118225
488569252193683,12.539996192436,-81.714972968868,14.318791057152621,120.97040729794891,CO,0.47192373871803284,0.03752034902572632,1.1796579360961914
762294004482937,20.222569995853,-76.036013281341,-7.607270441796198,-34.767258545479095,CU,0.4143948256969452,0.30589503049850464,2.5594301223754883
526448611961086,7.924136171510359,-11.169831512240096,7.946867343078268,-11.12868122109895,SL,0.4819842576980591,0.16571968793869019,1.5322575569152832
1359226914447321,10.466207945458,-85.77513112055,13.890606274198475,-90.14837738631421,CR,0.5794435143470764,0.3792562186717987,1.2336410284042358
478165190183611,12.430745089839997,-15.317974157219002,12.348875276377688,-13.87515947271811,GW,0.9987059831619263,0.9982259273529053,0.013173420913517475
336533984561274,18.419385888373,-72.877030607553,18.509346437113813,-72.59498503994992,HT,0.9998247027397156,0.9997732043266296,0.001986320596188307
292195892390772,-13.068772639841,-76.278890129748,-17.03515581907211,-67.32882035586128,PE,0.10939551144838333,0.012582510709762573,4.130807399749756
786215532287048,19.827903639239,94.949804250429,20.084486079986426,94.81801412925833,MM,0.9911768436431885,0.9878123998641968,0.07660995423793793
4028024750648073,-1.455427434928822,29.883620710338125,-1.4013756186871649,29.794701001183267,RW,0.8411014676094055,0.7648139595985413,0.6676632761955261
481816143100801,26.018200502837,50.622605427635,26.036432600053157,50.61372386551112,BH,0.8112144470214844,0.7363580465316772,0.7704852223396301
304881227850189,22.470625099054,114.10853488259,22.379836603009313,114.22386634329322,HK,0.5436226725578308,0.11125090718269348,0.8025366067886353
126797393065714,49.84047838484732,15.803297909812008,49.751763599960704,16.069437001770964,CZ,0.3166698217391968,0.11217030882835388,2.318483591079712
1211101869349798,-10.507365795363,105.65356096619,17.65921014602957,-88.17641509653096,CX,0.2533515691757202,0.0751989483833313,3.6061155796051025
1357493864625552,2.1640539673148,30.64994870704,2.1651571387234596,30.73333113042715,UG,0.9983131885528564,0.9978073239326477,0.015829507261514664
934011534098551,12.028286166295,-61.732840110417,14.039030434665861,-60.97373204406648,GD,0.9295285940170288,0.8895115256309509,0.33531054854393005
500159881489089,7.342259838854188,134.46879110851162,29.176614821814013,-81.02557725019929,PW,0.2369173914194107,0.15429450571537018,3.8327033519744873
2829740963958043,-2.733735821930212,29.43081567684662,-2.0543480023943657,29.80256954965894,BI,0.8402262330055237,0.6973872184753418,0.5095821619033813
300848138109718,4.2523717777778,-55.444873805556,11.240526960806084,103.85275103155868,SR,0.9379265904426575,0.9233819246292114,0.43147528171539307
2960966407518451,59.940574907434,18.785342625587,58.699334713917594,22.848541714224602,SE,0.1677960753440857,0.08319069445133209,3.6508145332336426
220493529416834,14.451610237561,99.415018949546,18.587239970419994,99.49662729162773,TH,0.5061164498329163,0.3059205114841461,1.7488713264465332
516560806259751,-18.175596732511,178.20009731967,-0.876332815670754,151.34896645329877,FJ,0.8286553025245667,0.7608970403671265,0.9250097274780273
294110862335495,53.181595920049,5.7480942483866,53.45378391344954,18.603001216435093,NL,0.42303231358528137,0.3207281827926636,2.8870387077331543
244296907493001,65.57013399313,-19.349029020965,65.79935433397463,-19.060237159739575,IS,0.9905828237533569,0.9812096357345581,0.05364925414323807
233889245170464,4.8560503387361,31.612436706474,-30.391747200416194,27.62054718214948,SS,0.14323917031288147,0.04917512089014053,4.341157913208008
1927622730739430,40.369069324101,18.219159988562,40.62234985466409,17.91562133060774,IT,0.452888548374176,0.04485580325126648,1.1636266708374023
471926114136200,4.5631962676901,114.07349517648,23.82275883148349,90.37586451872174,BN,0.20847702026367188,0.12257909774780273,3.946536064147949
1192683651176123,9.0895860909637,-79.618866004971,-24.056262212107374,-47.517709257826915,PA,0.407641738653183,0.12961947917938232,2.5198636054992676
1413530045696031,-15.969463833371,168.26130683879,-4.122257263917216,-73.55490055754231,VU,0.35308167338371277,0.10777005553245544,2.0862631797790527
299499428465574,22.36370144725,113.94841256522,24.19302766221025,120.65255137155846,HK,0.5131190419197083,0.2183195948600769,1.312573790550232
189606749553432,56.525393057968,10.08101978509,56.27331144563721,9.392776071872564,DK,0.21518507599830627,0.00036844611167907715,2.9840164184570312
1108722216274003,1.3887705484241,173.14385660736,-8.702328864035465,159.2862816232883,KI,0.6827378273010254,0.5200554132461548,1.2505544424057007
240591061153313,9.7075559946148,100.00619099387,18.74836774560427,98.9577533135523,TH,0.2973358631134033,0.059505969285964966,2.1789777278900146
794974811139135,32.804114385981,13.043328230439,36.616194789991305,51.41761106270571,LY,0.6673095226287842,0.4726426303386688,1.0007153749465942
1107588656407422,-46.062736055573,169.00760704864,-46.19666643411985,168.57273643805556,NZ,0.30597954988479614,0.09644462168216705,1.9103374481201172
1279096795825768,54.406755367854,-8.4796165911836,54.33661991972099,-8.52984660071857,IE,0.941002607345581,0.9020808339118958,0.277238667011261
193108499326081,-6.7004249966118,39.206861112601,-29.31537698425402,27.482394261541398,TZ,0.4032335579395294,0.2452353984117508,1.8860304355621338
291897862594169,27.521924666676,89.820270487386,28.029812665628395,83.77019138764369,BT,0.7695304751396179,0.7132049202919006,1.1445751190185547
123070833137806,5.8145917994639,-55.143095980408,5.853230399725736,-55.223850802103286,SR,0.9997063279151917,0.9994875192642212,0.0029171030037105083
5396405327097940,69.21259125489,-51.103395948712,66.75738550246977,13.915123513687735,GL,0.4827454686164856,0.006887882947921753,0.9234704375267029
957601181668431,-51.706042723598,-57.906993308318,64.24862404877769,-20.717374360009945,FK,0.39692550897598267,0.30825501680374146,3.396857261657715
604130717650197,-1.9959688798483,30.050157126173,-2.0020853997952175,29.919136198953353,RW,0.47983428835868835,0.10700574517250061,1.2644867897033691
1941512039367524,30.98571832847058,-7.229221956634584,39.41290844029556,-119.24682322371329,MA,0.5094056725502014,0.2843889594078064,1.6153725385665894
196243366278308,13.167682777777776,-59.53696416666668,13.161378209739112,-59.609776592996454,BB,0.9999990463256836,0.9999985098838806,1.8230082787340507e-05
215411967015224,-16.468819194731,-71.941378039278,-31.395533736972943,-68.88192856371603,PE,0.22370408475399017,0.127134770154953,3.4806435108184814
1450360272005106,15.921467840879,-16.279407687736,40.17508379851765,-86.1968235799361,SN,0.2629512548446655,0.024892941117286682,3.323073148727417
756714068376834,4.8155110248734,114.77642618053,4.870276014239846,114.90201950079866,BN,0.7333691716194153,0.4699495732784271,0.6026570796966553
2918063678449936,8.0011665869234,38.705149393002,8.298727102030226,39.1912037029232,ET,0.9999992847442627,0.9999985694885254,1.1427066965552513e-05
1001295333882125,40.63113853803493,-6.0362211199295865,40.64564953873245,-6.162266349202246,ES,0.649747371673584,0.5823168754577637,1.6773446798324585
808035410091724,16.206487661547,77.345926501434,8.773675353433351,7.329256686699913,IN,0.9992223978042603,0.9989783763885498,0.008852394297719002
268897404930235,57.163975404144,-3.6875044027183,53.76576636594093,-6.842777956899328,GB,0.3565576672554016,0.13313956558704376,2.1950128078460693
1125401674596218,39.823992064377,42.428897726042,39.81936317447814,41.31944417633693,TR,0.8585351705551147,0.7174586653709412,0.4107961356639862
526674661844363,36.219109563696,44.414746657631,36.220044245973234,44.404063256806054,IQ,0.3679332733154297,0.23695515096187592,2.9838316440582275
964858007616084,4.2630124849459,73.563178328896,9.607996794415843,76.3998386466613,MV,0.3585090935230255,0.10990484058856964,2.103208065032959
5490667957675480,5.2624334865771205,163.0047322024813,4.543742785696116,156.73157269196184,FM,0.9961428046226501,0.9923393726348877,0.02568807266652584
573195574072375,-15.671003834964,-48.191441316741,-15.816126059865967,-47.9145208260508,BR,0.6506792306900024,0.38408413529396057,0.958297610282898
892381884955306,58.981961021242,24.221882703215,58.61338337295949,23.826579903721864,EE,0.8768152594566345,0.8501116633415222,0.7142106890678406
5416581451690167,8.876751843202419,-64.23554389395768,-7.322056355243052,-35.4220192300652,VE,0.6856232285499573,0.5656127333641052,1.2770256996154785
482078066336394,-18.636202891772,-174.01936863548,11.658486099377024,76.30089051776531,TO,0.289597749710083,0.16895323991775513,3.4682936668395996
329210971927794,5.843070862629,-55.089876855582,5.840037990123041,-55.151671594130775,SR,0.980544924736023,0.9727288484573364,0.1384279578924179
251937010050891,47.507459505795,21.685088460781,52.1806880399497,18.44568087592668,HU,0.9270225763320923,0.9134088158607483,0.5465258955955505
469124120816531,33.256755487161,126.61974805537,6.217972627704487,-75.59795058706912,KR,0.36418870091438293,0.20818950235843658,2.504621982574463
6544008378958782,42.576053933645,12.422579613177,34.52564356909485,-120.10192936035888,IT,0.47960054874420166,0.40270674228668213,2.9468941688537598
468826351040628,-32.904700967934,-52.731761718702,-32.71318242212715,-52.89434496162705,UY,0.9991940855979919,0.9987268447875977,0.007971836254000664
458089889154332,49.9716081757907,38.98921274981689,50.111814988613425,39.21564370888839,UA,0.9995222091674805,0.999448299407959,0.005621124990284443
913455289198852,10.638477230341,-61.313394324688,13.183553768550805,-59.62400307469357,TT,0.5063624978065491,0.026100605726242065,0.7802077531814575
391651555234292,4.7891910927864,103.42511490766,5.518553985439865,100.46550004764599,MY,0.9569733142852783,0.9324924945831299,0.2517869770526886
169873605037737,10.045722702666,-83.299560625022,10.138370498818235,-83.64627859450087,CR,0.869488000869751,0.7836845517158508,0.5181763172149658
1032233080991900,39.140834029054616,20.961949886464165,38.88853885529497,20.867656918324105,GR,0.22199228405952454,0.06202739477157593,2.593308687210083
375451844456388,-26.804552190115,31.961012436385,-25.27593152383642,32.07559546187332,SZ,0.38159286975860596,0.0928005576133728,1.9822328090667725
855805948342180,44.525909974035,15.903249699487,44.59698138308034,15.802137988260858,BA,0.7830764055252075,0.7084311246871948,0.8548327088356018
139526285635637,13.217826050214152,2.929162678521952,-15.481896131736843,27.933063533250532,NE,0.5009039044380188,0.342242956161499,2.1420328617095947
5442759149130487,67.890019179633,20.308537274689,67.52451617315214,21.12147299728402,SE,0.4286130964756012,0.25384849309921265,1.8024569749832153
3921179927973144,54.246330015747,-4.5628069974706,54.256741961668226,-4.70541634553074,IM,0.8795062303543091,0.7826222777366638,0.43807482719421387
469492320924211,38.276346407666,57.98363402764,38.03968414686129,58.126120803914446,TM,0.9979769587516785,0.9961923360824585,0.01573854312300682
310307137129739,48.189212227502,-106.60069617067,52.128047814642045,-106.76136057238706,US,0.449085533618927,0.2763568162918091,2.8088674545288086
383397352939199,39.95006776682,140.12870703204,39.97150232419235,140.10988035204392,JP,0.875400722026825,0.8329317569732666,0.6207630038261414
1688335251353973,-14.865382426326,35.3053829175,12.20261709877203,-5.555908184149531,MW,0.4010687470436096,0.3153234124183655,3.1255059242248535
368819684557497,9.8821178559993,-84.703514000306,10.150461196043135,-84.84214085555116,CR,0.21285009384155273,0.06330199539661407,2.797818422317505
3142165536067308,8.892556698116664,-64.244099923535,-8.097536083358174,-35.288504458293055,VE,0.4832461476325989,0.022715717554092407,1.0151668787002563
916461445802958,18.351592546824,-73.166686920189,-8.551238947766965,125.6884389317083,HT,0.27806514501571655,0.043563321232795715,2.24075984954834
1438450646526614,11.602056871897,43.143067800469,35.55107716765029,-6.026116442044925,DJ,0.7641794085502625,0.7150751948356628,1.338862419128418
171644361525352,3.2965683888889,-59.645080555556,63.19905538241453,18.614653559845646,GY,0.18301646411418915,0.05064590275287628,4.865330696105957
3643623472415985,13.248359768362,-61.267804498546,13.208527311721179,-61.23526399493013,VC,0.304212361574173,0.0011019110679626465,2.4298508167266846
974847123463445,45.48089676461988,141.9141645369168,45.3821539202573,142.06308417002052,JP,0.9791552424430847,0.9710403084754944,0.16510237753391266
219450919950414,4.2765353097168,73.575427012288,16.329665976703073,-61.48955641440953,MV,0.12569451332092285,0.036430373787879944,4.273826599121094
197777158852668,18.542511750027,-72.425551013845,18.72595887255923,-72.39004117975361,HT,0.677095353603363,0.5752838850021362,1.3676936626434326
1673203299531642,49.085005765367,-1.4823203864636,49.356488903077036,-1.6266605092643254,FR,0.9983013868331909,0.9978087544441223,0.017062965780496597
1605231949662620,31.431741304615,7.0759601080198,26.438293730180412,68.8476414591186,DZ,0.05882314592599869,0.019583813846111298,5.3512043952941895
451593852608237,49.039623298927,17.575489860882,49.20113262142939,16.72330407653903,CZ,0.4459385573863983,0.3034364581108093,2.3464925289154053
304641044593781,8.0755534487471,-80.948273440388,-20.114276151306917,-40.34742354953313,PA,0.33549022674560547,0.14608532190322876,2.505253314971924
537192110996228,33.673060807593,8.992445655067,35.273646920926694,-0.17551553942316786,TN,0.977253794670105,0.9734125733375549,0.19356083869934082
2874567659528784,10.624021568983,103.55740436843,11.484340998241361,104.26789660030404,KH,0.5499682426452637,0.46845364570617676,2.372068166732788
306873294180376,36.543159906681,-95.385746192161,36.35164552077337,-95.52913427893667,US,0.8363089561462402,0.7534716129302979,0.7636886239051819
474237406957052,38.032230216342,71.296052545699,37.30738715180656,72.28496862097467,TJ,0.8982823491096497,0.8434967398643494,0.45687007904052734
893270331236297,35.542457911478,34.345047266311,35.51507002576963,34.3807222299093,CY,0.9714891910552979,0.9587861895561218,0.17158344388008118
394355595015312,-10.420322783141,105.70164382136,-9.588191434465593,147.68945524581807,CX,0.5081797242164612,0.4130423665046692,2.7725090980529785
1720688194781084,-2.0414077903770145,29.44965968721136,-2.0125105554786153,29.570584808307267,RW,0.5949587821960449,0.39496755599975586,1.3054301738739014
1072181156643275,18.07465399978,-91.640772999734,32.93477816207929,-84.00706006001016,MX,0.18690039217472076,0.08022581040859222,4.342911243438721
4167670343253112,38.101113171443,70.434664027996,38.5332520775856,69.27418428760943,AF,0.8933311104774475,0.7916831374168396,0.3662894070148468
174020494657037,17.630108574846,-63.232604239636,16.014649241437787,-61.72093448289279,BQ,0.961991012096405,0.9319674968719482,0.1997801512479782
841778303361650,4.4129500800509,-7.3568081852969,8.446436944875735,-13.18469778391452,CI,0.3328377902507782,0.09201779961585999,2.231447696685791
6128179790541161,55.439905979985,25.277989368239,55.344832849125766,25.002707070314973,LT,0.9205637574195862,0.8498914837837219,0.33751043677330017
860733724520470,42.906057348904,19.550997884227,43.14072151805295,19.46642940462093,ME,0.9287040829658508,0.9149839282035828,0.4992024898529053
864697561114910,-29.077441505083,27.74348424067,-29.473683922827973,27.523588324794577,LS,0.9295011162757874,0.8722419738769531,0.2940095067024231
470728414179183,-4.4035085235997,28.875651684315,5.471837261328783,10.048225681599659,BI,0.5430180430412292,0.3482496738433838,1.891148567199707
572376240384590,38.710627031317,20.595182002582,38.67044875373051,20.6007671872621,GR,0.996758759021759,0.9962462186813354,0.03316343575716019
121312253609017,-2.475605,101.08095666666668,-2.8183310521560787,102.5944972028022,ID,0.560583770275116,0.5172563195228577,2.7879645824432373
1443161219370901,-20.998296188116,55.608257838223,14.588174384394783,-60.9775454045957,RE,0.9904382824897766,0.9852675199508667,0.06475482881069183
935114343986233,14.756132710056,106.17208788727,14.747128219429317,106.33811309619047,LA,0.3694964051246643,0.28100869059562683,3.018723487854004
528816851860286,13.929456140067,-90.641111213437,13.931081736130157,-90.61684052895468,GT,0.7205630540847778,0.5698885321617126,0.9831098318099976
949677732469296,-3.949905939326,29.108488727431,-3.1296707843348273,29.242429122451693,BI,0.979878306388855,0.9752407670021057,0.16066956520080566
535238961691986,-9.012128600000004,125.26142969997224,-17.97123540331297,-63.48793505545583,TL,0.32865235209465027,0.04163259267807007,2.322758436203003
785746405666869,-15.233412447604,27.672681901373,-13.439858976718867,28.487398195368524,ZM,0.5819737911224365,0.4868023991584778,2.0319108963012695
3016818381880651,49.809878371642,-121.45256952608,49.53789355054103,-121.41237724233622,CA,0.2848542034626007,0.1094578355550766,2.723923444747925
381383576502282,45.377597713432,18.296766050051,40.49665830806577,18.02731804420847,HR,0.7081500887870789,0.6362200975418091,1.511631965637207
610064709949694,39.354018070055,3.189777650907,39.62576141654884,3.356414553103879,ES,0.18806897103786469,0.020778939127922058,2.5566368103027344
172787811514759,35.229088448061,33.767549827448,35.21977243775868,33.76707987478896,CY,0.9724067449569702,0.9634419679641724,0.17181599140167236
782110492675930,20.011066718061,-75.671652777958,-22.71716735817322,-47.56494988143337,CU,0.17938213050365448,0.03060215711593628,3.4972639083862305
400250872119328,11.85196334791822,13.142710363889922,26.860891028925355,70.81326234208346,NG,0.4833140969276428,0.4333758056163788,2.6642823219299316
892609551301442,-6.2907747954542,176.31557778615,23.128103743810307,89.66251340351609,TV,0.8933984041213989,0.8706105947494507,0.7491728663444519
202638525024688,49.252128640765,-2.2302663941837,49.265874359500486,-2.1543654137308303,JE,0.8933765888214111,0.8823938965797424,0.7446430921554565
482179499657429,35.35863654069,-87.442281622797,40.23587606219036,-76.62480198914882,US,0.7935620546340942,0.7663614153862,1.4141099452972412
166409505310564,-9.7930504284381,33.876999664849,14.089888648486099,99.85068337521265,MW,0.282877653837204,0.21922802925109863,3.595353603363037
839128376686201,-21.379486131927,55.652855746499,-20.914438932947508,55.5049819814654,RE,0.8615767955780029,0.7545793056488037,0.572055459022522
173546557995177,6.6979922509375,-57.920196653076,6.773178597650649,-58.07858528836171,GY,0.6608489155769348,0.32921913266181946,0.686180055141449
778732033031387,49.481310552598,-2.580607408903,49.51324343607118,-2.151050329277297,GG,0.9998024106025696,0.9997482895851135,0.0025662893895059824
1459021641097176,19.327056989127,-81.381676002568,13.079915721634872,-59.62466751685661,KY,0.5581427216529846,0.3264789879322052,1.5205937623977661
968337867447613,25.014773599486723,55.87302113372367,24.787108479067005,54.94006073542433,AE,0.7567387819290161,0.5721755623817444,0.7867143154144287
516599479378641,56.372189487703,27.438134814115,56.55062814763675,26.99594949592625,LV,0.9946728348731995,0.9910836219787598,0.04206304997205734
826574104989977,0.4096083408951371,9.468790964341348,14.72339721882096,-17.785288939012936,GA,0.9140909314155579,0.8583994507789612,0.42093557119369507
298265468509297,-10.44607449126,105.70171289589,13.62057164937304,-86.38492387218305,CX,0.31776514649391174,0.16906990110874176,2.7391018867492676
135182671936165,24.97002129251,55.490379135321,24.20553845433179,55.67008320044347,AE,0.6489423513412476,0.4486770033836365,1.0759962797164917
369953761725438,-20.697927254597545,164.42307519257272,-21.312546793465494,55.44919800179343,NC,0.8621708154678345,0.8208314180374146,0.9134664535522461
150605930403453,1.5703799596146,10.84323380127,-16.62672806729847,-48.475557653161054,GQ,0.28909385204315186,0.07312896847724915,2.8267476558685303
942025196552576,18.04711135987549,-15.94458243190681,17.918326246110148,-15.651555961560996,MR,0.9999740123748779,0.9999573826789856,0.0003347180027049035
4245112742269900,-15.204236527253409,13.710121098211696,-16.82588690490974,-48.52458968410054,AO,0.357133686542511,0.19287295639514923,2.6432907581329346
800629050558884,1.5780520325706,10.841365858236,-21.85024496009351,-47.0895365071749,GQ,0.5774781107902527,0.5191393494606018,2.2215726375579834
329089375465231,-4.7898646188584,11.8559793524,6.38162742726754,2.4066497780895335,CG,0.735602080821991,0.5037274360656738,0.7448351383209229
2991410527805673,-4.1374600287328,29.078493212922,-2.971260421099212,29.55743454788773,BI,0.7128530144691467,0.6598049998283386,1.5813401937484741
798429247478749,46.183809459674,20.174482609731,55.802978186713325,21.15939076954406,HU,0.7747356295585632,0.7358047962188721,1.3100547790527344
2371116466357575,16.796385002204,107.11609099971,17.812363777401274,106.30796816546534,VN,0.5447005033493042,0.3033979535102844,1.0549417734146118
468504837703680,49.210225417814,-2.0260057718567,49.154554959142175,-2.046512666959211,JE,0.7904453277587891,0.6805120706558228,0.9994416236877441
544837470219031,25.294971915181225,67.28170930758036,25.07353167014959,67.30973228287516,PK,0.9946957230567932,0.9926031827926636,0.042169373482465744
962376597848366,-7.8679271311768,35.785662187966,-29.1205191438737,27.868244446839746,TZ,0.29360008239746094,0.204241544008255,3.542468786239624
284560226710077,22.245356411415,113.94634816993,22.39912895247932,114.19240001868576,HK,0.966582715511322,0.9358459711074829,0.1579229235649109
366104118882534,-12.947203981722575,45.1622949013442,15.597192579481955,-61.44383743878257,YT,0.5035834312438965,0.3670431971549988,1.9463677406311035
302738837907407,13.971297523146,-60.953783885869,14.01873773206161,-60.945363330039555,LC,0.8151223063468933,0.6413246393203735,0.5260859727859497
212663677118887,61.377613835646,-149.52560052518,61.258079567172494,-149.71700239090427,US,0.9990774393081665,0.9981995224952698,0.007700013462454081
298675135079993,35.02573827135,0.1062064724418,34.87785145264503,-1.5545940053133698,DZ,0.9125637412071228,0.8668137788772583,0.4174148738384247
200766568352215,12.2259298372,-69.032711700173,32.47894312751851,-8.659772288643616,CW,0.838432788848877,0.6811686158180237,0.476772665977478
522150762114358,-51.767857219423,-59.20385240723,63.834843312338585,-19.664478003728263,FK,0.37161070108413696,0.1848883032798767,1.9507925510406494
907645580029480,-10.531873592618,105.64908608946,37.19117148734758,-8.799953964230957,CX,0.17272524535655975,0.033704519271850586,3.9213857650756836
461637908454191,8.5770592738416,-9.8384949656858,8.888769706369187,-12.07196321247546,LR,0.6486756801605225,0.4991861581802368,1.4337713718414307
737762176916399,-28.523157809827,26.988610572901,-28.742406401994725,27.06261882675708,ZA,0.8706579208374023,0.7533969283103943,0.4332422614097595
974044566464626,-8.9232594155592,125.57214462009,-8.667237568067382,125.48445307295208,TL,0.544114887714386,0.09986281394958496,0.7670000791549683
207733560892728,62.969803716081,25.819453012454,62.29425531792612,25.455777778526098,FI,0.45610567927360535,0.06604775786399841,1.2872016429901123
935214247230705,38.662861546978,21.897000127107,38.583685930661304,21.862957592127664,GR,0.8192868828773499,0.7757158875465393,0.9705036878585815
308609804241585,45.352253598167,18.741494665616,45.468956774478826,18.730113653719112,HR,0.4595943093299866,0.19755396246910095,1.3634974956512451
812815579353857,19.970422258885,95.026704859366,20.020600528666293,94.78109567409047,MM,0.4801872968673706,0.21399778127670288,2.034761667251587
955193138582276,42.352822713826,18.93350046301,44.93266348066534,5.516785543701198,ME,0.3145805895328522,0.23852922022342682,3.426192283630371
314068633495505,18.384993994121,-64.663491419319,35.070966516500306,-2.1876727680748895,VG,0.33999103307724,0.12882478535175323,2.0305404663085938
153100520088504,8.6445550800531,-10.895087890593,6.965775058349528,-11.089709785670571,SL,0.5292454361915588,0.32231611013412476,1.3872536420822144
899516343957294,31.154817998866,35.36251239366,31.336328977775942,35.25935282073949,IL,0.8131547570228577,0.6440449953079224,0.5682879686355591
362016302748290,-10.182357974219284,26.92114281109953,1.87834630817165,32.54378686833539,CD,0.21899782121181488,0.03511388599872589,2.836824655532837
784285982279583,12.468243816564,105.11776238356,9.827514161319824,105.46318945115172,KH,0.5210478901863098,0.25155290961265564,1.89834463596344
741076933253733,55.559361968752,24.218044357931,59.71385758653464,30.423594436527114,LT,0.3404337167739868,0.23306818306446075,2.8616349697113037
588238156406124,13.540014603247103,6.862262541663696,14.788948023165554,3.192955344858602,NE,0.4671991765499115,0.2676457464694977,1.7941381931304932
704583704721230,13.358425346344903,2.9695516051747206,13.863717200319895,3.652840697399569,NE,0.9940183162689209,0.9909278154373169,0.04273547604680061
743913432954382,12.506491685569,-70.011189878756,-32.0390096063632,115.81322282865109,AW,0.5723928213119507,0.44922640919685364,1.8539215326309204
837216263894683,59.234310100905,25.661811016329,59.22986823956612,24.188385612480072,EE,0.849435567855835,0.8089764714241028,0.8078314661979675
4165344470189392,22.250944346283,113.98372956798,22.39268075625919,114.25032701395767,HK,0.7466375231742859,0.500219464302063,0.6036908030509949
123034153486017,8.896413266511479,-64.21983107316368,-8.06301969547172,-35.246142654675346,VE,0.3752375543117523,0.2139049917459488,3.049776077270508
495142175172477,52.064618461934,27.758129879211,53.9079930087674,30.298740991596848,BY,0.4908249080181122,0.1356194019317627,1.5564336776733398
278818637266368,21.668020820761,39.5871724527,22.450937923198314,38.34329757959276,SA,0.9997244477272034,0.9996148347854614,0.003338249633088708
311313370600056,34.298302972773,35.843733635285,33.97772405283125,35.653370516890966,LB,0.9958823919296265,0.9925051331520081,0.03087039105594158
546356603055282,16.319144026137,-61.319536174119,16.337226360344545,-61.460897074316605,GP,0.9737790822982788,0.9654547572135925,0.22038114070892334
455880318809614,13.212934938654,103.97535020814,13.23179485551993,103.86316786818361,KH,0.33886584639549255,0.2392859160900116,3.118028402328491
561177494854490,65.249274201498,-14.3599477776,64.36961698114915,-21.503912083245513,IS,0.9543321132659912,0.9396049380302429,0.2703821659088135
591338181829945,40.948513592565,47.680340883083,40.845993823786735,47.572976362021656,AZ,0.9931214451789856,0.9888519644737244,0.05294167995452881
478603033472419,10.605368280525,-61.423503253964,10.653066122746983,-61.361499710036746,TT,0.998396098613739,0.9977200031280518,0.015696275979280472
140993104682356,11.492434620243,14.669528720435,51.92033242591774,11.704075196332518,CM,0.08948685973882675,0.003673069179058075,4.496284484863281
1365904140461073,16.782552049243,-62.177983430902,16.79640037340099,-62.12140488391991,MS,0.9979806542396545,0.9970666170120239,0.018884016200900078
184854733517675,66.049214556266,-16.60518565352,65.88656230991481,-16.667345110270414,IS,0.9957900643348694,0.9920010566711426,0.029124338179826736
484812855999457,11.316364972572,-60.600609669164,11.204550088185377,-60.738946652290565,TT,0.7090323567390442,0.5245911478996277,0.9201253652572632
198374955275087,31.228889368174,35.249839466257,31.1248714213261,35.324475636089474,IL,0.7588998079299927,0.5622992515563965,0.8159494400024414
493661578655706,21.902623515855,58.249258213784,22.238276911550308,58.31027665394357,OM,0.7762917876243591,0.7232399582862854,1.1103638410568237
1421342044880216,-33.979765814868,-55.677857234372,-34.09811986574742,-55.71964777890671,UY,0.9714686870574951,0.9434454441070557,0.1327044516801834
791346968192465,47.64092226916,22.514698705141,47.51309431374201,22.572750767811534,RO,0.6818823218345642,0.4544135332107544,0.9913479089736938
509490393519441,12.00528480685,15.133921129804,26.874939956652813,70.78039328364262,CM,0.3268563747406006,0.24530304968357086,3.8985025882720947
365265328257309,-16.455863020951,-152.25124408953,48.01061591586646,-4.366794447178359,PF,0.29717957973480225,0.061431124806404114,2.3856465816497803
373099774078768,15.381551450461,-61.278224581511,15.367876408696802,-61.22387136368234,DM,0.999843955039978,0.9997588396072388,0.0017546791350468993
3849748481728507,54.429547030142,-8.350480924746,54.462228610114664,-8.420521914252252,IE,0.7207146286964417,0.46603211760520935,0.6847119927406311
486814105900044,24.815009873567,55.581561784151,24.541747913261947,55.71503604844096,AE,0.9965457320213318,0.995445191860199,0.02962697297334671
553493755814632,25.651486854641,55.817622488275,25.262545386245797,55.61670583936205,AE,0.8470412492752075,0.7568061947822571,0.6378270983695984
294731518788880,12.182130031336,-68.992602507728,14.648421321175572,-61.02941028106738,CW,0.8663833141326904,0.7922007441520691,0.672773003578186
526112418414577,-4.1889057701817,39.593824106105,17.215663617762768,54.1532171655199,KE,0.8521924018859863,0.7977936267852783,0.8250315189361572
1143243902846918,3.9423529755317,73.490255336254,-8.625489749759119,116.30883743968377,MV,0.5307450890541077,0.44871416687965393,2.8191518783569336
1222724854903474,-15.992638795519348,27.473549745213845,-15.943121125979093,28.209639642973595,ZM,0.9922270774841309,0.9903040528297424,0.07454702258110046
814962436102418,17.246826160842,-88.964928894179,16.9860105313643,-88.44153817700278,BZ,0.7650913000106812,0.6851261258125305,1.2992278337478638
2588410498130022,8.6681322733063,15.915175571704,13.001582444476728,-16.16632214554729,TD,0.3024159371852875,0.07880593836307526,2.324622869491577
757152124922572,40.280135692488,20.032560201339,40.15570611100714,20.151350907997127,AL,0.6877205967903137,0.3891451954841614,0.7114591598510742
3729075633885792,52.879324916405,14.84215981606,52.88471049346762,14.349099068224696,PL,0.21083877980709076,0.016364410519599915,2.6277108192443848
193255762642321,-25.463140138686,31.530813486271,-25.343342363747436,24.999841523814677,SZ,0.7172437906265259,0.5549375414848328,0.804867684841156
158748456176634,18.003107984756,-76.750140742066,5.9495446080896395,-74.78887167855588,JM,0.7870733141899109,0.7469615340232849,1.1447774171829224
487059602744422,22.483846298693,88.311807710332,18.51028014978933,73.89402722090283,IN,0.5141295194625854,0.33654141426086426,1.6181000471115112
187972779810965,37.223202382218,126.95228008609,35.467781126087125,129.04726637503256,KR,0.5550084710121155,0.1129002571105957,0.7064448595046997
325108962571033,-14.007024453392,-171.59812253095,11.321046924662669,76.86366509588872,WS,0.44402846693992615,0.27206987142562866,2.255633592605591
506599274036580,54.629530708934,-8.6760286174409,50.40067910419762,-4.709588099178223,IE,0.8340218663215637,0.7514551877975464,0.8568603992462158
507218187079443,37.843340581126,68.830014881381,38.59755442747667,68.74408191628922,TJ,0.9997175335884094,0.9995532631874084,0.0031615549232810736
153324916692555,5.5180289616018,-6.5822215976398,-3.103812776878881,29.191150175367206,CI,0.7495759129524231,0.6455687880516052,1.1360530853271484
771731993706945,41.928551334201536,19.551310678151587,41.945630684174304,19.433121341731074,AL,0.9942281246185303,0.9911078810691833,0.042085859924554825
486481489451262,49.966660340065,17.026531427218,49.85971849396036,16.77540048699111,CZ,0.7456595301628113,0.7295860052108765,1.8165340423583984
2949034095418835,3.9465097772644,-59.099420704396,44.56214257511112,15.817790150400524,GY,0.25913557410240173,0.09219276905059814,2.978560209274292
372845630827843,-27.768029274082,-64.271302066744,21.12218487891666,-101.66202989990298,AR,0.8633340001106262,0.8282712697982788,0.7514283657073975
804236390516614,24.360035161271,90.528148543285,24.841481506566872,90.62550655360337,BD,0.9784466028213501,0.9671837687492371,0.13731594383716583
1165449024229030,11.127732358514072,42.37283796780444,23.20111514324419,57.08539987248468,DJ,0.7735137939453125,0.6496652960777283,1.095347285270691
465682694540312,47.092368215581565,15.033271683507603,46.47203735594925,15.150752795567344,AT,0.3979005813598633,0.2678292393684387,2.6611082553863525
1414034302297531,5.9652601827551,-10.011148216804,46.46496351247617,-84.35358245522512,LR,0.13866646587848663,0.00670914351940155,4.137728214263916
164124928906484,17.026658655636,-88.957499025099,31.74676257392267,-83.3687462738784,BZ,0.25044187903404236,0.12605059146881104,3.5893468856811523
265373079006579,12.19339030343679,-4.128458023871779,11.324563909356389,-3.7514842059547924,BF,0.9810482263565063,0.9770330786705017,0.14741989970207214
211403467484458,-24.160264772744977,47.3486048183456,-28.13545360236247,-56.64378198111269,MG,0.2831078767776489,0.09918765723705292,3.1684608459472656
4252117868180040,-31.701164589216,28.774388216841,-31.477940711209524,29.062393487630516,ZA,0.9904403686523438,0.9850062727928162,0.06929987668991089
1185546705230006,60.068284515535,20.263657107897,60.12481574585265,20.105072154062583,AX,0.991845428943634,0.9906392097473145,0.07692737877368927
307549670912816,47.805455809752,29.008339682994,47.76126644777718,28.93890707055947,MD,0.892473578453064,0.8316197991371155,0.4989219009876251
1150240562161074,1.3857279016312,173.14547646453,16.392449712938802,-61.4828587394093,KI,0.5205971598625183,0.3512227237224579,2.1649293899536133
1926367507521003,-34.006516340223,-62.239283065807,-27.464118318906266,-58.87183682443772,AR,0.7180838584899902,0.5694543123245239,1.0523343086242676
174862464516382,18.026136330252,-63.051721834115,-8.779474419145327,115.17438582652098,SX,0.48641645908355713,0.25684189796447754,2.0971555709838867
238608201397184,13.394898337011,-15.796480495355,8.003646017506355,38.03798028192436,GM,0.4148995280265808,0.20068152248859406,1.7749395370483398
168171301893400,-21.306913177085,47.234054757271,-36.175867559669896,147.285800050523,MG,0.36614662408828735,0.1939316987991333,2.9988293647766113
143601257800230,6.1813662366503,-10.476370028512,6.3746179381589645,-10.57060002287751,LR,0.8475409746170044,0.812570333480835,0.9002586603164673
1426576467702919,42.716570546448,19.37002352769,42.89377503930773,1.3174417211251297,ME,0.08536593616008759,0.03467316925525665,4.59883975982666
582527629366762,13.909926027264,-60.995742963827,13.888308775894869,-60.95013047343657,LC,0.9677168726921082,0.9455223679542542,0.1776653528213501
789178535042815,10.848339859199,-14.344376628968,10.91486719191934,-14.37040748208619,GN,0.9999574422836304,0.9999319314956665,0.000565562688279897
770818833619667,46.189989851656,27.550790956761,46.23481221417582,27.508818290877965,RO,0.9978095889091492,0.9961954951286316,0.0180840902030468
771812706865289,18.810877831997,-72.868700352417,18.722407749470925,-72.05889073038583,HT,0.9780886769294739,0.9656779766082764,0.12854671478271484
1979924955729830,0.4210184118848502,9.466164114756396,31.020054827683303,30.28173647451788,GA,0.797233521938324,0.7259427905082703,0.90684974193573
1215125515585698,-29.72467996101,27.401763312517,-29.652044360416287,27.53274727882908,LS,0.27506351470947266,0.009584486484527588,1.6106241941452026
525797611782911,33.53278970091,10.187082947953,33.538778311115074,10.19368438237686,TN,0.8121722340583801,0.6872485280036926,0.6496074199676514
981736889296495,15.18213389856,106.76109629686,23.196405675253207,89.70947065600757,LA,0.20451505482196808,0.10814748704433441,3.555568218231201
290546622610201,0.90650801653382,111.91071699724,18.77755889649493,103.8970319633436,MY,0.3355582654476166,0.11178085207939148,2.3797237873077393
925069178226405,-33.684138890591,120.78000000686,-33.29156744293481,136.58076178657407,AU,0.44171032309532166,0.33721572160720825,2.030820846557617
841753896415038,-6.3002644508667,176.31963764015,-7.692175033806319,146.65299431050957,TV,0.48922398686408997,0.39115220308303833,2.7483983039855957
645048966783670,42.89641826045616,17.56617896330491,42.88477388807364,17.498634042136654,BA,0.9246035218238831,0.9022493362426758,0.4180423617362976
2157623727878098,42.203008413762,12.652366039877,42.21591973035931,12.638232280962777,IT,0.9282560348510742,0.8927140831947327,0.403114378452301
491154428864902,34.78133892235,10.662689207895,34.74996968426779,10.725396681353185,TN,0.9811391234397888,0.9713026881217957,0.1199888288974762
5023711767716996,27.43539864879576,89.6844986785493,-1.6201141133089159,29.299468985306692,BT,0.21460461616516113,0.13991713523864746,3.8747596740722656
502661524102239,25.24288508,105.72866675,25.016958371837397,105.98639202929854,CN,0.6350330114364624,0.5214585065841675,1.5682415962219238
768051953908267,24.417738719697,124.24306124209,24.38053433644143,124.38436478069546,JP,0.6743493676185608,0.5744288563728333,1.489856243133545
2634487660183183,15.505396860363,-61.465808232581,15.578506273207987,-61.407614766086866,DM,0.28463315963745117,0.09686832129955292,2.4038143157958984
777370986311883,69.771194043132,-50.45379669083,58.948034193461815,6.014517990917908,GL,0.798132598400116,0.7136418223381042,1.045296311378479
214018630224328,-30.195842567793,28.141370668784,36.55236522818005,51.25252942192266,LS,0.2956516742706299,0.14165841042995453,2.7325599193573
898244168080774,48.39779130109938,69.97859259537432,43.346517247413225,75.1996666555907,KZ,0.19175393879413605,0.041320592164993286,3.5649778842926025
4492529727427156,-28.146082771307,-51.513579498292,-28.332400478634383,-51.21981337739274,BR,0.9585144519805908,0.9313898682594299,0.21626684069633484
285348029668834,24.497433158551,56.506035667282,24.648493001668793,56.21303374446065,OM,0.4469899833202362,0.12076130509376526,1.5062899589538574
171014971604854,50.702549851864,3.6582481425115,51.08915427278336,3.464095749308294,BE,0.36850935220718384,0.2937544286251068,2.7724883556365967
4840639372618820,-14.92550912288379,13.489538311090364,38.678028178706576,16.44163428435225,AO,0.1294543594121933,0.020014524459838867,3.794130563735962
206149904648055,26.21207915528,44.093256403165,25.688805804296006,51.61013318830148,SA,0.25532349944114685,0.1257011443376541,2.847691059112549
204252138180851,-21.559664995251,23.773974999472,32.989487508282124,-111.23938529156293,BW,0.5010411739349365,0.42365705966949463,2.9046549797058105
920871192081755,-20.154762249788,28.582363111001,-25.965105211831226,32.644956576544416,ZW,0.5794930458068848,0.18273162841796875,0.8283814191818237
219966586218279,47.029132462966,15.932431980783,46.95647719199115,15.818242838628306,AT,0.8285117149353027,0.7972441911697388,1.0715974569320679
135549215221893,2.4175748743344,9.8423648123313,8.186728383001954,34.898182529144705,GQ,0.38666456937789917,0.21841087937355042,2.0709903240203857
376262240365585,11.737844217402,-84.258740123025,11.793981386997823,-83.94512767248958,NI,0.975699782371521,0.9677760601043701,0.15406234562397003
171728951493255,49.507376607171,105.95258746284,47.91532538942035,106.90164562008297,MN,0.7081648111343384,0.6434082984924316,1.7400957345962524
253978489850814,48.281270225581,27.973739010266,47.04408400987805,28.86245428461169,MD,0.42862001061439514,0.2662556767463684,1.9327828884124756
300413981460892,28.731055900238,48.000514767945,29.508980045289512,47.76419031716845,KW,0.4443358778953552,0.015676528215408325,1.1383075714111328
1184530975332530,-14.802947311274,-42.709531402229,-14.242004428920891,-41.99769794801325,BR,0.9234217405319214,0.887483537197113,0.3564554750919342
1266617723756139,-2.7425780868466467,29.42359642013631,-2.3624509214164355,29.296361610657197,BI,0.46871691942214966,0.23815584182739258,1.5441209077835083
473474263980538,21.715223057868,59.471278053944,22.1186211612866,59.65698678154136,OM,0.8070261478424072,0.6587548851966858,0.6715980172157288
1249815355421012,41.352986665751,46.933972599593,40.77365217215754,47.09447040551971,AZ,0.6663320660591125,0.3451681435108185,0.736198365688324
228708892356879,48.677696253977,17.636842304644,48.58825235627557,17.9369824097636,SK,0.8233228325843811,0.7836011052131653,0.9844628572463989
573918251034517,24.9108887387342,90.79494731880273,23.190771852461676,89.75706172127424,BD,0.8488487005233765,0.7604979872703552,0.6702603101730347
2964997383812126,2.6098453233173,9.8422664516346,8.623335425956645,-12.436131370897737,GQ,0.42890772223472595,0.12651753425598145,1.818918228149414
216212559884926,39.033844678159,125.75376577506,39.76825107723597,-94.80611555948681,KP,0.3797152042388916,0.26432642340660095,2.981248378753662
305136647878220,12.193469016038,-61.616092049056,14.596428778594301,-61.11398201398932,GD,0.2885466516017914,0.033347904682159424,1.8261299133300781
1425023424516398,-16.694601299289,-60.803490901407,-19.99009159365076,-47.582892454885155,BO,0.6583089828491211,0.446138471364975,1.1296218633651733
454775888919551,46.828024824521,7.8088947836121,46.88955241375182,7.619031434623681,CH,0.5464044213294983,0.2892758846282959,1.3800535202026367
861104217828929,17.113853213721,-25.242018334352,15.515514337410494,-25.700901622282398,CV,0.9997974038124084,0.9996219277381897,0.002118475502356887
1051007365779921,6.813554100014411,158.2040012,7.404661575448552,159.91086872045125,FM,0.9999998807907104,0.9999997615814209,3.3928088214452146e-06
1334507140366814,-23.48982047010992,35.38536972552172,-24.50328664615137,35.06620248261323,MZ,0.8918657898902893,0.797217607498169,0.42133164405822754
3912389445490209,49.325970928935,17.226098099604,48.77034069228415,17.964016119282334,CZ,0.18967688083648682,0.03715293109416962,3.0589540004730225
265194928674974,13.23781099507,-59.544998005588,13.208129112717394,-59.379194062290324,BB,0.9640876054763794,0.9508109092712402,0.27849775552749634
130827665729646,41.660012138201,21.174396481341,43.466420159349916,20.19419759172532,MK,0.6526042819023132,0.5921817421913147,1.5088844299316406
382514279656400,17.169493550421,-62.549673737704,14.01699406537719,-60.971571948534965,KN,0.9633285403251648,0.9361370205879211,0.19042354822158813
490566595325309,32.35061764629,15.101938149737,35.65023062641302,-0.5870124324241093,LY,0.6969555020332336,0.5160166025161743,1.1446549892425537
177150824328343,-14.845732355681,35.25013351485,10.42543255968157,35.47196488305086,MW,0.21105517446994781,0.05872829258441925,2.9942209720611572
337754307681723,22.908438446718,90.804919962877,22.98602625921779,90.59214573368315,BD,0.712034285068512,0.43234434723854065,0.6491520404815674
288297272916728,-17.786629070676,177.44305087069,-28.682953624169837,32.20689707842927,FJ,0.39355671405792236,0.20783868432044983,2.470285415649414
485752159242168,60.005211059817,20.384442671458,60.15324830312544,20.160850583707703,AX,0.8309025168418884,0.7663450837135315,0.852439820766449
495377298477425,41.941602973878,34.631294266421,41.8737019288565,34.790756741672716,TR,0.9999467134475708,0.9999067783355713,0.0006417678669095039
2890584101196635,41.681667019865,21.147788358398,43.802880341393355,19.792616882402143,MK,0.48780107498168945,0.4198087751865387,2.5553789138793945
401731674144754,23.355590466277,121.32187991241,24.900175417490377,121.39331046046637,TW,0.2017534375190735,0.031797125935554504,2.8570210933685303
1169142930166538,20.834467782196,-75.727264614924,22.68837224613062,-81.57201363610532,CU,0.4372231662273407,0.0938754677772522,2.062779664993286
306207777612908,-13.800621344179,-171.85935966246,-13.840039867525803,-171.84246788793646,WS,0.6557266712188721,0.3192025423049927,0.696605920791626
2665542867084280,15.44922162275011,-15.809327283661323,15.646802244600556,-16.122169183666458,SN,0.9963757395744324,0.9938011169433594,0.02805502340197563
473236960624282,-11.390300678508,43.342774487865,16.02636067913958,-61.6285924516149,KM,0.39025598764419556,0.2419879287481308,2.25718355178833
175640891118270,58.3416314331,22.123379209424,58.42940303747735,22.057315292431888,EE,0.4938444495201111,0.14244744181632996,1.3967686891555786
940728323368212,5.5203195797668,16.760305199775,-16.435049478946457,-48.57477589777979,CF,0.9198988080024719,0.8911511898040771,0.4833014905452728
159670792680757,4.8671591384211,31.498747958114,12.538678619531932,-1.5594637530826343,SS,0.45690199732780457,0.1874418556690216,2.2338757514953613
490425192372401,-42.289566526657,-73.549884623054,43.30249969981372,-4.367719009873292,CL,0.10175330191850662,0.02605181187391281,4.592751979827881
140927168065220,14.884255893398,-24.355900858541,27.990511120577914,-15.78865405938478,CV,0.6671006083488464,0.540542483329773,1.3904396295547485
2148319455305366,12.658976107053,-1.5012029355804,12.58607925329699,-6.628223581526504,BF,0.8861199617385864,0.828971803188324,0.46057963371276855
950272148968894,-12.972416512525884,45.15611771647966,-12.73563058403818,45.14436547018187,YT,0.6623624563217163,0.3247614800930023,0.6399354338645935
153355823412892,49.184810534933,-2.0480987436129,49.22452952886722,-2.1151575721015874,JE,0.9662105441093445,0.9600344896316528,0.2630853056907654
363513025083758,47.047992478928,8.7799077721095,46.8806846462615,8.31033533155322,CH,0.501506507396698,0.29216718673706055,1.7703158855438232
512297363276315,31.456330474142,35.250774430442,31.524270831282788,35.19678102477703,PS,0.9087527990341187,0.8904033303260803,0.6023343205451965
456622292570371,17.562683786778276,52.54996407813734,-17.58338353010218,-52.53467091545421,YE,0.6085059642791748,0.3740670680999756,1.1850666999816895
4527359417278295,12.574854908472,-70.042613806787,-12.999927290018109,-75.49707904987535,AW,0.4496685862541199,0.33000630140304565,2.7186686992645264
537629581307027,13.181351944444442,-59.52259444444445,13.155648060606627,-59.59371939762405,BB,0.9997603297233582,0.999642550945282,0.0024493932723999023
795129897807041,35.163207188355,-6.1437231591152,-25.28723118264854,-48.925798430543956,MA,0.12966272234916687,0.03463175147771835,4.7296295166015625
351777130251541,39.481253041447,46.278721306968,39.54984671324352,46.12910536747743,AM,0.6947431564331055,0.5486211180686951,1.3227494955062866
808281843784947,-9.017975593206083,125.18936083216094,-8.476301859138955,126.48986058628905,TL,0.6477381587028503,0.5356221199035645,1.2266007661819458
571640328046013,9.496515810605342,138.0909467705742,27.759395251848126,-80.49041170252703,FM,0.26524633169174194,0.045211777091026306,2.6125197410583496
1596718320725210,6.820059002595853,158.1889075956807,8.20593860848878,158.36929579056533,FM,0.9999997615814209,0.9999997019767761,4.056829311593901e-06
909068383276012,51.71872582063,71.017642467242,37.256659291620714,-3.643201905860098,KZ,0.3500179052352905,0.0877595841884613,2.7714476585388184
201271568510246,11.498181689874,104.89298318393,16.471989684540976,97.68244035193948,KH,0.8216422200202942,0.7214440107345581,0.7448319792747498
865101847550557,14.337966085705,-11.307015681085,-15.441441680052874,28.401216177211275,ML,0.42294982075691223,0.23815838992595673,2.27225923538208
273645621106204,11.400246031697,15.323762439617,17.250029607993543,79.22195224010505,TD,0.12777245044708252,0.04269075393676758,4.69490909576416
816784312848146,47.27419583333333,110.70045194444444,45.516264033619706,73.6089501735686,MN,0.8119416236877441,0.7456937432289124,0.97279953956604
205051911255970,15.898719949045,108.34769045302,19.34098845644479,105.4703393896203,VN,0.5646135807037354,0.37283855676651,1.4913535118103027
1197452254025430,60.290261118231,20.017018951216,60.24878655486106,19.95438425912109,AX,0.987448513507843,0.977446973323822,0.0801282525062561
524857088520171,40.969687102424,47.506671390525,10.838047042618433,-1.1227452343364843,AZ,0.6169844269752502,0.5319145917892456,2.363025188446045
585468982429325,56.863557681775,25.533807915732,56.83345913211484,24.310447348269417,LV,0.2914567291736603,0.06875181198120117,2.3581793308258057
223293895846479,40.460441929706,49.654367032421,38.758743329465304,35.29215633207351,AZ,0.959434986114502,0.9447242021560669,0.2613355815410614
983815092358003,45.845665401276,-1.1566237774946,45.947990063155174,-1.2449654240615875,FR,0.9956062436103821,0.9930582642555237,0.03584117442369461
495004361712254,16.705985016912,-62.221856779895,-8.509433439694517,126.38071208345319,MS,0.3289901912212372,0.22540029883384705,3.7755179405212402
1116467962190839,49.234789455854,-2.1566386309068,49.1102775666546,-2.0047150659314363,JE,0.6530282497406006,0.4607161283493042,1.336093544960022
799261197806429,13.04112461881004,7.584578150427974,12.605495229509067,-2.453896215794514,NG,0.8085591793060303,0.68182373046875,0.7187574505805969
375892980333603,53.800018986142,19.066495869964,53.27994882540256,19.629899484292235,PL,0.38399428129196167,0.14814156293869019,1.7166718244552612
216735996617694,-51.729168266578,-59.221494505424,64.25419844280529,-20.507495451279816,FK,0.992939829826355,0.9891111254692078,0.05954965204000473
122836676470530,19.317250203375,-81.382868299519,17.214552596381417,-88.65275555287269,KY,0.99489825963974,0.9908971190452576,0.03543507307767868
864991334054817,22.630694715979,75.815649968185,8.6474964834974,-12.5439798128131,IN,0.3468552231788635,0.18229803442955017,3.0329880714416504
303472461226103,30.448379399773,-91.249052345819,30.440328871749088,-91.12877620815304,US,0.3509148359298706,0.20384928584098816,2.626072406768799
751120052245249,18.306901319254,-66.036105758042,-20.26471156649288,57.612007017761734,PR,0.2581957280635834,0.09039288759231567,2.79475474357605
618094669584037,1.0592725919843,104.01250864856,1.065983974063501,104.06462009235342,SG,0.9998762607574463,0.9998427629470825,0.001638075103983283
204293011757830,15.079993126144066,39.21687884094408,-14.505865500054192,40.313557599478386,ER,0.9936256408691406,0.9898354411125183,0.047155607491731644
2928508607437195,37.840107608369,68.802462308142,38.57390335241077,68.89738306199366,TJ,0.9824017882347107,0.9651063084602356,0.09050333499908447
1371451869918489,3.6333328691599,72.957712473483,7.8130518636395285,98.50474268510354,MV,0.2301015555858612,0.12808552384376526,3.7945852279663086
215955796651386,14.063525259413,-83.397823687399,11.770256431457147,-86.45872336101147,NI,0.7425684332847595,0.6198858022689819,1.1279624700546265
137850255541406,24.545211603122045,88.5941532347436,23.719034954089192,90.33091824232474,BD,0.48486512899398804,0.23009082674980164,1.2972290515899658
300676795037037,47.54022479277,18.649560765963,29.78183933021817,-98.403970242249,HU,0.18173548579216003,0.11178037524223328,4.425600051879883
758419548202670,56.459896994613,24.509987996003,56.58706087707043,24.300027859232745,LV,0.623102605342865,0.5018728375434875,1.506148099899292
234036278489604,30.859288137504,35.983036655163,30.389200090137713,35.813126970192904,JO,0.8467414975166321,0.7767082452774048,0.6439206600189209
1877580812408950,8.2904185166376,-13.160532748623,8.276688144418815,-13.168378241406167,SL,0.9904353618621826,0.9828448295593262,0.06247219815850258
508516997178857,-20.44017415751,57.716929198138,-20.27366171854692,57.47453584011758,MU,0.7997787594795227,0.6978611946105957,0.7912310361862183
2476936639119646,-17.187994442004,145.88923082343,-17.44170416503516,145.89324267949178,AU,0.7509900331497192,0.5028120875358582,0.5679609775543213
170299241727097,29.609911657314345,104.99307446089506,30.30322469158073,105.02214355093054,CN,0.9999978542327881,0.9999971985816956,3.4999800845980644e-05
297845861929140,19.00823988924,101.48346297652,17.94887270092793,101.55493698783157,LA,0.47728732228279114,0.28291720151901245,1.6731727123260498
322702535907825,20.283683791944,105.67522750563,37.754644805987915,-79.2428757873198,VN,0.20488093793392181,0.15577185153961182,4.79522705078125
787272635685450,4.323621691762423,18.511948154254057,4.143263534807295,18.600741701305147,CF,0.6184315085411072,0.5276593565940857,2.2113325595855713
173788081866624,59.75612769558473,-127.47179840177547,60.68219621150434,-134.2554997203227,CA,0.32612866163253784,0.06012380123138428,2.290635824203491
233747548461554,9.3263006266193,2.619361832951,12.11039589758994,-86.16899648719506,BJ,0.4679286777973175,0.32593148946762085,1.7624682188034058
765041667535640,-33.099247370966,-56.459447149244,-33.36237353025164,-57.24430059481238,UY,0.9151780605316162,0.8852214217185974,0.4831204116344452
296876208707767,35.337232736933,0.33737085013529,35.473558791605896,0.12911222943054826,DZ,0.8973615765571594,0.8596410751342773,0.5054453015327454
5220870694689924,13.010537169214352,-15.781125774925767,13.21208286904985,-15.524263853404403,SN,0.8766531348228455,0.8090837597846985,0.5639967322349548
490774565689974,13.06406278563,-1.087121270677,12.477537093753659,-1.611421717438154,BF,0.7879917621612549,0.6983658075332642,0.827606201171875
218599310068075,-21.24302439442,55.333436310069,-20.906862619072086,55.51918776046417,RE,0.5503242611885071,0.28121820092201233,1.0384061336517334
174969884519406,46.737187807587,8.3987859932934,47.23990523025865,13.683639130225366,CH,0.15961569547653198,0.002156287431716919,3.0372931957244873
581849006299222,-16.292466257509595,167.67474403169504,-9.242890616250468,159.15660326050522,VU,0.16666081547737122,0.03269475698471069,2.893773317337036
514194699740537,49.025633194136,19.779030185528,48.73316582039855,19.252163822094445,SK,0.24144092202186584,0.05280017852783203,2.884615182876587
1636152166570934,13.748349438255,109.21278035386,16.037627314048066,108.16023802686608,VN,0.3713935315608978,0.10622861981391907,1.5690104961395264
810831549638249,38.371680067627,71.17919493021,37.29603987949865,71.41150936921186,AF,0.8847436308860779,0.778695285320282,0.40876418352127075
126986893262506,9.535228699145444,138.11777436553538,6.138250724391965,157.6085603058545,FM,0.9998723268508911,0.9998230338096619,0.0015603785868734121
355702972637605,13.535688328213,-8.1000075739741,12.52188061763005,-5.908180649711405,ML,0.9999843835830688,0.9999787211418152,0.00023228708596434444
939211946839909,40.900998111452,76.418995914539,54.991146133849355,55.53217110286644,KG,0.458222359418869,0.34531182050704956,3.099095344543457
211629123827045,6.1356720399309,-3.8436536027728,0.20770083941584128,32.4556638164592,CI,0.9198158383369446,0.9033405780792236,0.5181563496589661
696540331416062,44.87397500000002,15.571799722222226,45.157828702179074,15.012892290797271,HR,0.6991001963615417,0.5649431943893433,1.2434712648391724
942512046483923,57.98102591119,22.153417844629,58.161878602395575,22.253061953055425,EE,0.824689507484436,0.6713067293167114,0.5774533152580261
1794577467377638,2.2867934802243,111.96866392671,3.3249425140838738,101.27042776653532,MY,0.6818057298660278,0.5990999937057495,1.639414668083191
569520134014537,45.631513310144,14.917895762855,45.690322652789064,15.036581591463825,SI,0.35958269238471985,0.25187891721725464,3.386920690536499
759618951395520,13.918783401918,-90.820453412238,14.539259675857528,-91.50522808092654,GT,0.7966198921203613,0.726443350315094,0.941014289855957
317414069756073,8.849591446096811,17.846700004099304,12.609242283999157,-6.3643038703442425,TD,0.4817374050617218,0.033783167600631714,1.0547271966934204
310132177165029,32.35614104026,15.078246874263,35.65651659442923,-0.5884145655654114,LY,0.6562811732292175,0.5212795734405518,1.277962327003479
378106816842746,47.677672060857,2.1491709666626,47.83936672597288,1.8768967189287784,FR,0.1375293880701065,0.00020550191402435303,3.4623539447784424
974285533334788,1.987119011826,-157.37182088346,19.345739333360207,-69.58461592670349,KI,0.6681329607963562,0.40477198362350464,0.9886346459388733
186014066630410,-0.26584500006505,29.929660585315,7.8879844491570985,35.33150172821461,UG,0.6833762526512146,0.43316563963890076,1.0804078578948975
2045346162308378,6.372858133743794,2.3062901826009594,-20.169471083802296,35.52597084061737,BJ,0.8795425295829773,0.8464118242263794,0.7152434587478638
1172091903236601,49.476195621557,-2.5778975923381,49.5168493684634,-2.1547154283928354,GG,0.9906506538391113,0.9879409670829773,0.08297884464263916
1148818178927460,38.977689066483,-8.2445481523452,38.863748053629045,-8.444068203067667,PT,0.5954917073249817,0.45665937662124634,1.768172025680542
1222613584876307,17.370666616194,-62.748620435823,17.42669671706175,-62.70399649233811,KN,0.9004464745521545,0.8554279208183289,0.475674033164978
2874363389509925,1.1429664809873,33.846541381524,1.0621270687933,33.969654811588775,UG,0.9998737573623657,0.9998214244842529,0.0016954928869381547
472676697278023,-11.651270507603,43.263829479505,-12.735403578700312,45.19779091206675,KM,0.9979760050773621,0.9963482618331909,0.016253629699349403
229441082274343,16.133435457207,-61.769410665445,11.159922739359976,-60.75102857543504,GP,0.9596105217933655,0.9294635057449341,0.22376663982868195
588131552889375,-30.701177534770288,-55.134334723553735,-9.737522298336659,-36.08666700991666,BR,0.9841280579566956,0.9735025763511658,0.10694216936826706
282418593597680,-15.111719223373,167.09145508574,-15.353524994571414,170.6815184689497,VU,0.7533524632453918,0.5171488523483276,0.6080933213233948
979772486214909,34.1336148881033,136.00098041765338,34.390706844438135,135.92841616770727,JP,0.5895478129386902,0.4072607755661011,1.433056116104126
3774979212627875,-14.866355003204,34.792262380462,-7.186312354589406,-35.59682510141216,MW,0.4671483337879181,0.24599073827266693,2.3693504333496094
426972879607348,-17.525550986516745,-149.84053510202472,4.84613412627419,157.1164386281616,PF,0.3800960183143616,0.10021352767944336,2.119981050491333
1689362237932062,13.800606381009,-88.316570230116,13.808391894869846,-88.31827426764836,SV,0.9923546314239502,0.9899062514305115,0.06262009590864182
1166613090443646,50.253231893566,106.33993531955,48.057911009608965,106.32870875337241,MN,0.2783231735229492,0.08176642656326294,3.085324764251709
420134173638637,-10.810393821363714,31.731146261210167,-11.990959408992563,30.83152896156411,ZM,0.9096513390541077,0.8732449412345886,0.4731527268886566
474713760445897,34.526350993866,69.196344342811,37.91079527203153,32.38108339783639,AF,0.2609514594078064,0.20191454887390137,4.192782402038574
506851794060092,43.177582319251,19.311856309232,43.16905351266233,19.107930837764822,ME,0.8468191027641296,0.8052093982696533,0.8857992887496948
2995572500661892,38.898518256485,16.523049856494,38.878433884583295,16.557287423248,IT,0.3117600381374359,0.2546098530292511,3.8794312477111816
115961117883320,28.43217928695932,36.51346701072073,24.42029384750398,38.89291239450777,SA,0.573146641254425,0.2812686264514923,1.3818025588989258
1007571866714652,55.571514078836,10.350650482308,55.40395955147199,9.157894707554604,DK,0.2602917551994324,0.1580638885498047,2.9800589084625244
1174895919599539,20.052558993471,103.35914721659,20.522530913715983,104.16204188382764,LA,0.5226200222969055,0.4066823720932007,1.895766258239746
912812452874701,-11.627287351809,43.262280127651,-20.91757568869737,55.54587966403401,KM,0.7269787192344666,0.48462289571762085,0.7409893274307251
173416451344450,35.019561811666,33.986374163354,34.74717723730756,32.43155668792562,CY,0.7507442831993103,0.5857473611831665,0.8943393230438232
1449896788674967,-5.4217682185916,141.29314063475,-1.502866405289447,30.204984503021876,PG,0.1441323608160019,0.021832138299942017,4.05523681640625
232511111978904,-34.065025583843,-55.656389079107,-34.336969430896865,-56.16363232904955,UY,0.8678367137908936,0.7369292378425598,0.4002493917942047
1109815899545804,24.996104447036725,51.03225264110503,25.705885760750796,51.36758436720768,QA,0.8580381274223328,0.7678624987602234,0.5905834436416626
736517197023313,6.5599786208778,-4.9915528001493,-24.569948752136035,31.155576904144507,CI,0.15905071794986725,0.046463750302791595,3.6232001781463623
456214902348496,19.610685333333,37.215206138889,12.632508686934584,-7.998678636914286,SD,0.40013301372528076,0.3137372136116028,2.5108141899108887
345208620288312,19.224700165467,-69.390303678979,19.261554588980623,-69.47709841857402,DO,0.9640010595321655,0.9472176432609558,0.23271416127681732
1468811220266965,7.362390601198927,134.50483736055023,34.801075997197565,134.43888675213915,PW,0.16816847026348114,0.09223486483097076,4.287716388702393
308427384185327,35.884648502247,14.544820145722,35.89809351622681,14.406302213422686,MT,0.9888091683387756,0.9804038405418396,0.06896784156560898
395740224747116,6.5139480425193,2.6483266181429,6.205183408607667,1.1675161747579803,BJ,0.372570276260376,0.04359123110771179,1.38930344581604
1432327937141676,13.459201505715,-14.688767601582,-24.602008551293952,-56.367040603697475,GM,0.3737127184867859,0.19759564101696014,2.632373809814453
1797066053813454,45.212729270223,20.36112097384,44.83203224476742,19.78239867455852,RS,0.3595708906650543,0.03203514218330383,2.3950772285461426
4182076221831792,70.667211583155,25.389289533957,59.225125258050426,6.866735288569632,NO,0.8276466131210327,0.7371629476547241,0.8805449604988098
3450481218541153,25.63903018538021,51.51003081357617,25.64728242581146,51.618335660623025,QA,0.9863020181655884,0.9808379411697388,0.09187280386686325
881754115706919,18.443691037533,-64.642920411564,35.02533643221833,135.82046773576036,VG,0.1780998408794403,0.004895314574241638,3.1842379570007324
512504643106571,-51.848040759038,-58.223206369416,54.81539938049791,55.57483681338826,FK,0.22295677661895752,0.04754747450351715,3.7422938346862793
172855664661959,10.37149331328,-12.099479736597,10.222545446290633,-13.485694689117922,GN,0.9981036186218262,0.9965028762817383,0.015002980828285217
833358057538383,78.076451987378,14.16217603674,65.55832266045468,-23.43130598281027,SJ,0.9994757771492004,0.9991563558578491,0.005241034552454948
214810390166469,3.5846135120697,23.723674547511,-34.40535587596777,150.81534169125794,CD,0.09254489094018936,0.0015193670988082886,4.9918742179870605
562840304708452,46.225408646208,15.611350197474,46.113123904676485,15.799508545645606,SI,0.7715256214141846,0.7048963904380798,1.0827033519744873
817268602327565,-5.9419482354293,29.161401435445,1.7842840464457255,30.408407562708557,CD,0.7630617618560791,0.7058025002479553,1.3587087392807007
1034524170413490,21.467073188908,-71.131572461898,21.569378896200053,-72.17787879935499,TC,0.9537901282310486,0.9248709082603455,0.2495860904455185
1856356164529190,14.123830049658,99.400519963042,18.288334958989186,99.45965927197028,TH,0.35794439911842346,0.2962176203727722,3.4019296169281006
478137076746783,18.362805634492,-88.435381772096,17.522602636006006,-88.30911420657483,BZ,0.99880051612854,0.9976497292518616,0.009623585268855095
498318618261034,41.404988775836,21.780395818511,40.78767077101283,8.81800987951162,MK,0.30275973677635193,0.16203640401363373,3.656688690185547
2934584883419749,40.95347805494,47.883005000971,40.58317076122228,46.26624324664145,AZ,0.6447641253471375,0.3028503358364105,0.7808454632759094
928316151288980,7.1879551740757,2.0018755441177,6.528919016341792,2.6592047614871546,BJ,0.4403652250766754,0.23994335532188416,2.29664945602417
684315855630498,-29.405735807316,27.816853497845,-29.399204303258788,27.641901034517627,LS,0.9492300748825073,0.9097500443458557,0.2496790587902069
186849946625100,14.753512333683,-61.142985518229,14.78218620191838,-61.159307689171605,MQ,0.5336869359016418,0.3304728865623474,1.6787320375442505
963176671141156,18.09268978577508,-15.935383158508005,18.138304131850848,-15.853362772175656,MR,0.9997842907905579,0.9996614456176758,0.002471997868269682
300283158416232,38.131370007974,13.274583161259,38.07247401388982,13.283313921360167,IT,0.8371642231941223,0.7072258591651917,0.6040083169937134
1247260492372230,-2.4010827279028115,29.579609392792413,-2.236898308060418,29.700386072250463,RW,0.9997801184654236,0.9997003078460693,0.0024138286244124174
4176262119093022,14.688978023377,-91.548589043217,4.823766615656999,-73.16425203579537,GT,0.877814531326294,0.7745566368103027,0.46794310212135315
2762253127421121,2.0297128301047,45.335734728401,30.990114794375373,35.387662079975435,SO,0.3695793151855469,0.28467434644699097,3.799708604812622
225659908904821,25.948880833757,50.588428667013,25.88682691518934,50.53127481025842,BH,0.8433277606964111,0.7113815546035767,0.5324434041976929
149923280750483,7.361847187159381,134.51969303436232,9.992052957128053,-84.1828945153324,PW,0.6624975204467773,0.57490074634552,1.7351057529449463
190898982868748,55.795733000622,26.378530002305,55.823384321279434,26.20612794974631,LT,0.6474308371543884,0.5232749581336975,1.4566802978515625
186306836702993,38.679684725081,-3.0625683543611,38.71330202238353,-2.927799204829334,ES,0.43215930461883545,0.04126536846160889,1.6493420600891113
1146877169153705,18.59342674547,-68.388033766711,18.49243976701549,-69.7259546044422,DO,0.8393027782440186,0.7726635932922363,0.9939611554145813
950737242436239,10.385183082561,-0.78958324298512,10.324686801281988,-0.5454249384494392,GH,1.0,0.9999999403953552,1.0842896926988033e-06
301977051516569,58.706895821146,13.896556360307,57.35942316221163,13.885374729406763,SE,0.325883150100708,0.1967165768146515,2.706983804702759
898624280682585,49.458533172147,-2.5981886348273,49.32656979232463,-2.256349022951778,GG,0.9747906923294067,0.9699022173881531,0.19778317213058472
469891447444920,16.804499980025383,53.27984729115688,16.8848266423264,53.04506619327518,YE,0.9672021269798279,0.9401522874832153,0.16303439438343048
530606458102780,11.557031237126,43.092310521315,34.67605718277256,11.126114156598208,DJ,0.38856595754623413,0.033085644245147705,2.0139691829681396
310840073886034,-0.84581588834853,-80.17844601219,-1.0282846150302623,-79.43409015256957,EC,0.8929575085639954,0.7869748473167419,0.34927695989608765
477881999969065,24.946444828187,56.186213387143,25.594136951929407,55.958102289162724,AE,0.8169690370559692,0.6539929509162903,0.5861216187477112
494687355014866,15.351932577531,-61.256287052693,15.402453668526585,-61.15712549210461,DM,0.9867889285087585,0.9745889902114868,0.0761011391878128
1443285099355563,16.555627302292,96.198597103646,16.42013858777598,102.77194845050668,MM,0.44368618726730347,0.3213476538658142,2.5187182426452637
4104851466266998,50.070544187764,5.8458119238789,46.9600918260428,-122.92705698823747,LU,0.7504937052726746,0.6595583558082581,1.3773008584976196
1896496400517870,13.223609624878,-61.268552428199,34.694449775512126,135.8678869891211,VC,0.7267352938652039,0.6195928454399109,1.2852147817611694
1077942902611364,51.861118010498,-1.6602529488605,51.71253615908398,-1.3938969109243884,GB,0.35685744881629944,0.0397801399230957,1.7602746486663818
1365414380506403,21.476737171908,-71.132920671407,21.45614637871414,-72.9382671144539,TC,0.6768931150436401,0.38745465874671936,0.7527467608451843
275646330919906,47.355981665822,13.66278897535,56.1467234266351,14.66330349889285,AT,0.2721465528011322,0.12567070126533508,2.9634175300598145
4085345498214305,54.3204660444997,-4.449369579381132,50.85016524422025,-4.167158280986329,IM,0.6822999119758606,0.6099498271942139,1.392365574836731
319387202956018,36.746376386627,71.926086394726,36.9962521476139,71.7365789932981,TJ,0.9597122669219971,0.9380853772163391,0.2245517373085022
192500316060760,8.5018456161549,-10.886196315338,8.505836625403607,-12.102632559060348,SL,0.6228301525115967,0.44216078519821167,1.3089232444763184
469096650835409,78.165866991509,14.615773975551,62.374877661666844,-7.278022534939838,SJ,0.9617486000061035,0.934674859046936,0.2045009881258011
204485121341585,12.133472243206,-68.277416893276,14.549467428708667,-90.50027891153792,BQ,0.5572652220726013,0.4748258590698242,2.180115222930908
142251097914946,62.221882069575,-7.0387447331054,62.79041904038947,-7.268241381977859,FO,0.9813883304595947,0.9639015793800354,0.09767848998308182
5522870664422058,42.480681608263,24.806056880296,41.866893341405664,22.087840717060843,BG,0.48195284605026245,0.11247596144676208,1.1552647352218628
911536296350418,13.531493241774,2.048401634304,-8.94372810612553,13.325226234201036,NE,0.24856136739253998,0.0603887140750885,3.2077035903930664
217953836457406,10.205301098661,-14.000220074778,9.23260415056026,7.505092730782354,GN,0.4105721712112427,0.18793515861034393,2.4960579872131348
2915873148627226,47.806436500583,28.717659500757,47.910599024042725,28.358923128358352,MD,0.6492457389831543,0.4818747639656067,1.024755835533142
1383220612042284,40.713663160769,75.04503308282,41.29546781447858,-6.890569098370861,KG,0.3708626329898834,0.24631845951080322,3.06386137008667
966259830868758,43.623138586006,18.908434254799,43.792200858727654,17.978329157685945,BA,0.3472634255886078,0.13259673118591309,2.512805938720703
216904886576725,-17.609749712456,168.24322430001,-15.134518943207345,165.31107999827356,VU,0.8846229910850525,0.8289044499397278,0.5154562592506409
1083924499211873,-15.604998425967928,-54.3918257160871,-25.28703710979059,30.988624289340585,BR,0.609408974647522,0.46018561720848083,1.873806118965149
515495726108152,-21.626125276138,46.991186348236,-25.91141921813401,32.566689207786695,MG,0.9030359387397766,0.8677877187728882,0.5946954488754272
995843031248300,0.35769064003091,6.56005755347,13.157689182229138,-61.22743762816394,ST,0.5008357167243958,0.2907336950302124,1.5196903944015503
868028680411287,33.75473452141,35.539565617947,33.88048787278936,35.54118140841013,LB,0.3088519871234894,0.10661555826663971,2.558509349822998
497044088003103,39.80104505168,3.0309963190024,39.84331527189015,3.116257532954872,ES,0.8330467939376831,0.6685007810592651,0.47349977493286133
763955694314654,46.724388793399,10.079801957807,47.137503080227226,11.615140556775499,CH,0.31922221183776855,0.14168845117092133,2.2729649543762207
933520784110620,12.510164810275,-70.009077685586,38.01515967248255,-0.9307045148577603,AW,0.6634843945503235,0.4995186924934387,1.5299125909805298
4220821467968709,8.70139122196,80.590505170341,8.08517960856906,81.78031296248459,LK,0.9999992847442627,0.999998927116394,1.5445315511897206e-05
472361870697782,26.020756253761,50.623130115609,26.018248114768156,50.61143750867766,BH,0.7512086033821106,0.6126101613044739,0.8709481954574585
658902925214070,22.641060199825,-79.087651499584,23.07407136612793,-82.44045076639085,CU,0.4679308235645294,0.14054077863693237,1.2164291143417358
1183079165486550,-5.70834515155,34.761777557018,9.643243865400615,8.627146331050966,TZ,0.598307728767395,0.3407032787799835,1.4308934211730957
296065025397911,34.897985568931,32.528909790104,34.89588585461394,32.40449796464753,CY,0.662742018699646,0.5235939621925354,1.2350282669067383
298824355069041,42.200225487404,21.258956694741,42.18393762399509,21.27334224143729,XK,0.6453425288200378,0.4426296353340149,1.2385708093643188
111691027649131,-22.530138328473,-59.8361857055,-26.965217540326066,-56.768675584484,PY,0.614141047000885,0.4867263734340668,1.5749791860580444
752480212123625,49.471066330606,-2.5339439207361,49.47147194658769,-2.4100800343814948,GG,0.8848081827163696,0.808020293712616,0.5197652578353882
1074377829753053,-6.7022282025878,-76.214917225524,-7.050974267090029,-75.88310839549638,PE,0.2724728286266327,0.15081968903541565,2.936171054840088
525641785107823,50.160224002237,6.1091880533415,49.86410237535443,6.152945579129286,LU,0.2113480120897293,0.011315658688545227,2.9309706687927246
226167275508563,15.49826792628,-61.465568794916,15.592341182318524,-61.435130818403536,DM,0.9558507204055786,0.9289978742599487,0.23139874637126923
148887153873411,5.2121780980173,-52.75060936262,34.08976775987944,-6.745305757171004,GF,0.4579924941062927,0.3893178105354309,2.949981451034546
303850827922633,-34.01092105809,-55.839634214304,-34.17500828431439,-55.88717550266506,UY,0.9788846969604492,0.9703575372695923,0.15288323163986206
311706737236449,50.868855073513,8.8221774508729,51.61660462616022,9.532751098842917,DE,0.0840182676911354,0.024119075387716293,4.354437828063965
1416886515315835,8.139352166375,34.375065339482,8.280422899419667,34.5924001944045,ET,0.9934160709381104,0.9897802472114563,0.051351696252822876
178330404153531,-21.691747493695,-64.656846311167,-17.52426782991441,-65.98130217034334,BO,0.5427955985069275,0.4334631562232971,1.782966136932373
218036349822435,41.14963208511,20.008913305496,41.29791201346864,19.865143481640068,AL,0.8197245597839355,0.6984394788742065,0.7614543437957764
2882903775325778,69.217437476679,-51.098566140502,56.54835948046367,8.41152347803732,GL,0.1230894923210144,0.034135885536670685,4.435060501098633
459460818448144,27.426607200988,89.643491444303,-6.653267809957576,106.54427818354719,BT,0.4324458837509155,0.2021540254354477,2.0700807571411133
309590514053514,-21.85770610861,165.95185481884,-17.159251014405577,145.6331705179234,NC,0.23637205362319946,0.13989058136940002,3.7947239875793457
179548807357974,23.005385103705,120.43121323661,24.711515331945186,120.96634022146512,TW,0.3775404393672943,0.1625228226184845,2.403132438659668
528726041469936,3.6332857552313,72.958318596822,8.553165850209922,98.31513340571895,MV,0.3428502082824707,0.21866270899772644,2.678908109664917
568831498116619,24.732585867741577,121.74077955053384,24.717075587785196,121.81759986922908,TW,0.8324584364891052,0.6692735552787781,0.4769802689552307
871486690248300,-19.804021310365,-63.993881510197,5.532302315666398,-73.61890359647877,BO,0.9460046291351318,0.9376646876335144,0.4058806598186493
380042953234728,-19.161161992074,-64.572161532541,-14.966135145265055,-48.873168154700146,BO,0.3907562494277954,0.21777839958667755,2.923400402069092
368884091223603,35.755508707073,53.366090359346,-27.056599963736492,-71.69358290074122,IR,0.3967336118221283,0.089531809091568,2.1913065910339355
512716496579771,12.164080960014,-68.283956526724,32.34710936141172,34.88343008636968,BQ,0.2604824900627136,0.032966017723083496,3.116454601287842
485436899323868,65.609323761209,-37.633778515025,68.3026686674564,14.494131569975156,GL,0.4978785812854767,0.1484767496585846,1.312238097190857
172629294662585,48.532451875231,17.496813301999,48.546780703638014,17.263638579053556,SK,0.7633018493652344,0.7148087024688721,1.3595025539398193
506770377649958,-12.679904697999794,45.08466359942028,-12.806368524957323,45.137470700515486,YT,0.9247852563858032,0.8506026268005371,0.27621951699256897
265103101980958,14.721827633666,-60.947724527678,14.609976243436728,-61.02539017079791,MQ,0.2847837507724762,0.11281484365463257,3.150277614593506
517013032790983,42.403345896483,44.64336095767,42.95759834920318,44.7661196634585,GE,0.9694312810897827,0.9422770142555237,0.153652623295784
825755764959780,20.340364998941,-87.352869999803,18.483557826988644,-69.76349745706203,MX,0.5131871700286865,0.37072670459747314,2.289705753326416
3799534356839064,60.209940286403,20.246918494907,60.258689513158856,19.88029992161326,AX,0.9282732605934143,0.8661333322525024,0.30766090750694275
134126825414739,38.270282754345,61.711075339758,38.74238739625118,58.493536622769575,TM,0.7141106724739075,0.5349826812744141,0.9674516916275024
1397623030665407,14.493780516069648,-88.97344682800627,14.71934334624434,-88.8564945496719,HN,0.9473667144775391,0.9143898487091064,0.2565208375453949
170949221611851,33.305143801504,126.28817369339,35.727333675054446,128.91514760847772,KR,0.8897481560707092,0.8710188269615173,0.7345994710922241
978428179365285,33.705735440434,51.794214966505,40.28632589705362,28.439068812990808,IR,0.19349981844425201,0.1105901300907135,4.247476100921631
333013904838174,32.340904308709,15.105537141291,36.38848340013359,44.522615908964944,LY,0.7128296494483948,0.6109644174575806,1.1774420738220215
248513507027667,5.6150523860158,16.240852825971,61.16340470165352,14.673195239230388,CF,0.12413899600505829,0.0023283734917640686,3.9775967597961426
237495388152862,-11.621236170917,43.26262853229,-20.936196728638322,55.41294123080894,KM,0.5979266166687012,0.3438167870044708,1.2835631370544434
3042776155952353,18.400872724367,-88.464242712832,17.27125112124889,-88.63111472921001,BZ,0.9995574355125427,0.9991275668144226,0.003963415045291185
487380732512751,4.8184532,114.77786780001,46.72068728192788,17.32373895175521,BN,0.10143443942070007,0.011466123163700104,4.462780475616455
290265362649999,26.177525761353,50.383620514714,24.425192716514246,54.56254937600398,BH,0.7389025092124939,0.6640172600746155,1.28635573387146
482049282914438,7.5885792292079,134.59098074356,26.71576823328807,128.22043933800987,PW,0.43821218609809875,0.19396331906318665,2.0818839073181152
225571855612889,46.763350531273,-81.597671294692,46.95690002246191,-81.45445117607183,CA,0.9169195294380188,0.888391375541687,0.4303271174430847
4804926129529176,15.24531506432567,-14.593708973874378,12.398143603299543,-1.4242499833664342,SN,0.7370070815086365,0.658318817615509,1.324692726135254
369883598351184,-20.367575551703407,57.57618979619237,1.582933478242129,109.96402835724132,MU,0.41016116738319397,0.3155953884124756,2.9945058822631836
4121896524538487,24.635513307941,-76.169569569,26.529607240012844,-78.38631995689492,BS,0.6406841278076172,0.5533856749534607,1.8080775737762451
3863471930446023,-17.111944610128667,15.757158787596603,-16.349456667488912,14.90772173780617,AO,0.9065006375312805,0.8450746536254883,0.4392617344856262
300728688257104,30.395743312589,35.487349115709,30.36698031868568,35.61501382919161,JO,0.9979602098464966,0.9970459938049316,0.01757441647350788
1126228627789114,50.981438273289,3.9109549608118,54.803661073138166,17.853527407966386,BE,0.7415830492973328,0.7049832940101624,1.8286945819854736
549637092752676,-14.934793656692474,13.483762083058584,-8.904699100684823,13.35251037864607,AO,0.5241472721099854,0.082794189453125,0.8184762001037598
1003284990411465,12.059176169795167,-15.322303903822672,17.309451788276313,79.13104211230807,GW,0.16831324994564056,0.048269979655742645,3.8958771228790283
549574962737771,14.061193852760738,-84.04279947361962,17.79211847379366,-94.45262458699902,NI,0.7777448892593384,0.6495388746261597,0.912993848323822
542559790066195,33.009983226586,35.680040403337,39.70880810148682,3.2505310460469037,SY,0.5310941934585571,0.4674820005893707,2.465759038925171
265445685298888,13.004017262133,109.35894392193,12.295636744975054,109.71731928640845,VN,0.6097992062568665,0.4052876830101013,1.349395751953125
1444159855929152,12.212140324895,-61.65046673147,12.220323581344347,-61.59233756202165,GD,0.9807222485542297,0.9724140763282776,0.13172611594200134
378257181042695,0.4223981532159322,9.46341740514976,5.401315741091815,-53.08878897578983,GA,0.9841775894165039,0.9794724583625793,0.12941215932369232
136200968757362,15.043474943211962,-3.1134483369205417,10.724500591202517,-0.1734544855732053,ML,0.6369064450263977,0.44059640169143677,1.4355449676513672
533142534351766,-9.8840552815116,33.911477956503,-25.890879649370603,32.516393999925214,MW,0.3042738437652588,0.24062108993530273,3.5666465759277344
522728752252154,41.038602463059,19.563694296348,40.98328531225762,19.63646962749504,AL,0.7283139228820801,0.5311352014541626,0.9409134387969971
758888101326263,31.637988555726,73.231186805001,33.673088946099554,72.82887783001433,PK,0.510901927947998,0.3768330216407776,2.1209075450897217
305757657709496,1.0675572904673,103.9646409699,1.0444882267753697,104.08052265825538,SG,0.3866257071495056,0.10475096106529236,1.9620062112808228
223281329232117,12.507939003947,-70.014398687436,-8.917110406949739,13.273962221959643,AW,0.9909385442733765,0.9837040901184082,0.059775084257125854
353672373022082,41.381628312913,22.307214335612,45.175282901070496,6.437628150965452,MK,0.2623845040798187,0.21133574843406677,4.202136039733887
855868761633795,18.030052213813,-63.078616758552,13.83795355477265,-60.94808570969466,SX,0.6927811503410339,0.5939974784851074,1.4033430814743042
510341753682172,18.547859996816,-68.613997996337,27.90512381341128,-81.5147809543171,DO,0.08532256633043289,0.0077271535992622375,4.711099624633789
3864898026890576,49.490894517019,-2.5725344431006,49.34717338234396,-2.3968524974014973,GG,0.978105366230011,0.9606025815010071,0.1401495486497879
307754797548858,34.712695715026,-3.8563324324235,34.37638954037834,-3.736356975807365,MA,0.5817338824272156,0.17332762479782104,0.7459980249404907
446821260679124,-9.024115630183084,125.29622320893388,-8.608146227314313,126.39499144617268,TL,0.6166548132896423,0.5041219592094421,1.9538084268569946
947185652683658,-2.3270469336559,-78.929168380573,-2.3175028274156686,-78.8022864859582,EC,0.9994902610778809,0.9991400837898254,0.0049976021982729435
2947290612262244,-11.652155080814,43.263890007029,-12.742495808539767,45.24234686869212,KM,0.9027355909347534,0.823938250541687,0.3775884509086609
2932426006995864,12.349827079376,105.09907855331,10.810426166221752,106.07657462123838,KH,0.9832462668418884,0.9789292812347412,0.1338195502758026
271753411301610,-18.657738465691,-174.02787918873,9.500046464870813,-83.47765322812933,TO,0.21997278928756714,0.06451088190078735,3.656773090362549
478264666827999,61.472372240129,-6.7939711372832,61.69836206102534,-6.700654737228796,FO,0.9998214840888977,0.9996482133865356,0.0017472022445872426
1101915547131650,-35.411992228208355,-71.29963328046824,-35.47769844975019,-71.32249346304619,CL,0.808907687664032,0.6814521551132202,0.6476896405220032
3920872697958453,60.225200988406,20.059664271851,60.27436777755599,20.090043223719338,AX,0.998771607875824,0.9980316758155823,0.01209938619285822
480958303108322,18.02673753942373,-15.984917957529673,17.782497217770445,-15.762767507075282,MR,0.9999055862426758,0.9998655319213867,0.0012258847709745169
477439253471149,2.1909112658474,25.247273616721,0.844957857447894,25.586738494446827,CD,0.9865258932113647,0.9781188368797302,0.09369925409555435
2503535586463255,5.369009126207446,163.01297824070343,3.625852443939912,156.28818986234864,FM,0.9999523162841797,0.9999062418937683,0.000531848578248173
699303201033596,25.12900987620192,33.08865526570508,-25.350903741957936,32.6602605771315,EG,0.6158767938613892,0.28471171855926514,0.8933427333831787
1109009986288059,-8.6876105869135,120.2374852281,14.148366430022138,98.52918995122154,ID,0.8421670794487,0.7985641360282898,0.9868463277816772
945361122882179,12.134119747509,-68.278230013563,32.179712774466765,34.897101317113666,BQ,0.6672698855400085,0.5496859550476074,1.5560564994812012
1086140081896052,17.025256612863,-61.868698580061,17.105856382666612,-61.33383272498422,AG,0.999777615070343,0.9995806813240051,0.002200427232310176
2896487987274330,-8.6384264591615,125.60292428532,-8.672714555335093,125.46371414902154,TL,0.6959455013275146,0.4215715825557709,0.7860516905784607
2579869142308862,10.34358900767,-61.458152299031,17.05045076913494,-61.807479722669214,TT,0.5807352662086487,0.4170082211494446,1.562195062637329
267083508462188,52.899440738443,8.4141554815178,52.955911708967434,8.187487056127111,DE,0.6109806299209595,0.4828742742538452,1.6504241228103638
135893315238976,8.7909434146234,-78.181606800432,9.223515708988131,-78.87148673609417,PA,0.7767835855484009,0.7335777878761292,1.1816779375076294
150017570480103,41.50666060749,21.935799073836,18.964553500671588,-99.27777062977897,MK,0.5550702810287476,0.4945889711380005,2.7194888591766357
869032447374518,45.14353499999999,14.845183055555555,44.698608905904536,15.101983958939448,HR,0.6213433742523193,0.3844614624977112,1.2600303888320923
919042368661061,-35.376055559767,146.26475,53.4018486871173,44.62316052632747,AU,0.5029094219207764,0.13131162524223328,1.3653448820114136
985915661813386,-23.393263453848,44.397761247232,-25.974039146908268,32.50337600652395,MG,0.9326472282409668,0.9003218412399292,0.348405122756958
670850541182018,26.0204034,51.064903400000006,25.86520620754497,51.15939979226699,QA,0.994623064994812,0.9926179051399231,0.04379306733608246
358677975646602,18.32970950933104,-64.95126838918696,13.155689275607914,-61.23127975425194,VI,0.493379682302475,0.3830517530441284,2.191396713256836
468571217849628,27.519976313624777,114.13899685380947,27.53621121662927,113.59524752581571,CN,0.9224029183387756,0.9040912389755249,0.5802196264266968
166033172108272,39.547581612083,46.441663046559,39.705826944048795,46.22830586017457,AM,0.9628345966339111,0.9482700824737549,0.284839004278183
494503958271926,65.59525777881,-23.774501108369,65.69674628959008,-23.733286322673283,IS,0.9998657703399658,0.999750554561615,0.0014095248188823462
912539252641876,-6.3006910051682,176.31917767142,-8.848270858042447,126.5213298804798,TV,0.2673841416835785,0.13716568052768707,3.520082473754883
528519191857396,31.419084991343,35.033717818153,31.62581768946202,35.18850689064291,PS,0.5056159496307373,0.36654478311538696,1.5374032258987427
2693852350916149,-22.134506991871,166.34104640683,-34.47119714527338,150.3486762120776,NC,0.25328049063682556,0.14400899410247803,3.753591299057007
943976513021626,17.310149834096,-62.711002505143,17.03301151902781,-61.835746983107676,KN,0.6748049259185791,0.3498152196407318,0.6325778961181641
314603156759488,27.431221771339,89.646958499505,27.703620544250168,86.00348383108933,BT,0.44693946838378906,0.17372459173202515,1.7046399116516113
142911821192377,18.124397901175595,-15.95930487738458,26.27806037809342,50.63407300714583,MR,0.3837357461452484,0.260789692401886,2.426238536834717
995608364307407,62.231154398192,-7.0203744109078,62.4105680722971,-6.974717130982587,FO,0.9491274952888489,0.9346545338630676,0.34488609433174133
920634065161187,49.245509981929,-2.1382669508349,49.17367366423844,-2.0815823906221302,JE,0.9998893737792969,0.9998231530189514,0.0013230041367933154
314870496880636,28.628362975198,48.038775336392,29.973645393802208,47.7280692280562,KW,0.6485260128974915,0.4919494390487671,1.1292508840560913
137727984953777,-6.2967650470378,176.31787733981,23.145775955349258,89.70884538806934,TV,0.8496047258377075,0.7865878343582153,0.8248441219329834
970870010403579,1.3869451851245,173.14684137479,-19.55928120682302,34.77552840738602,KI,0.2586936950683594,0.04175029695034027,2.8601016998291016
319746332831620,37.296859809574,-5.7125450742042,37.37884980309451,-6.224365197751433,ES,0.5466288924217224,0.1856895089149475,1.0623866319656372
3035810213314122,55.003356832716,24.139338741958,55.32426228958682,24.8479285459944,LT,0.8641016483306885,0.7900770306587219,0.6545647382736206
288447642774684,-6.1571269966165,107.04394801454,-7.666785912873079,112.79879136717312,ID,0.7853878140449524,0.7129735946655273,0.8692785501480103
829997677895262,12.323432189112,-1.5533388682237,12.437692726865139,-0.8216032041170682,BF,0.984382688999176,0.9756007790565491,0.11427441984415054
106381768201986,11.974525625543,39.044869566531,13.025275873661597,41.14604411314919,ET,0.5438905358314514,0.11730626225471497,0.8682020902633667
305230294414376,18.451313183212,-64.558514994681,14.598446381166742,-61.11394756097654,VG,0.7744677066802979,0.6758688688278198,0.7999624013900757
883910462466493,-15.648621030725534,39.34163432285212,-15.549165345298274,39.237266967650484,MZ,0.46562474966049194,0.17790848016738892,2.191718339920044
492194012125902,46.117642,18.110710999899,45.3293567757825,-75.70644466157442,HU,0.5228446125984192,0.3468698263168335,2.0875608921051025
1573490059506418,18.338429999176,-64.899272406242,14.034236856864366,100.88091077234554,VI,0.1438656896352768,0.02648131549358368,4.181255340576172
766495730715953,44.706372569218,18.069343447503,48.828106070788884,18.119396061182012,BA,0.3659212589263916,0.26716214418411255,3.290224075317383
781285156083286,32.087994573877,-8.2233968662806,32.023892405480524,-8.225388264408979,MA,0.9999904632568359,0.9999852776527405,0.00013757473789155483
745256106153583,52.344707039659,45.336839122968,55.19290944730006,47.125144643223365,RU,0.5161212086677551,0.24769604206085205,1.562208652496338
1117334568775680,18.337748404316,-64.915702992028,17.143409829448906,-62.456401423475995,VI,0.5292983055114746,0.2957443594932556,1.8602509498596191
306286164527539,33.350146257859,126.25399959043,10.00079436413301,-84.1860514757305,KR,0.14445200562477112,0.036549732089042664,3.8597898483276367
336794264546437,4.9054666559617,-52.301588003183,13.889823852656917,-89.90022388482674,GF,0.9509775042533875,0.9351447224617004,0.28837209939956665
153474173412155,38.399164295663,71.058858396182,38.300577348762964,70.95676550784793,AF,0.6075806617736816,0.23385176062583923,0.7574743032455444
350521240549818,31.321208568090835,27.27841709921041,31.063388271018297,28.269132547705112,EG,0.9862548112869263,0.9793182015419006,0.10793379694223404
218975556246226,7.8821057071516,-74.834139978895,-27.407510872069366,-59.040527385445344,CO,0.7037180662155151,0.5411189198493958,1.2930736541748047
1259603784501134,31.292411220432,35.534796522034,30.87599698141927,35.57673234732855,JO,0.9939834475517273,0.9923273921012878,0.05286378413438797
4309223739108363,2.1266240352603,45.323364966483,22.943707951638075,57.48318731275585,SO,0.22736433148384094,0.0038391798734664917,2.959156036376953
259978149147748,40.965992824636,70.990742663385,23.240193230117224,57.37379678356705,UZ,0.17681922018527985,0.02362672984600067,4.181448459625244
764847514207415,29.990268063885,35.075916116471,30.393307209193132,35.00016385277619,JO,0.4332413673400879,0.2345389425754547,2.9238779544830322
248250033759700,29.80888569787,-8.8927590395819,30.52681500909324,-9.57223948378347,MA,0.2752748727798462,0.05738033354282379,2.7901599407196045
454143095650719,4.754477618596,115.1672935653,4.880759969422329,114.8967854097399,BN,0.9785263538360596,0.964035153388977,0.11895570158958435
779725396245876,17.150242379267,95.997861485963,54.057012471722274,54.2096729758446,MM,0.4787161946296692,0.3931840658187866,2.735600233078003
580468796254927,1.0529367558583,104.00979134276,1.0632260131492806,104.06823179731687,SG,0.9991089701652527,0.9987421631813049,0.008898936212062836
996366924230321,9.4509927129863,-5.632989557206,-27.39839067465857,-55.90495811276677,CI,0.46798089146614075,0.13364705443382263,1.5162737369537354
167430881975593,48.946219066106,17.372135047934,54.567440377017476,16.785844790133446,CZ,0.18300014734268188,0.031450092792510986,3.362229824066162
1287753361619391,41.902938185448,12.402760733592,38.724563123074645,0.04759226533457977,VA,0.21614210307598114,0.0677846223115921,3.3018789291381836
631066277884886,8.81662211291624,-82.90477256073295,9.167388864510837,-79.73179332186577,PA,0.6938193440437317,0.6055558919906616,1.3045835494995117
1770786233100996,69.218294531367,-51.091665910743,78.2986905874325,14.003027698954533,GL,0.5145722031593323,0.28002363443374634,1.7402838468551636
239943934683187,68.81413122743538,15.673939453479123,68.29272055760553,13.981778750982171,NO,0.7057128548622131,0.5566131472587585,0.9900802969932556
481611806279393,19.322225516792,-81.380605067753,26.433470353599397,-80.1331118797293,KY,0.4937780201435089,0.32541632652282715,1.8220635652542114
3800949300034619,38.343949995952,57.117059018247,38.382990903760955,56.98347169380968,TM,0.9978234767913818,0.9971029162406921,0.022887209430336952
823233711883166,29.068560075854,48.084048261556,23.86396512310687,38.58599783665131,KW,0.9203596711158752,0.849353015422821,0.316620409488678
450038362963389,38.978830137822,-7.2812361854766,39.44096930294388,-7.719986710182496,PT,0.39155372977256775,0.10382440686225891,1.4362847805023193
297933462444738,13.662316404789827,-16.430340101173016,14.082678308320425,-16.41191164070561,GM,0.600288987159729,0.33153417706489563,1.1144343614578247
949917125580796,18.251570400358,-62.984528794394,40.92906855068619,141.2813498400162,AI,0.2685169577598572,0.137750044465065,3.7749717235565186
313078556837128,55.266055994786,11.315098206416,55.50021717634915,9.773051118406746,DK,0.556395411491394,0.507642388343811,2.5359878540039062
210766354219144,-26.628804736334,31.659445474276,-24.552095878661806,30.86050521980793,SZ,0.6131844520568848,0.31669554114341736,1.0042181015014648
520708829313842,54.68692259669,9.0074931788196,55.832651484405446,9.066063685808587,DE,0.11330948770046234,0.01958577334880829,3.7073781490325928
992154464938892,-17.65251068093,177.40709100849,-17.828143680531035,176.65171378964538,FJ,0.9873558878898621,0.9836655855178833,0.10200569778680801
150289013771703,50.348577719861,-4.6628826388904,51.1999397067133,-1.6848807547055127,GB,0.2577779293060303,0.08851169049739838,3.2807083129882812
1423738521294950,17.182641732455,-88.332789645282,17.392805613436938,-88.39563526936776,BZ,0.4589311182498932,0.31202882528305054,2.2806615829467773
1155605118288528,14.706942793316,-61.143095527488,14.712335236003986,-61.091294065356294,MQ,0.9964358806610107,0.994774580001831,0.030423542484641075
2986698694926936,78.215334468879,15.012641390148,77.67489076363874,14.067382423114797,SJ,0.5927596688270569,0.28940072655677795,0.9526772499084473
2083829008422694,58.379655829272,6.1151443597417,59.81628845262475,5.381699485265088,NO,0.9294226169586182,0.8815022110939026,0.3615414798259735
155652916570780,42.348418071723,20.818276988414,42.457019471049584,21.000659442261135,XK,0.6506085991859436,0.5683398246765137,1.818593978881836
845707173409060,13.15145888888889,-59.57003805555556,13.110723144945828,-59.59042016592456,BB,0.886739194393158,0.8576472401618958,0.6171561479568481
792307658322895,52.913640031191,6.8640509875213,48.22278154426967,9.763583255868607,NL,0.2272462248802185,0.03563570976257324,2.8462131023406982
463829391356731,7.1956119778003,124.23640602451,18.54905434586391,-72.85561566810406,PH,0.37989646196365356,0.058667510747909546,1.9475098848342896
190327429484222,18.406063827426,-66.173016157195,18.382046621453203,-66.13293930062432,PR,0.9989854693412781,0.998113751411438,0.008981555700302124
964385794363812,38.838166509572,140.96848476449,38.93935098066533,141.25100655446974,JP,0.30347374081611633,0.08830602467060089,1.9799381494522095
992350614846774,12.919375038455,-85.248546579532,13.04608015686489,-85.61144895914444,NI,0.4006226062774658,0.09277394413948059,1.6148309707641602
2898111640459899,32.288702684025,-64.767038528517,11.20707153743362,-60.70025087912478,BM,0.4532368779182434,0.23476660251617432,1.8900566101074219
156853596375003,19.653051191999,98.633327646919,17.9083949031679,98.79298300193533,TH,0.39642593264579773,0.07041710615158081,1.654554843902588
353101693221406,-16.097698333830845,28.68442044328358,-15.829595813124332,28.98441307308492,ZW,0.9903932213783264,0.9881798028945923,0.08631419390439987
