id,true_lat,true_lon,pred_lat,pred_lon,country,corruption_type,severity,error_km,top1_score,margin,entropy
1198015930637035,47.58736244394304,13.72243335782696,44.11227478059091,18.76518636125899,AT,crop,2,549.1934309589061,0.1764380931854248,0.09760177880525589,3.9006240367889404
2627501530880734,-21.690540312924,165.67395409726,-23.67911580183072,-47.36436819340564,NC,crop,2,13832.396904708414,0.7264666557312012,0.5852934122085571,1.4339089393615723
464312504633961,25.061219179854,-77.474052344488,26.392341426769185,127.7687520000353,BS,crop,2,13684.760344356966,0.10304444283246994,0.003068186342716217,4.830352783203125
1640910792965420,14.05090975535,-83.408252576108,6.065488688492155,0.45256559610929903,NI,crop,2,9184.561413183272,0.33766257762908936,0.024089187383651733,1.7383395433425903
784509382269632,39.054295235447,125.75444015475,51.1318829996918,71.46307197636226,KP,crop,2,4358.471776527357,0.30029061436653137,0.1952047049999237,3.6212158203125
1203580403446328,59.403162352068,5.3346943684814,-23.246435566632908,-45.975970394392085,NO,crop,2,10309.605045494163,0.27199989557266235,0.20386210083961487,4.218239784240723
529318031569520,35.884852698,14.543835095527,35.89480768346998,14.551796057317436,MT,crop,2,1.318953184067923,0.40899521112442017,0.01780363917350769,1.2324014902114868
579627393601024,31.161290071016406,27.62620232776423,35.673248949316765,-0.5420824123040799,EG,crop,2,2652.561778697332,0.38374990224838257,0.08806225657463074,1.530357837677002
493287055050730,18.529699440908,-73.82906994801,20.572497387604034,-97.34772829398162,HT,crop,2,2472.6827664277444,0.3072930872440338,0.08813150227069855,2.0747358798980713
194636675718395,15.711283292961,-86.911458774945,6.297503206827463,-75.55774988145558,HN,crop,2,1620.9405599501538,0.4828183054924011,0.22137585282325745,1.1876641511917114
324862519056205,19.31841800221,-81.382583014952,6.68485776152854,-1.490293908094786,KY,crop,2,8705.168195220245,0.7562685608863831,0.7218329310417175,1.4666097164154053
312497683776326,-3.5385285661184,29.342796802632,-3.4324300451994354,29.183745077452176,BI,crop,2,21.232361332726555,0.38097670674324036,0.18092551827430725,2.799792766571045
524249899215869,-20.36057432562562,57.57448506856856,-20.258563288315564,57.65109542876033,MU,crop,2,13.87413411457716,0.2603050172328949,0.20939964056015015,4.511666297912598
762407414666903,18.261799133186,-66.040383948361,19.790539466388967,-99.39420485650854,PR,crop,2,3504.72388284212,0.0636724904179573,0.00274600088596344,5.080976963043213
1162773017520174,6.3181766455254,37.510104406035,9.10849465258204,-79.48044429610299,ET,crop,2,12825.142397368085,0.3023614287376404,0.025862067937850952,1.8062881231307983
3356357477800408,-13.862024739384,-171.85937431059,-13.22087497060519,-172.19154970768938,WS,crop,2,79.82546929008771,0.6102193593978882,0.4496902823448181,1.557083249092102
487479689165720,-0.79790097222466,-77.201507380967,1.6033873617543344,109.5887318528811,EC,crop,2,19254.923846803624,0.6412202715873718,0.5210551619529724,1.6983988285064697
255694192945304,0.23852452895088,109.87510053714,6.408552509663672,-1.27647464832765,ID,crop,2,12340.90340892521,0.45371612906455994,0.30097073316574097,2.5984020233154297
810188746588631,46.29075689375,10.078154998184,44.137306296350495,6.232097472113931,CH,crop,2,384.7615652696191,0.23445118963718414,0.07967156171798706,2.7864625453948975
152336490235316,6.1412981189533,-10.222955468447,5.244120585427786,-2.870767975350423,LR,crop,2,819.5743441743765,0.7139776945114136,0.6439880728721619,1.6443490982055664
1128248694323507,4.9712879947102,-52.440325961909,5.155825810413218,-52.693469312837784,GF,crop,2,34.744902734685034,0.6488491296768188,0.6001107692718506,1.8714075088500977
319600276196154,17.249258189479,-62.655520880016,17.01302819264488,-61.84146837248873,KN,crop,2,90.40265401032644,0.588375449180603,0.4654023051261902,2.0396616458892822
227605128698501,30.534718182782,35.557018519973,27.4730588814184,68.07013111162614,JO,crop,2,3169.2810847668993,0.17418934404850006,0.09596827626228333,4.072576522827148
469353001013618,-4.8497851046353,11.90522368749,6.720575970715802,-1.5081994922338582,CG,crop,2,1967.6547075412902,0.9878738522529602,0.982318639755249,0.08000411838293076
312137333614311,50.147457733865,106.21881807879,-28.939918834740258,28.18237509451972,MN,crop,2,11651.842880394383,0.1590350717306137,0.030637726187705994,4.548439025878906
417436926432877,-9.466630277777776,160.38180111111112,6.377467476831916,-1.2287118402731911,SB,crop,2,17961.281882920564,0.21325168013572693,0.029447749257087708,4.117786407470703
521833368998076,33.828288106674,35.578984207651,33.97557431133091,35.62997327597582,LB,crop,2,17.04014867865317,0.9758057594299316,0.9588915109634399,0.15085238218307495
804138920493771,-0.43494769438863,-76.201325946671,2.194446991764772,-76.44789591754078,EC,crop,2,293.6575311763436,0.8904781937599182,0.8734771609306335,0.7273189425468445
302261168190071,-13.859325484052,-171.70998038915,15.37975154868145,-61.239858767690436,WS,crop,2,12566.248990634493,0.7788018584251404,0.756977379322052,1.7042049169540405
1226452984452730,18.570054722222,52.82152305555601,17.594878318742634,53.15805353045628,YE,crop,2,114.12022651943846,0.0970749706029892,0.004931733012199402,4.915355682373047
321769825972532,56.815207379952,13.937240092613,57.901321504767516,15.971455390077438,SE,crop,2,171.65682939963898,0.19321413338184357,0.014729931950569153,3.3886771202087402
773469050698883,0.4364979004820079,9.440864620026538,-1.3705992394729967,36.85039713605012,GA,crop,2,3054.188140092099,0.6168974041938782,0.4983164668083191,1.6934139728546143
333032548339836,51.706235270322,-9.7173149835356,51.8684054449362,-9.794573562035689,IE,crop,2,18.799216858042787,0.9810513257980347,0.9677128195762634,0.1237623393535614
321482029535925,44.652229350002,21.162756330018,50.0039430669236,20.829608463234017,RS,crop,2,595.6111440362049,0.7526736259460449,0.7282496094703674,1.5806095600128174
832510974027702,-17.456552891966,-65.728142843828,-17.150170372282176,-65.90134013787161,BO,crop,2,38.71336441389076,0.5387450456619263,0.3030456006526947,1.723968744277954
109891514526025,48.213328182129,28.09057650588,56.322765899754614,10.51360815657455,UA,crop,2,1490.7501274178805,0.350818932056427,0.08017575740814209,2.8565080165863037
2942639579308445,34.805369127435,127.95898406217,37.30955710035654,127.1551372463973,KR,crop,2,287.672426159633,0.7976683974266052,0.7274723649024963,1.1646344661712646
370894024357836,15.425447150296,-61.271269855519,15.44993877778113,-61.36345976352381,DM,crop,2,10.249617661641693,0.5796926021575928,0.28585174679756165,1.3024234771728516
788101518532706,11.258356617235,-60.564806768225,16.872088860203977,-62.166099997335365,TT,crop,2,647.6508730012101,0.5142005085945129,0.332613468170166,1.5528265237808228
3872288566218352,50.796778330451,21.153443346433,47.77554305700257,8.827310318151275,PL,crop,2,953.6364188772958,0.2406814992427826,0.1207825317978859,3.906893253326416
1002859423856924,17.09712846732,-24.97047664313,35.61457668867459,34.41095059410893,CV,crop,2,6167.067698987956,0.27928459644317627,0.18001267313957214,4.067823886871338
238160651412928,-46.337650900733,167.79026062048,-43.550435298004686,172.61177202422493,NZ,crop,2,489.7902322866527,0.49911031126976013,0.43666738271713257,2.818013906478882
2563203020654329,54.32142990519237,-4.456551481932205,51.32286214397192,0.7777798215987737,IM,crop,2,484.4035438854966,0.14892879128456116,0.023487553000450134,3.4105048179626465
732194144134616,9.3458958330497,-79.823967302875,9.966447806682359,-84.3946089101728,PA,crop,2,505.7544022905155,0.5635106563568115,0.5074278712272644,2.651564598083496
476322813419625,17.628516606198,-63.231308396649,38.15213018419328,-26.59226642667116,BQ,crop,2,4220.90475788458,0.9882349967956543,0.9866276383399963,0.11253797262907028
1136304350214402,-39.328969954559,174.63690058405,-39.16661448418136,174.62617687582943,NZ,crop,2,18.076706311261745,0.9404698014259338,0.9203816652297974,0.35450559854507446
486828262519306,14.646929324615,-60.975801183717,14.792005751113589,-61.063378866718,MQ,crop,2,18.68003611042946,0.7331789135932922,0.6209538578987122,1.173844337463379
1387937924894828,47.907557209354,107.17858480002,53.20835823492509,50.32263358062716,MN,crop,2,3951.340825379304,0.34351056814193726,0.024560242891311646,2.5775632858276367
944100506347413,4.8670503980303,31.542952103365,-12.845606682072875,28.21405880056625,SS,crop,2,2003.5981680891039,0.5410754680633545,0.4707662761211395,2.7891547679901123
225738692700446,69.2342740620203,17.971246283328018,58.952421437967345,5.953655341281621,NO,crop,2,1278.442755449688,0.9771276712417603,0.9742524027824402,0.20842239260673523
138012564971418,-17.546030537707,-149.57580216474,-20.243200319755534,57.48295369117233,PF,crop,2,14879.705192494004,0.7490266561508179,0.6859095692634583,1.203848958015442
1349102025473123,60.210439476288,20.246196471172,59.910830082523766,17.947866816944067,AX,crop,2,131.81851320473248,0.2872489392757416,0.024638086557388306,2.8840012550354004
481515363098541,8.3835270285271,-82.196719096621,9.101161036224124,-79.48213084688558,PA,crop,2,308.8262150687914,0.22233141958713531,0.0005905777215957642,2.660101890563965
208681127527124,49.241162571487,-2.1218631166228,53.92948842035474,10.829136872661369,JE,crop,2,1033.3245415174667,0.684541642665863,0.6577664613723755,2.2400119304656982
496883494997876,12.508559533613,-70.010590958509,3.1351180509051435,101.56558808027167,AW,crop,2,18042.314131620973,0.21052633225917816,0.018986836075782776,3.5229992866516113
1258448591563623,-8.614371141011388,35.602892240053215,21.482725859423017,-104.76820901493363,TZ,crop,2,15541.672160108486,0.1699957698583603,0.028022095561027527,3.8249287605285645
849655245900069,5.9311045328258,15.65109465938,6.5091527585958255,-1.3792667539623606,CF,crop,2,1883.5482391792639,0.8616065382957458,0.7738713026046753,0.5830208659172058
1448430112350839,11.026769583975025,-8.632346605323722,12.800397103164226,-8.293155476050266,GN,crop,2,200.64113844081788,0.4645562171936035,0.3286055326461792,1.9822890758514404
711741309997504,-35.434392939173,-67.582981443437,-33.01348252267961,-68.23612883197961,AR,crop,2,275.80732924712976,0.3341045081615448,0.20008817315101624,3.0085997581481934
330646891800305,14.870259800656,-24.373949477736,-5.336433007978932,-40.84011823578403,CV,crop,2,2888.287338635758,0.2763614356517792,0.22828075289726257,4.527337551116943
844947319428707,12.572384044567,-70.044602664275,-12.986629260269416,-38.43025772747248,AW,crop,2,4497.56041001987,0.11653842031955719,0.014393486082553864,4.197545051574707
1424082877926694,39.063764515107,125.77381801639,27.37179279742079,68.20091875878165,KP,crop,2,5419.68492371815,0.13054196536540985,0.009964339435100555,3.9974851608276367
262049738998529,15.746495092756,-86.857367093038,4.98335517635406,114.95810352191823,HN,crop,2,16686.48319135094,0.4496130049228668,0.13269823789596558,1.8090016841888428
2941932222749741,8.8904169624644,80.720461103422,6.57537998184032,3.2305593268080792,LK,crop,2,8527.022161774677,0.6972680687904358,0.42174333333969116,0.8356772065162659
2957416491247002,22.534707236092,-79.367474703615,6.930145422479732,-58.21469154344418,CU,crop,2,2853.52235176761,0.6730394959449768,0.5602260828018188,1.6262943744659424
1339793246404338,78.178055846086,15.902100697497,67.88652583678574,24.04382012645294,SJ,crop,2,1171.761597530569,0.6272530555725098,0.5484390258789062,2.365344524383545
742849163058043,7.9945228460384,126.06338592216,5.213868577732951,-2.6570390851947563,PH,crop,2,14141.12340661789,0.9943690896034241,0.9936089515686035,0.05675002187490463
487902825754300,18.349709806038,-64.886627593059,-41.342060614246776,175.10513939219354,VI,crop,2,13827.836004045383,0.3158532679080963,0.05376961827278137,2.192718267440796
188819323085799,41.434692972264,43.314083402676,35.140905249304865,32.71114823577211,GE,crop,2,1158.7607320152138,0.2910676598548889,0.14651240408420563,3.0856080055236816
449823653747421,53.88835461402647,-122.76729722632489,49.09603404292073,-122.75971788340672,CA,crop,2,532.8819918533575,0.47721341252326965,0.10084608197212219,1.3937739133834839
227770655816183,49.479739351354,-2.5890746408905,49.30736398395964,-2.3038256822061984,GG,crop,2,28.17022710424013,0.9658893346786499,0.9488555192947388,0.21799421310424805
216079839905055,19.324976978962,-81.381549997813,34.462321602659195,139.25594814724778,KY,crop,2,12651.26955383189,0.2242201864719391,0.07088540494441986,3.950610876083374
828630294440097,3.9058095275261,11.829761470611,6.455533862744337,-1.3379936036618,CM,crop,2,1485.365391230491,0.1304473727941513,0.017702415585517883,4.33777379989624
860118858181209,-20.177979,57.661693,-20.243690630981405,57.478333949161886,MU,crop,2,20.480954048338653,0.8581980466842651,0.717330813407898,0.41520634293556213
114507540681851,35.729256605436,128.41830771074,35.76222747329046,128.84291507623348,KR,crop,2,38.49480195689228,0.4342479407787323,0.3692171573638916,2.8571412563323975
661381454786146,-18.972548731094268,29.805283361910963,-17.71785462644115,27.51461888741406,ZW,crop,2,279.1257153550399,0.6794970631599426,0.6003454327583313,1.6868256330490112
222747492577837,61.352664593679,27.429725107498,31.899571802602768,-84.97305578190208,FI,crop,2,8008.652826520495,0.2977600395679474,0.21986037492752075,3.9355309009552
138806294926443,38.717835758735,58.495184798492,43.30857896362569,68.37052364940624,TM,crop,2,972.2001096523641,0.8771897554397583,0.8580591082572937,0.9390217065811157
135421499385396,13.275246919086468,2.911011286873044,-15.563104772917523,28.01358060272736,NE,crop,2,4231.432949745229,0.557996928691864,0.3539550304412842,1.5575772523880005
517034622643483,-9.0920015075631,160.82242285539,8.607686032697275,-13.123714236467451,SB,crop,2,19347.774830356622,0.9957120418548584,0.9937012791633606,0.035843249410390854
2526299567665760,35.829307962213,14.558295593658,34.782578102900196,32.476291041591956,MT,crop,2,1627.828036696824,0.4276571571826935,0.18963101506233215,1.5642989873886108
281947363629492,78.231350087799,15.142395905188,62.426640508729335,-7.071188124663802,SJ,crop,2,1914.4858906584986,0.5158118605613708,0.03354963660240173,0.7085731029510498
309954333906145,40.335258934887,19.990673334292,40.135296833632445,20.04071387215944,AL,crop,2,22.636879450037735,0.18777064979076385,0.03611093759536743,3.2750089168548584
163258222377928,-8.7192284268616,160.86453616743,5.243276791881245,100.474217501857,SB,crop,2,6872.344751956346,0.3890036344528198,0.012010812759399414,1.6162168979644775
497041608993768,7.354967160960991,134.4972694391149,-5.772469183155753,-41.045115555597036,PW,crop,2,19492.191861582152,0.4170699119567871,0.26618075370788574,3.091529607772827
325055798982586,-10.203132697528,31.216979658259,-10.58769853144154,27.495039886757123,ZM,crop,2,409.30437989863873,0.3385809659957886,0.06919309496879578,1.8519032001495361
361816321938390,12.57472666996,-70.041979864956,5.23217960565268,-0.8571687078537003,AW,crop,2,7625.4908610658285,0.6278225779533386,0.5570405721664429,1.9086612462997437
1145510005966861,18.05148025828786,-15.896397560721027,35.19276129554186,33.145248771492,MR,crop,2,5174.425478813636,0.22039301693439484,0.009202167391777039,2.4753975868225098
262345932212210,15.140006372867152,39.26672870985676,-10.324596948345155,28.370148448511618,ER,crop,2,3075.503983879619,0.3782182037830353,0.08079278469085693,1.91275155544281
901986960835723,13.278551582622178,2.917996515380901,12.632172432267142,3.9146939799233933,NE,crop,2,129.73491410044096,0.9238842725753784,0.8951506018638611,0.44012701511383057
317050140097070,43.4276581353825,24.38127115862344,52.74460157246269,-7.458801889607195,BG,crop,2,2555.085560626755,0.4196135997772217,0.27281180024147034,3.376211166381836
994714827967018,22.682567905302,39.11769149111,33.89797455181518,-87.39946130339148,SA,crop,2,11555.923694309984,0.30529701709747314,0.15243472158908844,4.048502445220947
145209974249665,16.762668175828,-62.220769939941,14.098319634310783,-60.94671273188262,MS,crop,2,326.21499057702744,0.6308548450469971,0.3461250364780426,1.0793423652648926
763480160945552,3.114388438698,31.177872023014,-11.998469794369736,29.711291196770443,UG,crop,2,1688.2737270945147,0.5211554169654846,0.26104509830474854,1.5024070739746094
4405163029511350,43.682079175037,23.978223195064,43.47639756340901,24.257019098255714,BG,crop,2,32.053258310056265,0.40594562888145447,0.2343553602695465,2.349374532699585
326659798812032,12.410385336248002,-16.110049424682003,-13.360299448063685,24.829560555492474,GW,crop,2,5345.9932342184065,0.37441468238830566,0.255403995513916,2.389508008956909
895631547651467,12.080356238018,-61.704118318475,15.606401422799971,-61.451714120419275,GD,crop,2,393.023857492066,0.7324713468551636,0.6880292892456055,1.665698528289795
953292548822411,18.0817933464398,-15.894888251115804,-12.851989065204858,28.24858154951186,MR,crop,2,5939.339393658309,0.12588369846343994,0.06473358720541,4.2719340324401855
1179673359141283,-27.440457092686,31.884625638401,-28.390210488924915,29.074885031335615,SZ,crop,2,295.57355173430915,0.43753740191459656,0.2998010516166687,2.201404333114624
1391570534555001,12.121586777999,-61.634729332904,13.927855987190433,-60.99654884615414,GD,crop,2,212.4131346494768,0.5356571078300476,0.41245657205581665,1.8427906036376953
1931718050309638,42.316673318457,42.610766550542,39.38858786155754,-9.112106783044396,GE,crop,2,4295.122938420132,0.22955100238323212,0.10089430212974548,4.09742546081543
1441784959495240,18.614866388889,52.371751388889,26.29636192355296,67.82755123136,YE,crop,2,1801.1849022776,0.2709566652774811,0.012936115264892578,2.8432555198669434
1092193684624091,13.222041768155,-61.27004985443,13.894163433674997,-61.03032347801986,VC,crop,2,79.10150770043342,0.8064758777618408,0.659953236579895,0.7136378884315491
545855749735091,44.933679619312,10.542218724088,44.83815149344521,11.613462928569877,IT,crop,2,85.06112260655185,0.6086598634719849,0.5076414346694946,2.0913784503936768
2774084016236056,4.2465653216704,73.54886569526,10.116231159123139,-75.80985178167366,MV,crop,2,16264.52809615522,0.9722185730934143,0.9671671986579895,0.234758198261261
193239609283383,16.442716181297,97.600636667113,11.310350786996178,105.06420584638589,MM,crop,2,987.0461041200233,0.3133532404899597,0.2432851493358612,3.8505263328552246
838605060406461,-38.684857801033,-62.245177670808,-34.759878265743964,-56.14600388852287,AR,crop,2,696.8317797109887,0.364875465631485,0.13309775292873383,2.496269702911377
1398766300483374,-20.281888888888,139.05741666667,43.03066909687948,-84.5862002583407,AU,crop,2,15246.510946279359,0.0818677768111229,0.0005423799157142639,4.908450126647949
309592324146292,-40.470381504032,175.24679558692,-40.37917137176307,175.49265333172747,NZ,crop,2,23.151132154658345,0.43067505955696106,0.17084679007530212,2.0071067810058594
787330225321281,78.186979979764,14.79210601878,62.999100567761545,-7.290349249976742,SJ,crop,2,1847.3647860087472,0.8880808353424072,0.8717596530914307,0.8036544322967529
481435006457069,41.714515597444,19.778002854189,37.41862381436221,127.75211943193945,AL,crop,2,8585.33113281503,0.20804689824581146,0.08558487147092819,3.24135160446167
562746315113072,-21.036239487922,55.673092800575,-20.925683534175995,55.57911811556747,RE,crop,2,15.694502922572523,0.3304053843021393,0.0555269718170166,1.8959968090057373
251075026766241,42.736773777269,78.935492923137,-2.06365073084545,-79.04879232373796,KZ,crop,2,14991.619724552518,0.2854679524898529,0.12112739682197571,2.8578295707702637
4010096302418176,13.274118,121.232275,16.370440537108006,121.00169795604664,PH,crop,2,345.1861087654329,0.27773207426071167,0.04150611162185669,2.7055203914642334
385537683018740,8.58587702121514,-10.943586617629483,-14.96091021897482,-48.72785975424824,SL,crop,2,4919.15957140268,0.16391481459140778,0.0733770877122879,4.0124053955078125
180372857328994,49.843429916622,73.222888258927,38.38686000849492,-121.0122877166114,KZ,crop,2,10105.414759389967,0.14727981388568878,0.022135496139526367,3.6442010402679443
907851513392138,-18.164645479454,178.22136593468,35.16184580813194,32.69337241158782,FJ,crop,2,16131.774663971268,0.3043469786643982,0.02520042657852173,3.0379340648651123
1131598217344189,54.864195040685,8.7383931888414,56.28267070031597,9.582390988482715,DE,crop,2,166.40870475930768,0.15282487869262695,0.06217821687459946,4.422450065612793
3247097405547891,33.97288015656933,71.60789771722264,34.03146068978633,71.50139751879445,PK,crop,2,11.78187412786467,0.8737437129020691,0.806378185749054,0.5741797089576721
1063412324270300,-15.431355385415,167.20499794568,3.5427750493867642,157.83714319604564,VU,crop,2,2348.3193716085466,0.8544074892997742,0.8393986225128174,1.0449504852294922
478746096705872,12.1865576631,-0.3910576992899,23.40842358383275,90.95168987186503,BF,crop,2,9606.896291152709,0.6729605197906494,0.6178870797157288,2.2117693424224854
163486722253544,18.376454722061,-65.907019733384,28.618591399546176,-81.27197331927043,PR,crop,2,1933.7444081691342,0.09286082535982132,0.004057161509990692,4.378972053527832
1394646127681740,50.27605756468763,-5.022433442071348,50.31457008958013,-5.092848438326294,GB,crop,2,6.584681614623909,0.6170077919960022,0.4920817017555237,1.9377440214157104
311036310426740,10.534375285392,-85.108561963834,32.53502239116277,-84.3416263388855,CR,crop,2,2447.622829323163,0.09410025924444199,0.028574876487255096,4.988959789276123
180655490594869,-4.2955834051727,39.583247618282,-6.803606796316481,110.665923444273,KE,crop,2,7865.699094959202,0.2681906521320343,0.008172005414962769,3.026297092437744
225040172344104,54.10668466178,-8.5444506137227,53.264364602827,-8.901045937028238,IE,crop,2,96.56019456142884,0.4854838252067566,0.3812873959541321,2.2234280109405518
590599688583224,62.579080335013,22.030513453623,65.85496529267955,22.995254758915227,FI,crop,2,367.22688299477227,0.12683263421058655,0.025426022708415985,3.8515465259552
378410597431210,11.755141729610802,11.99142765025279,13.728170369725836,3.6285673968168988,NG,crop,2,933.0761448599172,0.4089926481246948,0.11095458269119263,2.223147392272949
769560623930363,13.781555904684,-60.954984062834,13.699214080314082,-60.987792792331966,LC,crop,2,9.817863756987872,0.9999455213546753,0.9999168515205383,0.000668813067022711
191217559525689,10.598613143242,103.76819114404,13.943931045592787,100.33902431677832,KH,crop,2,526.450610640112,0.5388907194137573,0.4416655898094177,2.39704966545105
960119301406916,8.934567996624,15.810201192055,10.224073312561833,-13.749017133767229,TD,crop,2,3243.07898597424,0.6148269772529602,0.4783993363380432,1.799675464630127
162029952434974,10.416592641005,-6.9267518159549,5.3432083151317515,-2.2726764101049937,CI,crop,2,762.1324707956082,0.15434987843036652,0.05000689625740051,3.4160971641540527
777563772895063,60.262939806644,20.372533414245,59.90269033747576,17.832037645703807,AX,crop,2,146.46471360067338,0.7655664086341858,0.5550059080123901,0.7134266495704651
483016122754010,8.2177331232449,-10.640871255174,5.342783323162199,-2.367400393833701,SL,crop,2,967.7482257971942,0.8567943572998047,0.8264994025230408,0.7858766317367554
945669026244322,32.28289364111786,34.89665697754903,34.75842127606339,32.46679733097167,IL,crop,2,355.6534681991369,0.9531385898590088,0.9396173357963562,0.28816619515419006
834907740772712,-51.828914124143,-58.391576104278,40.77378534458724,-105.2896495256777,FK,crop,2,11249.01262979602,0.4377744495868683,0.2546912729740143,2.5829129219055176
315786796574792,17.029958580939,-61.837386119134,14.163405270256723,-60.92659609926152,AG,crop,2,333.3345259324371,0.7712597250938416,0.7022526264190674,1.217282772064209
3935353219835220,5.0624805680856,-52.559930285878,5.10182064525136,-52.75917687835621,GF,crop,2,22.49748994938452,0.9855674505233765,0.9783742427825928,0.11518494784832001
703624374104706,11.148071748184186,42.461472571281,41.02314865669669,-78.43804218750412,DJ,crop,2,11638.549390507018,0.18530458211898804,0.07611876726150513,4.177515506744385
552376936150414,45.747934121718,28.392399493234,47.5116679305316,26.221211071969112,MD,crop,2,256.782271007598,0.3160182237625122,0.157204732298851,2.767637014389038
279990610516417,-25.052590421722,25.938389437355,-30.59163548867824,25.54865726764815,BW,crop,2,617.1033341508554,0.5659977793693542,0.3457714915275574,1.775205135345459
244594784129468,17.181606776437,-25.056350793491,28.745320798674264,-17.67072095304627,CV,crop,2,1490.6443484506735,0.372955322265625,0.21992892026901245,3.0783417224884033
916296905814911,29.986443376454,35.073653850875,34.67943847735582,32.77006175027496,JO,crop,2,564.8875490188433,0.7100788354873657,0.6563326120376587,1.5736393928527832
160409959286661,13.609489121743,-15.203056960483,-13.710503444295933,27.736076680669115,GM,crop,2,5620.30178146035,0.2955807149410248,0.06168664991855621,2.8797996044158936
375549574325666,-8.088511666666667,156.78238944444445,-0.21518462731219956,155.59034568499519,SB,crop,2,885.3835417385516,0.5239521265029907,0.4743867516517639,2.6736786365509033
6504127516293875,-20.153986376711,28.58502890468,54.516806640662196,-2.2702634619082014,ZW,crop,2,8807.55913120481,0.07972452789545059,0.00921621173620224,5.277395725250244
955352585280405,53.073543217589,5.6644949286343,56.28269923352311,10.495364901336169,NL,crop,2,472.84088009986385,0.4216024875640869,0.3575306534767151,3.020740270614624
198798338740227,41.487329996943,45.08669320994,43.913325160735475,42.868524879925054,GE,crop,2,324.9726856697367,0.4256564676761627,0.1726035177707672,1.5818073749542236
747640439246618,6.555528380315,-10.331525634335,13.145769992524423,78.27353643386598,LR,crop,2,9691.950281457539,0.35359540581703186,0.18388831615447998,3.2402701377868652
537333261008423,39.113511978868,117.21046994629,35.861077382206005,115.15065400953989,CN,crop,2,404.7195070680225,0.5539838075637817,0.21412834525108337,1.2514562606811523
5205930492794121,13.596220054527333,-87.36529096486619,13.732482244603222,-86.98540685506681,HN,crop,2,43.75286519899279,0.5774320960044861,0.5466211438179016,2.56245756149292
282961036881213,36.025363064061,14.258923344808,36.8327807136176,10.167681800617137,MT,crop,2,376.8451652972529,0.42801234126091003,0.26554417610168457,1.9157609939575195
2898417523733065,12.385310410818,-5.9561351141694,-1.673947350268231,37.89815427805383,ML,crop,2,5087.474462559263,0.38556984066963196,0.18389594554901123,2.5404276847839355
814006309495024,18.427369706947,-64.568261557542,17.16675303665075,-62.345003091087094,VG,crop,2,273.9546233695603,0.9504190683364868,0.9054936766624451,0.22024253010749817
363924908375174,-4.7913317580586,11.855642981142,5.585077917854983,-0.24877497736912133,CG,crop,2,1771.3834968814604,0.8420494794845581,0.8133774399757385,0.8662852048873901
520091355848418,69.217861349712,-51.109419049396,66.74841276533415,14.302597201276912,GL,crop,2,2609.5180535460777,0.7597055435180664,0.6680802702903748,1.1317859888076782
840734783196696,32.126256113931,44.324859980182,34.01971164841442,71.5958997847211,IQ,crop,2,2542.2966993140735,0.7661016583442688,0.7197617292404175,1.3106529712677002
226163689282727,12.168906318554,-68.967070805139,-5.165757249270997,-35.49710420411259,CW,crop,2,4172.040529523174,0.5027567148208618,0.3462982177734375,2.526125907897949
341214407334376,-19.377102833928,34.400509607794,-15.607302234201116,28.24316874336473,MZ,crop,2,775.8172509739156,0.08063963055610657,0.023011941462755203,5.2589874267578125
894968224414635,34.986110625975,32.668982915426,34.93670696807299,32.781187541692816,CY,crop,2,11.607291485976544,0.6088659763336182,0.46204936504364014,1.2723853588104248
462694431488011,18.632063011792,-68.389902993932,53.46349110523639,-7.550984389519953,DO,crop,2,6436.775988455339,0.24687351286411285,0.13369686901569366,3.7000956535339355
857893648147331,-10.905676698416,14.247198141961,20.738397947511817,96.26933811726107,AO,crop,2,9622.116634592152,0.4394133687019348,0.36657413840293884,2.8802483081817627
382009819762071,39.329365017441,27.62045985936,40.60633401547622,17.98164280262707,TR,crop,2,833.1590134017672,0.12081634998321533,0.04070013016462326,4.7132768630981445
271875871339932,11.850545983225,38.038235893261,7.86909871090704,36.10921394519139,ET,crop,2,490.5491166045463,0.29030194878578186,0.18140631914138794,3.0397932529449463
525646118616107,-15.637682963249,166.84078278513,8.604107103188296,-13.110214729727389,VU,crop,2,19232.97072640425,0.8558365106582642,0.8299177885055542,1.0097644329071045
2982805328705469,64.437207664635,24.181485346398,57.37357552196959,18.859191388566273,FI,crop,2,835.799352610092,0.2944302260875702,0.13919232785701752,2.7766611576080322
320116623608771,23.185410152402003,91.17769833999328,23.018708070613215,91.16099719125857,BD,crop,2,18.614963946371866,0.44117558002471924,0.36199307441711426,2.783559799194336
803534963702486,51.121882315762,3.1082009025971,45.207389122276155,8.064489938631763,BE,crop,2,753.0101136246628,0.3641299307346344,0.22263403236865997,3.1341822147369385
376395010415901,13.924250043571,-61.056412107275,28.50326277090115,81.26987092516354,LC,crop,2,13796.616012712228,0.8375693559646606,0.7972010970115662,1.1296002864837646
303078421392591,-16.446930463398,-152.24847310031,42.48557201261262,141.60554326314465,PF,crop,2,9402.656280919016,0.12839271128177643,0.028945855796337128,4.303666114807129
312172783608841,49.510993358681,6.3452033888591,46.008966874138814,4.48389877058931,LU,crop,2,413.4814816659625,0.41128021478652954,0.3443346619606018,3.3218064308166504
6235880006437043,-3.1366812272296,-79.214143657851,2.343136174975401,-76.72376170536691,EC,crop,2,669.2546782818408,0.994897186756134,0.9930543303489685,0.04273786395788193
965921670819949,-10.479678823577,105.67386300715,35.39339083322767,133.45437631307118,CX,crop,2,5877.018993205032,0.08319360762834549,0.017473869025707245,4.971737384796143
925871031561258,-6.2639877158616,107.06741782953,0.2628119095080045,32.59824042404839,ID,crop,2,8294.488924011643,0.37021997570991516,0.23535700142383575,2.7172863483428955
1164097447347216,4.8674337462563,31.519362784566,-14.379141853928044,31.123477655058156,SS,crop,2,2140.566809723536,0.6099188923835754,0.43476125597953796,1.468991756439209
4396227090475829,-1.2678653976589,36.678122304876,1.1025675647264295,34.149509891419285,KE,crop,2,385.3815931462089,0.33467113971710205,0.11263428628444672,2.8302016258239746
865652107497194,25.981085501999,50.457665915183,17.22042020151435,54.21385512066548,BH,crop,2,1048.483472174624,0.3080342710018158,0.2124849557876587,3.38763689994812
299799271640333,2.1039771270774,45.331583431777,5.296439171286654,-0.7811418208897776,SO,crop,2,5127.8216140873665,0.7284610271453857,0.6889939308166504,1.7433292865753174
461018955189846,14.544694692651,-60.871651329228,5.3303795936217915,-2.8208496347491017,MQ,crop,2,6423.699193288303,0.9819983243942261,0.9699099063873291,0.12182992696762085
848673612668103,42.673726026337,20.952183058644,42.48723761694309,12.570263716152573,XK,crop,2,686.3089705123169,0.155258908867836,0.011106714606285095,3.213268756866455
1416342685418545,-18.613385898721,-174.00201190817,8.472331802884362,-10.62911361477517,TO,crop,2,17895.847475237155,0.47188133001327515,0.3004266023635864,1.9504876136779785
494963678607139,41.553688076193,76.443594560854,42.54603661228774,74.3920376066534,KG,crop,2,202.1552764509682,0.20943406224250793,0.0012279301881790161,3.218188524246216
219389349648885,10.15103545444,-0.08621895664982,10.156604630516538,-0.25401266390303073,TG,crop,2,18.37602790428473,0.9949794411659241,0.9923706650733948,0.04238684102892876
3089177431309627,15.373065639057,-61.261521114061,18.63382454473982,-74.1138673104479,DM,crop,2,1413.4580705400542,0.9419569373130798,0.9275863170623779,0.407412052154541
267446095163419,-24.410317211088,31.569065250692,-15.427530242651054,29.027891087955016,ZA,crop,2,1033.467438563786,0.8706454634666443,0.8481195569038391,0.8581469655036926
302215634735033,41.271908839255,44.308127758638,53.75553420902089,19.939618741390113,AM,crop,2,2277.719110473044,0.26581475138664246,0.1673143208026886,3.9129600524902344
2667851503513129,17.27324849632742,52.95912218803253,17.44180835889076,53.266667413903505,YE,crop,2,37.63880896475837,0.9704514145851135,0.965896725654602,0.25842174887657166
153409713461640,8.790179318271212,17.833063690255294,-17.695625712932344,26.97492194602235,TD,crop,2,3111.5790495298497,0.1531800627708435,0.06273820996284485,4.759289264678955
197648665524336,32.845770012076,3.9393382718177,36.55420233911761,2.5677467805847227,DZ,crop,2,430.98547322106674,0.34550464153289795,0.2882261574268341,3.7703452110290527
186111083366529,51.38944480684,5.6393438286668,51.97409090592667,4.516726572385798,NL,crop,2,101.07549167575972,0.2610849142074585,0.20214509963989258,4.335122585296631
2778308682433187,46.907087389519,21.768223720096,44.88973956074741,8.37155140797873,RO,crop,2,1059.2693593709466,0.30955231189727783,0.08540348708629608,3.123087167739868
937732960392917,57.179863762985,9.5235696942098,55.537799351978144,8.249555863415281,DK,crop,2,198.73233141052063,0.28342264890670776,0.08729201555252075,2.521622657775879
1146261095856485,7.3615432427089,134.43713448334,-17.546795282761718,178.05991779059832,PW,crop,2,5533.84217778929,0.8876117467880249,0.8079284429550171,0.48329418897628784
481510253092194,55.547652479706,10.237061583967,55.53383540525016,8.990714110256826,DK,crop,2,78.42959183549874,0.07334732264280319,0.023645669221878052,4.849092483520508
373515770750013,52.085212737279,23.57416942403,55.3220079409895,37.465161106705,PL,crop,2,980.538360753148,0.24573762714862823,0.14808349311351776,4.000298500061035
509958026699758,8.7996562999047,17.834358755261146,-15.579821734117848,29.260437387264947,TD,crop,2,2988.7761540957777,0.6362336277961731,0.5656561255455017,2.3056235313415527
898715014311013,48.970224789976,9.8639365242088,40.102750423681876,-83.5659323235742,DE,crop,2,6991.658732378075,0.19345925748348236,0.054782748222351074,3.7408316135406494
1199206943853136,-16.678932002412,-60.816984800192,-5.2461316984091155,-40.627556484303895,BO,crop,2,2540.450717344251,0.8088218569755554,0.7512516379356384,1.1042509078979492
498260671492955,-38.013275055456,-73.225185383762,42.70554276755141,-8.70538117926072,CL,crop,2,11086.943242175787,0.12957768142223358,0.010057955980300903,3.921552896499634
894859321231304,12.227082918058008,-69.07847800166279,5.258163970185849,-0.8125079210268871,CW,crop,2,7525.634619879468,0.6044431924819946,0.4620382487773895,2.009061336517334
1389207538112280,-18.237830811581,177.83923612892,5.793560526850153,161.22862247691862,FJ,crop,2,3234.2178734557097,0.20899823307991028,0.07382234930992126,3.369173526763916
853984918525885,16.723203555806,-62.23130997289,5.245266703832041,-0.8753021890141996,MS,crop,2,6792.60908363433,0.33332788944244385,0.21627192199230194,3.4711153507232666
122049223635653,-9.093844554597762,143.20550105803093,8.632444642948355,-13.099579891367483,PG,crop,2,17411.74296995364,0.22946326434612274,0.11975129693746567,3.821950912475586
503430330798585,15.754797111762,-86.834109918362,10.371782418725504,-75.47931206698567,HN,crop,2,1367.2736578955053,0.7491616010665894,0.6555917263031006,1.1205484867095947
909387153127451,28.736208967151,48.003263644262,29.507556168513492,47.71469128298448,KW,crop,2,90.23421691552971,0.21061080694198608,0.1050577163696289,4.273355960845947
906902016543352,31.331782024306,46.203432956327,5.858552597106546,0.4854610163654472,IQ,crop,2,5530.175297719533,0.33717766404151917,0.1847596913576126,3.5989201068878174
2928214434172169,1.1206763559822,104.10141369167,6.177713711663687,-75.56978315934082,SG,crop,2,19202.72241495562,0.1534830629825592,0.017930328845977783,3.406280279159546
450152016285778,44.280050101707,22.571319099243,44.14757656026319,26.396722074806572,RS,crop,2,305.2053431394851,0.3388698697090149,0.021084964275360107,2.4429006576538086
364335675754039,27.44091865174831,89.6695301948495,39.968696291838484,-111.41635378058156,BT,crop,2,12208.255482016131,0.3364863395690918,0.2185474932193756,3.5425639152526855
1465192193846342,49.242897458505,-2.1257188472841,51.90839959246491,-8.394580614728723,JE,crop,2,532.4489629473941,0.6290144920349121,0.5109235048294067,1.8561034202575684
307943760727803,32.017590561359,35.44667005004,26.316058279147512,67.82683935319012,PS,crop,2,3194.8089427730392,0.7102339863777161,0.45627346634864807,0.8027174472808838
460785571683103,37.925916394446,71.433043060589,37.1795577099446,71.50270499999272,TJ,crop,2,83.21818505794619,0.7128326296806335,0.689160943031311,2.0123143196105957
1128725237604299,-29.134916665635,150.74974999676,53.76236695865181,-6.852823898094883,AU,crop,2,16731.339903890042,0.12627947330474854,0.07296285033226013,4.88922643661499
490647468911155,40.963268605415,72.227703152599,40.41282713382525,70.80936133906063,UZ,crop,2,134.3390906119517,0.8022729754447937,0.7665436267852783,1.3704874515533447
333643931662411,5.6383973900144,16.079947991405,8.772442752811004,-12.84702004700036,CF,crop,2,3209.1426479229876,0.17220443487167358,0.08001386374235153,4.462886810302734
1227174381045729,47.768093183573,107.23115509769,40.99660585485881,-5.752612732549622,MN,crop,2,8148.657671284523,0.12758295238018036,0.020326286554336548,4.3793559074401855
1407497409603690,3.0843020507054,19.86280519181,1.2056753271691123,33.87542320425869,CD,crop,2,1570.915541473602,0.5854744911193848,0.3685729503631592,1.3653836250305176
3723636841075361,45.568657163831,14.018918146853,49.88606217726891,20.902568165165683,SI,crop,2,703.4257085231714,0.32232916355133057,0.22374962270259857,3.4668161869049072
165305525550262,8.3525370889256,-10.025850369874,6.9961046262505535,-11.155570370033477,GN,crop,2,195.56888229691822,0.9893975257873535,0.9850542545318604,0.08216477930545807
340729614142712,18.491135,53.019456388889,36.234210444580995,-121.07815742919986,YE,crop,2,13898.313362029983,0.12055150419473648,0.0220729261636734,4.316821575164795
454659182301876,-11.625933853582,43.262174830246,15.421615658827005,-61.29668662346852,KM,crop,2,11888.326473768891,0.4875812530517578,0.11271870136260986,1.451195240020752
668193423973890,-24.287426139806,25.329460617088,-28.57779252284878,29.47861217823574,BW,crop,2,630.9658975813137,0.49804648756980896,0.4374980926513672,3.1660661697387695
838630760070492,25.060757368329,105.86456403205,21.390072057007156,102.3683431694204,CN,crop,2,542.360078930572,0.7462953329086304,0.5814386606216431,0.9033631086349487
390606075408650,42.986310463262,19.555681585034,44.61122727881961,38.11695754454479,ME,crop,2,1497.3038975471309,0.5045955181121826,0.41052964329719543,2.40159010887146
131134676170300,-12.948481303182872,45.128315287832365,10.024666812462298,-83.96372271863697,YT,crop,2,14466.736888943375,0.49122557044029236,0.3730508089065552,1.8225500583648682
1792656240942534,13.919496365755608,-90.97051612073146,9.8861999461364,-84.17122658509727,GT,crop,2,864.9524005810435,0.9468948841094971,0.919876217842102,0.3441508710384369
170823461623752,16.241110201764,-89.025642613932,2.1814491666389144,-76.54758486556024,BZ,crop,2,2075.9460970580417,0.9999600648880005,0.9999452233314514,0.0005386981647461653
326797512347685,20.477204466217,103.99483406515,14.249639129829806,99.06577759835825,LA,crop,2,867.6408203319978,0.31300798058509827,0.04565185308456421,1.90985107421875
603719283920573,40.194963555707,44.545682589004,48.16122203574887,28.31151782199847,AM,crop,2,1563.608558815179,0.3847077190876007,0.04862293601036072,1.962062954902649
307023807471036,48.822446939892,15.635962976885,40.77444208789453,15.79108248230541,AT,crop,2,894.9804577240786,0.24071265757083893,0.004572048783302307,3.1614255905151367
1360919617610849,48.744206328516,20.484833979395,40.256214000301256,-83.61893239845826,SK,crop,2,7639.643340833124,0.22129172086715698,0.11258858442306519,4.279129981994629
4130359377021158,12.744808419842,-86.016174505038,-14.91097545705626,29.52595006696951,NI,crop,2,13075.522292400447,0.7334180474281311,0.6660580635070801,1.2870137691497803
186509513837116,-9.162518629974178,125.26855431414576,6.021667743920049,-73.4831144024772,TL,crop,2,17919.40462273283,0.5952032804489136,0.3433794379234314,1.536428689956665
305027981215954,-18.157704641057,178.42394691893,-17.209250204233154,177.89344491599635,FJ,crop,2,119.50340207834874,0.8017042279243469,0.737317681312561,1.135634183883667
156576193076602,-0.78254800116056,36.454570001926,-12.839301480964675,28.232263560494694,KE,crop,2,1618.1149396591009,0.23119573295116425,0.12247584015130997,3.9316320419311523
713195779986935,15.71706020536666,-87.91892889999826,17.016801196786975,-100.23994302446984,HN,crop,2,1322.2010100146265,0.8860729932785034,0.8513752222061157,0.7751156091690063
211686643757850,18.378333055477,-65.856644722755,35.8366024825426,-75.68364251369516,PR,crop,2,2168.1840223634836,0.17269712686538696,0.10622811317443848,4.704525470733643
1127316044444733,45.524200027704,20.00828632566,45.07562280424742,20.269283221333254,RS,crop,2,53.895015046283035,0.18073733150959015,0.10842995345592499,4.350752353668213
1705161749686063,1.6727266549458,109.85191823171,5.261984666983488,100.4725594415886,MY,crop,2,1114.7458892634877,0.4396359920501709,0.23180913925170898,2.3176522254943848
1180959432346280,4.2166399722222,-55.441371916667,-24.257146469471127,-47.219846084864514,SR,crop,2,3288.8444714911598,0.13518942892551422,0.013292171061038971,3.753371477127075
152378826822821,62.297150880353,-6.3605044614883,62.49181295492761,-7.16166803302035,FO,crop,2,46.61074479964868,0.9801611304283142,0.9609135985374451,0.10098136961460114
2163885233752606,46.261529486069,41.00615902421,42.002113638995795,21.309524013866298,RU,crop,2,1636.8290973324033,0.15411493182182312,0.042844921350479126,4.336279392242432
828943404645761,-4.2440126883445,39.574345953224,13.085225748011377,79.54313333768117,KE,crop,2,4815.480617731369,0.2885480225086212,0.16441665589809418,3.181067943572998
145074444769704,19.85141683329288,-70.79678177411726,-15.571645313512155,28.31137357038224,DO,crop,2,11516.145714965634,0.16569969058036804,0.05693060904741287,4.018263816833496
167921538557854,32.347416850468,15.10321327924,35.645698365614294,-0.5754353881804574,LY,crop,2,1489.3635321681948,0.6306161880493164,0.5289674401283264,1.9224402904510498
628318788994208,13.152619444444444,-59.56710666666667,41.368103155978574,13.22048930096137,BB,crop,2,7615.930567092985,0.1912572979927063,0.04677164554595947,3.8904542922973633
842741859611073,16.018956092128,-61.581760537768,48.72904030554605,-3.5894967977496877,GP,crop,2,6347.114027464827,0.24641747772693634,0.1535835862159729,3.386028289794922
310752417096783,66.229694079253,29.133889499018,60.074345968887954,23.495252245802067,FI,crop,2,740.0083609869515,0.3994470536708832,0.29868507385253906,2.9323792457580566
280932113713079,11.564178753638,15.28787472986,8.936283001650626,1.3367471253592067,CM,crop,2,1553.9890729950753,0.9983432292938232,0.9975361824035645,0.01724216900765896
306629164189671,31.994107162003,34.880880875532,-26.247161155042782,27.91661859419097,IL,crop,2,6518.099634047929,0.627014696598053,0.5289832949638367,1.7633700370788574
375713220429607,-20.444336397825,57.719071106087,6.196733932155578,-75.59182022352765,MU,crop,2,14742.908818885368,0.5341237783432007,0.42228925228118896,2.35231351852417
935998006944813,2.0128177809748,-157.40717950301,6.778036950370092,-58.15962502879398,KI,crop,2,11001.196502266172,0.9302296042442322,0.9045621156692505,0.42763251066207886
243279310922728,22.002956746269,59.647583227775,23.187407292907714,58.77360085249546,OM,crop,2,159.36098651455035,0.21927189826965332,0.061038821935653687,2.673560857772827
302369984598824,4.2729453578223,11.366798338452,6.363813451591453,-1.0172030835313026,CM,crop,2,1390.582130806364,0.8850380778312683,0.8537302017211914,0.6767991185188293
1410294946017903,39.031705816026,125.75630076806,41.98678005249949,44.16284867898152,KP,crop,2,6629.757765992789,0.33077895641326904,0.23616579174995422,3.6946260929107666
557405362093639,36.954042854563,8.9131949083518,37.877026530765384,23.954081328716914,TN,crop,2,1330.869087322122,0.2668249011039734,0.04258640110492706,2.5484933853149414
508273253877668,60.696459628121,23.784802432989,55.29819348741964,37.97645670470567,FI,crop,2,1025.9859751596175,0.2737573981285095,0.023027926683425903,2.7718589305877686
822631438351061,41.306291815096,76.061806069928,42.17587083864311,21.304162673851003,KG,crop,2,4463.859114684843,0.2551911473274231,0.11748908460140228,3.761765718460083
1138310456645189,43.382281881015,16.41157939924,41.85262407100677,22.630711339107012,HR,crop,2,536.4081330232294,0.5161528587341309,0.4343615174293518,2.9252469539642334
222871899226271,-15.510435536345,40.349633637766,-13.478712046201403,24.143352112541717,MZ,crop,2,1758.7921609248378,0.7696925401687622,0.7284667491912842,1.2447351217269897
653703302135487,21.606686370966,39.215434593079,29.900638213562342,31.888455855946397,SA,crop,2,1177.8186815355791,0.8822245001792908,0.8183399438858032,0.6132181882858276
512353726583180,57.378685294191,22.247361108176,56.63193786653067,21.989568972748902,LV,crop,2,84.48890188412548,0.1168854758143425,0.048821642994880676,4.5280842781066895
221188212807394,5.9007667928315,15.424776553249,-23.425841793445414,-47.51549614058864,CF,crop,2,7563.092673270894,0.3125899136066437,0.24169045686721802,4.353964805603027
319019459840888,18.609369461477,-74.151456712619,18.612338476770244,-74.1285961098517,HT,crop,2,2.4315736739114056,0.552750289440155,0.4672966003417969,2.1695830821990967
3291218371154050,-17.313447180213565,37.46183809351605,-3.1293308291055673,-48.40222544718902,MZ,crop,2,9465.364036961251,0.5607319474220276,0.40639397501945496,1.4530887603759766
584561212946534,-19.59947361892,169.46805368552,-5.910947395925476,145.0132706978572,VU,crop,2,3050.6620722622397,0.2473732829093933,0.11142465472221375,3.5710830688476562
304491461128491,-24.913992289767,-56.992001471465,-25.045219361686403,-57.52741396791734,PY,crop,2,55.90399796889601,0.3630707561969757,0.14006902277469635,2.504380464553833
297816615150376,21.480754782652,-71.133236713743,6.804096601489064,-58.2149569817183,TC,crop,2,2142.514074895494,0.5773273706436157,0.32424503564834595,1.2856065034866333
393440354996585,52.70481457742,27.450028836652,55.06064468161774,30.337170764530757,BY,crop,2,323.0961814135125,0.25265243649482727,0.04827994108200073,3.314276695251465
473720683849376,40.29467551394,43.521641209406,40.50203576243429,43.673703407898316,TR,crop,2,26.409390473197078,0.8257063627243042,0.7931606769561768,1.1547044515609741
454870842476357,28.72600008284,48.263573067355,55.51968834947782,37.592562255706625,KW,crop,2,3098.4618299527597,0.30391407012939453,0.1462550014257431,3.3417303562164307
151442870324225,56.727613998069,9.8232903910496,56.281663858287686,10.514251808268378,DK,crop,2,65.24308385557043,0.4993784427642822,0.40239614248275757,2.5310263633728027
3734785956631637,-32.223694448748,147.71777777513,-17.850090675227086,35.81897388739921,AU,crop,2,10882.377674124964,0.38901546597480774,0.16119123995304108,2.213984251022339
2674396816191889,2.5936083377885,9.8483489898272,10.027888294796574,-83.9592580706978,GQ,crop,2,10373.729431020241,0.3937087655067444,0.16425815224647522,2.5518808364868164
1379450249134838,11.1299017047619,42.37458637619046,-12.341205601389976,27.93527604729678,DJ,crop,2,3058.2356574057917,0.21630816161632538,0.07185564935207367,4.04468297958374
275414690944598,-13.67751150128,-71.664754722863,-14.594917777278118,-70.57451000349973,PE,crop,2,155.64662905180913,0.4065869152545929,0.022123903036117554,1.8831287622451782
1234218287109955,-20.82413546364793,164.48620687630458,-38.83485026437151,176.94322275893222,NC,crop,2,2330.144630743003,0.4722844660282135,0.3526896834373474,2.5935072898864746
302961411491361,46.996007579057,27.801513788055,46.87697075790911,27.654812032046788,RO,crop,2,17.299164572995643,0.11573037505149841,0.007595568895339966,4.044369220733643
948698085931649,49.321417002248,19.543460957034,44.31225318840433,11.075653871570186,SK,crop,2,850.8020550366069,0.23509225249290466,0.09039996564388275,3.2191178798675537
328279275310503,2.1101448348,45.328888943853,13.733681435019317,76.91294190169678,SO,crop,2,3704.0613039999694,0.12355805188417435,0.0013327673077583313,3.7512435913085938
3938529579574500,12.745875526918,-6.8748541915599,12.588171733111635,-7.9659262991585456,ML,crop,2,119.66058005657202,0.46296226978302,0.000346451997756958,1.1407337188720703
1194874720960051,12.083080655367,-61.701340518071,13.940929443293546,-61.02477935911313,GD,crop,2,219.2003691527458,0.8441837430000305,0.7935987114906311,0.8283655047416687
2660802827398825,16.196727547951927,-16.262142180464767,5.665309032939124,-0.22881405798328697,SN,crop,2,2103.608305739073,0.25251856446266174,0.11218832433223724,2.923915386199951
474318140350732,-30.186929671859,28.721722313277,37.50310470441467,-106.19885325882342,LS,crop,2,15813.820523140686,0.19982780516147614,0.10256295651197433,4.210892677307129
131538628927343,23.927591478789,56.89006326826,23.227783875512596,58.43572171530001,OM,crop,2,175.69141274312312,0.39294371008872986,0.2865681052207947,2.7280731201171875
956252018280238,5.6732085786965,16.632589745091,8.785415286836074,-12.844111305263505,CF,crop,2,3268.9685974422396,0.86360764503479,0.850386917591095,1.041129231452942
986557568784559,47.96199867689,3.329329196682,46.45915894808006,3.54545214804189,FR,crop,2,167.90345191997025,0.3588312566280365,0.2592126727104187,3.0315144062042236
858888201360481,27.431311876486,89.411968800978,27.65523300884393,85.26168959132188,BT,crop,2,409.9228427513665,0.31906694173812866,0.04869532585144043,2.251326084136963
1122494928228049,-6.2923231452892,176.31516236757,11.197479470334844,102.99071723749553,TV,crop,2,8341.657969093383,0.5587013959884644,0.3596993088722229,1.8544496297836304
822289958383794,41.363620514254,46.930408712763,15.191317144594432,100.16817912865665,AZ,crop,2,5854.589757223896,0.3488416373729706,0.22677916288375854,3.283660888671875
507580496941067,41.24483557588,71.582892060753,41.43244031473111,21.15973623567544,UZ,crop,2,4148.075944962364,0.46573302149772644,0.23023487627506256,2.1135237216949463
850897392160274,15.37337039371,101.11838827961,19.896589598331662,99.8500946439402,TH,crop,2,520.5947937421406,0.96831214427948,0.9612247943878174,0.265384703874588
1479666545728283,-2.207944528615442,29.59226081231841,-2.322540825563241,29.531175793359733,RW,crop,2,14.437307135178559,0.986485481262207,0.9755194783210754,0.0845005214214325
580789552886656,50.678594855093,4.8188742178492,50.61092025280957,4.74934574478406,BE,crop,2,8.981195839357385,0.23243167996406555,0.15530180931091309,4.070628643035889
795872621134242,21.469950825343,-71.131968567748,21.293203998122845,-73.55972794923173,TC,crop,2,252.1388668206432,0.7158857583999634,0.4899292588233948,0.8490909934043884
537185557301814,21.468632587884,-71.131614335596,17.199864162417896,-62.62952370623551,TC,crop,2,1010.1661683608543,0.948375403881073,0.9302035570144653,0.32752230763435364
533124681034633,9.6221481881675,5.9902728883701,6.985828181783435,-11.184845030423043,NG,crop,2,1912.042181785844,0.8668692708015442,0.764146625995636,0.5424652695655823
459637375114061,16.326241192515,-61.485416089177,50.64007351961428,16.54308921455455,GP,crop,2,7773.0155844917945,0.4808512032032013,0.4261327087879181,3.1029889583587646
761065858107101,18.02556598756,-63.076095445477,45.180478837181646,36.564252063479906,SX,crop,2,9322.94229062778,0.23936665058135986,0.14777839183807373,4.059788703918457
175886771114688,37.132743072818,71.445580058334,37.087982463052185,-113.53947063156622,TJ,crop,2,11746.198021213044,0.43561285734176636,0.23376841843128204,2.101217746734619
3028763490743210,44.505071370572,14.497751817403,39.64535846531635,3.388564544063498,HR,crop,2,1062.9242666422983,0.2232067584991455,0.02898375689983368,3.126986265182495
4083027895078105,6.922264444172,81.810604007404,17.183064953622857,79.48256099935465,LK,crop,2,1168.6142753001743,0.35331857204437256,0.10016939043998718,2.7607710361480713
196273232181806,10.57170873112,-61.274575577684,43.57384679463737,10.979893730158766,TT,crop,2,7773.410580895569,0.3722362518310547,0.20499713718891144,3.396915912628174
311046543750546,5.8181956657151,-55.229591655912,6.7188303768228055,-57.98424424303133,SR,crop,2,320.5156072126525,0.9670442342758179,0.9507142305374146,0.19786156713962555
1340777496415094,-24.184041937054644,-56.01406804634483,-27.43470175509424,-55.905657121462724,PY,crop,2,361.61968111674184,0.14132733643054962,0.005448892712593079,3.7027969360351562
320265609670289,38.422783933334,-28.447899110035,38.59423496427204,-29.123453880442227,PT,crop,2,61.79533467331798,0.251472145318985,0.17273271083831787,3.9282066822052
587462658901340,49.482634783129,7.2198204378864,45.975859245683885,4.545564060135432,DE,crop,2,438.17219971612695,0.20333081483840942,0.13472062349319458,4.52137565612793
1117419915461502,-13.3507635470948,24.07831798797145,-13.436243029942812,24.750529240167555,ZM,crop,2,73.33210031640688,0.9866439700126648,0.983268141746521,0.10903117060661316
293849812373143,21.729330866875,58.283925067403,22.228979867168427,59.009164805140216,OM,crop,2,93.16116168237488,0.12425436824560165,0.0016942396759986877,4.012155055999756
913136816207204,27.685309394915,84.245084160599,35.03775744759163,33.83209490562137,NP,crop,2,4805.4612453071195,0.2524747848510742,0.09821303188800812,3.5429883003234863
1427947294218129,38.134538979321,20.602291273787,39.97797373469611,24.1223758532022,GR,crop,2,366.5574454972192,0.9244722127914429,0.9053075313568115,0.5289481282234192
950864868999393,51.137636946693,23.395299320308,49.82915333959853,20.76360660123011,PL,crop,2,236.28064396230994,0.2557297646999359,0.10055257380008698,3.50831937789917
223308666224105,10.524123082769,-2.6530083555487,29.771478468465304,-95.62359574305837,GH,crop,2,9711.398413742894,0.12176525592803955,0.0014406368136405945,4.398149013519287
202168424910797,63.087501381586,29.619921161522,55.232407858554176,37.995077337979666,FI,crop,2,993.5635205930811,0.23179404437541962,0.137241929769516,3.812718629837036
134334415352783,34.771117780932,10.388663407803,40.48790657502826,-7.5604337743288905,TN,crop,2,1699.750235470524,0.12981246411800385,0.0277896448969841,3.7780468463897705
1123967504754624,2.462911169111,9.8411851986574,21.51845064179353,102.2174742671566,GQ,crop,2,10152.650383225911,0.39756813645362854,0.28398361802101135,2.831480026245117
563150931329907,-16.454467194083,-152.25488087725,13.185662747376618,-59.609602466609175,PF,crop,2,10695.081285633325,0.5907323360443115,0.4152735471725464,1.5728187561035156
527782441730123,19.613317472222,37.21518325,59.04170215333994,5.7528966375564154,SD,crop,2,5056.952113123978,0.18564783036708832,0.10083764046430588,4.702783107757568
874132063313509,2.1211650392132,45.325477296944,-5.145611727620854,-35.48462110980067,SO,crop,2,9011.945558254509,0.3387979567050934,0.1622294932603836,3.1327834129333496
1414690518888723,4.4280699971271,-7.3572366993037,5.203101444261039,-2.478116787725554,CI,crop,2,547.4387949227254,0.31223464012145996,0.1237976998090744,2.36869740486145
1488652064809969,31.757099517069,35.492951999494,27.59647774545237,68.76070163568042,PS,crop,2,3234.494917385768,0.2701078951358795,0.019167602062225342,2.6369903087615967
548267689892757,4.8188638046841,31.553307958678,12.570511973488339,-8.099709075753998,SS,crop,2,4437.383497399684,0.13974644243717194,0.007301077246665955,4.1425604820251465
151479410277523,13.926511407569,-90.820049410327,37.44120739797171,29.551603742022724,GT,crop,2,11573.463061412385,0.591543972492218,0.43378227949142456,1.9717097282409668
282741450237053,40.63918244788,14.689358309553,40.6580102745653,14.52531676110591,IT,crop,2,13.996934915003349,0.3412421941757202,0.18837855756282806,2.402493715286255
466856821203613,32.362756289357,15.075112091192,33.17595831678814,-7.907819296381036,LY,crop,2,2146.4780912888305,0.5056090354919434,0.24685126543045044,1.8485053777694702
503692787493112,-8.4956747146718,28.873913205907,6.531426061293695,2.6670593737468424,ZM,crop,2,3351.471249372886,0.35597869753837585,0.27830737829208374,3.70969557762146
129527739201981,50.74400552946,15.089402768176,49.863664853372164,13.852560278822521,CZ,crop,2,131.52090420227793,0.31224286556243896,0.1527445912361145,3.340574026107788
459080448727005,43.398268683651,17.872251876102,45.724087708054924,11.525190798330522,BA,crop,2,565.2298932551494,0.1788785606622696,0.10853663086891174,3.8472962379455566
2599771000325900,10.491317886291,-66.940783689543,-15.420419582771352,28.2710565556682,VE,crop,2,10867.18335661465,0.13747289776802063,0.0072754621505737305,4.155331611633301
1586218158513391,-35.09726470656671,-71.96444205112698,-35.14892991172271,-72.04784087267933,CL,crop,2,9.515036523900053,0.33463147282600403,0.20075418055057526,3.082602024078369
790312034924185,6.4665061966066,-73.264673048874,-23.22389189371102,-45.94327503682064,CO,crop,2,4439.789440742273,0.7352743148803711,0.63542640209198,1.3294802904129028
3828714587227647,-28.982228650362,17.795137519664,34.62831633186831,-116.48501816402006,ZA,crop,2,15685.988056753282,0.17634959518909454,0.019490540027618408,3.6258723735809326
915335685911826,-26.650343222475,31.676701721271,-14.364263786357737,29.720536553080926,SZ,crop,2,1381.1751202716246,0.5280269384384155,0.1893596053123474,1.3893349170684814
295989332000056,-21.294072972472,55.453451741806,-20.261758345455924,57.50159768071658,RE,crop,2,241.89627617161952,0.6584420800209045,0.5395632386207581,1.1939231157302856
762826894424335,15.953620769688,-61.226106662441,15.697478703396753,-61.28940617442129,GP,crop,2,29.275660235451237,0.37453457713127136,0.22191499173641205,2.7781660556793213
748877299000226,37.48624814219,-5.6260757420713,34.684451848165324,32.8021165648307,ES,crop,2,3443.33947668711,0.24281108379364014,0.03571690618991852,2.3161470890045166
995130811306873,23.092040987381,59.032220074214,23.586679873031684,58.41913492408625,OM,crop,2,83.32514916679044,0.10740970075130463,0.016522586345672607,4.043026924133301
173462692069034,50.00493277190843,-109.16881836125964,41.98196896974452,44.23835924946003,CA,crop,2,9463.984377135643,0.12365898489952087,0.003703497350215912,3.9813270568847656
374397180633667,51.090338894144,4.5540810997605,53.40412224212275,-6.214483104162709,BE,crop,2,776.0358593059842,0.17908848822116852,0.03110477328300476,3.1360626220703125
925791128266982,3.9464155812419,-59.099715656841,-14.77153688794686,29.471351955174054,GY,crop,2,9966.08039124644,0.36793091893196106,0.14375591278076172,2.578004837036133
1008151256597783,5.4088235841337,-54.080394782482,5.8639370846635055,100.41962044331272,SR,crop,2,16919.135667355426,0.17158564925193787,0.09578289091587067,4.855062007904053
183020897030038,12.165472591779,-68.284782803721,6.729393810482832,-1.5930454805659304,BQ,crop,2,7324.317704442029,0.4189373254776001,0.03526905179023743,1.414114236831665
497361505026790,24.459011977771,39.707017834424,24.43113647827836,54.70305624204415,SA,crop,2,1517.2645312794234,0.2712612748146057,0.05373363196849823,2.74662184715271
312120757154735,47.999359257395,28.38593989914,55.271388134513366,37.90716160822553,MD,crop,2,1040.0348827156388,0.26990407705307007,0.16225206851959229,4.118556499481201
507960406990835,40.602484593203,70.9323931635,34.75186834140932,33.05012302778712,UZ,crop,2,3369.946146016061,0.4296033978462219,0.16830343008041382,2.2631547451019287
1068908920302393,28.118257713069,84.092550077463,16.294967587468918,121.24452517581737,NP,crop,2,4025.1968564759845,0.17315450310707092,0.06951815634965897,3.643876314163208
2455881761214087,9.3112240684333,7.2316171757752,-12.869960192966243,28.27408609318291,NG,crop,2,3388.785241728234,0.5395717024803162,0.35147735476493835,1.6918652057647705
308361434006892,4.4588854980948,-75.339098450144,6.215408464512246,-75.6339686016347,CO,crop,2,198.02571245793598,0.14161473512649536,0.016875937581062317,3.3641927242279053
155484156583350,-42.588544997261,171.13273084297,-35.93777796521423,174.4037206517317,NZ,crop,2,791.1593913570409,0.4306091368198395,0.23989470303058624,1.6863067150115967
792143884742189,53.499641726189,-10.025130557347,53.48484790771306,-9.874386234724279,IE,crop,2,10.107010336110653,0.7467519640922546,0.5257382392883301,0.7687515020370483
538480140482205,46.417273237497,15.981580762317,45.4057306602203,9.411783257676595,SI,crop,2,520.4077594540307,0.14452116191387177,0.03235854208469391,4.470606803894043
968891463855525,40.418204733364,44.58904057928,40.37356407927857,44.35103071088374,AM,crop,2,20.75793932452885,0.3583172857761383,0.24286457896232605,2.662748336791992
2562980810671463,39.539716862316,22.649912734594,40.2536681189275,23.509539365989628,GR,crop,2,108.07412723452728,0.23555560410022736,0.08448398113250732,3.3401100635528564
840569223558585,53.471437474357,30.369358954069,55.260073151476874,37.94248280543213,BY,crop,2,529.0462558152636,0.29721465706825256,0.24317604303359985,4.146278381347656
212713197082595,42.7199422641,21.124316375918,42.623628160964095,21.147121365638807,XK,crop,2,10.87071863776332,0.8707331418991089,0.8091974258422852,0.7292277812957764
300368228286972,2.6515753388508,99.632830332947,-6.147075428989818,106.90358478836824,ID,crop,2,1268.4350641387218,0.1709732562303543,0.07246255874633789,3.877129554748535
803382520382829,-28.928078796683,27.877133995547,-29.00984451187089,27.999906423735766,LS,crop,2,15.010425143432851,0.43412303924560547,0.05385443568229675,1.2665287256240845
1251699818583166,9.3253458360703,36.511457430463,1.0737797816542196,34.16105765917663,ET,crop,2,953.6716027261139,0.6116970181465149,0.4404270648956299,1.701054573059082
134346362021204,-20.169316372954,57.574783850557,34.768074787097746,32.735594168095304,MU,crop,2,6648.588692760763,0.11797486990690231,0.0274365171790123,4.186485767364502
2659684644176450,15.207410023546576,-14.26851329497232,-15.621859390900903,29.2296150908496,SN,crop,2,5879.881812910841,0.5118979811668396,0.3118235468864441,2.2211344242095947
338266731040151,-27.714887442632,27.237097549584,41.688906679766646,-84.88922233715707,ZA,crop,2,13781.41307906063,0.09941564500331879,0.02081143856048584,4.568034648895264
290719459343271,25.048779030648,-77.341776655437,6.966882275619643,-58.5078059509268,BS,crop,2,2837.2388359116753,0.48015496134757996,0.2248302400112152,2.002181053161621
592656634965955,46.682736593205,21.206630159237,47.68388833844968,18.7797152119515,HU,crop,2,214.53731966492492,0.11481058597564697,0.037559084594249725,4.954174518585205
327481305476197,3.6341919176295,72.959377283817,-8.684964664888126,115.14186951192897,MV,crop,2,4873.021117268146,0.42845025658607483,0.25943946838378906,2.2926406860351562
511298200008833,41.001835659413,71.969851087691,40.51732307819433,71.32532176428245,UZ,crop,2,76.48145679078566,0.9040273427963257,0.8568360209465027,0.507964015007019
1048097032779725,43.42241145892943,4.995993425198574,39.24368010349894,-3.0252344243605527,FR,crop,2,814.5293801328426,0.33137837052345276,0.01546517014503479,2.072274923324585
275678077530743,-17.141803188939,177.19494791591,-17.65679460354376,178.37185883930894,FJ,crop,2,137.38156136457314,0.7362906336784363,0.6468616724014282,1.4814575910568237
292380389132080,14.868771348072,-61.121170377502,14.789283353218655,-61.15451592812793,MQ,crop,2,9.537797834867716,0.8912909030914307,0.8134051561355591,0.4827922284603119
195963679022241,41.444760586953,46.861020646343,38.83314454434611,-78.54529293166182,AZ,crop,2,9518.13713347509,0.48984023928642273,0.4185938835144043,3.0101404190063477
967102544034985,16.986811638045,120.77076999861,34.88174509441702,32.48074802438416,PH,crop,2,8786.482299431835,0.42167267203330994,0.12255844473838806,1.7273898124694824
132001678913743,-38.053559635768,-63.429009930635,-35.91849015950021,-57.95012304185709,AR,crop,2,541.3315171885317,0.9466457962989807,0.9363840818405151,0.4295825958251953
4323012444383952,-25.366368202834,-57.609654895019,-25.517290167413993,-54.63458295587476,PY,crop,2,299.1959718264045,0.9645324349403381,0.9448439478874207,0.22298915684223175
1156261378535995,32.32323776884,-64.709264213971,14.60612929028792,-61.02429061704131,BM,crop,2,2005.1448396133142,0.710247278213501,0.6505088210105896,1.6826927661895752
1022165461521852,10.726476338495,-14.376868641028,17.293123820885693,102.6609823107099,GN,crop,2,12429.894431119897,0.9044754505157471,0.8795930743217468,0.6149430274963379
193167485884135,44.181071716568,19.719133913291,44.84795463858579,8.12327352951021,RS,crop,2,921.631860271762,0.24069848656654358,0.09131351113319397,3.3328185081481934
2679866852305147,50.425563977087,60.525062163106,51.36742373324489,58.85416783054384,RU,crop,2,157.15741791275263,0.48684290051460266,0.42507514357566833,2.9265170097351074
924145305018051,45.915356124611,13.677818254528,55.655497531236925,14.017947611181103,SI,crop,2,1083.3147215445367,0.07636550813913345,0.005387440323829651,5.136814594268799
3991894140857885,6.396085635246,-10.578195078991,6.352843308938531,-10.396728506222695,LR,crop,2,20.62181540110751,0.5555295944213867,0.2920593023300171,1.2094601392745972
3753076561487105,2.0937663139626,45.333850241529,5.449775826764955,-0.6585336183498315,SO,crop,2,5115.291542195406,0.4467715322971344,0.18969199061393738,2.2159340381622314
4014259028668392,-23.777002866313,29.535916133115,33.093592872527324,-100.81611521305396,ZA,crop,2,15096.920508002548,0.9324544072151184,0.8870694041252136,0.37556302547454834
1164259444051011,-33.004571460529,-56.45950492044,38.747188229673064,-98.70211285659153,UY,crop,2,9091.560757851255,0.7046611309051514,0.6205406785011292,1.4685907363891602
427797935584192,-3.381688479243244,-44.524339863567576,-27.567673821024655,-55.496175971453916,BR,crop,2,2930.771107293337,0.45534175634384155,0.30830371379852295,2.028566360473633
348228456711934,0.368039651477356,6.712420799552506,6.099614115309304,1.1035796258430206,ST,crop,2,890.8333945599693,0.2660268247127533,0.056276947259902954,2.987208366394043
4037485459669920,4.8556815609205,31.589953699137,9.399543151286887,7.0719769850183,SS,crop,2,2750.935315904968,0.3187998831272125,0.06940387189388275,2.217472791671753
157040263028996,18.045966582305,-63.112275507715,16.21972573344609,-61.559880238088624,MF,crop,2,261.6200988334084,0.11981391161680222,0.01109226793050766,4.494955539703369
1124425647962016,-8.100649444444445,156.82296055555554,11.222331341725956,103.78146481111732,SB,crop,2,6248.108104520153,0.26953721046447754,0.06400209665298462,2.704704761505127
190098606266094,55.069795005888,22.812891905378,50.914914379279296,-2.338108467384174,LT,crop,2,1735.0294167666352,0.14235536754131317,0.0050770193338394165,4.000093460083008
3863626387049111,15.379540488714,-61.26786022339,18.613687609480237,-74.11936136036019,DM,crop,2,1412.6671638930366,0.9889423847198486,0.9780365824699402,0.06204080581665039
807900806500123,19.60787766549,37.220870972767,14.72194967377622,-17.373520359784624,SD,crop,2,5802.59266009213,0.24728859961032867,0.026948347687721252,2.3945159912109375
135555819075899,46.30515446867184,15.555693802754446,48.03253075057723,14.380817241799235,SI,crop,2,211.6085528472812,0.1843758076429367,0.08645371347665787,4.055258274078369
152233856857550,11.552312562133,43.119735981314,-13.030276529998124,28.27739918769639,DJ,crop,2,3186.403353026307,0.5495676398277283,0.48035457730293274,2.5955328941345215
319392699542913,1.3294518861992,34.311410798855,-0.38088125870731626,31.69146640175028,UG,crop,2,347.88853353286004,0.6563829183578491,0.5784615278244019,1.8458858728408813
991289955033112,34.234741855173,35.65948675276,5.6883472134926345,-0.17089374335142077,LB,crop,2,4861.281759974607,0.7416360378265381,0.7074816226959229,1.7016202211380005
328520695545965,63.434626046589,-19.024249484436,64.25990531604185,-20.52227262320938,IS,crop,2,117.51626687068682,0.7632367610931396,0.6098088622093201,0.8516969084739685
464789361418887,3.807393,113.74682650005,4.975408545743841,100.67614412264224,MY,crop,2,1454.8913368969752,0.47788718342781067,0.2580552101135254,2.039933204650879
1310937239362809,-16.05923501421255,28.45034874273332,-15.695317058717931,28.257992277389253,ZM,crop,2,45.39529438597451,0.5566222667694092,0.24401631951332092,1.029412031173706
1177148709364507,3.9517282399816,-59.127383286379,6.783083564348198,-58.24793038969639,GY,crop,2,329.5402387642957,0.25779733061790466,0.06317274272441864,3.198131561279297
141607461308537,-22.361528273609,-59.837892878355,-12.866720477861795,28.22051306487963,PY,crop,2,9271.546607639704,0.49811190366744995,0.353410542011261,2.541151762008667
463077528107904,-4.7878008330033,11.864756923075,5.308350145053909,-3.8839019984276164,CG,crop,2,2078.19850825257,0.46320605278015137,0.3614368736743927,2.7009449005126953
173215948022940,8.5714365537216,-9.8691302343456,5.302867111235322,-2.217389813037821,LR,crop,2,919.3673286194824,0.19789887964725494,0.09139994531869888,4.058113098144531
3926033430843905,32.171256244263,35.467920604541,32.142092113379796,35.286909180662676,PS,crop,2,17.34573770290804,0.8736802935600281,0.8238334655761719,0.7479724287986755
916665025779516,24.524150796485,67.540287646591,25.103928598972384,70.1783679737185,PK,crop,2,273.94610280432653,0.4839496612548828,0.29863977432250977,2.2526702880859375
842532369808274,41.215589499727,-7.4506176074975,41.39724549396179,20.02963593084359,PT,crop,2,2285.7721644983485,0.8316176533699036,0.8075084686279297,1.0574219226837158
909312326294088,28.050014468342,-14.340539294975,36.627482249412736,-4.511379148306454,ES,crop,2,1326.0091369465854,0.9859228134155273,0.9824621677398682,0.12187207490205765
1207676993015897,10.787243979814,-68.323068119416,5.227797830076409,-1.0425457814540557,VE,crop,2,7421.386476537336,0.24232925474643707,0.08820150792598724,2.840592384338379
317484316498860,51.531648181729,128.20909035955,44.32695609848213,26.17193641098505,RU,crop,2,7003.188662438101,0.5489192008972168,0.43390950560569763,2.464268207550049
947661819318356,17.121694235905,-24.994762874038,15.658337699842502,-25.271700224222705,CV,crop,2,165.3777447778483,0.7750491499900818,0.6409060955047607,0.8458722829818726
3947329925333716,12.679493966294,-6.7269231036328,12.531790457699211,-5.715154184182508,ML,crop,2,111.01323955228422,0.8199765682220459,0.6577081084251404,0.5593817830085754
142131454599179,24.557496611483,35.148695104321,36.28909271219019,-114.70873568285995,EG,crop,2,12546.237993190965,0.22473402321338654,0.16392934322357178,4.298332691192627
165567675960284,19.612087898208788,-70.1751715983372,19.417461972225514,-96.78306092668959,DO,crop,2,2785.935230044828,0.2462698519229889,0.03683994710445404,3.3567895889282227
1366666657062368,47.544360211205,12.177256693404,45.95073040908627,14.014068683031597,AT,crop,2,225.7896133585398,0.3792034387588501,0.2456594705581665,2.6586856842041016
829244944391118,39.11803685393,-7.7196219014644,43.78193931990703,-91.87089929757757,PT,crop,2,6718.505723974745,0.3580358028411865,0.26386111974716187,3.0648155212402344
298013541938371,41.541448730912,-8.7560397976019,41.19686869920383,-8.275035239058537,PT,crop,2,55.49048933835769,0.3252849876880646,0.026178598403930664,2.07464861869812
930318810923353,12.290897526921208,-69.09122276531554,35.17702232810936,33.05553330801508,CW,crop,2,10296.94284936984,0.37064582109451294,0.29602140188217163,3.2908034324645996
503246924141783,15.602839427825,32.487242561959,14.70767929490553,-17.387539703649168,SD,crop,2,5341.385471517323,0.4705634117126465,0.293020099401474,1.6901171207427979
449325599700589,50.12174331487,4.4948783441326,44.85878377081962,8.23262029589171,BE,crop,2,648.905167179735,0.3302117586135864,0.038766175508499146,2.5529427528381348
467405711031097,17.992572255683,-66.263814308226,-20.2610214035478,57.66404392234555,PR,crop,2,14147.00704819572,0.3587004840373993,0.15680615603923798,2.867582082748413
288246882935326,40.557590089793,75.163197454637,43.82611210055618,17.146297208856954,KG,crop,2,4694.596619379291,0.1451113522052765,0.08556118607521057,5.026882648468018
505540450790369,22.70995468898,92.098773627243,24.248951225398717,91.78822180388696,BD,crop,2,174.03465924933553,0.2915090024471283,0.11960607767105103,2.4009475708007812
591386078920254,62.107759453888,-6.6834959276139,62.099146642608225,-6.957094054952946,FO,crop,2,14.266250112671017,0.9895970225334167,0.9820664525032043,0.06632484495639801
370606561029319,10.210502973191,-0.07341133185964,12.34549264785491,-5.604076958240298,TG,crop,2,648.1036595801656,0.856728732585907,0.7755782008171082,0.6360549330711365
439450394288287,50.054284237917,38.880788589348505,54.01284328289299,37.895425951443286,UA,crop,2,445.2907660061915,0.4916561543941498,0.42118608951568604,2.9983627796173096
310375324029868,-37.347698548595,-71.82270654997,-43.33024097883557,172.49928050479105,CL,crop,2,8946.890303710154,0.9984915256500244,0.998077392578125,0.015569370239973068
981591149045969,18.008278271819,-76.772753375805,-16.92600037695999,145.75789368053412,JM,crop,2,15512.257417759492,0.25572630763053894,0.09422734379768372,3.330902576446533
538662890462002,22.639099459104,-80.443942528532,8.58123311135935,-13.2059666323353,CU,crop,2,7312.383556990876,0.3429207503795624,0.220820814371109,3.3965516090393066
481222069768896,22.306404025662,114.25196352132,22.264673798631918,114.18599394074566,HK,crop,2,8.222065155960925,0.8359764218330383,0.7021018266677856,0.5446092486381531
853822608822418,-13.764240001823,34.415945000478,-15.476521523908042,29.126573480342614,MW,crop,2,600.0747148168036,0.7369235157966614,0.48808902502059937,0.6811238527297974
2945544342367414,18.448984494982,-64.550096065019,15.581123665430095,-61.43435349871173,VG,crop,2,459.7967366327699,0.4321725368499756,0.09701293706893921,1.6654261350631714
733805970633940,26.209879663614,44.103482474166,29.97419267338117,31.769944148834263,SA,crop,2,1279.3493156604886,0.8823320865631104,0.8617804050445557,0.7576424479484558
2579377392357434,34.360744713034,0.072177953700416,34.51333750135155,-1.1435679098242606,DZ,crop,2,112.77634843542984,0.9797729253768921,0.9726039171218872,0.1308852732181549
321976292610460,2.6050561253904,-76.72716581048,2.267381306464435,-76.57042853587441,CO,crop,2,41.38877668742512,0.9431005716323853,0.8934962749481201,0.2521553635597229
246778030560130,22.378053670525,103.87749530607,41.03735158722414,30.56712541867381,VN,crop,2,7031.8810195895485,0.3592410087585449,0.07483401894569397,2.933547019958496
132463405538393,51.895041095248,4.7359317785887,52.67870844390817,4.8849754935126475,NL,crop,2,87.7275072308684,0.18619665503501892,0.0729123130440712,3.4436683654785156
159985626091830,42.085182325218,23.055097885585,41.77743541902253,22.625279605283815,BG,crop,2,49.34784194001326,0.6490909457206726,0.5512140393257141,1.7259275913238525
740422473321001,35.328722082019,33.504620154232,35.14069158440555,32.71183161753592,CY,crop,2,74.9777374569101,0.5416279435157776,0.29224860668182373,1.2707750797271729
6049840251722845,8.4468470660858,-83.484163463651,9.517268928859496,-82.73252409937444,CR,crop,2,144.85145437690832,0.8247585296630859,0.7790328860282898,0.9336200952529907
138432154861804,35.516834375223,24.116877817233,35.07014684524015,33.77787182112165,GR,crop,2,877.8625582273114,0.4447144567966461,0.3586007356643677,2.7961442470550537
171677658627663,18.637934456903466,98.81616605062511,-5.404601651215187,-40.616266699445724,TH,crop,2,15378.880853461756,0.6156485676765442,0.5699650645256042,2.3306643962860107
473447400410020,45.472666923779,13.751881662375,35.02469316876973,32.94209726300535,SI,crop,2,1992.1382393339497,0.20230063796043396,0.06458993256092072,3.7121472358703613
208370247526297,56.307504479799,9.1351912802156,56.27947060447456,10.56233985835505,DK,crop,2,88.11777284723283,0.37564700841903687,0.27527254819869995,3.6361422538757324
1163829564042676,17.629236812387,-63.23181172096,38.70342290966771,58.54634428449988,BQ,crop,2,11305.391737673333,0.07495605200529099,0.007408797740936279,5.801586151123047
1180300995725561,32.355451166141,15.079114167989,36.353460585337956,44.39503960669944,LY,crop,2,2716.942709178519,0.2841862440109253,0.07908773422241211,2.255765914916992
1162905660800863,17.15804609038,-62.622664100026,17.158793989494143,-62.3660445645997,KN,crop,2,27.264909015133533,0.6340527534484863,0.4837570786476135,1.1750894784927368
780194756204466,31.983423754021,34.895586904175,55.73322641480423,37.60809173212687,IL,crop,2,2649.3094412567775,0.3191518485546112,0.1519642025232315,2.991569995880127
789897778580281,54.185632103826,28.47319812173,40.76434987482857,30.321773916943542,BY,crop,2,1498.696454065671,0.27675533294677734,0.14495064318180084,3.3089990615844727
769108033797400,-13.06839043317,-76.274611371143,37.8126055736039,-121.56464711047616,PE,crop,2,7366.481263887393,0.3053659200668335,0.24150517582893372,4.032301425933838
5011086665646025,13.613395452952757,-16.429313461515747,5.2148106697015155,-0.87415008924033,GM,crop,2,1943.620570165147,0.30498045682907104,0.0931551456451416,2.651827812194824
3772032009586752,-4.0767885530923,29.088814837055,0.6347089426340017,32.019368871768805,BI,crop,2,616.8438562435316,0.5020766854286194,0.21817928552627563,1.7598308324813843
971793776898906,-34.758013649475,-55.95646902546,-34.770279175836876,-56.126656692361074,UY,crop,2,15.60589636190007,0.5935278534889221,0.3413771390914917,1.2034239768981934
745163459490620,31.824187546378,35.267560408259,31.905559288287062,35.39712308446095,PS,crop,2,15.217664734613553,0.37108713388442993,0.20045630633831024,2.9112775325775146
531383694528931,37.605095136322,48.695122536588,45.328866810251384,23.392010141760323,IR,crop,2,2264.545663036308,0.3212737441062927,0.0509471595287323,2.7068543434143066
355157592673467,1.0703328887576,103.96283377749,0.9135128986019195,104.10900440656151,SG,crop,2,23.83619475687593,0.21409881114959717,0.04790365695953369,3.1014046669006348
303575617923017,-9.4382405064784,147.20811425115,-23.424190182868063,-47.412379493875,PG,crop,2,16029.97372918171,0.3057587742805481,0.1748235821723938,2.87064528465271
1038259080102537,-26.782850103384,31.938656241877,-16.467695283770507,-48.36439580541267,SZ,crop,2,8252.945275605141,0.4658176302909851,0.2541314959526062,2.195190906524658
459158871851075,10.792404464252,-12.298637806325,13.11677334439742,77.8267003708657,GN,crop,2,9750.076699405123,0.21010392904281616,0.026561349630355835,3.414232015609741
288005262963881,-21.597843332119,23.667795003616,-17.52697095486564,18.733905775709413,BW,crop,2,687.001270265083,0.16559185087680817,0.10286769270896912,4.661602973937988
311438013831843,16.840623273889,121.74439328693,15.866491267947971,120.80017242478814,PH,crop,2,147.92599939703425,0.3504621684551239,0.22191151976585388,3.106943368911743
457187265449390,18.32580535956599,-64.95398969507924,36.62406345313085,28.35116455196925,VI,crop,2,9089.193591688678,0.47590866684913635,0.39838236570358276,2.897719383239746
327825698973041,39.559288635696525,72.9109157130074,37.3899504667212,72.76289773369358,KG,crop,2,241.5631872924582,0.5659195780754089,0.49927791953086853,2.2698919773101807
1376712112713014,5.1198336159589,-52.65735432583,5.055354188120508,-52.682107926530236,GF,crop,2,7.676090116708153,0.3374823033809662,0.07494792342185974,2.5791125297546387
524817781855332,-14.010419075563,-171.76031777505,-17.472191297777275,145.7244432613005,WS,crop,2,4557.506061582361,0.35800138115882874,0.013566702604293823,1.9822455644607544
858561451393926,36.701828275673,67.096598041303,36.382328369212274,44.13248605644416,AF,crop,2,2046.9124832401633,0.28764915466308594,0.13992787897586823,3.506655693054199
177928610855949,6.391780060521,2.6237783121974,5.215347946947449,-3.117152805967675,BJ,crop,2,648.408754346065,0.9932733774185181,0.9896717071533203,0.05411869287490845
747501719832988,-9.89210909998267,38.8967731000014,12.92464242932218,-16.109991890004384,TZ,crop,2,6581.45681515258,0.12095383554697037,0.013265229761600494,4.055318832397461
488569252193683,12.539996192436,-81.714972968868,14.328053814335888,101.01099314741407,CO,crop,2,17012.443994795565,0.4578797519207001,0.19894197583198547,2.0575757026672363
762294004482937,20.222569995853,-76.036013281341,-33.94665610519285,25.45695527015365,CU,crop,2,12272.893477793237,0.516650915145874,0.23148775100708008,1.581678032875061
526448611961086,7.924136171510359,-11.169831512240096,7.341204273996063,-11.553102632993104,SL,crop,2,77.36750414693118,0.434736967086792,0.23409882187843323,2.013113260269165
1359226914447321,10.466207945458,-85.77513112055,19.84325299588347,100.38278352742914,CR,crop,2,16578.050169912174,0.2460249960422516,0.178863063454628,4.265213489532471
478165190183611,12.430745089839997,-15.317974157219002,-15.584211594615363,29.049621592609945,GW,crop,2,5790.598047249047,0.7976751327514648,0.7677276134490967,1.2799183130264282
336533984561274,18.419385888373,-72.877030607553,40.77969587202595,19.7691988536679,HT,crop,2,8898.446594056804,0.27488312125205994,0.04330146312713623,3.0307843685150146
292195892390772,-13.068772639841,-76.278890129748,45.68304596289947,20.172322885456502,PE,crop,2,11540.165136741209,0.40785348415374756,0.3056288957595825,3.4801559448242188
786215532287048,19.827903639239,94.949804250429,16.390745179121545,73.66453982366008,MM,crop,2,2280.121066729423,0.8221045732498169,0.6913612484931946,0.7252116203308105
4028024750648073,-1.455427434928822,29.883620710338125,-2.029914849664184,29.656425687089204,RW,crop,2,68.68977817916227,0.5591871738433838,0.4400491714477539,1.8027770519256592
481816143100801,26.018200502837,50.622605427635,26.025937339278343,50.613652599146135,BH,crop,2,1.2411290152945542,0.4424920082092285,0.19594043493270874,2.1299850940704346
304881227850189,22.470625099054,114.10853488259,22.38642247866479,114.18397625060204,HK,crop,2,12.156920437201467,0.580283522605896,0.19986745715141296,0.838697075843811
126797393065714,49.84047838484732,15.803297909812008,49.878362676269525,14.623552855851711,CZ,crop,2,84.6722299803203,0.24314631521701813,0.14685413241386414,4.0234198570251465
1211101869349798,-10.507365795363,105.65356096619,39.374388042906695,-9.180138073648694,CX,crop,2,12874.029910538182,0.690586268901825,0.551422655582428,1.5654300451278687
1357493864625552,2.1640539673148,30.64994870704,0.6513183391734981,32.38026975878478,UG,crop,2,255.51613926369646,0.27750924229621887,0.09560950100421906,2.2905774116516113
934011534098551,12.028286166295,-61.732840110417,14.075299289198488,-60.951968064122354,GD,crop,2,242.82421433121374,0.5828049182891846,0.24906209111213684,0.9346681237220764
500159881489089,7.342259838854188,134.46879110851162,-36.08827238211108,174.70457711014464,PW,crop,2,6399.207564673052,0.6166734099388123,0.46697646379470825,1.9079759120941162
2829740963958043,-2.733735821930212,29.43081567684662,-1.9781447664307559,29.891388663551748,BI,crop,2,98.3735034948281,0.6267322301864624,0.37925273180007935,1.0225293636322021
300848138109718,4.2523717777778,-55.444873805556,7.133085414697104,-11.517188579312833,SR,crop,2,4869.217025128863,0.7022339105606079,0.5088667273521423,1.0007513761520386
2960966407518451,59.940574907434,18.785342625587,59.83496347167898,13.593816887913169,SE,crop,2,289.7778733773835,0.21378250420093536,0.057849496603012085,3.386030673980713
220493529416834,14.451610237561,99.415018949546,17.99425339555737,104.49173447032607,TH,crop,2,669.9533492513931,0.40476691722869873,0.2721738815307617,2.5417613983154297
516560806259751,-18.175596732511,178.20009731967,5.3155335755424105,100.47108353560886,FJ,crop,2,8905.185613927011,0.2891494035720825,0.20371922850608826,3.5720887184143066
294110862335495,53.181595920049,5.7480942483866,52.405358006557194,-0.6455101756768483,NL,crop,2,438.31654571229325,0.17763961851596832,0.08371910452842712,4.162175178527832
244296907493001,65.57013399313,-19.349029020965,65.9024632474908,-17.483500999495224,IS,crop,2,92.90407804878444,0.8576371073722839,0.764682412147522,0.5593556761741638
233889245170464,4.8560503387361,31.612436706474,-15.412287445806072,28.349977208353703,SS,crop,2,2282.195421870193,0.1851033866405487,0.06885520368814468,3.596893072128296
1927622730739430,40.369069324101,18.219159988562,40.6193156543528,17.90852723760199,IT,crop,2,38.265644823951845,0.20066715776920319,0.12502282857894897,4.022945880889893
471926114136200,4.5631962676901,114.07349517648,19.90822130641452,99.84153024983546,BN,crop,2,2299.215700348459,0.34660401940345764,0.17251843214035034,3.0654795169830322
1192683651176123,9.0895860909637,-79.618866004971,15.643711273455223,73.7990167780297,PA,crop,2,15998.389339683128,0.19261188805103302,0.12281348556280136,4.808910369873047
1413530045696031,-15.969463833371,168.26130683879,18.584405517676682,103.0351893915209,VU,crop,2,8105.200540548696,0.24157452583312988,0.08334057033061981,3.294414520263672
299499428465574,22.36370144725,113.94841256522,22.261806212922934,113.73248320198968,HK,crop,2,24.93528655616712,0.9610350728034973,0.934692919254303,0.19753187894821167
189606749553432,56.525393057968,10.08101978509,55.79850057154361,8.810493956197657,DK,crop,2,112.787382043564,0.4750903248786926,0.3358216881752014,2.486429214477539
1108722216274003,1.3887705484241,173.14385660736,-9.667776016845544,-35.78485371902435,KI,crop,2,16686.68378069835,0.9898207187652588,0.9869183301925659,0.09455607831478119
240591061153313,9.7075559946148,100.00619099387,18.74982086798258,99.01666417464796,TH,crop,2,1011.080991150378,0.43845134973526,0.3302733898162842,2.1086883544921875
794974811139135,32.804114385981,13.043328230439,30.037732387900434,31.392543484993716,LY,crop,2,1765.7492829964083,0.2213231325149536,0.058156147599220276,3.6747567653656006
1107588656407422,-46.062736055573,169.00760704864,-43.50045054770258,172.60856801833538,NZ,crop,2,402.34777699608674,0.4209517240524292,0.23985429108142853,1.967002034187317
1279096795825768,54.406755367854,-8.4796165911836,54.47618316862545,-8.428000454891212,IE,crop,2,8.41063920389225,0.48609036207199097,0.14522892236709595,1.3719496726989746
193108499326081,-6.7004249966118,39.206861112601,-1.3450315822109415,36.67045223645295,TZ,crop,2,658.563271769106,0.39652591943740845,0.08435100317001343,1.7739372253417969
291897862594169,27.521924666676,89.820270487386,16.36082810343439,121.16937015234572,BT,crop,2,3450.8008754718226,0.8881365060806274,0.8314334154129028,0.5100085139274597
123070833137806,5.8145917994639,-55.143095980408,5.82661634624959,-55.20036527726017,SR,crop,2,6.474782551777804,0.9407311677932739,0.8890977501869202,0.24823397397994995
5396405327097940,69.21259125489,-51.103395948712,66.72300751904216,13.99307036238599,GL,crop,2,2600.1909075618296,0.3731715679168701,0.07020097970962524,1.6861388683319092
957601181668431,-51.706042723598,-57.906993308318,-16.56016427109357,-69.1279194062138,FK,crop,2,4032.0036278140146,0.17204998433589935,0.05774387717247009,4.321091175079346
604130717650197,-1.9959688798483,30.050157126173,0.33521751328057126,32.58483875590417,RW,crop,2,382.8853994844434,0.44999149441719055,0.22232651710510254,1.5584406852722168
1941512039367524,30.98571832847058,-7.229221956634584,-35.109408526239754,149.42514120392931,MA,crop,2,17796.831089888386,0.15408791601657867,0.09187136590480804,4.756198883056641
196243366278308,13.167682777777776,-59.53696416666668,52.69332063221942,-7.417711575389014,BB,crop,2,6346.339036992123,0.17638419568538666,0.03598625957965851,3.872614622116089
215411967015224,-16.468819194731,-71.941378039278,36.8866430946592,-113.89722179798696,PE,crop,2,7384.1474968404145,0.38940227031707764,0.30775654315948486,3.3989713191986084
1450360272005106,15.921467840879,-16.279407687736,40.20569145905716,-86.24915760614822,SN,crop,2,7185.287299158222,0.42880213260650635,0.3396785259246826,3.097560167312622
756714068376834,4.8155110248734,114.77642618053,9.875896960958247,-84.17117047216131,BN,crop,2,17355.313800949,0.3821392357349396,0.18950317800045013,2.0096750259399414
2918063678449936,8.0011665869234,38.705149393002,8.279859501598477,39.018203830404836,ET,crop,2,46.34408786165961,0.956577718257904,0.9391754269599915,0.3088543713092804
1001295333882125,40.63113853803493,-6.0362211199295865,41.467365979728214,-3.4509282671513875,ES,crop,2,235.88149887333742,0.21234388649463654,0.027838200330734253,3.1169254779815674
808035410091724,16.206487661547,77.345926501434,5.59369574988636,-0.19211989351622946,IN,crop,2,8506.484708099206,0.9908377528190613,0.9890317320823669,0.08337420970201492
268897404930235,57.163975404144,-3.6875044027183,54.599805788086584,-8.43657627267965,GB,crop,2,410.9530837186377,0.28744667768478394,0.10966382920742035,3.4967386722564697
1125401674596218,39.823992064377,42.428897726042,39.851070010007284,41.587216330322946,TR,crop,2,71.9277157067967,0.5214665532112122,0.05865299701690674,0.7996079325675964
526674661844363,36.219109563696,44.414746657631,34.68381671478909,32.74719697735934,IQ,crop,2,1069.8614725685297,0.1930215060710907,0.010348215699195862,3.1342568397521973
964858007616084,4.2630124849459,73.563178328896,10.126553776287654,-75.8505791261693,MV,crop,2,16268.793556951856,0.5427080988883972,0.4800355136394501,2.833460807800293
5490667957675480,5.2624334865771205,163.0047322024813,5.94665762076476,161.2598134422253,FM,crop,2,207.54540641778573,0.7149648666381836,0.6467764377593994,1.7583355903625488
573195574072375,-15.671003834964,-48.191441316741,8.768098783211725,-12.837482277727245,BR,crop,2,4747.933193164773,0.48591065406799316,0.28740787506103516,2.1863675117492676
892381884955306,58.981961021242,24.221882703215,43.56778980874853,-85.017435520566,EE,crop,2,6907.386258008735,0.39713355898857117,0.28005582094192505,3.1899118423461914
5416581451690167,8.876751843202419,-64.23554389395768,-2.2929718491959843,-45.22716012039634,VE,crop,2,2445.5912537345507,0.6703000664710999,0.528222382068634,1.5247293710708618
482078066336394,-18.636202891772,-174.01936863548,17.914912656671316,-94.02841253125654,TO,crop,2,9635.214388778297,0.7076359987258911,0.4732137620449066,0.8709186911582947
329210971927794,5.843070862629,-55.089876855582,5.831902285239337,-55.176757859475764,SR,crop,2,9.690536455120327,0.9064638018608093,0.828794002532959,0.392548143863678
251937010050891,47.507459505795,21.685088460781,-25.640651749605333,27.24711046333379,HU,crop,2,8152.776397655249,0.21701335906982422,0.0806284099817276,3.8276991844177246
469124120816531,33.256755487161,126.61974805537,41.03444104355964,28.820968365392485,KR,crop,2,8236.401863071374,0.15723806619644165,0.07224460691213608,4.705230712890625
6544008378958782,42.576053933645,12.422579613177,38.88473476414632,16.411936232347195,IT,crop,2,530.4024781080547,0.6372400522232056,0.6080203652381897,2.3521077632904053
468826351040628,-32.904700967934,-52.731761718702,-32.36040739860522,-52.436152320098174,UY,crop,2,66.55261857462563,0.87517249584198,0.8611210584640503,0.9585937857627869
458089889154332,49.9716081757907,38.98921274981689,39.75474605742367,-89.69643505794569,UA,crop,2,8850.442896197419,0.27026602625846863,0.10697689652442932,4.050119400024414
913455289198852,10.638477230341,-61.313394324688,-23.245903373427677,-45.980947931664076,TT,crop,2,4120.685417427996,0.4211893677711487,0.358903169631958,3.3391547203063965
391651555234292,4.7891910927864,103.42511490766,5.51608496518072,100.53923212190084,MY,crop,2,329.6585977177569,0.6955851912498474,0.6188580989837646,1.4102599620819092
169873605037737,10.045722702666,-83.299560625022,12.309519996241747,102.39163439643443,CR,crop,2,17451.033089213342,0.8812127709388733,0.814939022064209,0.6085295081138611
1032233080991900,39.140834029054616,20.961949886464165,40.20993700954237,23.4820271328147,GR,crop,2,246.25581549210779,0.5662451982498169,0.45817458629608154,1.948217511177063
375451844456388,-26.804552190115,31.961012436385,-15.61296427073112,29.341623329475986,SZ,crop,2,1273.5929993484995,0.24278020858764648,0.03191184997558594,3.1161928176879883
855805948342180,44.525909974035,15.903249699487,49.913869524591206,21.682099923414224,BA,crop,2,740.7359941534622,0.3153524398803711,0.20603354275226593,3.0014030933380127
139526285635637,13.217826050214152,2.929162678521952,12.551235457686762,3.8585827656387415,NE,crop,2,125.07334425138086,0.2712024748325348,0.008211135864257812,2.807681083679199
5442759149130487,67.890019179633,20.308537274689,16.876588972340638,104.45798556499437,SE,crop,2,8028.397701900014,0.11824488639831543,0.02502216398715973,4.547070503234863
3921179927973144,54.246330015747,-4.5628069974706,54.46605286502903,-4.982674218568703,IM,crop,2,36.56664415961509,0.2748231291770935,0.07079903781414032,3.0032787322998047
469492320924211,38.276346407666,57.98363402764,41.19963568390775,69.13606893977664,TM,crop,2,1006.5965321158994,0.7756569981575012,0.6970075368881226,1.285507082939148
310307137129739,48.189212227502,-106.60069617067,1.8555024340799386,32.381494791257985,US,crop,2,13187.131332305707,0.1534011960029602,0.046952612698078156,4.273983955383301
383397352939199,39.95006776682,140.12870703204,37.11014085454472,140.29146747616085,JP,crop,2,316.10249066265766,0.3773636817932129,0.27869531512260437,2.9101970195770264
1688335251353973,-14.865382426326,35.3053829175,-13.437632224987828,24.729070317601384,MW,crop,2,1151.2099774994438,0.9310647249221802,0.8980013728141785,0.3545796871185303
368819684557497,9.8821178559993,-84.703514000306,9.876110385770268,-84.18143507100785,CR,crop,2,57.195616641433595,0.40198227763175964,0.2942105829715729,2.996243476867676
3142165536067308,8.892556698116664,-64.244099923535,14.77820755644461,-61.05910606771207,VE,crop,2,740.4994830142255,0.1549551635980606,0.037884533405303955,3.1944122314453125
916461445802958,18.351592546824,-73.166686920189,43.520359887741186,11.115633535049216,HT,crop,2,8163.784470288013,0.282919317483902,0.2196270376443863,4.029667854309082
1438450646526614,11.602056871897,43.143067800469,18.56289791131751,74.00336581725612,DJ,crop,2,3397.358518320072,0.29781782627105713,0.06902393698692322,2.9651501178741455
171644361525352,3.2965683888889,-59.645080555556,35.76564020806833,-5.797612017766002,GY,crop,2,6586.759325762496,0.04349672049283981,0.0035649053752422333,5.866418361663818
3643623472415985,13.248359768362,-61.267804498546,16.247472795566456,73.91974761346978,VC,crop,2,14098.048972776838,0.32278215885162354,0.03927105665206909,2.2351369857788086
974847123463445,45.48089676461988,141.9141645369168,53.23029705183314,-1.9799971369235252,JP,crop,2,8515.440996682024,0.5585205554962158,0.49353688955307007,2.3029041290283203
219450919950414,4.2765353097168,73.575427012288,56.29723504168815,10.436954332287064,MV,crop,2,7985.6678543358885,0.14059384167194366,0.02459987998008728,4.357069969177246
197777158852668,18.542511750027,-72.425551013845,6.258508056445641,-75.59924913865223,HT,crop,2,1408.5475058107936,0.6540315747261047,0.31610822677612305,0.7029693126678467
1673203299531642,49.085005765367,-1.4823203864636,52.692652886213565,-7.607022911884832,FR,crop,2,587.4088587579903,0.7979077100753784,0.7363433837890625,1.0825223922729492
1605231949662620,31.431741304615,7.0759601080198,48.84335307111855,2.1458925206881543,DZ,crop,2,1979.8371446465742,0.46001917123794556,0.3711838126182556,3.538728952407837
451593852608237,49.039623298927,17.575489860882,49.33902304508242,15.720808717854128,CZ,crop,2,138.83139012028929,0.15165284276008606,0.05149613320827484,4.199957847595215
304641044593781,8.0755534487471,-80.948273440388,41.43313442348751,13.148601511895796,PA,crop,2,9753.085007504773,0.5994642972946167,0.5019617676734924,2.2375195026397705
537192110996228,33.673060807593,8.992445655067,35.308992727857785,0.03738507109878397,TN,crop,2,840.3079113405231,0.7825554609298706,0.6698421835899353,0.8442937731742859
2874567659528784,10.624021568983,103.55740436843,19.91935468790108,99.82877497120779,KH,crop,2,1108.0856978017762,0.22305507957935333,0.11262407153844833,3.2146644592285156
306873294180376,36.543159906681,-95.385746192161,35.70681039213351,-97.3328489820237,US,crop,2,198.06408540487683,0.33772820234298706,0.14518669247627258,2.4840829372406006
474237406957052,38.032230216342,71.296052545699,37.51208185183728,72.12390477109791,TJ,crop,2,92.9495124814029,0.33868208527565,0.2003539800643921,2.6904168128967285
893270331236297,35.542457911478,34.345047266311,35.282402955468456,33.123348265251366,CY,crop,2,114.42842873821945,0.20805060863494873,0.007340773940086365,2.893094778060913
394355595015312,-10.420322783141,105.70164382136,-16.388533242651373,145.16069376814642,CX,crop,2,4312.457553206565,0.461663156747818,0.16538500785827637,2.2882604598999023
1720688194781084,-2.0414077903770145,29.44965968721136,-1.994194855624337,29.620560693514893,RW,crop,2,19.70379248497802,0.6751359105110168,0.49032437801361084,0.9430109262466431
1072181156643275,18.07465399978,-91.640772999734,39.96753585125994,-83.68355620201002,MX,crop,2,2551.563344808299,0.10760224610567093,0.0068989768624305725,4.539595603942871
4167670343253112,38.101113171443,70.434664027996,38.3685421226461,71.06224933804519,AF,crop,2,62.36061949113805,0.49258914589881897,0.1976158618927002,1.4726969003677368
174020494657037,17.630108574846,-63.232604239636,38.05786114152627,-26.581785302017305,BQ,crop,2,4217.762146896418,0.14894495904445648,0.026218727231025696,3.440990924835205
841778303361650,4.4129500800509,-7.3568081852969,35.699503992896105,-0.8640114629375453,CI,crop,2,3542.1018735572607,0.5754857063293457,0.29557108879089355,1.5370994806289673
6128179790541161,55.439905979985,25.277989368239,55.36649400725056,24.96480971326336,LT,crop,2,21.39170445486923,0.6418466567993164,0.5948995351791382,2.2166097164154053
860733724520470,42.906057348904,19.550997884227,43.924847944116124,42.88535271275342,ME,crop,2,1881.8552355706222,0.7675891518592834,0.659216582775116,1.1156424283981323
864697561114910,-29.077441505083,27.74348424067,37.7817579586335,41.22523529032931,LS,crop,2,7565.7095492667995,0.4094180762767792,0.28612852096557617,2.752856492996216
470728414179183,-4.4035085235997,28.875651684315,-15.538101066876468,28.22247911879683,BI,crop,2,1240.1677923903023,0.4446006715297699,0.3010849058628082,2.377936363220215
572376240384590,38.710627031317,20.595182002582,38.18243232007392,15.280551631105924,GR,crop,2,466.476449676036,0.5663668513298035,0.5176187753677368,2.2628090381622314
121312253609017,-2.475605,101.08095666666668,8.639083317547096,-13.117892858821255,ID,crop,2,12708.5286904071,0.7473052740097046,0.6927486658096313,1.587551474571228
1443161219370901,-20.998296188116,55.608257838223,-12.737522444720131,45.131520070681674,RE,crop,2,1443.457200997006,0.20728304982185364,0.06208181381225586,3.8628809452056885
935114343986233,14.756132710056,106.17208788727,18.041399869879115,102.74903574572272,LA,crop,2,516.456579080659,0.23666411638259888,0.08891448378562927,3.1352410316467285
528816851860286,13.929456140067,-90.641111213437,14.187253299426326,-60.89945812211551,GT,crop,2,3206.013648741048,0.3534959554672241,0.011880189180374146,1.839840292930603
949677732469296,-3.949905939326,29.108488727431,52.69464814375179,-7.506721761992723,BI,crop,2,7172.0483446513435,0.5859547853469849,0.5471860766410828,2.532724380493164
535238961691986,-9.012128600000004,125.26142969997224,13.276938489568138,75.48609231966088,TL,crop,2,6028.066614101373,0.10988761484622955,0.0006103143095970154,4.148385524749756
785746405666869,-15.233412447604,27.672681901373,31.76489642171017,-84.10660134403106,ZM,crop,2,12929.296086697881,0.25048086047172546,0.19094182550907135,4.384321689605713
3016818381880651,49.809878371642,-121.45256952608,45.66980511457083,-121.76965505607902,CA,crop,2,460.96414215792413,0.41055577993392944,0.21354247629642487,2.0726141929626465
381383576502282,45.377597713432,18.296766050051,39.23999178217102,16.59968427930072,HR,crop,2,696.5456818249206,0.2841055989265442,0.13081157207489014,3.076301336288452
610064709949694,39.354018070055,3.189777650907,37.26067055734477,-6.93913509691018,ES,crop,2,913.3654298700083,0.22796818614006042,0.0676933228969574,2.7383995056152344
172787811514759,35.229088448061,33.767549827448,35.25826458599591,33.787224028185534,CY,crop,2,3.7036898112067926,0.9690580368041992,0.9596644043922424,0.21542410552501678
782110492675930,20.011066718061,-75.671652777958,-22.721862741369154,-45.84571630743618,CU,crop,2,5749.243934634947,0.3589349389076233,0.23631644248962402,3.014615297317505
400250872119328,11.85196334791822,13.142710363889922,37.481880455611225,140.40880604527658,NG,crop,2,12253.585400653976,0.15714290738105774,0.068693608045578,4.692324161529541
892609551301442,-6.2907747954542,176.31557778615,7.200169342913857,-11.760133468783435,TV,crop,2,19117.6296763165,0.19631794095039368,0.06823131442070007,4.183231830596924
202638525024688,49.252128640765,-2.2302663941837,52.169822280303514,-9.436633186278238,JE,crop,2,601.847001100494,0.6385740637779236,0.5077230930328369,2.0388023853302
482179499657429,35.35863654069,-87.442281622797,41.486906150142346,-80.79201922165343,US,crop,2,893.8199790614784,0.292865127325058,0.24921809136867523,3.98067045211792
166409505310564,-9.7930504284381,33.876999664849,-34.055463131333525,18.68354670029986,MW,crop,2,3110.898254117744,0.43689554929733276,0.22029393911361694,2.2472727298736572
839128376686201,-21.379486131927,55.652855746499,52.49555345808168,-6.413618893072047,RE,crop,2,10158.034156236088,0.19178755581378937,0.026399269700050354,3.428043842315674
173546557995177,6.6979922509375,-57.920196653076,6.769716262960362,-58.068768685556606,GY,crop,2,18.24223234105751,0.8773552179336548,0.7843387722969055,0.5056157112121582
778732033031387,49.481310552598,-2.580607408903,52.89747010303538,-3.9938004471622537,GG,crop,2,392.39844331124334,0.16472642123699188,0.032471269369125366,3.8501665592193604
1459021641097176,19.327056989127,-81.381676002568,14.267108562206609,-60.855312399234805,KY,crop,2,2254.4873805751877,0.36744311451911926,0.07587549090385437,2.6176226139068604
968337867447613,25.014773599486723,55.87302113372367,30.033609490065906,31.44349214421986,AE,crop,2,2467.560013553362,0.12028305977582932,0.04498513787984848,3.6364054679870605
516599479378641,56.372189487703,27.438134814115,56.51626446953142,27.063533033425575,LV,crop,2,28.0492128616247,0.39805659651756287,0.34447115659713745,3.6180436611175537
826574104989977,0.4096083408951371,9.468790964341348,14.734721279796979,-17.391774666407574,GA,crop,2,3354.385497484866,0.7454521656036377,0.688417375087738,1.6253001689910889
298265468509297,-10.44607449126,105.70171289589,40.621572003174514,-82.53129262747224,CX,crop,2,16563.464891878757,0.3304111659526825,0.1628589630126953,2.9459593296051025
135182671936165,24.97002129251,55.490379135321,25.134824886890268,55.29107744359716,AE,crop,2,27.182335716595595,0.43155956268310547,0.3370458483695984,2.3670883178710938
369953761725438,-20.697927254597545,164.42307519257272,42.23472715504135,11.756354969371712,NC,crop,2,16515.03745669617,0.15086381137371063,0.024522095918655396,4.342823028564453
150605930403453,1.5703799596146,10.84323380127,5.263340953000484,-3.2507599683637802,GQ,crop,2,1617.1126558386184,0.7804561257362366,0.5986059904098511,0.7930979132652283
942025196552576,18.04711135987549,-15.94458243190681,34.745122395822385,10.534173437923986,MR,crop,2,3208.090729938753,0.3356269598007202,0.2220592349767685,2.858518362045288
4245112742269900,-15.204236527253409,13.710121098211696,-14.917367158777154,29.44516309445913,AO,crop,2,1689.4952198884819,0.45759689807891846,0.3774052858352661,2.6226701736450195
800629050558884,1.5780520325706,10.841365858236,5.288544058241736,-3.061865775290336,GQ,crop,2,1597.1200549078703,0.9912238121032715,0.9851999282836914,0.0671551525592804
329089375465231,-4.7898646188584,11.8559793524,35.70392976907325,-0.8553524190470598,CG,crop,2,4693.9539233892865,0.1320381909608841,0.018606863915920258,3.505176305770874
2991410527805673,-4.1374600287328,29.078493212922,0.5813746233354591,31.799267118895834,BI,crop,2,605.5652643467087,0.5928131937980652,0.4818767011165619,2.1976966857910156
798429247478749,46.183809459674,20.174482609731,56.47226217768407,21.08603181690535,HU,crop,2,1145.7487866236554,0.3645123243331909,0.2037872076034546,2.4401984214782715
2371116466357575,16.796385002204,107.11609099971,17.43090398239996,102.69620991073722,VN,crop,2,474.96409899406734,0.17968492209911346,0.08656281977891922,4.339599609375
468504837703680,49.210225417814,-2.0260057718567,51.894645155951494,-8.384440319978788,JE,crop,2,539.0518725366557,0.50845867395401,0.23297721147537231,1.9413623809814453
544837470219031,25.294971915181225,67.28170930758036,25.175015759865612,67.40545569194936,PK,crop,2,18.243876942328047,0.4974561333656311,0.3745654821395874,2.0504555702209473
962376597848366,-7.8679271311768,35.785662187966,41.34075747906061,13.086691421911965,TZ,crop,2,5941.969228876027,0.2794700860977173,0.2214459776878357,4.202189922332764
284560226710077,22.245356411415,113.94634816993,22.41485229875757,114.19523261612056,HK,crop,2,31.788981553919495,0.974852442741394,0.9609930515289307,0.1500905156135559
366104118882534,-12.947203981722575,45.1622949013442,13.91416796953749,-60.96968601039993,YT,crop,2,12060.715388481245,0.3445177674293518,0.0011457502841949463,1.8867802619934082
302738837907407,13.971297523146,-60.953783885869,7.033084937149031,-11.006689060458049,LC,crop,2,5505.210139021641,0.7782573699951172,0.6804301738739014,1.0509783029556274
212663677118887,61.377613835646,-149.52560052518,31.83389160806006,-83.66437721606619,US,crop,2,5670.009166950482,0.6082723736763,0.5667758584022522,2.4130403995513916
298675135079993,35.02573827135,0.1062064724418,34.65785124833632,-1.1673491935028661,DZ,crop,2,123.213910038337,0.9701727032661438,0.9532790184020996,0.17253731191158295
200766568352215,12.2259298372,-69.032711700173,16.448404916956456,-15.512250596594802,CW,crop,2,5769.408755847035,0.25018927454948425,0.07009397447109222,2.9790546894073486
522150762114358,-51.767857219423,-59.20385240723,64.27152670524367,-20.700550344311132,FK,crop,2,13324.281174296246,0.9474934935569763,0.930729866027832,0.30926623940467834
907645580029480,-10.531873592618,105.64908608946,40.576226538458506,-93.83856012990108,CX,crop,2,16164.638294979482,0.5207533836364746,0.15080541372299194,1.4251459836959839
461637908454191,8.5770592738416,-9.8384949656858,5.32963793994483,-2.5313319206245173,LR,crop,2,883.5769627402321,0.5413053631782532,0.0954490602016449,0.7793616056442261
737762176916399,-28.523157809827,26.988610572901,40.86764969047043,15.46223272201371,ZA,crop,2,7806.871727904218,0.15450848639011383,0.03307899832725525,3.702073097229004
974044566464626,-8.9232594155592,125.57214462009,13.626008222893114,79.46865388184099,TL,crop,2,5672.37412553361,0.28112512826919556,0.17128023505210876,3.4374759197235107
207733560892728,62.969803716081,25.819453012454,62.25369009243658,25.368048392430527,FI,crop,2,82.90787628846512,0.8110343217849731,0.7154883146286011,0.8254916667938232
935214247230705,38.662861546978,21.897000127107,44.1114647316713,42.92876185055937,GR,crop,2,1850.046908297213,0.13678234815597534,0.05490622669458389,4.733976364135742
308609804241585,45.352253598167,18.741494665616,45.47239412861816,18.650206572566574,HR,crop,2,15.140702799251383,0.7460342645645142,0.6836703419685364,1.3474138975143433
812815579353857,19.970422258885,95.026704859366,-12.375815160452415,27.740514819401465,MM,crop,2,8191.006101081046,0.31475338339805603,0.10910096764564514,3.0352303981781006
955193138582276,42.352822713826,18.93350046301,43.552888427075594,11.247938681700496,ME,crop,2,639.3132282708108,0.2113564908504486,0.08280482888221741,3.449244976043701
314068633495505,18.384993994121,-64.663491419319,37.85112507840282,23.92502934496006,VG,crop,2,8646.624268609718,0.8123392462730408,0.760175347328186,1.1102449893951416
153100520088504,8.6445550800531,-10.895087890593,5.30086046548586,-2.3350781163952847,SL,crop,2,1015.1726226169212,0.7040644288063049,0.5875265598297119,1.3706477880477905
899516343957294,31.154817998866,35.36251239366,26.307561276529757,67.85730345283527,IL,crop,2,3202.2305801230173,0.23296597599983215,0.05157895386219025,2.9696505069732666
362016302748290,-10.182357974219284,26.92114281109953,-11.764615098207168,24.50551477951204,CD,crop,2,316.99191617266706,0.15508882701396942,0.0537412166595459,4.453683853149414
784285982279583,12.468243816564,105.11776238356,-6.22180286234745,106.2519716609861,KH,crop,2,2082.0161360412762,0.16568505764007568,0.03825847804546356,3.4235610961914062
741076933253733,55.559361968752,24.218044357931,60.73447749973102,14.544482716444927,LT,crop,2,806.791046325649,0.0879536122083664,0.03990265727043152,4.797252655029297
588238156406124,13.540014603247103,6.862262541663696,-15.523704867080967,27.994017582978792,NE,crop,2,3980.516756480319,0.5149821639060974,0.3951234817504883,2.1554768085479736
704583704721230,13.358425346344903,2.9695516051747206,12.732566853925299,3.8324196169199825,NE,crop,2,116.53183900282329,0.9850758910179138,0.9806371927261353,0.10483600944280624
743913432954382,12.506491685569,-70.011189878756,29.569264943697267,-98.25783961128893,AW,crop,2,3475.3666152631677,0.2637922763824463,0.046373263001441956,3.565640926361084
837216263894683,59.234310100905,25.661811016329,60.02509206178856,13.254371581202305,EE,crop,2,701.9893488351468,0.43363359570503235,0.24077774584293365,2.186868667602539
4165344470189392,22.250944346283,113.98372956798,22.37172315933791,114.19858592236608,HK,crop,2,25.862664864831746,0.8752406239509583,0.7519164085388184,0.386066198348999
123034153486017,8.896413266511479,-64.21983107316368,6.4433193062513725,3.514240449289311,VE,crop,2,7459.702044159405,0.44241854548454285,0.035024940967559814,1.6855614185333252
495142175172477,52.064618461934,27.758129879211,44.91472617405596,37.561639845766415,BY,crop,2,1072.4037277441246,0.5209487080574036,0.43005478382110596,2.7866482734680176
278818637266368,21.668020820761,39.5871724527,35.98193563913167,-114.83565161058284,SA,crop,2,13062.868610496105,0.5397478342056274,0.4326782822608948,2.380733013153076
311313370600056,34.298302972773,35.843733635285,33.92028307843247,35.59139836962553,LB,crop,2,48.026511739941824,0.46455392241477966,0.08452942967414856,1.3438185453414917
546356603055282,16.319144026137,-61.319536174119,52.25834148617877,-0.7290326204225838,GP,crop,2,6592.985086140114,0.16994009912014008,0.09147924929857254,4.705521106719971
455880318809614,13.212934938654,103.97535020814,19.69199091029253,102.68726174170925,KH,crop,2,733.399393609285,0.27611926198005676,0.086372971534729,3.070206880569458
561177494854490,65.249274201498,-14.3599477776,64.5278105476284,-20.868627617663833,IS,crop,2,317.282159329015,0.7436027526855469,0.5609254240989685,0.8468657732009888
591338181829945,40.948513592565,47.680340883083,41.216966360157365,27.566157493624548,AZ,crop,2,1682.3565639944052,0.21930605173110962,0.06094038486480713,3.6142117977142334
478603033472419,10.605368280525,-61.423503253964,6.788716386475869,-58.14696184398617,TT,crop,2,556.5622327800575,0.6008318066596985,0.5059010982513428,2.2826521396636963
140993104682356,11.492434620243,14.669528720435,43.892308873369316,17.068396644827413,CM,crop,2,3610.0533673373,0.14665164053440094,0.025303907692432404,4.164551734924316
1365904140461073,16.782552049243,-62.177983430902,15.582653918622501,-61.43897704951683,MS,crop,2,155.0139648104094,0.9639524221420288,0.9380016326904297,0.21594618260860443
184854733517675,66.049214556266,-16.60518565352,65.83325203934201,-16.50034034755708,IS,crop,2,24.479736040578416,0.8779611587524414,0.816085159778595,0.5163826942443848
484812855999457,11.316364972572,-60.600609669164,6.764154587882405,-58.086963890071395,TT,crop,2,576.5167326970111,0.5755573511123657,0.4012402296066284,1.4069640636444092
198374955275087,31.228889368174,35.249839466257,26.31460420414777,67.78333445333178,IL,crop,2,3205.8865473878723,0.1575332134962082,0.0845462754368782,4.723941802978516
493661578655706,21.902623515855,58.249258213784,-29.199773735427257,26.194567644685087,OM,crop,2,6638.893023940005,0.2788233458995819,0.18196171522140503,3.956061840057373
1421342044880216,-33.979765814868,-55.677857234372,-28.157426588654104,-57.30842067403284,UY,crop,2,665.7479702056723,0.8606416583061218,0.8172520995140076,0.723928689956665
791346968192465,47.64092226916,22.514698705141,45.76316865514856,21.435288129075644,RO,crop,2,224.42947831018776,0.3342236876487732,0.22657427191734314,2.974375009536743
509490393519441,12.00528480685,15.133921129804,17.452981311692888,78.47245154667311,CM,crop,2,6810.00544473686,0.3910122513771057,0.2834339141845703,2.8937158584594727
365265328257309,-16.455863020951,-152.25124408953,51.83572684022842,20.87950547781385,PF,crop,2,16034.456358787022,0.11372196674346924,0.0827111154794693,5.454300880432129
373099774078768,15.381551450461,-61.278224581511,18.644301690970426,-74.13840976042589,DM,crop,2,1414.2524793982022,0.8135474920272827,0.6935733556747437,0.6615784168243408
3849748481728507,54.429547030142,-8.350480924746,54.47911987676776,-8.381516678060493,IE,crop,2,5.865999282333143,0.5500386357307434,0.27411624789237976,1.118669867515564
486814105900044,24.815009873567,55.581561784151,25.034872734772453,55.18662586633845,AE,crop,2,46.729933555669184,0.48644375801086426,0.3440813720226288,1.8034145832061768
553493755814632,25.651486854641,55.817622488275,23.418917817945147,58.099280296446196,AE,crop,2,338.94678966213866,0.1894277185201645,0.06747294217348099,3.425428867340088
294731518788880,12.182130031336,-68.992602507728,34.7932601826411,32.442910656931595,CW,crop,2,10254.420449822273,0.6848101615905762,0.6117540597915649,1.5332683324813843
526112418414577,-4.1889057701817,39.593824106105,36.21928811198039,-109.41863798088602,KE,crop,2,15248.476650005616,0.6579586863517761,0.49618202447891235,1.5981287956237793
1143243902846918,3.9423529755317,73.490255336254,40.91707976758699,19.68014196756557,MV,crop,2,6743.825795285497,0.14755961298942566,0.025721587240695953,4.451033592224121
1222724854903474,-15.992638795519348,27.473549745213845,-13.510038595014617,24.792843733607626,ZM,crop,2,399.09890185467117,0.6072542667388916,0.40003669261932373,1.573783040046692
814962436102418,17.246826160842,-88.964928894179,35.82431799540168,-95.28700881049087,BZ,crop,2,2157.9143013811827,0.29181843996047974,0.18638813495635986,3.4009673595428467
2588410498130022,8.6681322733063,15.915175571704,5.9510489900487,0.6070094225645247,TD,crop,2,1714.9319502281967,0.4503321051597595,0.24224606156349182,1.83015775680542
757152124922572,40.280135692488,20.032560201339,41.189559612144116,32.62420039346323,AL,crop,2,1064.7938030278433,0.39170873165130615,0.2169349193572998,2.1732099056243896
3729075633885792,52.879324916405,14.84215981606,52.69493492272368,9.019527704863561,PL,crop,2,391.99044309215526,0.10083970427513123,0.046034809201955795,4.426678657531738
193255762642321,-25.463140138686,31.530813486271,-15.454314439694347,29.750186031784654,SZ,crop,2,1128.2301515982429,0.5693720579147339,0.3205639719963074,1.8096076250076294
158748456176634,18.003107984756,-76.750140742066,6.746995073082771,-58.0521911461328,JM,crop,2,2381.9790493821138,0.24973008036613464,0.1064164936542511,3.5050010681152344
487059602744422,22.483846298693,88.311807710332,17.437931085917825,78.44365093948066,IN,crop,2,1173.5705984973026,0.8633248209953308,0.7633542418479919,0.5879679322242737
187972779810965,37.223202382218,126.95228008609,25.026645035584014,121.23030625226835,KR,crop,2,1460.651804277541,0.7029147148132324,0.5310757756233215,1.1244419813156128
325108962571033,-14.007024453392,-171.59812253095,10.473378056161192,76.20587758210797,WS,crop,2,12660.17512234983,0.28375357389450073,0.08112180233001709,2.6809873580932617
506599274036580,54.629530708934,-8.6760286174409,50.43837512812412,-4.646896093706657,IE,crop,2,539.6644260285702,0.3480578064918518,0.24235974252223969,2.6696255207061768
507218187079443,37.843340581126,68.830014881381,41.98956914149062,44.25852264651647,TJ,crop,2,2137.7703311211544,0.516813337802887,0.40144169330596924,1.9869341850280762
153324916692555,5.5180289616018,-6.5822215976398,6.520442829415883,-1.2917165359156924,CI,crop,2,595.5477791626805,0.6175098419189453,0.513280987739563,1.7006909847259521
771731993706945,41.928551334201536,19.551310678151587,34.40245870652797,-0.7470693161582338,AL,crop,2,1955.473711321101,0.11180238425731659,0.0243527889251709,3.5626564025878906
486481489451262,49.966660340065,17.026531427218,52.00429399444499,10.40591307854578,CZ,crop,2,515.5967609129359,0.08918970823287964,0.011099591851234436,4.479794025421143
2949034095418835,3.9465097772644,-59.099420704396,-16.811680244271443,145.03940788202524,GY,crop,2,17018.205687929953,0.40909746289253235,0.1732272207736969,1.945160150527954
372845630827843,-27.768029274082,-64.271302066744,41.983337950498324,-87.78364053896222,AR,crop,2,8123.132798439744,0.13414199650287628,0.03528526425361633,4.239658832550049
804236390516614,24.360035161271,90.528148543285,24.619625149622454,90.37002694055158,BD,crop,2,33.00317318341167,0.9121290445327759,0.893144428730011,0.5651203393936157
1165449024229030,11.127732358514072,42.37283796780444,35.69250458306845,-0.8805246736834905,DJ,crop,2,5129.627646762818,0.5902302861213684,0.2793366014957428,1.3552955389022827
465682694540312,47.092368215581565,15.033271683507603,50.13835490869266,4.213492906019786,AT,crop,2,863.4642902655693,0.06303658336400986,0.0074111297726631165,4.744894504547119
1414034302297531,5.9652601827551,-10.011148216804,5.2183748197628494,-2.6430795478949967,LR,crop,2,819.6003933837335,0.998918890953064,0.9985843300819397,0.01184969861060381
164124928906484,17.026658655636,-88.957499025099,-24.91676310800193,-48.024325349437625,BZ,crop,2,6435.467593953934,0.36574095487594604,0.23072269558906555,3.595498561859131
265373079006579,12.19339030343679,-4.128458023871779,24.627435096487464,67.76195362409177,BF,crop,2,7632.589897132132,0.20630623400211334,0.12726549804210663,4.527646541595459
211403467484458,-24.160264772744977,47.3486048183456,43.920640070115056,15.287271426945697,MG,crop,2,8245.498967428844,0.25711682438850403,0.0014011859893798828,3.372713804244995
4252117868180040,-31.701164589216,28.774388216841,-29.37833268732489,27.489507515476824,ZA,crop,2,286.0939699696829,0.8627836108207703,0.8192426562309265,0.6960543394088745
1185546705230006,60.068284515535,20.263657107897,61.82423409894004,12.99587609399333,AX,crop,2,438.0172980074598,0.3327820301055908,0.13380958139896393,2.6812124252319336
307549670912816,47.805455809752,29.008339682994,44.589133685893486,25.544932300814143,MD,crop,2,445.9511563862387,0.28699395060539246,0.1655183732509613,3.3846445083618164
1150240562161074,1.3857279016312,173.14547646453,26.515201129609434,-78.37294816102127,KI,crop,2,11767.713925608734,0.3580232560634613,0.21356840431690216,3.2129125595092773
1926367507521003,-34.006516340223,-62.239283065807,-32.89806234061403,-60.74539536535002,AR,crop,2,185.46864724998144,0.7175838351249695,0.5950490832328796,1.242916464805603
174862464516382,18.026136330252,-63.051721834115,34.7413214787883,33.06216379679888,SX,crop,2,9413.386197418795,0.3843224346637726,0.2821786105632782,3.506838321685791
238608201397184,13.394898337011,-15.796480495355,5.8355526442372465,0.7293467087457834,GM,crop,2,1995.8062902072647,0.3550092875957489,0.1376422643661499,2.8728208541870117
168171301893400,-21.306913177085,47.234054757271,3.172580139918006,-76.5799521782799,MG,crop,2,13624.976896104527,0.5887902975082397,0.46644890308380127,2.0455451011657715
143601257800230,6.1813662366503,-10.476370028512,5.1544989296909085,-2.5562404398375964,LR,crop,2,883.7609563969431,0.894362211227417,0.8686832189559937,0.737255334854126
1426576467702919,42.716570546448,19.37002352769,42.76058063016386,44.697329932257304,ME,crop,2,2060.6059210679587,0.0941711962223053,0.01869998872280121,4.66767692565918
582527629366762,13.909926027264,-60.995742963827,13.848163677234073,-60.960487643305484,LC,crop,2,7.851659443785008,0.9998873472213745,0.9998449087142944,0.001295501715503633
789178535042815,10.848339859199,-14.344376628968,10.73835908920441,-14.463782524880896,GN,crop,2,17.879067715105435,0.9989643096923828,0.9986594915390015,0.011129144579172134
770818833619667,46.189989851656,27.550790956761,45.10974606898641,23.37891973371857,RO,crop,2,345.7576882199075,0.9510579705238342,0.9364405870437622,0.35196131467819214
771812706865289,18.810877831997,-72.868700352417,18.53477843044981,-72.59390629357638,HT,crop,2,42.19582193806628,0.8669866323471069,0.8290750980377197,0.832119882106781
1979924955729830,0.4210184118848502,9.466164114756396,18.561894336529118,73.93035884695821,GA,crop,2,7309.250249116062,0.3498938977718353,0.23371724784374237,3.5680155754089355
1215125515585698,-29.72467996101,27.401763312517,-30.09537230331249,27.956144588682925,LS,crop,2,67.48463025196207,0.7345597147941589,0.6744632124900818,1.200033187866211
525797611782911,33.53278970091,10.187082947953,34.50310487099968,-1.2097915279550269,TN,crop,2,1055.3528938453044,0.785442590713501,0.7472198009490967,1.4561164379119873
981736889296495,15.18213389856,106.76109629686,23.970404367515073,121.52388960511212,LA,crop,2,1827.32622238129,0.4226294457912445,0.26630380749702454,2.99884033203125
290546622610201,0.90650801653382,111.91071699724,37.25947288788326,-93.08414916288109,MY,crop,2,15052.777200399361,0.1077139601111412,0.004993923008441925,4.684929370880127
925069178226405,-33.684138890591,120.78000000686,-33.5822413808815,120.04633761188211,AU,crop,2,68.86155780197555,0.20780077576637268,0.11331673711538315,4.252792835235596
841753896415038,-6.3002644508667,176.31963764015,2.537078776769638,-78.26611130872477,TV,crop,2,11741.32122986708,0.17177961766719818,0.032589688897132874,3.563124895095825
645048966783670,42.89641826045616,17.56617896330491,42.88662017882552,17.807531166023328,BA,crop,2,19.692215722396064,0.9960804581642151,0.9952313899993896,0.0373893678188324
2157623727878098,42.203008413762,12.652366039877,38.19011270636761,15.294274663746911,IT,crop,2,499.38840725032884,0.5041688084602356,0.3514400124549866,2.086357355117798
491154428864902,34.78133892235,10.662689207895,34.73646422227125,10.745271379545096,TN,crop,2,9.045027376414085,0.17579355835914612,0.07052146643400192,3.2495901584625244
5023711767716996,27.43539864879576,89.6844986785493,44.09212363479148,-116.1103098911806,BT,crop,2,11639.310077255463,0.1347576230764389,0.05468059331178665,4.246466636657715
502661524102239,25.24288508,105.72866675,12.271431034122756,75.65263255872928,CN,crop,2,3467.8263640201963,0.12558124959468842,0.05385558307170868,4.602121353149414
768051953908267,24.417738719697,124.24306124209,34.03565559272449,131.1647046722978,JP,crop,2,1262.0243859850252,0.16027113795280457,0.09911204874515533,4.380908012390137
2634487660183183,15.505396860363,-61.465808232581,5.01282447831426,115.03463791938367,DM,crop,2,17701.247635531658,0.26480093598365784,0.11645488440990448,3.0455615520477295
777370986311883,69.771194043132,-50.45379669083,65.39397387620878,-23.438607883919566,GL,crop,2,1231.5691118581467,0.6334735155105591,0.5230445861816406,2.044016122817993
214018630224328,-30.195842567793,28.141370668784,34.77452036535874,32.65020902059029,LS,crop,2,7239.814760374684,0.6196949481964111,0.4974314570426941,1.419267177581787
898244168080774,48.39779130109938,69.97859259537432,41.314050776439096,-105.57999357304693,KZ,crop,2,10030.043982675836,0.8923417925834656,0.8812246918678284,0.8608253598213196
4492529727427156,-28.146082771307,-51.513579498292,-27.455934771851624,-51.18588162351553,BR,crop,2,83.23506471263832,0.283083975315094,0.14037804305553436,3.0003137588500977
285348029668834,24.497433158551,56.506035667282,29.81885039179873,31.64731452938152,OM,crop,2,2524.082977506582,0.3128228783607483,0.24378016591072083,4.163007736206055
171014971604854,50.702549851864,3.6582481425115,50.849663931828935,2.0205922654763326,BE,crop,2,116.3043866315614,0.1867360919713974,0.08372808247804642,3.7258822917938232
4840639372618820,-14.92550912288379,13.489538311090364,37.63758351899514,40.795897284538256,AO,crop,2,6503.98457953773,0.4062880277633667,0.14426153898239136,2.660111665725708
206149904648055,26.21207915528,44.093256403165,30.01295022929323,31.711001502191934,SA,crop,2,1284.962618556614,0.5712019801139832,0.37700533866882324,1.97261643409729
204252138180851,-21.559664995251,23.773974999472,25.651383526923805,69.4250544410086,BW,crop,2,7197.039932110245,0.12540920078754425,0.031310081481933594,4.526131629943848
920871192081755,-20.154762249788,28.582363111001,-26.024231889785543,32.640324162462136,ZW,crop,2,773.3078893116041,0.266275018453598,0.038463398814201355,2.681854724884033
219966586218279,47.029132462966,15.932431980783,47.66780656582986,9.076365020153704,AT,crop,2,521.2095358117364,0.19079667329788208,0.02657921612262726,3.5622127056121826
135549215221893,2.4175748743344,9.8423648123313,15.682749906448414,74.04823898433216,GQ,crop,2,7175.896213032007,0.23400600254535675,0.028662964701652527,2.9302988052368164
376262240365585,11.737844217402,-84.258740123025,15.074612871991981,120.61341873869613,NI,crop,2,15966.593662047158,0.43009310960769653,0.06909942626953125,1.4050343036651611
171728951493255,49.507376607171,105.95258746284,56.28212854590484,44.072298986069356,MN,crop,2,4073.6635770038165,0.3534848988056183,0.1339387595653534,2.7701292037963867
253978489850814,48.281270225581,27.973739010266,55.35735372379717,39.05171491503672,MD,crop,2,1092.4520509893468,0.4149143397808075,0.19459660351276398,2.332709312438965
300413981460892,28.731055900238,48.000514767945,24.768142362834457,46.65318132949654,KW,crop,2,460.5028853686376,0.0830589160323143,0.03143981471657753,5.177196025848389
1184530975332530,-14.802947311274,-42.709531402229,-15.116401115668683,-48.737626141812186,BR,crop,2,648.4922293068978,0.23322804272174835,0.04385209083557129,3.2468338012695312
1266617723756139,-2.7425780868466467,29.42359642013631,-2.376275056909969,29.53077783377797,BI,crop,2,42.43551810524046,0.4615289866924286,0.025895684957504272,1.0516730546951294
473474263980538,21.715223057868,59.471278053944,17.035068243151265,54.59420724495663,OM,crop,2,729.6138501847012,0.36511489748954773,0.14625196158885956,2.4029762744903564
1249815355421012,41.352986665751,46.933972599593,40.41067460200993,21.965841588070678,AZ,crop,2,2094.4348672076785,0.16137294471263885,0.06848234683275223,4.079345703125
228708892356879,48.677696253977,17.636842304644,44.608146377761166,38.156165998436734,SK,crop,2,1624.8419296340512,0.3826477825641632,0.13923802971839905,2.787806987762451
573918251034517,24.9108887387342,90.79494731880273,24.00873730282967,90.7300298902278,BD,crop,2,100.52961486544005,0.2006259560585022,0.0304487943649292,2.6526455879211426
2964997383812126,2.6098453233173,9.8422664516346,21.411395214244013,102.39101981218096,GQ,crop,2,10165.14246817448,0.4961005449295044,0.3715774118900299,2.5087711811065674
216212559884926,39.033844678159,125.75376577506,42.00737900363873,43.35852759687404,KP,crop,2,6687.505780278008,0.19344110786914825,0.11824960261583328,4.274415969848633
305136647878220,12.193469016038,-61.616092049056,6.772890251176847,-58.19499765871391,GD,crop,2,709.9041398992028,0.609778642654419,0.403553307056427,1.3866608142852783
1425023424516398,-16.694601299289,-60.803490901407,-7.1861667971086804,-35.55541236516935,BO,crop,2,2938.919973345116,0.47455933690071106,0.363574743270874,2.415720224380493
454775888919551,46.828024824521,7.8088947836121,46.898483907473846,7.496997840247759,CH,crop,2,24.9738335285512,0.5261896252632141,0.22949406504631042,1.3439754247665405
861104217828929,17.113853213721,-25.242018334352,14.648264444575139,-24.792550039956026,CV,crop,2,278.34261336738444,0.8352397084236145,0.8045597672462463,1.0587267875671387
1051007365779921,6.813554100014411,158.2040012,7.4875142846759095,162.95283855761818,FM,crop,2,529.2667242254307,0.9995602965354919,0.999521791934967,0.006025706417858601
1334507140366814,-23.48982047010992,35.38536972552172,5.226361761472407,-0.9360738780384974,MZ,crop,2,5071.420000844721,0.08176301419734955,0.006084561347961426,4.059201717376709
3912389445490209,49.325970928935,17.226098099604,35.68151965471434,-0.16028645096359892,CZ,crop,2,2071.773747166193,0.5789790153503418,0.5366190671920776,2.6002821922302246
265194928674974,13.23781099507,-59.544998005588,43.36968789363693,10.467958685729647,BB,crop,2,7391.878816155456,0.23534084856510162,0.0841519683599472,3.876629114151001
130827665729646,41.660012138201,21.174396481341,41.488123513144814,21.305358165877063,MK,crop,2,21.99980688563059,0.16703353822231293,0.051493339240550995,3.4574451446533203
382514279656400,17.169493550421,-62.549673737704,-34.86271230373982,-55.30290708288121,KN,crop,2,5836.169099205329,0.3257334232330322,0.03962305188179016,2.343451499938965
490566595325309,32.35061764629,15.101938149737,36.33763220481646,44.35208569247106,LY,crop,2,2711.1901411336903,0.3637329339981079,0.09960323572158813,2.09450364112854
177150824328343,-14.845732355681,35.25013351485,-15.607285335203994,30.15305741548773,MW,crop,2,553.3728523135468,0.5410721302032471,0.21872830390930176,1.4798532724380493
337754307681723,22.908438446718,90.804919962877,23.379829915262775,90.88756075939787,BD,crop,2,53.09302321698566,0.9946401715278625,0.9912654161453247,0.04080366715788841
288297272916728,-17.786629070676,177.44305087069,-12.980444825262055,-39.12254872103068,FJ,crop,2,14742.288361751669,0.2648926377296448,0.020623669028282166,2.9563426971435547
485752159242168,60.005211059817,20.384442671458,60.10224660126253,20.66254033789405,AX,crop,2,18.833553974950423,0.2947826683521271,0.13552622497081757,3.3857791423797607
495377298477425,41.941602973878,34.631294266421,41.90396981583495,34.75518748917521,TR,crop,2,11.071474012905552,0.9396646618843079,0.9101428985595703,0.3951190114021301
2890584101196635,41.681667019865,21.147788358398,42.00173795840644,23.744013162128944,MK,crop,2,217.98502409608457,0.6366046667098999,0.5873194336891174,2.158334255218506
401731674144754,23.355590466277,121.32187991241,55.219104323862894,37.937980808322465,TW,crop,2,7483.1318657485745,0.2908303737640381,0.2303195297718048,4.459319114685059
1169142930166538,20.834467782196,-75.727264614924,20.148413308833256,96.74131512369358,CU,crop,2,15384.947362381676,0.9675984978675842,0.9588969945907593,0.2372695803642273
306207777612908,-13.800621344179,-171.85935966246,-9.674740507519793,-35.94850819633472,WS,crop,2,14494.753810282175,0.38622671365737915,0.3350091278553009,3.250843048095703
2665542867084280,15.44922162275011,-15.809327283661323,12.726185909987608,-1.1489342441280224,SN,crop,2,1609.4374368623362,0.754152238368988,0.6319435834884644,1.0655258893966675
473236960624282,-11.390300678508,43.342774487865,-8.561084241966906,115.94613111798202,KM,crop,2,7937.499318294457,0.09115474671125412,0.02951822429895401,4.585209846496582
175640891118270,58.3416314331,22.123379209424,65.7642303416916,27.220214834259842,EE,crop,2,866.3549052385803,0.3648785948753357,0.1999087929725647,2.7306253910064697
940728323368212,5.5203195797668,16.760305199775,2.1728400327961768,32.760903963252645,CF,crop,2,1813.5053752025651,0.6458587646484375,0.5279198884963989,1.3154783248901367
159670792680757,4.8671591384211,31.498747958114,13.069724054122174,79.80885801978981,SS,crop,2,5375.066706805016,0.2679748237133026,0.10768483579158783,3.406710624694824
490425192372401,-42.289566526657,-73.549884623054,-23.19234379684192,-45.89362538260385,CL,crop,2,3319.869073382395,0.6443963050842285,0.4234732389450073,1.408233880996704
140927168065220,14.884255893398,-24.355900858541,28.03990414549027,-17.359203428052773,CV,crop,2,1631.1615790895664,0.24289625883102417,0.0002380162477493286,2.4514923095703125
2148319455305366,12.658976107053,-1.5012029355804,12.312635572002304,-8.307180103852188,BF,crop,2,739.8730774912758,0.25924357771873474,0.061548054218292236,2.716482639312744
950272148968894,-12.972416512525884,45.15611771647966,-12.72788724322131,45.11393103027023,YT,crop,2,27.572361727171554,0.9790094494819641,0.9609510898590088,0.11982187628746033
153355823412892,49.184810534933,-2.0480987436129,52.15655058006217,-9.519101350464494,JE,crop,2,621.145617313577,0.7041489481925964,0.6552411317825317,1.6819422245025635
363513025083758,47.047992478928,8.7799077721095,46.93559313237713,9.663399713814965,CH,crop,2,68.16487563572569,0.5525766015052795,0.27309083938598633,1.585746169090271
512297363276315,31.456330474142,35.250774430442,27.472462480040143,68.19587905898165,PS,crop,2,3208.089046452306,0.31761783361434937,0.007233321666717529,2.592158794403076
456622292570371,17.562683786778276,52.54996407813734,21.11316152093106,-101.6504735167358,YE,crop,2,14876.985240890821,0.9844790101051331,0.979279637336731,0.12209834158420563
4527359417278295,12.574854908472,-70.042613806787,21.104584269072173,-101.62273901624118,AW,crop,2,3484.860045996988,0.3905741572380066,0.027273029088974,2.2573416233062744
537629581307027,13.181351944444442,-59.52259444444445,13.162791932018287,-59.6085704098266,BB,crop,2,9.53459936618141,0.9313817620277405,0.9036740660667419,0.4682021141052246
795129897807041,35.163207188355,-6.1437231591152,37.27863837672401,-6.957958705521632,MA,crop,2,246.30140984048413,0.17244745790958405,0.0723976120352745,4.357358455657959
351777130251541,39.481253041447,46.278721306968,39.583166517256934,46.200719756557014,AM,crop,2,13.159383083417842,0.3938676714897156,0.21344661712646484,3.2373738288879395
808281843784947,-9.017975593206083,125.18936083216094,20.649482135678877,96.57746146383127,TL,crop,2,4545.919579361063,0.7026243805885315,0.5344926714897156,1.334571361541748
571640328046013,9.496515810605342,138.0909467705742,-13.494904829396,24.547749027049203,FM,crop,2,12780.193541301416,0.37176188826560974,0.21784278750419617,3.2176995277404785
1596718320725210,6.820059002595853,158.1889075956807,8.203011486107753,161.652959682604,FM,crop,2,411.6688713269894,0.2882188856601715,0.16440588235855103,3.918046712875366
909068383276012,51.71872582063,71.017642467242,34.78420383303176,32.70646099148278,KZ,crop,2,3570.0146518982715,0.32354864478111267,0.2473694086074829,3.654007911682129
201271568510246,11.498181689874,104.89298318393,-7.556060393778391,112.7923084850798,KH,crop,2,2291.8346131030785,0.6546353101730347,0.5840699672698975,1.982413411140442
865101847550557,14.337966085705,-11.307015681085,37.60573859713146,-1.221909312640261,ML,crop,2,2772.3066824837438,0.48817119002342224,0.31461891531944275,2.310274839401245
273645621106204,11.400246031697,15.323762439617,17.224303564211812,79.27413461033929,TD,crop,2,6892.369364222337,0.2720031142234802,0.04740902781486511,3.3167192935943604
816784312848146,47.27419583333333,110.70045194444444,40.4991641461907,-103.8292609606107,MN,crop,2,9675.85572409231,0.44881629943847656,0.13353171944618225,1.7725337743759155
205051911255970,15.898719949045,108.34769045302,14.038586484113102,100.86018441196907,VN,crop,2,830.4118271336963,0.09302913397550583,0.027311384677886963,4.3645477294921875
1197452254025430,60.290261118231,20.017018951216,60.200449779496516,20.06848783392308,AX,crop,2,10.382615683708833,0.4768674671649933,0.41050347685813904,2.8826417922973633
524857088520171,40.969687102424,47.506671390525,51.84524934337356,19.583257719238905,AZ,crop,2,2436.9689900941726,0.38051387667655945,0.26775065064430237,3.7930498123168945
585468982429325,56.863557681775,25.533807915732,54.998888207577025,60.89995462834027,LV,crop,2,2187.8668559130488,0.28583088517189026,0.1200050413608551,3.2820253372192383
223293895846479,40.460441929706,49.654367032421,37.91308620078843,41.411712742005705,AZ,crop,2,764.3998941834279,0.7522888779640198,0.6106002926826477,1.0402542352676392
983815092358003,45.845665401276,-1.1566237774946,47.286462797844145,-2.2012133670497795,FR,crop,2,179.0046709349444,0.3752151131629944,0.224692240357399,2.7472281455993652
495004361712254,16.705985016912,-62.221856779895,38.27618774600484,21.633382571026914,MS,crop,2,8341.379355124995,0.6896311044692993,0.6485964059829712,2.1681652069091797
1116467962190839,49.234789455854,-2.1566386309068,55.08048969213179,-7.689921758540315,JE,crop,2,751.1244257820758,0.16762901842594147,0.09952426701784134,3.947418689727783
799261197806429,13.04112461881004,7.584578150427974,12.58994603491969,-2.0757706703261345,NG,crop,2,1048.5596280451814,0.968610405921936,0.9608727693557739,0.24113208055496216
375892980333603,53.800018986142,19.066495869964,57.93415864842821,16.43071710530469,PL,crop,2,488.1325985935343,0.48661544919013977,0.4517326056957245,3.128890037536621
216735996617694,-51.729168266578,-59.221494505424,64.2882195831032,-20.72213321253956,FK,crop,2,13321.771527205272,0.873080313205719,0.8417696356773376,0.9327204823493958
122836676470530,19.317250203375,-81.382868299519,6.759303872146798,-58.06439910492996,KY,crop,2,2880.357387018351,0.6486722826957703,0.43048542737960815,1.262380599975586
864991334054817,22.630694715979,75.815649968185,-34.164888360372096,150.70979874310876,IN,crop,2,10116.25057087442,0.145180344581604,0.09315923601388931,5.113768100738525
303472461226103,30.448379399773,-91.249052345819,29.952897138924953,-95.19356400547602,US,crop,2,383.0385759933616,0.1693100780248642,0.07732430100440979,3.70637583732605
751120052245249,18.306901319254,-66.036105758042,39.43346625847363,-84.17716196323474,PR,crop,2,2926.564542647752,0.17820201814174652,0.09255351126194,4.066272735595703
618094669584037,1.0592725919843,104.01250864856,9.144729362525721,76.79676191221672,SG,crop,2,3142.8021474518823,0.7988571524620056,0.7315626740455627,1.2091487646102905
204293011757830,15.079993126144066,39.21687884094408,-5.411210367282881,38.89275109196237,ER,crop,2,2278.7977882448145,0.666197657585144,0.4692174196243286,1.1049277782440186
2928508607437195,37.840107608369,68.802462308142,41.32038265144306,69.32232825670602,TJ,crop,2,389.54276163550435,0.8141979575157166,0.7236486673355103,0.818074107170105
1371451869918489,3.6333328691599,72.957712473483,-8.788102903087562,115.17562116843744,MV,crop,2,4879.6559193968005,0.3570946753025055,0.17619450390338898,2.9314050674438477
215955796651386,14.063525259413,-83.397823687399,6.07844893393203,0.6662795134448971,NI,crop,2,9205.977807253732,0.3726663589477539,0.12359702587127686,2.4810070991516113
137850255541406,24.545211603122045,88.5941532347436,7.387999500722608,-11.765084261664686,BD,crop,2,10702.050831853629,0.42034995555877686,0.04115709662437439,1.6831721067428589
300676795037037,47.54022479277,18.649560765963,43.58765783946936,11.0457329776391,HU,crop,2,736.70563196829,0.23417647182941437,0.16438862681388855,4.093339443206787
758419548202670,56.459896994613,24.509987996003,57.21541770049873,25.037015090141317,LV,crop,2,89.91765327701486,0.22378014028072357,0.10099982470273972,3.1196835041046143
234036278489604,30.859288137504,35.983036655163,31.3566767488083,36.103971340537434,JO,crop,2,56.49277740858269,0.23373892903327942,0.1116466224193573,2.807316780090332
1877580812408950,8.2904185166376,-13.160532748623,8.27929502675368,-13.160126682664275,SL,crop,2,1.2376824180195751,0.9820636510848999,0.9743300080299377,0.13019898533821106
508516997178857,-20.44017415751,57.716929198138,14.779684504489857,-61.01539003688829,MU,crop,2,13526.171679742556,0.3819083571434021,0.003645777702331543,1.6025750637054443
2476936639119646,-17.187994442004,145.88923082343,-17.43480722721476,146.06396285318465,AU,crop,2,33.12496458113908,0.9975911378860474,0.9954667687416077,0.018590539693832397
170299241727097,29.609911657314345,104.99307446089506,36.81440928021024,137.39718022492863,CN,crop,2,3102.8872542851223,0.30457913875579834,0.17782217264175415,3.8641409873962402
297845861929140,19.00823988924,101.48346297652,12.189574270021206,102.31075882204566,LA,crop,2,763.3530056998594,0.9397339224815369,0.8826868534088135,0.24946650862693787
322702535907825,20.283683791944,105.67522750563,45.74430069748209,8.401466762897435,VN,crop,2,8948.79909508501,0.2888006865978241,0.18999110162258148,3.322617530822754
787272635685450,4.323621691762423,18.511948154254057,8.019332596947685,-11.793679071197616,CF,crop,2,3374.3507840333573,0.1801096796989441,0.058111369609832764,3.649782657623291
173788081866624,59.75612769558473,-127.47179840177547,59.17221996232598,57.35200703808862,CA,crop,2,6784.200934907237,0.2512434124946594,0.15908141434192657,4.279926776885986
233747548461554,9.3263006266193,2.619361832951,6.378930368595034,2.406304146443797,BJ,crop,2,328.5716438701713,0.5075093507766724,0.36222249269485474,2.0521340370178223
765041667535640,-33.099247370966,-56.459447149244,-22.884582267108385,-48.41079061213664,UY,crop,2,1382.5064239806836,0.7801854014396667,0.7683441042900085,1.6166311502456665
296876208707767,35.337232736933,0.33737085013529,35.120502312258466,-0.8489495444996407,DZ,crop,2,110.41482388458326,0.2382851392030716,0.049563586711883545,2.9901022911071777
5220870694689924,13.010537169214352,-15.781125774925767,6.065826924593626,0.43969906238314277,SN,crop,2,1937.8943202552423,0.4750973582267761,0.3285073935985565,2.172720432281494
490774565689974,13.06406278563,-1.087121270677,12.558332285354787,-1.3750801374160557,BF,crop,2,64.32085931860294,0.8387150168418884,0.7957969307899475,0.864021897315979
218599310068075,-21.24302439442,55.333436310069,-20.91579003944527,55.4293488034929,RE,crop,2,37.72303607357172,0.8078479766845703,0.6238832473754883,0.5324177742004395
174969884519406,46.737187807587,8.3987859932934,46.453535829972175,8.388646589988008,CH,crop,2,31.550173965375112,0.2908254563808441,0.10649509727954865,2.82232666015625
581849006299222,-16.292466257509595,167.67474403169504,-8.668862901334583,115.166899008195,VU,crop,2,5748.439815715178,0.3325989246368408,0.039698272943496704,2.251312494277954
514194699740537,49.025633194136,19.779030185528,50.68334357788419,16.508663444320064,SK,crop,2,298.19074776224056,0.44920769333839417,0.3625622093677521,2.6362032890319824
1636152166570934,13.748349438255,109.21278035386,10.391595186390727,-75.49388224853843,VN,crop,2,17281.090248417422,0.33568987250328064,0.18194648623466492,2.9709911346435547
810831549638249,38.371680067627,71.17919493021,37.521311062352424,71.7762203522677,AF,crop,2,108.08083982594606,0.991872251033783,0.9849354028701782,0.05467917397618294
126986893262506,9.535228699145444,138.11777436553538,5.2141452449123324,161.1571198119185,FM,crop,2,2584.796091981853,0.08715881407260895,0.002009287476539612,4.50743293762207
355702972637605,13.535688328213,-8.1000075739741,12.689780545126078,-86.94247096552091,ML,crop,2,8496.541051265669,0.47676557302474976,0.15436974167823792,1.269684910774231
939211946839909,40.900998111452,76.418995914539,58.170169999128646,12.963967787658625,KG,crop,2,4752.493450280821,0.3969748020172119,0.34876519441604614,4.00260591506958
211629123827045,6.1356720399309,-3.8436536027728,5.321771074945029,-2.5150775015182276,CI,crop,2,172.6184769085781,0.8591921329498291,0.824664831161499,0.9129666090011597
696540331416062,44.87397500000002,15.571799722222226,46.50334008481322,13.015003742261607,HR,crop,2,268.79991374796543,0.14740599691867828,0.012955844402313232,3.7948224544525146
942512046483923,57.98102591119,22.153417844629,44.774539205151875,3.8787797964907367,EE,crop,2,1927.7544452172901,0.17650163173675537,0.0956883653998375,4.531752586364746
1794577467377638,2.2867934802243,111.96866392671,-23.23581811736752,-45.937174666676846,MY,crop,2,16684.982803604602,0.6090344786643982,0.4551420211791992,2.0346169471740723
569520134014537,45.631513310144,14.917895762855,48.18296257515672,11.806578766993763,SI,crop,2,369.19639867036426,0.09251657873392105,0.03903169929981232,4.679765701293945
759618951395520,13.918783401918,-90.820453412238,3.4547824219659553,-76.5124545011434,GT,crop,2,1954.3892468405968,0.4123842418193817,0.2677275538444519,2.5804855823516846
317414069756073,8.849591446096811,17.846700004099304,-15.601684363539402,29.3197924172767,TD,crop,2,2998.181825337132,0.819878101348877,0.7233332991600037,0.8458335399627686
310132177165029,32.35614104026,15.078246874263,34.06753584954113,-6.771610876198373,LY,crop,2,2037.7226396247058,0.38158002495765686,0.053453028202056885,1.8283733129501343
378106816842746,47.677672060857,2.1491709666626,48.975351073936935,-0.3025190065568131,FR,crop,2,231.65933040679113,0.08698958903551102,0.047622792422771454,5.099906921386719
974285533334788,1.987119011826,-157.37182088346,6.908045554252775,-58.29122542157584,KI,crop,2,10982.366844367767,0.7311477065086365,0.6201063990592957,1.35776948928833
186014066630410,-0.26584500006505,29.929660585315,1.0590649118195405,34.14504148439739,UG,crop,2,491.3152410552383,0.1659948229789734,0.06824253499507904,4.6293158531188965
2045346162308378,6.372858133743794,2.3062901826009594,6.754704203293305,-58.08948660762719,BJ,crop,2,6667.273532578194,0.540942370891571,0.19727155566215515,1.3254741430282593
1172091903236601,49.476195621557,-2.5778975923381,50.308546569140475,-5.103883871665583,GG,crop,2,203.2293553476904,0.3493119180202484,0.29126396775245667,3.39131236076355
1148818178927460,38.977689066483,-8.2445481523452,35.582808369314705,-0.02781262487613435,PT,crop,2,818.6872139761088,0.6178373098373413,0.5521997213363647,2.1324758529663086
1222613584876307,17.370666616194,-62.748620435823,17.191165244703402,-62.521120361328954,KN,crop,2,31.33445670884517,0.491077184677124,0.2864799499511719,1.4714903831481934
2874363389509925,1.1429664809873,33.846541381524,-12.857580048744707,28.220981536121048,UG,crop,2,1675.9529462680543,0.587424635887146,0.3060331344604492,1.0832735300064087
472676697278023,-11.651270507603,43.263829479505,5.226273364290463,-52.70656568739605,KM,crop,2,10772.907319857984,0.3256971538066864,0.20489037036895752,3.377826690673828
229441082274343,16.133435457207,-61.769410665445,3.443159599720694,-76.57969111898399,GP,crop,2,2147.7108644326113,0.875945508480072,0.770817756652832,0.46999821066856384
588131552889375,-30.701177534770288,-55.134334723553735,-29.381385679147566,-52.07246886267375,BR,crop,2,329.22382016114665,0.798150897026062,0.7445755004882812,1.1570794582366943
282418593597680,-15.111719223373,167.09145508574,3.9958964338467657,157.82056950774057,VU,crop,2,2357.302938536858,0.9933295249938965,0.9875097274780273,0.04628518223762512
979772486214909,34.1336148881033,136.00098041765338,34.41341104498822,135.92256229923598,JP,crop,2,31.935427442146008,0.3351343274116516,0.01415562629699707,2.263672351837158
3774979212627875,-14.866355003204,34.792262380462,-7.206821567398048,-35.43999860345181,MW,crop,2,7685.252445895096,0.8741307258605957,0.8054113388061523,0.6619141101837158
426972879607348,-17.525550986516745,-149.84053510202472,5.4635041757108675,100.37025761254127,PF,crop,2,12285.970022331096,0.3821367919445038,0.3166590631008148,3.451435089111328
1689362237932062,13.800606381009,-88.316570230116,13.805704357864368,-88.23811770026802,SV,crop,2,8.490542451413663,0.45939239859580994,0.1969771683216095,2.1244702339172363
1166613090443646,50.253231893566,106.33993531955,52.45401856588129,84.88832611254105,MN,crop,2,1503.847073273943,0.25809574127197266,0.17084987461566925,4.200442314147949
420134173638637,-10.810393821363714,31.731146261210167,-11.958953709255713,30.050558465929473,ZM,crop,2,223.31651994296692,0.29995158314704895,0.22088585793972015,4.2019853591918945
474713760445897,34.526350993866,69.196344342811,40.820793830745096,19.71073360906574,AF,crop,2,4352.903908192702,0.21425272524356842,0.02387985587120056,3.3166823387145996
506851794060092,43.177582319251,19.311856309232,41.88689941193764,23.918182036540813,ME,crop,2,403.7337174598839,0.9456396698951721,0.9358364343643188,0.40244120359420776
2995572500661892,38.898518256485,16.523049856494,49.80587035377739,4.654824740901259,IT,crop,2,1532.8017419267296,0.3468112349510193,0.21435953676700592,3.0788774490356445
115961117883320,28.43217928695932,36.51346701072073,32.929830569964736,10.344572100975862,SA,crop,2,2545.0758610067187,0.2610797882080078,0.18288728594779968,3.4355995655059814
1007571866714652,55.571514078836,10.350650482308,58.98160161590354,5.748427737994278,DK,crop,2,469.1429548616493,0.11915739625692368,0.04988068342208862,4.571147918701172
1174895919599539,20.052558993471,103.35914721659,20.591529977837965,97.21107266710068,LA,crop,2,643.8370123965705,0.9868658185005188,0.9821622967720032,0.09338513016700745
912812452874701,-11.627287351809,43.262280127651,15.380577566920204,-61.34704516925955,KM,crop,2,11893.105898134063,0.4753480553627014,0.325880229473114,2.1595020294189453
173416451344450,35.019561811666,33.986374163354,34.75521992642198,32.44595787231597,CY,crop,2,143.5425048081069,0.646658182144165,0.5486460328102112,1.3692193031311035
1449896788674967,-5.4217682185916,141.29314063475,4.921259316074169,100.71717143355343,PG,crop,2,4650.079983044075,0.1713493913412094,0.07050871104001999,4.301849365234375
232511111978904,-34.065025583843,-55.656389079107,35.93387589494382,-95.20191606225313,UY,crop,2,8799.281468281008,0.1296170949935913,0.05626551806926727,4.5086259841918945
1109815899545804,24.996104447036725,51.03225264110503,29.84240529921992,31.759797364752806,QA,crop,2,1974.2774601284677,0.32105541229248047,0.003168255090713501,2.199856758117676
736517197023313,6.5599786208778,-4.9915528001493,-13.394928579522087,27.647847955153424,CI,crop,2,4232.292345257606,0.4825979471206665,0.34562382102012634,2.7781078815460205
456214902348496,19.610685333333,37.215206138889,12.617745862064966,-8.011496468853228,SD,crop,2,4879.688377283522,0.35451290011405945,0.04351675510406494,2.581807851791382
345208620288312,19.224700165467,-69.390303678979,18.927021459878993,-69.6888678576929,DO,crop,2,45.607776922909046,0.22223009169101715,0.07907094061374664,4.060788154602051
1468811220266965,7.362390601198927,134.50483736055023,34.8003310649778,134.4387459589415,PW,crop,2,3050.9672682531054,0.36164841055870056,0.2271420955657959,3.371055841445923
308427384185327,35.884648502247,14.544820145722,34.749091471468056,32.46307264625182,MT,crop,2,1628.3573166166511,0.3838638365268707,0.2761780619621277,2.2651569843292236
395740224747116,6.5139480425193,2.6483266181429,6.501757268283781,2.623010713657532,BJ,crop,2,3.108046735750472,0.9849309921264648,0.9837371110916138,0.14626576006412506
1432327937141676,13.459201505715,-14.688767601582,-16.704052346732166,-48.42128759853471,GM,crop,2,4997.797560002192,0.22878660261631012,0.08439001441001892,3.636544704437256
1797066053813454,45.212729270223,20.36112097384,55.5198191944643,37.858632232485064,RS,crop,2,1680.5853903308234,0.22242684662342072,0.14220023155212402,3.9750001430511475
4182076221831792,70.667211583155,25.389289533957,68.53635999172104,15.939934889066958,NO,crop,2,435.4780708965394,0.30283159017562866,0.09990903735160828,3.5001308917999268
3450481218541153,25.63903018538021,51.51003081357617,25.383198813852662,51.5136672220589,QA,crop,2,28.449491170609015,0.5122445821762085,0.45436492562294006,2.549212694168091
881754115706919,18.443691037533,-64.642920411564,34.77094459878362,135.40153250569742,VG,crop,2,13730.1351053237,0.17795342206954956,0.04249662160873413,4.270954608917236
512504643106571,-51.848040759038,-58.223206369416,55.87482636418177,8.239396642451956,FK,crop,2,13436.293190890043,0.3502136468887329,0.1731536090373993,3.1664180755615234
172855664661959,10.37149331328,-12.099479736597,15.722650427880133,73.74870629724792,GN,crop,2,9258.266092374774,0.4266887605190277,0.1984267681837082,1.6622878313064575
833358057538383,78.076451987378,14.16217603674,65.47812971775363,-23.572296912802564,SJ,crop,2,1853.2600767399883,0.6992167830467224,0.6373645067214966,1.9753572940826416
214810390166469,3.5846135120697,23.723674547511,49.24827392392547,-0.24440481794083546,CD,crop,2,5560.549730089206,0.1749148815870285,0.0012082010507583618,4.315178394317627
562840304708452,46.225408646208,15.611350197474,46.912836469271134,7.4877866865292155,SI,crop,2,625.3972497086012,0.4860818386077881,0.4341486990451813,3.141183853149414
817268602327565,-5.9419482354293,29.161401435445,-6.391569791823267,31.885154679235637,CD,crop,2,305.2361695856559,0.537401556968689,0.4477880001068115,2.530992269515991
1034524170413490,21.467073188908,-71.131572461898,21.288951293984702,-73.29628216001745,TC,crop,2,225.01471736721916,0.9734082221984863,0.9611321687698364,0.1627742499113083
1856356164529190,14.123830049658,99.400519963042,17.82314408065644,104.38733591822712,TH,crop,2,673.247458949613,0.6621423959732056,0.619833767414093,1.926568865776062
478137076746783,18.362805634492,-88.435381772096,-3.2573096846953398,-47.30399775115522,BZ,crop,2,5104.887514228989,0.6633625626564026,0.4255116581916809,1.2332763671875
498318618261034,41.404988775836,21.780395818511,40.70637450945758,9.582060759273153,MK,crop,2,1024.909650344884,0.2198832631111145,0.07568359375,3.928365707397461
2934584883419749,40.95347805494,47.883005000971,-43.4841717023522,172.61377627169153,AZ,crop,2,15539.58288740241,0.18437360227108002,0.0921187773346901,4.2814154624938965
928316151288980,7.1879551740757,2.0018755441177,6.523371197964927,2.613775563187419,BJ,crop,2,100.12200430970192,0.6771865487098694,0.5785955190658569,1.6141128540039062
684315855630498,-29.405735807316,27.816853497845,-28.99643795519416,28.21341616582842,LS,crop,2,59.60645371163804,0.44089242815971375,0.03337618708610535,1.5393719673156738
186849946625100,14.753512333683,-61.142985518229,9.869559181870605,-84.17586200355713,MQ,crop,2,2558.8842342867943,0.21012379229068756,0.0014000535011291504,3.3840651512145996
963176671141156,18.09268978577508,-15.935383158508005,34.74694678445979,33.01919130788602,MR,crop,2,5157.1196007219205,0.18513984978199005,0.016322925686836243,3.0090246200561523
300283158416232,38.131370007974,13.274583161259,35.3079212347495,33.328499988534375,IT,crop,2,1811.0675960546723,0.21490700542926788,0.056951478123664856,3.0859787464141846
1247260492372230,-2.4010827279028115,29.579609392792413,-2.360925357236867,29.608904505919103,RW,crop,2,5.525545249057779,0.9795175790786743,0.9650994539260864,0.12103106081485748
4176262119093022,14.688978023377,-91.548589043217,6.208642575389221,-75.57370452804432,GT,crop,2,1983.4164283695175,0.9405151605606079,0.9226589202880859,0.37683767080307007
2762253127421121,2.0297128301047,45.335734728401,26.920070058659086,68.1169345494547,SO,crop,2,3681.9138380956515,0.31219086050987244,0.2265629917383194,3.464691638946533
225659908904821,25.948880833757,50.588428667013,44.68836390222231,20.3237092974161,BH,crop,2,3413.5792231866117,0.19382356107234955,0.08774252980947495,3.984861373901367
149923280750483,7.361847187159381,134.51969303436232,38.67120081659609,15.945267000317187,PW,crop,2,11883.969567338614,0.12443992495536804,0.010180547833442688,3.8571033477783203
190898982868748,55.795733000622,26.378530002305,41.459738323053244,-80.05627195356999,LT,crop,2,7187.065840966976,0.16339288651943207,0.054935209453105927,3.8105359077453613
186306836702993,38.679684725081,-3.0625683543611,41.50262603536556,-5.755873474867186,ES,crop,2,388.56826036025325,0.1394055187702179,0.013250604271888733,3.590074300765991
1146877169153705,18.59342674547,-68.388033766711,-23.23989519709558,-45.91910259469197,DO,crop,2,5252.444329916827,0.8234167695045471,0.8026686310768127,1.366417646408081
950737242436239,10.385183082561,-0.78958324298512,-12.857337520716591,28.272211146165613,GH,crop,2,4119.807761426929,0.32771098613739014,0.13042934238910675,2.356984853744507
301977051516569,58.706895821146,13.896556360307,65.42924233738934,21.450347296961287,SE,crop,2,843.3834769358155,0.8811067938804626,0.8413884043693542,0.6696269512176514
898624280682585,49.458533172147,-2.5981886348273,54.32347871039067,-3.4691035878943257,GG,crop,2,544.2372073533335,0.18724006414413452,0.01854093372821808,3.376913070678711
469891447444920,16.804499980025383,53.27984729115688,34.018101935619335,71.51116522598967,YE,crop,2,2639.8414111775546,0.5025138258934021,0.32019224762916565,1.653493881225586
530606458102780,11.557031237126,43.092310521315,24.837736656810744,67.23360152596246,DJ,crop,2,2938.6486559612094,0.169320747256279,0.006527572870254517,4.190140724182129
310840073886034,-0.84581588834853,-80.17844601219,10.006155229604351,-84.19148679083763,EC,crop,2,1285.8203895662803,0.40093180537223816,0.2678135335445404,2.2581887245178223
477881999969065,24.946444828187,56.186213387143,35.809969494700034,51.05094955241183,AE,crop,2,1303.9711128639906,0.6176831126213074,0.4221682548522949,1.4947561025619507
494687355014866,15.351932577531,-61.256287052693,-39.37506188398588,174.40870876973162,DM,crop,2,14015.385943809379,0.42652422189712524,0.27169132232666016,2.629582405090332
1443285099355563,16.555627302292,96.198597103646,14.01995211130872,100.83537647343879,MM,crop,2,571.6537766872136,0.9521899819374084,0.9283510446548462,0.31643933057785034
4104851466266998,50.070544187764,5.8458119238789,54.30248076198528,16.557452996643583,LU,crop,2,867.3358712978477,0.2195928543806076,0.10833577811717987,4.076645374298096
1896496400517870,13.223609624878,-61.268552428199,24.830206315772728,121.5274862898563,VC,crop,2,15772.836288292787,0.4352620542049408,0.3906233012676239,3.1658754348754883
1077942902611364,51.861118010498,-1.6602529488605,51.11815877814087,18.16900025005787,GB,crop,2,1371.1272195246854,0.1924523413181305,0.1607077419757843,5.044310569763184
1365414380506403,21.476737171908,-71.132920671407,6.7641753374580835,-58.111373330636745,TC,crop,2,2152.8261309556215,0.8702244758605957,0.7922685146331787,0.5133840441703796
275646330919906,47.355981665822,13.66278897535,65.94789204416995,22.96580603059159,AT,crop,2,2138.7066056028043,0.30436578392982483,0.1833743155002594,3.767916679382324
4085345498214305,54.3204660444997,-4.449369579381132,51.30813643067445,0.786389626592199,IM,crop,2,485.5718431668161,0.35419708490371704,0.18295727670192719,2.409161329269409
319387202956018,36.746376386627,71.926086394726,37.0936564592882,71.95139028848766,TJ,crop,2,38.68124399826529,0.9479753971099854,0.9092079401016235,0.27801868319511414
192500316060760,8.5018456161549,-10.886196315338,7.170945998280668,-11.263619855764682,SL,crop,2,153.71819121477066,0.433493435382843,0.12163478136062622,1.901403546333313
469096650835409,78.165866991509,14.615773975551,62.30488552740148,-7.334151899051143,SJ,crop,2,1918.1449956727645,0.9972654581069946,0.9965753555297852,0.030740942806005478
204485121341585,12.133472243206,-68.277416893276,-9.687723814889322,-35.82528285014681,BQ,crop,2,4329.428392953693,0.6396263837814331,0.6054099798202515,2.4178309440612793
142251097914946,62.221882069575,-7.0387447331054,62.15044589686952,-7.184990641316873,FO,crop,2,10.985019687941874,0.9998006224632263,0.999731183052063,0.002270529977977276
5522870664422058,42.480681608263,24.806056880296,41.85750746336076,22.36904977249495,BG,crop,2,212.45144588611575,0.21486741304397583,0.10430701822042465,3.948235273361206
911536296350418,13.531493241774,2.048401634304,6.729849391931329,-1.3888396972015171,NE,crop,2,844.6176166910143,0.9121161103248596,0.889747142791748,0.5497997403144836
217953836457406,10.205301098661,-14.000220074778,17.292659170763017,102.73750435144781,GN,crop,2,12422.955370001204,0.1440599411725998,0.023637324571609497,3.5798587799072266
2915873148627226,47.806436500583,28.717659500757,55.61477429699384,37.86633921009993,MD,crop,2,1071.023283010012,0.12649160623550415,0.05920341610908508,4.703065872192383
1383220612042284,40.713663160769,75.04503308282,36.777227362403075,-2.3686230843355474,KG,crop,2,6502.49796664255,0.34625834226608276,0.2906549572944641,4.173680782318115
966259830868758,43.623138586006,18.908434254799,44.08813939866247,17.299716597203293,BA,crop,2,138.9632859914534,0.38604050874710083,0.19481317698955536,2.4218592643737793
216904886576725,-17.609749712456,168.24322430001,24.44680304380161,124.29520430006268,VU,crop,2,6675.332484028068,0.38408762216567993,0.26715755462646484,2.857128620147705
1083924499211873,-15.604998425967928,-54.3918257160871,-11.245624750305991,28.008997863681397,BR,crop,2,8871.430565069688,0.3264407813549042,0.1528516709804535,3.161885976791382
515495726108152,-21.626125276138,46.991186348236,-12.855416296835434,28.267435908089706,MG,crop,2,2211.7664227499386,0.5361726880073547,0.37937259674072266,2.2063405513763428
995843031248300,0.35769064003091,6.56005755347,14.770690844428085,-61.01393966176365,ST,crop,2,7589.669841087827,0.19812095165252686,0.019541770219802856,2.52964186668396
868028680411287,33.75473452141,35.539565617947,41.35536433430505,19.76958181209875,LB,crop,2,1623.0781926377485,0.9940730929374695,0.9909006953239441,0.05240872502326965
497044088003103,39.80104505168,3.0309963190024,34.68782796818937,32.777480731439105,ES,crop,2,2680.6753131848554,0.22288165986537933,0.06364832818508148,3.5677971839904785
763955694314654,46.724388793399,10.079801957807,46.95326081115111,10.486029896357808,CH,crop,2,40.03015300800722,0.1511792242527008,0.02198687195777893,2.94667387008667
933520784110620,12.510164810275,-70.009077685586,35.10871923455985,33.3612884887327,AW,crop,2,10390.675841899152,0.5619008541107178,0.3702377676963806,1.7031426429748535
4220821467968709,8.70139122196,80.590505170341,8.01976936751254,82.00726576397527,LK,crop,2,173.31276585045572,0.9689266085624695,0.9588626623153687,0.2312266081571579
472361870697782,26.020756253761,50.623130115609,44.68051645066602,20.2753913972908,BH,crop,2,3413.3250719930847,0.23089465498924255,0.10527414083480835,4.0059075355529785
658902925214070,22.641060199825,-79.087651499584,-9.736088841114436,-36.07059509149865,CU,crop,2,5907.917468560693,0.27721118927001953,0.0025653839111328125,2.0724294185638428
1183079165486550,-5.70834515155,34.761777557018,34.78169475712384,32.7293989961721,TZ,crop,2,4507.328965003181,0.46754559874534607,0.3320179581642151,2.226224660873413
296065025397911,34.897985568931,32.528909790104,34.80740338424757,32.47811152837225,CY,crop,2,11.087687968742152,0.3341938257217407,0.045762598514556885,1.5215916633605957
298824355069041,42.200225487404,21.258956694741,42.17487903238637,21.24532246768613,XK,crop,2,3.034010147041172,0.9344666600227356,0.9235267639160156,0.46943843364715576
111691027649131,-22.530138328473,-59.8361857055,12.224489143378387,-86.86779327742174,PY,crop,2,4859.0761730620325,0.2564133405685425,0.16954569518566132,3.5102293491363525
752480212123625,49.471066330606,-2.5339439207361,51.26181370597655,1.0695659575983443,GG,crop,2,323.9371051438997,0.2221440076828003,0.09665095806121826,2.9928536415100098
1074377829753053,-6.7022282025878,-76.214917225524,2.330702727875187,-76.6964394457641,PE,crop,2,1005.8371601837854,0.9810271263122559,0.9668185114860535,0.11666896194219589
525641785107823,50.160224002237,6.1091880533415,49.89392166831386,13.83701045804597,LU,crop,2,552.5783239837872,0.3634963035583496,0.21172451972961426,3.072096824645996
226167275508563,15.49826792628,-61.465568794916,15.5849454420439,-61.43270214644488,DM,crop,2,10.26110401682358,0.8677513599395752,0.7712999582290649,0.5012357831001282
148887153873411,5.2121780980173,-52.75060936262,-20.5064977526604,-40.52684959341173,GF,crop,2,3156.0643034951445,0.5806182622909546,0.5181884169578552,2.5003926753997803
303850827922633,-34.01092105809,-55.839634214304,-38.2629312714582,145.7055518413686,UY,crop,2,11676.602920214462,0.08702753484249115,0.012131355702877045,4.850131034851074
311706737236449,50.868855073513,8.8221774508729,49.37060401517556,9.11853798263426,DE,crop,2,167.93208660536592,0.07816661894321442,0.00631462037563324,4.064255237579346
1416886515315835,8.139352166375,34.375065339482,34.75920568094066,32.71568996146956,ET,crop,2,2964.838363659023,0.222591832280159,0.08303788304328918,3.175036668777466
178330404153531,-21.691747493695,-64.656846311167,2.346488419646333,-76.77289556382947,BO,crop,2,2979.9214095874863,0.46755141019821167,0.3131572902202606,2.239576816558838
218036349822435,41.14963208511,20.008913305496,46.972264441310394,9.50900870648859,AL,crop,2,1058.2214516533122,0.1919177770614624,0.10271868854761124,3.4897537231445312
2882903775325778,69.217437476679,-51.098566140502,61.27055291866256,12.369996401749784,GL,crop,2,2931.0227725327672,0.6719902157783508,0.5106985569000244,1.5888786315917969
459460818448144,27.426607200988,89.643491444303,34.48211179689301,135.50470798300952,BT,crop,2,4405.480353981775,0.21881894767284393,0.17600220441818237,4.617405891418457
309590514053514,-21.85770610861,165.95185481884,-22.801965231570318,-45.64215282683352,NC,crop,2,13984.58539183536,0.3175043761730194,0.2015715390443802,3.5666985511779785
179548807357974,23.005385103705,120.43121323661,-6.177828357634458,106.28694248864537,TW,crop,2,3590.8828937332587,0.7082785964012146,0.5623719096183777,1.3831787109375
528726041469936,3.6332857552313,72.958318596822,1.2804798568318592,103.85394356686264,MV,crop,2,3441.913652359701,0.6092074513435364,0.48362940549850464,1.5923100709915161
568831498116619,24.732585867741577,121.74077955053384,24.739564931007525,121.80712634283356,TW,crop,2,6.7452996682163056,0.5970503091812134,0.32916057109832764,1.1510430574417114
871486690248300,-19.804021310365,-63.993881510197,2.662068289726573,-76.68016666565711,BO,crop,2,2856.466226440451,0.14952822029590607,0.07159050554037094,4.081220626831055
380042953234728,-19.161161992074,-64.572161532541,-24.24491852231711,28.97934159831928,BO,crop,2,9488.181860306322,0.7080024480819702,0.6303602457046509,1.5423747301101685
368884091223603,35.755508707073,53.366090359346,34.705804204617955,-1.5096198184776894,IR,crop,2,4918.260901298177,0.38504645228385925,0.24524366855621338,2.578092098236084
512716496579771,12.164080960014,-68.283956526724,5.226658687003997,-3.68676727351388,BQ,crop,2,7127.61108413491,0.6121809482574463,0.3069787621498108,0.999430239200592
485436899323868,65.609323761209,-37.633778515025,59.490763550361365,7.43734934726294,GL,crop,2,2350.4360211047465,0.5207935571670532,0.3826882541179657,1.8427016735076904
172629294662585,48.532451875231,17.496813301999,48.32842198639773,16.430991341283065,SK,crop,2,81.84389020842913,0.23443134129047394,0.17067265510559082,4.39879035949707
506770377649958,-12.679904697999794,45.08466359942028,-12.914863909861223,45.13711680527336,YT,crop,2,26.738200839386113,0.3984109163284302,0.23148727416992188,2.923220157623291
265103101980958,14.721827633666,-60.947724527678,44.52569395506804,18.64939901260028,MQ,crop,2,8048.2497543959325,0.20480330288410187,0.07884405553340912,3.8118693828582764
517013032790983,42.403345896483,44.64336095767,43.486109000367655,40.779135610441614,GE,crop,2,336.7464283018483,0.45585864782333374,0.15561950206756592,1.6103341579437256
825755764959780,20.340364998941,-87.352869999803,-12.982499346883063,-39.130867208737385,MX,crop,2,6443.852079538797,0.24746844172477722,0.11969691514968872,4.049267768859863
3799534356839064,60.209940286403,20.246918494907,60.245430925448886,20.13580854561641,AX,crop,2,7.2945486629184995,0.4093914330005646,0.1495877206325531,1.9221689701080322
134126825414739,38.270282754345,61.711075339758,38.14748611627505,61.7712462182847,TM,crop,2,14.63149623143649,0.10674216598272324,0.013522543013095856,4.462259769439697
1397623030665407,14.493780516069648,-88.97344682800627,17.740811221857356,-94.03235431866133,HN,crop,2,649.84268989254,0.2018071413040161,0.010880604386329651,2.8411128520965576
170949221611851,33.305143801504,126.28817369339,38.30695172565709,140.94075734580204,KR,crop,2,1431.5069125656862,0.2362610101699829,0.06644119322299957,3.169445753097534
978428179365285,33.705735440434,51.794214966505,39.99810730299112,49.19605205019789,IR,crop,2,736.7813467172263,0.23255972564220428,0.14193491637706757,4.192698001861572
333013904838174,32.340904308709,15.105537141291,36.378231521601904,44.33714276654615,LY,crop,2,2709.9239495551024,0.4413358271121979,0.03340974450111389,1.6099413633346558
248513507027667,5.6150523860158,16.240852825971,-15.587908132157978,28.21209743105671,CF,crop,2,2701.199182417561,0.18148627877235413,0.04712525010108948,3.607745409011841
237495388152862,-11.621236170917,43.26262853229,14.254337826844283,-90.97321350643034,KM,crop,2,15054.42551931932,0.5951021909713745,0.4945993721485138,1.9603183269500732
3042776155952353,18.400872724367,-88.464242712832,5.284877435498672,-0.7937851804013476,BZ,crop,2,9577.302261577644,0.8511454463005066,0.7514742612838745,0.6429538130760193
487380732512751,4.8184532,114.77786780001,5.286134654780076,100.5162818115995,BN,crop,2,1580.4741755613138,0.5062978863716125,0.4444240629673004,2.7325387001037598
290265362649999,26.177525761353,50.383620514714,17.008796563666543,54.14929114704494,BH,crop,2,1091.106602305729,0.5454340577125549,0.49386340379714966,2.5889341831207275
482049282914438,7.5885792292079,134.59098074356,0.6712919838979364,109.90004418495664,PW,crop,2,2842.6104647307047,0.30088868737220764,0.04151532053947449,2.6699399948120117
225571855612889,46.763350531273,-81.597671294692,46.78139929606452,-81.4975890229401,CA,crop,2,7.881781838899907,0.5872441530227661,0.4174013137817383,1.628878116607666
4804926129529176,15.24531506432567,-14.593708973874378,38.19708337218439,-97.02825098500632,SN,crop,2,8315.795060480388,0.29842719435691833,0.11663830280303955,3.3514177799224854
369883598351184,-20.367575551703407,57.57618979619237,-29.746014151442623,31.112756725057114,MU,crop,2,2853.741391751987,0.21329914033412933,0.13433335721492767,4.12028169631958
4121896524538487,24.635513307941,-76.169569569,-33.98689606302059,25.486687956342923,BS,crop,2,12527.436588511915,0.7123424410820007,0.5870723724365234,1.504211187362671
3863471930446023,-17.111944610128667,15.757158787596603,-16.222471916695465,18.12922669049356,AO,crop,2,271.3433141285485,0.802506685256958,0.752719521522522,1.4674618244171143
300728688257104,30.395743312589,35.487349115709,34.78184559378747,32.67926492124066,JO,crop,2,554.0733931216287,0.18894456326961517,0.02850678563117981,2.9098074436187744
1126228627789114,50.981438273289,3.9109549608118,56.28656601871977,10.48853073372893,BE,crop,2,731.4685191757054,0.08870060741901398,0.01870228350162506,5.046476364135742
549637092752676,-14.934793656692474,13.483762083058584,-8.906731203011981,13.305747212434083,AO,crop,2,670.5694148364345,0.9239843487739563,0.9130173325538635,0.5271775722503662
1003284990411465,12.059176169795167,-15.322303903822672,15.236259228509303,73.95676149922002,GW,crop,2,9581.791567869494,0.20243509113788605,0.056934654712677,3.870131492614746
549574962737771,14.061193852760738,-84.04279947361962,20.126442293704024,-97.06395203261219,NI,crop,2,1538.5328963292807,0.19211320579051971,0.09788328409194946,3.9534788131713867
542559790066195,33.009983226586,35.680040403337,-33.06297352849976,-71.11480848763962,SY,crop,2,13345.45388109474,0.20936058461666107,0.0953802540898323,3.499768018722534
265445685298888,13.004017262133,109.35894392193,21.738252120270154,106.68243566664938,VN,crop,2,1011.7854367989581,0.295820951461792,0.10029299557209015,3.227647304534912
1444159855929152,12.212140324895,-61.65046673147,10.141541389860668,-84.02116451712408,GD,crop,2,2450.429663201046,0.42255809903144836,0.267119824886322,2.247974157333374
378257181042695,0.4223981532159322,9.46341740514976,6.530598687701756,-1.3791961638249077,GA,crop,2,1381.3549783382373,0.5450959205627441,0.21206116676330566,1.2006347179412842
136200968757362,15.043474943211962,-3.1134483369205417,-15.352111290971564,-48.24732178985587,ML,crop,2,6000.8666922930115,0.1613338142633438,0.06708995997905731,4.521442890167236
533142534351766,-9.8840552815116,33.911477956503,-13.811731156698675,29.976510380047586,MW,crop,2,611.5829685978625,0.2667994797229767,0.13639900088310242,2.964144229888916
522728752252154,41.038602463059,19.563694296348,40.87495275792955,19.621822857209448,AL,crop,2,18.84035149922094,0.9434934854507446,0.9063274264335632,0.3162711262702942
758888101326263,31.637988555726,73.231186805001,33.67127135923235,72.90387775985731,PK,crop,2,228.1573079952498,0.31067919731140137,0.17198270559310913,2.9552760124206543
305757657709496,1.0675572904673,103.9646409699,4.9576609969158865,100.70229622599643,SG,crop,2,564.1680789014499,0.37374529242515564,0.24731305241584778,3.1424763202667236
223281329232117,12.507939003947,-70.014398687436,5.569411270428175,-0.23669558544158736,AW,crop,2,7682.5646911476115,0.15732575953006744,0.001131996512413025,3.698462724685669
353672373022082,41.381628312913,22.307214335612,43.33822258210792,22.018710924327962,MK,crop,2,218.8505034130494,0.15106366574764252,0.07074463367462158,4.683186054229736
855868761633795,18.030052213813,-63.078616758552,36.07466070329532,-5.280406153861876,SX,crop,2,5972.670655450648,0.6170821785926819,0.5690118074417114,2.4265341758728027
510341753682172,18.547859996816,-68.613997996337,40.788052582308644,-82.22054977950668,DO,crop,2,2792.6341058530707,0.21867914497852325,0.06074163317680359,3.6389331817626953
3864898026890576,49.490894517019,-2.5725344431006,49.35939433600587,-2.464679563591351,GG,crop,2,16.572805152300806,0.17511753737926483,0.007583603262901306,3.2614684104919434
307754797548858,34.712695715026,-3.8563324324235,34.28021783997852,-3.8682347810738604,MA,crop,2,48.10171417385488,0.605064332485199,0.48751237988471985,1.5940816402435303
446821260679124,-9.024115630183084,125.29622320893388,62.69907908685309,12.517838405111736,TL,crop,2,12047.564796439478,0.19116361439228058,0.07217865437269211,3.7013700008392334
947185652683658,-2.3270469336559,-78.929168380573,-0.243145529003768,-79.12961648450471,EC,crop,2,232.78810897147403,0.2022298276424408,0.010379359126091003,3.1332550048828125
2947290612262244,-11.652155080814,43.263890007029,15.59259632583186,-61.42857268913942,KM,crop,2,11905.711011144927,0.14439204335212708,0.054071202874183655,4.3122992515563965
2932426006995864,12.349827079376,105.09907855331,17.237810102762914,79.19423266889599,KH,crop,2,2834.9879134152134,0.7246511578559875,0.6749793887138367,1.5037938356399536
271753411301610,-18.657738465691,-174.02787918873,16.921560544174774,-88.93395226234436,TO,crop,2,10106.903849069698,0.5746403336524963,0.5173053741455078,2.292074203491211
478264666827999,61.472372240129,-6.7939711372832,62.099088069761436,-7.149932129486525,FO,crop,2,72.15601553318648,0.791281521320343,0.5867582559585571,0.5389611721038818
1101915547131650,-35.411992228208355,-71.29963328046824,-37.36506127051864,-72.96067418566945,CL,crop,2,263.18157816036364,0.4168094992637634,0.28162282705307007,2.7821297645568848
3920872697958453,60.225200988406,20.059664271851,60.174544553836185,20.289319692166888,AX,crop,2,13.884876888552006,0.7960308194160461,0.7565943002700806,1.1450257301330566
480958303108322,18.02673753942373,-15.984917957529673,29.915329449327654,31.033134582938715,MR,crop,2,4920.775997612232,0.6601285934448242,0.4759933054447174,1.4584745168685913
477439253471149,2.1909112658474,25.247273616721,15.710524238594164,73.80447054058588,CD,crop,2,5524.366497898612,0.9298553466796875,0.9191769361495972,0.48318976163864136
2503535586463255,5.369009126207446,163.01297824070343,5.484239044435983,160.54941918632665,FM,crop,2,273.0081292137132,0.9997209906578064,0.9994649291038513,0.0027042643632739782
699303201033596,25.12900987620192,33.08865526570508,38.64201451457726,-7.754752792482526,EG,crop,2,4098.379779155857,0.23774465918540955,0.027691885828971863,3.5517661571502686
1109009986288059,-8.6876105869135,120.2374852281,13.946358475160794,100.70779620834213,ID,crop,2,3313.3304364825253,0.3708367347717285,0.2675827741622925,2.6944375038146973
945361122882179,12.134119747509,-68.278230013563,36.04356376830802,14.25990231245669,BQ,crop,2,8552.911952427186,0.2388240247964859,0.15452277660369873,3.8008859157562256
1086140081896052,17.025256612863,-61.868698580061,16.81746775716434,-62.126090216027215,AG,crop,2,35.827230168739646,0.5063040852546692,0.013650119304656982,0.7019923329353333
2896487987274330,-8.6384264591615,125.60292428532,40.938310478356215,19.89377556506542,TL,crop,2,11952.938856153341,0.4662168025970459,0.29550808668136597,2.4347736835479736
2579869142308862,10.34358900767,-61.458152299031,6.786715924205738,-58.25957856190847,TT,crop,2,529.2200576896046,0.783208966255188,0.6332786083221436,0.7408345341682434
267083508462188,52.899440738443,8.4141554815178,51.45098379148737,-0.5586796798308996,DE,crop,2,632.2305675333481,0.17530767619609833,0.05209605395793915,3.956514358520508
135893315238976,8.7909434146234,-78.181606800432,31.31836992344773,-84.86414724222074,PA,crop,2,2598.6567547517643,0.08492062240839005,0.002837233245372772,4.50830602645874
150017570480103,41.50666060749,21.935799073836,54.898305556487074,-3.5005489419815503,MK,crop,2,2379.39460001905,0.05906888097524643,0.0023355484008789062,5.090958595275879
869032447374518,45.14353499999999,14.845183055555555,43.50846908905021,16.475270657706403,HR,crop,2,223.30219835456552,0.8281532526016235,0.7686571478843689,0.8845648169517517
919042368661061,-35.376055559767,146.26475,39.62008926125526,-119.26970053865772,AU,crop,2,12755.60969348082,0.2996502220630646,0.20624125003814697,4.041675090789795
985915661813386,-23.393263453848,44.397761247232,-18.318473370864112,28.587536452041746,MG,crop,2,1735.6819150386132,0.49838489294052124,0.3362017273902893,2.75307297706604
670850541182018,26.0204034,51.064903400000006,34.44474391183826,-1.1563286277204248,QA,crop,2,5048.494218183192,0.17037862539291382,0.025254637002944946,4.137967586517334
358677975646602,18.32970950933104,-64.95126838918696,40.940128893633585,29.02872689366327,VI,crop,2,9007.643237927481,0.11141438037157059,0.042425885796546936,4.950754165649414
468571217849628,27.519976313624777,114.13899685380947,27.523023484552002,113.64672267681065,CN,crop,2,48.545208540983644,0.26759788393974304,0.08897510170936584,3.5474016666412354
166033172108272,39.547581612083,46.441663046559,52.13561112290261,25.08779283665512,AM,crop,2,2152.426666375892,0.17883577942848206,0.05144743621349335,3.9289467334747314
494503958271926,65.59525777881,-23.774501108369,65.58955146431755,-23.84839502381703,IS,crop,2,3.4540971071533915,0.9987925291061401,0.9985002279281616,0.013544473797082901
912539252641876,-6.3006910051682,176.31917767142,17.021190261408794,54.24449311885101,TV,crop,2,13617.771262842087,0.11064623296260834,0.03656434267759323,4.904201984405518
528519191857396,31.419084991343,35.033717818153,31.63373497892187,35.14142838404933,PS,crop,2,25.95969650056081,0.8995546698570251,0.8431332111358643,0.48440346121788025
2693852350916149,-22.134506991871,166.34104640683,-22.288743567957802,-48.56135865374201,NC,crop,2,13794.541649161496,0.15389861166477203,0.025627508759498596,4.141080379486084
943976513021626,17.310149834096,-62.711002505143,17.22986089007886,-62.6100263619181,KN,crop,2,13.95213029260044,0.9998248219490051,0.99965900182724,0.0017383850645273924
314603156759488,27.431221771339,89.646958499505,41.35969846872134,19.541530340888926,BT,crop,2,6440.366824294547,0.6766139268875122,0.5867823362350464,1.7210187911987305
142911821192377,18.124397901175595,-15.95930487738458,35.02996126046777,33.79217966523453,MR,crop,2,5231.586185202841,0.22865518927574158,0.0993088036775589,3.841195821762085
995608364307407,62.231154398192,-7.0203744109078,56.65623464902792,-4.865032391142537,FO,crop,2,631.6730374363896,0.12497317045927048,0.014564760029315948,3.7412831783294678
920634065161187,49.245509981929,-2.1382669508349,49.256740460708315,-2.1541326483425913,JE,crop,2,1.6986844726767432,0.8753007054328918,0.8327770233154297,0.8131513595581055
314870496880636,28.628362975198,48.038775336392,29.95476983687271,31.760093273515135,KW,crop,2,1584.202339553277,0.5890740156173706,0.5218886137008667,2.2738003730773926
137727984953777,-6.2967650470378,176.31787733981,7.377897351421408,-11.659630858512894,TV,crop,2,19126.193995973546,0.3224635720252991,0.016791492700576782,1.5620707273483276
970870010403579,1.3869451851245,173.14684137479,-12.419879220059077,-38.01405991535611,KI,crop,2,16368.906207333144,0.9433098435401917,0.932386040687561,0.425559401512146
319746332831620,37.296859809574,-5.7125450742042,37.28136089595599,-4.962018579999816,ES,crop,2,66.4178301980021,0.1953691840171814,0.12017066776752472,3.7199296951293945
3035810213314122,55.003356832716,24.139338741958,55.523585829858,8.44029169368695,LT,crop,2,994.2345385373121,0.09767340123653412,0.01789887249469757,4.637618541717529
288447642774684,-6.1571269966165,107.04394801454,-6.2075921978733115,106.88291544615993,ID,crop,2,18.665343957280115,0.5738994479179382,0.2542472183704376,1.111905574798584
829997677895262,12.323432189112,-1.5533388682237,12.510708730975729,-1.4598050904293265,BF,crop,2,23.16928762640268,0.9901948571205139,0.9885757565498352,0.095230333507061
106381768201986,11.974525625543,39.044869566531,39.66259930997092,46.6027140713932,ET,crop,2,3167.3050677138326,0.2798091471195221,0.18061316013336182,3.507258415222168
305230294414376,18.451313183212,-64.558514994681,14.097296117348268,-60.95501561985972,VG,crop,2,618.2615050174834,0.535919725894928,0.3061985969543457,1.4848575592041016
883910462466493,-15.648621030725534,39.34163432285212,-43.33836577394127,172.57110196302474,MZ,crop,2,11912.48299260423,0.17125040292739868,0.1267322152853012,5.014133930206299
492194012125902,46.117642,18.110710999899,47.666498439961295,18.893393299575802,HU,crop,2,182.20223689633892,0.31454867124557495,0.23704150319099426,3.644680976867676
1573490059506418,18.338429999176,-64.899272406242,15.589936673878304,-61.40201823360173,VI,crop,2,481.3691209291798,0.23373721539974213,0.1569211333990097,4.169558525085449
766495730715953,44.706372569218,18.069343447503,45.57228765448302,10.44352369968817,BA,crop,2,605.5915566149026,0.3316284120082855,0.25543028116226196,3.340090274810791
781285156083286,32.087994573877,-8.2233968662806,31.92777031437975,-8.35929366308294,MA,crop,2,21.945547636292883,0.3753683567047119,0.23559485375881195,2.4991157054901123
745256106153583,52.344707039659,45.336839122968,54.96979541791678,60.89196657855487,RU,crop,2,1063.2358279432283,0.06009059026837349,0.02553275227546692,5.782304286956787
1117334568775680,18.337748404316,-64.915702992028,17.15368884160989,-62.53415771912067,VI,crop,2,284.5057942901545,0.5671142935752869,0.3460548222064972,1.2838705778121948
306286164527539,33.350146257859,126.25399959043,35.340654244456424,139.3483212966278,KR,crop,2,1221.4076681023803,0.11435215920209885,0.04073768109083176,4.471409797668457
336794264546437,4.9054666559617,-52.301588003183,4.933778959624137,115.04465558804131,GF,crop,2,18234.11236356588,0.27061501145362854,0.07796218991279602,2.6053943634033203
153474173412155,38.399164295663,71.058858396182,37.98187832511708,41.00346745019644,AF,crop,2,2615.3811271868167,0.99638831615448,0.99383544921875,0.02706180140376091
350521240549818,31.321208568090835,27.27841709921041,34.97637488826534,-1.2783843462193956,EG,crop,2,2680.1864231728055,0.3564552962779999,0.16192488372325897,2.094054698944092
218975556246226,7.8821057071516,-74.834139978895,-20.212595149605825,-40.40338904703664,CO,crop,2,4892.735537805359,0.33559450507164,0.265176922082901,3.42969012260437
1259603784501134,31.292411220432,35.534796522034,30.910339375990873,35.49063217239019,JO,crop,2,42.692035946713666,0.8367921710014343,0.8243027329444885,1.1882573366165161
4309223739108363,2.1266240352603,45.323364966483,35.66831163086269,-0.6065940325995238,SO,crop,2,6016.160063088518,0.10553935170173645,0.014063358306884766,4.555246829986572
259978149147748,40.965992824636,70.990742663385,45.2152620870723,6.379860268232854,UZ,crop,2,5126.13975234444,0.2227250635623932,0.08736518025398254,3.9125804901123047
764847514207415,29.990268063885,35.075916116471,47.547827052078105,-122.34177546509513,JO,crop,2,11102.159868596564,0.1573701947927475,0.07450439035892487,4.31591796875
248250033759700,29.80888569787,-8.8927590395819,35.056775266536015,33.04768089974597,MA,crop,2,3950.1762828876494,0.1457454413175583,0.03279661387205124,4.39263391494751
454143095650719,4.754477618596,115.1672935653,43.59629878384543,142.4020765590641,BN,crop,2,5077.567149854838,0.7325192093849182,0.5550622940063477,1.0828750133514404
779725396245876,17.150242379267,95.997861485963,17.459689563723476,102.70788379300382,MM,crop,2,713.1407285551401,0.36917218565940857,0.21874317526817322,2.5262444019317627
580468796254927,1.0529367558583,104.00979134276,0.9099208952021102,104.11490542590397,SG,crop,2,19.7349097861128,0.11274433881044388,0.009325355291366577,3.7412590980529785
996366924230321,9.4509927129863,-5.632989557206,5.677432617405297,-0.1666997656934889,CI,crop,2,734.1454059774622,0.4682207703590393,0.3112657070159912,2.3558783531188965
167430881975593,48.946219066106,17.372135047934,52.10108496881016,4.35852859298767,CZ,crop,2,982.8977100004014,0.5051616430282593,0.4328984022140503,2.688931703567505
1287753361619391,41.902938185448,12.402760733592,43.56791763720955,10.890963698315323,VA,crop,2,222.52379120066425,0.24030986428260803,0.10462553799152374,3.8731863498687744
631066277884886,8.81662211291624,-82.90477256073295,17.671729061875407,-94.10698212095893,PA,crop,2,1560.772188094687,0.3672857880592346,0.1234045922756195,2.416454315185547
1770786233100996,69.218294531367,-51.091665910743,61.14856856731291,-149.67144841261603,GL,crop,2,4169.8807379817945,0.20628459751605988,0.05577148497104645,4.015157699584961
239943934683187,68.81413122743538,15.673939453479123,64.9718724393721,15.37004162141714,NO,crop,2,427.44410778280746,0.3126106560230255,0.2178463339805603,3.604499340057373
481611806279393,19.322225516792,-81.380605067753,26.525329299693084,-78.00089886415947,KY,crop,2,872.3957135789493,0.932397186756134,0.892091691493988,0.3564458191394806
3800949300034619,38.343949995952,57.117059018247,34.6830936315728,32.72527144946076,TM,crop,2,2210.7967987250645,0.5996842980384827,0.531700849533081,1.7977187633514404
823233711883166,29.068560075854,48.084048261556,30.052933868747,31.99661907918918,KW,crop,2,1558.5522142452696,0.92362380027771,0.8876029849052429,0.48896360397338867
450038362963389,38.978830137822,-7.2812361854766,35.5793308270468,-0.6127927749685615,PT,crop,2,700.4081615127616,0.7669547200202942,0.7076848745346069,1.3493512868881226
297933462444738,13.662316404789827,-16.430340101173016,5.854347601815761,0.4149387410921039,GM,crop,2,2038.397567485651,0.653265655040741,0.45060890913009644,1.2733030319213867
949917125580796,18.251570400358,-62.984528794394,57.40272955894693,-7.258765481259118,AI,crop,2,6282.178155545332,0.32530829310417175,0.2525111734867096,3.453040838241577
313078556837128,55.266055994786,11.315098206416,49.28022506769068,2.513402974756493,DK,crop,2,894.0099970669708,0.25527793169021606,0.1470106542110443,3.90584397315979
210766354219144,-26.628804736334,31.659445474276,-29.256460714480276,27.497825122816057,SZ,crop,2,502.413625669333,0.5174831748008728,0.23784282803535461,1.6922147274017334
520708829313842,54.68692259669,9.0074931788196,56.27632270610814,10.546794277046704,DE,crop,2,201.5872271801579,0.33462652564048767,0.15233564376831055,2.5236411094665527
992154464938892,-17.65251068093,177.40709100849,4.639703567594174,114.57610416051708,FJ,crop,2,7321.947115396611,0.43341708183288574,0.098513662815094,1.6336243152618408
150289013771703,50.348577719861,-4.6628826388904,52.488292402020384,-0.64378090322859,GB,crop,2,366.34970873402096,0.2673216462135315,0.14209024608135223,3.3632819652557373
1423738521294950,17.182641732455,-88.332789645282,5.949382819866751,-74.58297692473064,BZ,crop,2,1948.142458069642,0.19918523728847504,0.0760374665260315,3.682076930999756
1155605118288528,14.706942793316,-61.143095527488,9.86177725385037,-84.17313562332792,MQ,crop,2,2557.941487753083,0.6512113809585571,0.5668250918388367,1.8660774230957031
2986698694926936,78.215334468879,15.012641390148,65.72473608782542,-23.31809866238072,SJ,crop,2,1847.8466922836074,0.5328671336174011,0.11200696229934692,0.9751553535461426
2083829008422694,58.379655829272,6.1151443597417,59.00559870240281,6.055950818668711,NO,crop,2,69.68564772572046,0.12058082222938538,0.016138404607772827,3.69185471534729
155652916570780,42.348418071723,20.818276988414,44.54903166527299,18.461408114083735,XK,crop,2,309.93108540450174,0.24938227236270905,0.12421868741512299,3.461069107055664
845707173409060,13.15145888888889,-59.57003805555556,5.205999880173538,-1.0348592685141655,BB,crop,2,6472.466132216351,0.4245662987232208,0.30249953269958496,2.9773974418640137
792307658322895,52.913640031191,6.8640509875213,33.95065061083971,-6.461459336671045,NL,crop,2,2358.4373851804876,0.637090265750885,0.5650523900985718,1.7776168584823608
463829391356731,7.1956119778003,124.23640602451,18.527774940514877,104.25692465976292,PH,crop,2,2501.7384192110585,0.22441062331199646,0.028769880533218384,3.7966692447662354
190327429484222,18.406063827426,-66.173016157195,40.237130603353066,-79.99541482329523,PR,crop,2,2764.7478704787363,0.22296927869319916,0.042812466621398926,3.5502071380615234
964385794363812,38.838166509572,140.96848476449,36.71798521310166,139.66411252854314,JP,crop,2,262.1394030918423,0.24714143574237823,0.16695745289325714,3.583348274230957
992350614846774,12.919375038455,-85.248546579532,9.886273817392881,-84.17675892874934,NI,crop,2,356.9208241357055,0.24159128963947296,0.04646681249141693,2.6961607933044434
2898111640459899,32.288702684025,-64.767038528517,4.900129207407024,115.00304864442566,BM,crop,2,15879.805886855198,0.9023574590682983,0.8462180495262146,0.5778236389160156
156853596375003,19.653051191999,98.633327646919,2.4531849384394055,-76.71812015769733,TH,crop,2,17505.108417185016,0.427889347076416,0.3529844284057617,2.7500431537628174
353101693221406,-16.097698333830845,28.68442044328358,-15.514813897822426,30.197951499847992,ZW,crop,2,174.42147586532207,0.9855057001113892,0.9750951528549194,0.0906972736120224
