id,true_lat,true_lon,pred_lat,pred_lon,country,corruption_type,severity,error_km,top1_score,margin,entropy
1198015930637035,47.58736244394304,13.72243335782696,46.6839410794843,13.202637252657857,AT,crop,1,107.87572128231781,0.19736869633197784,0.05511768162250519,3.557859182357788
2627501530880734,-21.690540312924,165.67395409726,2.5307398893598494,-76.52324269269027,NC,crop,1,12976.316187676168,0.31223320960998535,0.034363776445388794,2.7103867530822754
464312504633961,25.061219179854,-77.474052344488,35.00341762936531,-114.6241613312282,BS,crop,1,3719.119350860718,0.21198534965515137,0.14944440126419067,4.587403297424316
1640910792965420,14.05090975535,-83.408252576108,6.054686123428282,0.5511955479944974,NI,crop,1,9195.44772963234,0.5791181325912476,0.4042198359966278,1.5296446084976196
784509382269632,39.054295235447,125.75444015475,52.29545625192966,85.28440658138902,KP,crop,1,3414.5164036165415,0.5062427520751953,0.3541790544986725,2.5230607986450195
1203580403446328,59.403162352068,5.3346943684814,54.06838048019275,-6.340660103582259,NO,crop,1,924.5585545355249,0.18761639297008514,0.06575356423854828,4.415328025817871
529318031569520,35.884852698,14.543835095527,35.44076069829908,34.09339374075443,MT,crop,1,1763.886736278318,0.6355882287025452,0.5272777676582336,1.5136804580688477
579627393601024,31.161290071016406,27.62620232776423,35.72121771177683,0.5564755084062151,EG,crop,1,2553.8129674160873,0.8015377521514893,0.6895560622215271,0.7874372005462646
493287055050730,18.529699440908,-73.82906994801,18.424185104896893,-74.03314961162438,HT,crop,1,24.513017332711684,0.6759684085845947,0.4180637300014496,1.0343114137649536
194636675718395,15.711283292961,-86.911458774945,14.703340193889087,-88.16955562189487,HN,crop,1,175.45548243104963,0.5122673511505127,0.2945641279220581,1.3197708129882812
324862519056205,19.31841800221,-81.382583014952,33.45139261256721,-117.65546720279117,KY,crop,1,3914.061090578968,0.530785322189331,0.3903816342353821,2.041771173477173
312497683776326,-3.5385285661184,29.342796802632,-3.2553793407832723,29.130397280640185,BI,crop,1,39.333554078237285,0.7256007194519043,0.6682244539260864,1.4739291667938232
524249899215869,-20.36057432562562,57.57448506856856,-20.25439606309618,57.62279089580813,MU,crop,1,12.83625515064805,0.1261935979127884,0.038627490401268005,4.45927619934082
762407414666903,18.261799133186,-66.040383948361,20.972478690961722,-101.34771844742671,PR,crop,1,3703.104719881499,0.36714184284210205,0.20874199271202087,3.5961384773254395
1162773017520174,6.3181766455254,37.510104406035,6.199481032634344,37.350630917486214,ET,crop,1,22.020572933989822,0.9875969290733337,0.9822511672973633,0.08673237264156342
3356357477800408,-13.862024739384,-171.85937431059,4.252528662067326,154.5415877650459,WS,crop,1,4218.480012257643,0.5379343032836914,0.35348382592201233,1.4719964265823364
487479689165720,-0.79790097222466,-77.201507380967,1.1146139407585396,25.059544174460086,EC,crop,1,11372.280045569943,0.3082331717014313,0.08576948940753937,2.578551769256592
255694192945304,0.23852452895088,109.87510053714,-7.565235781787746,108.52138249032404,ID,crop,1,880.6251306076338,0.13321588933467865,0.022531837224960327,3.9086837768554688
810188746588631,46.29075689375,10.078154998184,45.183690630005096,5.693183999468683,CH,crop,1,361.830503213341,0.17103233933448792,0.04517847299575806,3.445678234100342
152336490235316,6.1412981189533,-10.222955468447,6.885933795561213,4.3226483657785675,LR,crop,1,1609.0211146574547,0.6615613102912903,0.6207669973373413,1.9679858684539795
1128248694323507,4.9712879947102,-52.440325961909,5.97631308949136,0.5284589401955223,GF,crop,1,5861.913311070595,0.1510991007089615,0.01802520453929901,3.888582468032837
319600276196154,17.249258189479,-62.655520880016,17.18860595863341,-62.564799524777406,KN,crop,1,11.76136937713424,0.21321755647659302,0.08333812654018402,3.7864484786987305
227605128698501,30.534718182782,35.557018519973,33.60993517885716,1.4643415146998489,JO,crop,1,3216.046313695648,0.3387170732021332,0.15083876252174377,2.775261878967285
469353001013618,-4.8497851046353,11.90522368749,5.358738763843184,-3.6436660441156343,CG,crop,1,2066.3607810282056,0.9622393250465393,0.9467117786407471,0.23811757564544678
312137333614311,50.147457733865,106.21881807879,-28.907801496359216,28.2064460368263,MN,crop,1,11647.604973961472,0.6779832243919373,0.6038206815719604,1.8736188411712646
417436926432877,-9.466630277777776,160.38180111111112,-9.639567738984056,159.02083644704166,SB,crop,1,150.46740703570225,0.9624614715576172,0.9557567834854126,0.32385125756263733
521833368998076,33.828288106674,35.578984207651,33.93402878640937,35.61445686169687,LB,crop,1,12.205307811952283,0.9438316822052002,0.9030603766441345,0.2919216752052307
804138920493771,-0.43494769438863,-76.201325946671,-17.5091090061443,145.75743592787072,EC,crop,1,15009.17380841347,0.25529712438583374,0.1161918193101883,3.2131292819976807
302261168190071,-13.859325484052,-171.70998038915,15.390138966967577,-61.208479820265346,WS,crop,1,12569.750246215082,0.20819400250911713,0.0726684182882309,3.596162796020508
1226452984452730,18.570054722222,52.82152305555601,17.657108042382095,54.07415092408385,YE,crop,1,166.8233874947116,0.6315180659294128,0.5299568772315979,2.232997179031372
321769825972532,56.815207379952,13.937240092613,58.151215165352845,16.00821353088675,SE,crop,1,193.35338340198243,0.11584840714931488,0.0017673447728157043,3.9052045345306396
773469050698883,0.4364979004820079,9.440864620026538,6.583152289810602,3.3248257805458463,GA,crop,1,963.04569872831,0.4162507951259613,0.19309672713279724,1.8880172967910767
333032548339836,51.706235270322,-9.7173149835356,51.86250531483422,-9.832257631595729,IE,crop,1,19.090711763232214,0.997914731502533,0.9974071383476257,0.022444818168878555
321482029535925,44.652229350002,21.162756330018,50.01293843189773,20.764720477261775,RS,crop,1,596.8354351203277,0.3058585226535797,0.029142826795578003,2.623880624771118
832510974027702,-17.456552891966,-65.728142843828,-17.565282229385925,-66.14575538951374,BO,crop,1,45.905213461904665,0.3131219446659088,0.03487640619277954,1.750812292098999
109891514526025,48.213328182129,28.09057650588,33.74903659790784,-6.533125617111221,UA,crop,1,3282.5277056270243,0.6226179599761963,0.5631802678108215,2.1835222244262695
2942639579308445,34.805369127435,127.95898406217,37.30923900215666,127.57334571063738,KR,crop,1,280.56661818942956,0.9218934178352356,0.8767887949943542,0.44013893604278564
370894024357836,15.425447150296,-61.271269855519,15.432272953822013,-61.34177136767785,DM,crop,1,7.594910102519527,0.7168166041374207,0.5210896730422974,1.0094332695007324
788101518532706,11.258356617235,-60.564806768225,17.179522894625975,-62.33955487280464,TT,crop,1,685.60262821981,0.27819332480430603,0.0055654048919677734,1.7058587074279785
3872288566218352,50.796778330451,21.153443346433,50.37157414267665,17.393188656244227,PL,crop,1,269.62955450977313,0.12587134540081024,0.024685151875019073,4.083395004272461
1002859423856924,17.09712846732,-24.97047664313,35.625778358285665,34.39793467053569,CV,crop,1,6165.960349054038,0.3207959830760956,0.15000233054161072,2.9257476329803467
238160651412928,-46.337650900733,167.79026062048,-41.21687940328131,175.6408255816106,NZ,crop,1,848.6470503546072,0.9146889448165894,0.9051549434661865,0.6796063184738159
2563203020654329,54.32142990519237,-4.456551481932205,52.174576362128235,-9.569614023136824,IM,crop,1,415.42906851365416,0.3422156870365143,0.15412670373916626,2.981170892715454
732194144134616,9.3458958330497,-79.823967302875,14.166167906831085,-87.20871223655388,PA,crop,1,965.9747628552467,0.5082934498786926,0.19856685400009155,1.6188238859176636
476322813419625,17.628516606198,-63.231308396649,38.50656201421057,-26.91630455595689,BQ,crop,1,4210.087283809033,0.7371644377708435,0.699678897857666,1.7911524772644043
1136304350214402,-39.328969954559,174.63690058405,-39.10564233119132,174.8177421955195,NZ,crop,1,29.31527416004452,0.8762572407722473,0.8132868409156799,0.6077273488044739
486828262519306,14.646929324615,-60.975801183717,14.608927266453813,-60.97352582989468,MQ,crop,1,4.232721416001208,0.6396517157554626,0.29274317622184753,0.7316147089004517
1387937924894828,47.907557209354,107.17858480002,42.62856411651028,78.24406596624081,MN,crop,1,2324.1641202019973,0.702862024307251,0.6239039301872253,1.8526418209075928
944100506347413,4.8670503980303,31.542952103365,12.582551167303286,-7.806982247196214,SS,crop,1,4403.675618030012,0.8945452570915222,0.8487146496772766,0.6457538604736328
225738692700446,69.2342740620203,17.971246283328018,58.94828437001866,5.946563220777791,NO,crop,1,1279.0207127905446,0.9296868443489075,0.9185930490493774,0.5824194550514221
138012564971418,-17.546030537707,-149.57580216474,37.95608360302103,-25.966456033621235,PF,crop,1,14119.749195219918,0.632149338722229,0.30289971828460693,0.8756868839263916
1349102025473123,60.210439476288,20.246196471172,60.26693442042686,18.370053649648494,AX,crop,1,103.74208101209634,0.3227880299091339,0.0942327231168747,2.042541265487671
481515363098541,8.3835270285271,-82.196719096621,-25.497115249958952,-54.67676371693687,PA,crop,1,4801.820941167039,0.46918654441833496,0.3041228652000427,1.7232509851455688
208681127527124,49.241162571487,-2.1218631166228,53.935595297227884,10.85817233428389,JE,crop,1,1035.3341976272534,0.1392756849527359,0.001919761300086975,3.9472098350524902
496883494997876,12.508559533613,-70.010590958509,6.779274094864823,-58.270968591513835,AW,crop,1,1435.4099081121103,0.8922029137611389,0.8001055717468262,0.42462748289108276
1258448591563623,-8.614371141011388,35.602892240053215,21.491700144634788,-104.76307561813601,TZ,crop,1,15540.937970392439,0.9177687168121338,0.9082618951797485,0.6628538370132446
849655245900069,5.9311045328258,15.65109465938,-15.377701210806007,-48.23475489473532,CF,crop,1,7422.36500028752,0.4265911877155304,0.009991645812988281,1.6844969987869263
1448430112350839,11.026769583975025,-8.632346605323722,12.77370638539905,-8.264798696269807,GN,crop,1,198.32399754068732,0.8454172611236572,0.7799623608589172,0.751365065574646
711741309997504,-35.434392939173,-67.582981443437,32.892701346363935,-113.35952531930651,AR,crop,1,8968.806508793987,0.4477473199367523,0.33308613300323486,3.08292555809021
330646891800305,14.870259800656,-24.373949477736,13.854107228337586,-89.1636368847078,CV,crop,1,6953.972638125487,0.20404431223869324,0.00999230146408081,3.6370863914489746
844947319428707,12.572384044567,-70.044602664275,10.996299250312767,-74.80296134564723,AW,crop,1,546.7757929313798,0.45343655347824097,0.1540755033493042,1.684127688407898
1424082877926694,39.063764515107,125.77381801639,-24.172686146617576,29.038260196991875,KP,crop,1,12225.442213112612,0.30826103687286377,0.03103649616241455,2.841874361038208
262049738998529,15.746495092756,-86.857367093038,15.47295854210974,-88.1164900698582,HN,crop,1,138.23160279055523,0.5189757347106934,0.20255529880523682,1.3875166177749634
2941932222749741,8.8904169624644,80.720461103422,9.315390257007136,76.50334648955287,LK,crop,1,465.41745194412385,0.43262240290641785,0.2874511778354645,2.302361488342285
2957416491247002,22.534707236092,-79.367474703615,24.811186231303733,-80.83777767487861,CU,crop,1,294.094143683094,0.27112746238708496,0.18929383158683777,3.5465362071990967
1339793246404338,78.178055846086,15.902100697497,67.96565317075745,23.989205720546824,SJ,crop,1,1162.7123405389675,0.6241756081581116,0.4048607349395752,1.6034802198410034
742849163058043,7.9945228460384,126.06338592216,9.078290886685187,-79.52927234439109,PH,crop,1,16603.132479647684,0.3579801619052887,0.1404004842042923,2.3531076908111572
487902825754300,18.349709806038,-64.886627593059,29.97333283157758,-90.19791322243307,VI,crop,1,2865.315865576562,0.1330290138721466,0.08389845490455627,5.186999320983887
188819323085799,41.434692972264,43.314083402676,41.42481546730179,43.40463196289311,GE,crop,1,7.628545097447046,0.6540096402168274,0.4670172333717346,1.3496326208114624
449823653747421,53.88835461402647,-122.76729722632489,48.43950213165422,-123.4510692717683,CA,crop,1,607.7499278136247,0.27288976311683655,0.046731919050216675,2.1689372062683105
227770655816183,49.479739351354,-2.5890746408905,49.3850543375925,-2.475973339715987,GG,crop,1,13.33206278040071,0.9611194133758545,0.951085090637207,0.2634507417678833
216079839905055,19.324976978962,-81.381549997813,34.450142983140886,139.23979291431766,KY,crop,1,12653.267664276274,0.5314972400665283,0.4514473080635071,2.742257595062256
828630294440097,3.9058095275261,11.829761470611,2.1380586934609647,32.691315768215524,CM,crop,1,2324.6696747962797,0.7093923687934875,0.6195347905158997,1.7390214204788208
860118858181209,-20.177979,57.661693,-20.171061727828228,57.48613652340662,MU,crop,1,18.339444045933227,0.7638375759124756,0.5591585636138916,0.6752945780754089
114507540681851,35.729256605436,128.41830771074,16.767183170264254,97.60946650478652,KR,crop,1,3700.0222099727876,0.09016865491867065,0.000983498990535736,4.48284912109375
661381454786146,-18.972548731094268,29.805283361910963,-17.81383828838052,26.48665757976942,ZW,crop,1,373.10237733486207,0.28827962279319763,0.1850161850452423,3.4794414043426514
222747492577837,61.352664593679,27.429725107498,61.297222814436815,27.518348447294553,FI,crop,1,7.769477352042852,0.9410759806632996,0.9323887825012207,0.4362790584564209
138806294926443,38.717835758735,58.495184798492,34.69442418004878,-0.9284667605901793,TM,crop,1,5223.0718354596,0.5925781726837158,0.3748374581336975,1.7255194187164307
135421499385396,13.275246919086468,2.911011286873044,12.454173888973282,4.676872612433658,NE,crop,1,212.0815618365319,0.9616674780845642,0.9409781098365784,0.22719427943229675
517034622643483,-9.0920015075631,160.82242285539,-9.27291449199242,159.11789565246542,SB,crop,1,188.18396966786742,0.5628706216812134,0.46148329973220825,2.396369218826294
2526299567665760,35.829307962213,14.558295593658,36.040659808797834,14.295276091978913,MT,crop,1,33.362645068471565,0.8671998381614685,0.8058096766471863,0.5912209153175354
281947363629492,78.231350087799,15.142395905188,65.70608348367112,-23.398879145808348,SJ,crop,1,1854.7737172684444,0.8824480772018433,0.7660779356956482,0.3701633810997009
309954333906145,40.335258934887,19.990673334292,40.10050323669091,20.094616017193644,AL,crop,1,27.555219433267798,0.3063368797302246,0.1752319186925888,2.87539005279541
163258222377928,-8.7192284268616,160.86453616743,4.908925871654775,114.96747299983976,SB,crop,1,5309.175591026755,0.39873194694519043,0.04530113935470581,1.6397414207458496
497041608993768,7.354967160960991,134.4972694391149,27.970355079398693,-81.55726593181005,PW,crop,1,14499.695749804072,0.16711600124835968,0.03427308797836304,4.410721778869629
325055798982586,-10.203132697528,31.216979658259,2.718842113055928,32.120593409797465,ZM,crop,1,1440.3369432678041,0.8059177994728088,0.6718831062316895,0.8758571147918701
361816321938390,12.57472666996,-70.041979864956,-5.172941129769994,-35.50133886438924,AW,crop,1,4296.808924897753,0.12786467373371124,0.01688235253095627,3.9329681396484375
1145510005966861,18.05148025828786,-15.896397560721027,36.32350435915352,44.32972393362999,MR,crop,1,6190.33815928975,0.18672214448451996,0.0794442668557167,4.563173770904541
262345932212210,15.140006372867152,39.26672870985676,-27.403899921047817,-55.922909606869695,ER,crop,1,11275.60611229094,0.3718995451927185,0.03739815950393677,2.0209743976593018
901986960835723,13.278551582622178,2.917996515380901,12.59594586529904,4.497943100798614,NE,crop,1,187.29070875671877,0.8311478495597839,0.7398074865341187,0.8103442192077637
317050140097070,43.4276581353825,24.38127115862344,40.633447043096254,-93.82396024668147,BG,crop,1,8807.905247753848,0.7105370759963989,0.45034536719322205,0.82571941614151
994714827967018,22.682567905302,39.11769149111,23.5861549038458,57.683301333295375,SA,crop,1,1899.7300053310091,0.40418022871017456,0.26471465826034546,3.180880069732666
145209974249665,16.762668175828,-62.220769939941,14.0735215846511,-60.95217705542531,MS,crop,1,328.4816608466648,0.3781052827835083,0.17498941719532013,1.7883281707763672
763480160945552,3.114388438698,31.177872023014,-3.136427487987995,29.34630706877954,UG,crop,1,724.2538106316032,0.3545055091381073,0.14558030664920807,2.304954767227173
4405163029511350,43.682079175037,23.978223195064,43.42162527898077,24.190471366139125,BG,crop,1,33.63510418418807,0.4592505097389221,0.3439587354660034,2.5500235557556152
326659798812032,12.410385336248002,-16.110049424682003,15.782824368242172,73.78859235144701,GW,crop,1,9624.307182107015,0.45838630199432373,0.03792828321456909,1.286027193069458
895631547651467,12.080356238018,-61.704118318475,16.889474252742655,-61.92737153281147,GD,crop,1,535.2890380138628,0.8481224775314331,0.817653238773346,0.961174488067627
953292548822411,18.0817933464398,-15.894888251115804,35.246012233816565,33.785829897140154,MR,crop,1,5230.958286699543,0.4692048728466034,0.18955734372138977,2.2304694652557373
1179673359141283,-27.440457092686,31.884625638401,-28.479594490534964,29.110774984320415,SZ,crop,1,295.914361549864,0.41872406005859375,0.2451804280281067,2.5865495204925537
1391570534555001,12.121586777999,-61.634729332904,14.573055038665839,-61.01843693296328,GD,crop,1,280.6258372027191,0.5946094393730164,0.37536758184432983,1.2906887531280518
1931718050309638,42.316673318457,42.610766550542,-25.167615906112065,-56.20326173302804,GE,crop,1,12551.999275082784,0.11129242926836014,0.019253447651863098,4.985297203063965
1441784959495240,18.614866388889,52.371751388889,17.458871978169594,54.02175083172683,YE,crop,1,216.69288813859103,0.9403947591781616,0.9081743955612183,0.37170833349227905
1092193684624091,13.222041768155,-61.27004985443,14.006057796871099,-60.97811774062312,VC,crop,1,92.7116492146932,0.5102910995483398,0.4516507387161255,2.650155544281006
545855749735091,44.933679619312,10.542218724088,44.849577999198495,11.625094366998043,IT,crop,1,85.81422573689032,0.7781671285629272,0.7234480977058411,1.3162875175476074
2774084016236056,4.2465653216704,73.54886569526,6.833284550737477,-58.14500643287883,MV,crop,1,14513.90532015956,0.3304182291030884,0.09181967377662659,2.3353271484375
193239609283383,16.442716181297,97.600636667113,11.343234329276685,105.35969202912463,MM,crop,1,1011.1248690240448,0.5316959023475647,0.43534937500953674,2.967182159423828
838605060406461,-38.684857801033,-62.245177670808,-35.531590009902565,-58.79394391176133,AR,crop,1,465.3278097077475,0.736975371837616,0.6687644124031067,1.2936748266220093
1398766300483374,-20.281888888888,139.05741666667,32.89889381982621,-112.62336174429967,AU,crop,1,12880.557742905228,0.20055347681045532,0.07425643503665924,4.115779876708984
309592324146292,-40.470381504032,175.24679558692,-41.35910109585521,175.01556416013165,NZ,crop,1,100.71301554156445,0.45726895332336426,0.2488214373588562,1.944549560546875
787330225321281,78.186979979764,14.79210601878,62.380274643727695,-7.279072103967363,SJ,crop,1,1913.5713215874152,0.3992678225040436,0.10451054573059082,2.4253547191619873
481435006457069,41.714515597444,19.778002854189,17.960628289078137,105.92249948646725,AL,crop,1,8378.378051230166,0.5597642660140991,0.36435502767562866,1.9817177057266235
562746315113072,-21.036239487922,55.673092800575,14.779054106597794,-61.048804710132785,RE,crop,1,13324.095900152935,0.6701781153678894,0.5182034373283386,1.251941204071045
251075026766241,42.736773777269,78.935492923137,43.19017689207355,79.40436344642966,KZ,crop,1,63.22476074694115,0.3384333550930023,0.2211323231458664,3.1044044494628906
4010096302418176,13.274118,121.232275,14.94783683588291,120.7834816439011,PH,crop,1,192.29850879834243,0.4667049050331116,0.20209360122680664,1.4285573959350586
385537683018740,8.58587702121514,-10.943586617629483,7.953402726135766,-11.719585064796593,SL,crop,1,110.6226483595201,0.9669433832168579,0.9434099197387695,0.1910601258277893
180372857328994,49.843429916622,73.222888258927,38.37982178435093,-121.00799253561763,KZ,crop,1,10106.246838477437,0.42822739481925964,0.2497265636920929,2.224915027618408
907851513392138,-18.164645479454,178.22136593468,-17.94877540099855,177.71063174252026,FJ,crop,1,59.089189248953566,0.48969417810440063,0.34372997283935547,2.3901848793029785
1131598217344189,54.864195040685,8.7383931888414,41.767495112693496,-91.5848833293841,DE,crop,1,6906.031489230615,0.3113647997379303,0.26033660769462585,4.1265363693237305
3247097405547891,33.97288015656933,71.60789771722264,34.02279873916508,71.50555996737074,PK,crop,1,10.945991044238825,0.9952379465103149,0.9941444993019104,0.04228533059358597
1063412324270300,-15.431355385415,167.20499794568,-17.53763406077561,145.8194896421551,VU,crop,1,2290.978581841138,0.16946712136268616,0.016263216733932495,3.837387800216675
478746096705872,12.1865576631,-0.3910576992899,8.326331800148925,-12.521741902477407,BF,crop,1,1394.6583185933675,0.1531783789396286,0.044991396367549896,3.973318099975586
163486722253544,18.376454722061,-65.907019733384,28.228708340733885,-81.49177090439558,PR,crop,1,1929.018346582349,0.18242478370666504,0.018097341060638428,2.6753346920013428
1394646127681740,50.27605756468763,-5.022433442071348,50.53534009490623,-4.763938208679868,GB,crop,1,34.15877173472577,0.14389456808567047,0.01636873185634613,4.270061016082764
311036310426740,10.534375285392,-85.108561963834,10.726291645523352,-85.38846854628409,CR,crop,1,37.298123962778455,0.9233857989311218,0.89699786901474,0.5510490536689758
180655490594869,-4.2955834051727,39.583247618282,14.029583442624718,100.79559161034712,KE,crop,1,7049.967106210921,0.18161359429359436,0.03793582320213318,3.888448715209961
225040172344104,54.10668466178,-8.5444506137227,54.055622521959414,-8.567938073174165,IE,crop,1,5.880932795731215,0.9404247999191284,0.8878297209739685,0.26321932673454285
590599688583224,62.579080335013,22.030513453623,62.837450159430446,22.24506618724467,FI,crop,1,30.741484519771333,0.4040203392505646,0.2283930778503418,2.165159225463867
378410597431210,11.755141729610802,11.99142765025279,33.98298937546921,71.52323781030192,NG,crop,1,6482.3639748613205,0.21625778079032898,0.11119653284549713,3.9420173168182373
769560623930363,13.781555904684,-60.954984062834,13.825634366179704,-60.92385077554983,LC,crop,1,5.943484519142639,0.9978417158126831,0.9957076907157898,0.015557996928691864
191217559525689,10.598613143242,103.76819114404,13.5687631351656,99.95840965410332,KH,crop,1,529.7407926091086,0.45557302236557007,0.32607898116111755,2.2539820671081543
960119301406916,8.934567996624,15.810201192055,5.673030659679791,-0.17000459556342568,TD,crop,1,1799.089624686241,0.5892906785011292,0.41067764163017273,1.8995997905731201
162029952434974,10.416592641005,-6.9267518159549,17.471158184307853,96.96242302283468,CI,crop,1,11101.81729669069,0.36424168944358826,0.040775448083877563,1.8763548135757446
777563772895063,60.262939806644,20.372533414245,60.25800581393017,20.22366165891719,AX,crop,1,8.22993916174663,0.24166299402713776,0.020000576972961426,2.9271340370178223
483016122754010,8.2177331232449,-10.640871255174,8.165437929489707,-12.474489508483714,SL,crop,1,201.89237835129808,0.5811753869056702,0.312217116355896,1.5715961456298828
945669026244322,32.28289364111786,34.89665697754903,37.35611543168447,-6.460248870998666,IL,crop,1,3786.870553082522,0.4637092649936676,0.244334876537323,1.9952011108398438
834907740772712,-51.828914124143,-58.391576104278,38.302468258229936,-6.221094153174711,FK,crop,1,11224.33265006365,0.9360992312431335,0.9224485754966736,0.4696276783943176
315786796574792,17.029958580939,-61.837386119134,15.399228534284948,-61.33828339541014,AG,crop,1,188.9967453572461,0.48103469610214233,0.3455301523208618,2.2244834899902344
3935353219835220,5.0624805680856,-52.559930285878,4.998109219343671,-52.61721233354604,GF,crop,1,9.565140089638664,0.9148217439651489,0.8723458051681519,0.4782480001449585
703624374104706,11.148071748184186,42.461472571281,35.12856707893739,33.378199319585136,DJ,crop,1,2820.099515266668,0.11743337661027908,0.022596485912799835,4.107062816619873
552376936150414,45.747934121718,28.392399493234,46.6030866278779,27.055430664633697,MD,crop,1,140.13551925368773,0.2131894826889038,0.03211948275566101,2.8252248764038086
279990610516417,-25.052590421722,25.938389437355,-30.688769773010144,25.68155866429184,BW,crop,1,627.2220692663169,0.6837241649627686,0.5082919597625732,1.2975969314575195
244594784129468,17.181606776437,-25.056350793491,28.653699664219673,-17.6718089018301,CV,crop,1,1481.9563591645906,0.4473717212677002,0.15103679895401,1.9285905361175537
916296905814911,29.986443376454,35.073653850875,35.16295461029695,-118.18637139517296,JO,crop,1,12248.46077500005,0.10457153618335724,0.016222596168518066,4.165938377380371
160409959286661,13.609489121743,-15.203056960483,57.07296403751253,54.01829271917966,GM,crop,1,7490.180362227728,0.4893031418323517,0.164790540933609,1.655473232269287
375549574325666,-8.088511666666667,156.78238944444445,-9.565990238487775,159.6880368109398,SB,crop,1,359.04739226173626,0.80679851770401,0.7343273162841797,1.0122101306915283
6504127516293875,-20.153986376711,28.58502890468,-33.274750255902006,26.698044178160877,ZW,crop,1,1470.8597463450342,0.23363755643367767,0.17874173820018768,4.754116535186768
955352585280405,53.073543217589,5.6644949286343,53.05652474900462,5.593736866445171,NL,crop,1,5.092559534439559,0.4350683093070984,0.3266363739967346,2.6200881004333496
198798338740227,41.487329996943,45.08669320994,48.522244869976646,44.52021331758969,GE,crop,1,783.5072779824826,0.26128196716308594,0.1803039163351059,3.6548690795898438
747640439246618,6.555528380315,-10.331525634335,6.440788188468481,-10.580273961968206,LR,crop,1,30.299042695817228,0.9985617995262146,0.9980820417404175,0.014926435425877571
537333261008423,39.113511978868,117.21046994629,39.89100137143262,116.43858412910392,CN,crop,1,108.90262178814243,0.4753356873989105,0.21107664704322815,1.7010114192962646
5205930492794121,13.596220054527333,-87.36529096486619,13.783720268073086,-87.26268898095998,HN,crop,1,23.612587950861247,0.9993962049484253,0.9993022084236145,0.007426262367516756
282961036881213,36.025363064061,14.258923344808,36.04144254393953,14.281277160765633,MT,crop,1,2.690195574562614,0.9259178042411804,0.9005641937255859,0.41616377234458923
2898417523733065,12.385310410818,-5.9561351141694,12.352813294846426,-5.643377516002451,ML,crop,1,34.16146554654529,0.8790684938430786,0.8636451363563538,0.8242861032485962
814006309495024,18.427369706947,-64.568261557542,18.629955652857273,-64.48301178679249,VG,crop,1,24.25341561405828,0.8360716700553894,0.7386056184768677,0.5942642688751221
363924908375174,-4.7913317580586,11.855642981142,5.56156685612605,-0.26027679436625234,CG,crop,1,1770.6597565136278,0.8270832300186157,0.6946630477905273,0.6250216960906982
520091355848418,69.217861349712,-51.109419049396,62.056295761627034,-6.880039107362847,GL,crop,1,2121.456079231733,0.9932891726493835,0.9913005232810974,0.05648040026426315
840734783196696,32.126256113931,44.324859980182,24.956253310838367,67.14084825807747,IQ,crop,1,2361.215352120756,0.34402960538864136,0.2508326768875122,3.377836227416992
226163689282727,12.168906318554,-68.967070805139,-5.168876698302451,-35.4977874863527,CW,crop,1,4172.134942370255,0.2845560312271118,0.057717159390449524,3.4487481117248535
341214407334376,-19.377102833928,34.400509607794,-13.386609234148407,24.712000718590254,MZ,crop,1,1229.048063121666,0.38580551743507385,0.3077256381511688,3.3040573596954346
894968224414635,34.986110625975,32.668982915426,35.02478019741104,32.70407735886324,CY,crop,1,5.3577669745923195,0.5197513699531555,0.11682689189910889,1.1621432304382324
462694431488011,18.632063011792,-68.389902993932,26.082286360255235,-80.3764175696785,DO,crop,1,1483.8067006388337,0.522941529750824,0.48263368010520935,2.741816520690918
857893648147331,-10.905676698416,14.247198141961,20.78257994510096,96.2455811047673,AO,crop,1,9620.819066542372,0.7900193333625793,0.7671740651130676,1.4679460525512695
382009819762071,39.329365017441,27.62045985936,41.29037976916195,22.44949507254531,TR,crop,1,489.5713779590545,0.19988049566745758,0.030588999390602112,3.5596234798431396
271875871339932,11.850545983225,38.038235893261,-28.944218285974344,28.207320529240857,ET,crop,1,4657.472374196397,0.5185939073562622,0.4345884919166565,2.6511905193328857
525646118616107,-15.637682963249,166.84078278513,-8.771602506441447,159.35749886397488,VU,crop,1,1115.0773747569765,0.24458932876586914,0.1060100644826889,3.4049720764160156
2982805328705469,64.437207664635,24.181485346398,57.35899068023965,18.71908109008303,FI,crop,1,839.9396048655591,0.21846817433834076,0.11228571087121964,3.7660017013549805
320116623608771,23.185410152402003,91.17769833999328,23.171342142262116,91.30491255540379,BD,crop,1,13.097550149693866,0.8119955062866211,0.6736582517623901,0.6824889183044434
803534963702486,51.121882315762,3.1082009025971,44.88959019495348,8.338422477600847,BE,crop,1,794.286348672487,0.5395606160163879,0.43730929493904114,2.4390087127685547
376395010415901,13.924250043571,-61.056412107275,5.277793453304101,158.29413178674315,LC,crop,1,15176.872754067668,0.6344459652900696,0.38363125920295715,1.403896450996399
303078421392591,-16.446930463398,-152.24847310031,13.512056080335697,99.99352215838628,PF,crop,1,12289.530329960899,0.11841080337762833,0.04832065850496292,4.478527545928955
312172783608841,49.510993358681,6.3452033888591,49.3835681430427,9.119732233292691,LU,crop,1,201.06761782319927,0.30629420280456543,0.19729255139827728,3.6030359268188477
6235880006437043,-3.1366812272296,-79.214143657851,5.917570350503715,-72.9190998884433,EC,crop,1,1225.6741743552836,0.4756900668144226,0.12623268365859985,1.1930885314941406
965921670819949,-10.479678823577,105.67386300715,26.030629550221867,-81.44103275469148,CX,crop,1,18130.970866123702,0.754159688949585,0.691436767578125,1.6513535976409912
925871031561258,-6.2639877158616,107.06741782953,-6.343829772336561,106.80681203950012,ID,crop,1,30.14004011409372,0.8943596482276917,0.8100494742393494,0.4219112992286682
1164097447347216,4.8674337462563,31.519362784566,12.563280737716786,-7.871281066741442,SS,crop,1,4407.759099612897,0.47714412212371826,0.17972132563591003,1.8102200031280518
4396227090475829,-1.2678653976589,36.678122304876,8.558897010588685,-10.96237863824516,KE,crop,1,5391.24887603403,0.24539709091186523,0.08038298785686493,3.778958797454834
865652107497194,25.981085501999,50.457665915183,17.241764016129643,54.204678658992904,BH,crop,1,1045.9184579234861,0.621954619884491,0.525580644607544,1.8390566110610962
299799271640333,2.1039771270774,45.331583431777,33.93325006782773,10.050237189325282,SO,crop,1,5091.229857532232,0.6185137629508972,0.5985864996910095,2.5104660987854004
461018955189846,14.544694692651,-60.871651329228,14.550673675546879,-60.981386604710664,MQ,crop,1,11.829493382747362,0.33705267310142517,0.26249364018440247,3.3818857669830322
848673612668103,42.673726026337,20.952183058644,47.68498911518836,19.59472318301185,XK,crop,1,567.2680716096968,0.7603371739387512,0.7262747287750244,1.6128252744674683
1416342685418545,-18.613385898721,-174.00201190817,7.0394062864294025,-11.405339458656705,TO,crop,1,17734.47535258782,0.4803902804851532,0.3846035301685333,2.776275873184204
494963678607139,41.553688076193,76.443594560854,37.856406741921575,73.76612031350193,KG,crop,1,470.5559842470484,0.6882035732269287,0.6415992975234985,1.7361317873001099
219389349648885,10.15103545444,-0.08621895664982,10.279715122369796,-0.12153496134734648,TG,crop,1,14.821265262755244,0.9997507929801941,0.9996601939201355,0.003040095092728734
3089177431309627,15.373065639057,-61.261521114061,15.412622399907997,-61.23397952542593,DM,crop,1,5.29763332104189,0.5575846433639526,0.18625766038894653,0.8987904191017151
267446095163419,-24.410317211088,31.569065250692,-24.5414338191415,31.151980868025994,ZA,crop,1,44.65692853506255,0.5873711109161377,0.4254360795021057,1.6368685960769653
302215634735033,41.271908839255,44.308127758638,42.7743235276596,-73.0199970185051,AM,crop,1,8759.190032087214,0.11854194104671478,0.047862276434898376,4.928310394287109
2667851503513129,17.27324849632742,52.95912218803253,17.446561658443805,53.146717549054834,YE,crop,1,27.708833761698845,0.9873110055923462,0.9844272136688232,0.11647298187017441
153409713461640,8.790179318271212,17.833063690255294,13.33322235337302,-8.444934018011562,TD,crop,1,2910.088439326448,0.5333640575408936,0.3245687782764435,2.271519899368286
197648665524336,32.845770012076,3.9393382718177,35.046273425650305,33.73532154104754,DZ,crop,1,2749.160017423952,0.2782200276851654,0.12026968598365784,3.842461585998535
186111083366529,51.38944480684,5.6393438286668,53.566993784292926,16.563428727026167,NL,crop,1,777.5171744170856,0.7139002084732056,0.5826338529586792,1.2563692331314087
2778308682433187,46.907087389519,21.768223720096,44.88619968068828,8.322486634605914,RO,crop,1,1063.0812297824612,0.4147389233112335,0.05064749717712402,2.137192487716675
937732960392917,57.179863762985,9.5235696942098,57.16803464119828,9.521820013885335,DK,crop,1,1.3195598298511804,0.7607922554016113,0.6673070192337036,1.0424355268478394
1146261095856485,7.3615432427089,134.43713448334,-17.69128533837025,178.15909372983532,PW,crop,1,5550.392252050558,0.9826803803443909,0.9802599549293518,0.15015672147274017
481510253092194,55.547652479706,10.237061583967,50.672859101881116,7.589066490685785,DK,crop,1,570.0330141035432,0.12915433943271637,0.0031502246856689453,3.966242551803589
373515770750013,52.085212737279,23.57416942403,45.71106055160848,20.124880858376468,PL,crop,1,752.06367583495,0.14068545401096344,0.003316625952720642,3.9595894813537598
509958026699758,8.7996562999047,17.834358755261146,9.00827687869609,12.365550993367124,TD,crop,1,601.2173860416262,0.49224233627319336,0.41045552492141724,2.9105372428894043
898715014311013,48.970224789976,9.8639365242088,41.41679154911976,-88.56384466668983,DE,crop,1,7197.6209344023455,0.0582362525165081,0.0014609061181545258,5.178603172302246
1199206943853136,-16.678932002412,-60.816984800192,-19.99619426409559,-47.547874992985896,BO,crop,1,1447.740104742662,0.21041615307331085,0.08547447621822357,4.130404472351074
498260671492955,-38.013275055456,-73.225185383762,-34.92426596699017,-71.86402491277993,CL,crop,1,364.39686506170756,0.4497666656970978,0.11173045635223389,1.8890994787216187
894859321231304,12.227082918058008,-69.07847800166279,12.217235282801802,-68.78782547447722,CW,crop,1,31.60551796382231,0.2722068727016449,0.135423481464386,3.305388927459717
1389207538112280,-18.237830811581,177.83923612892,4.220872048304237,156.54520001220135,FJ,crop,1,3418.207651728645,0.08477815985679626,0.008015342056751251,4.95986270904541
853984918525885,16.723203555806,-62.23130997289,3.276930070249206,-75.15895139916604,MS,crop,1,2056.5073606293136,0.18339361250400543,0.09413378685712814,4.5542311668396
122049223635653,-9.093844554597762,143.20550105803093,-13.484588341471676,24.69440515371979,PG,crop,1,12779.423306285214,0.25923484563827515,0.1209438145160675,4.2473225593566895
503430330798585,15.754797111762,-86.834109918362,15.572567810459462,-87.43347134615544,HN,crop,1,67.29404594694417,0.587914228439331,0.20586523413658142,0.8130517601966858
909387153127451,28.736208967151,48.003263644262,30.008492147658817,47.61810478581809,KW,crop,1,146.31132290699017,0.6012189388275146,0.40386348962783813,1.3414729833602905
906902016543352,31.331782024306,46.203432956327,24.55619855395691,55.97477312426324,IQ,crop,1,1219.2002663749436,0.14619304239749908,0.021159663796424866,4.440484046936035
2928214434172169,1.1206763559822,104.10141369167,-23.50932520076934,-47.47663680241079,SG,crop,1,16067.648422355125,0.4526109993457794,0.2009800672531128,2.1438379287719727
450152016285778,44.280050101707,22.571319099243,44.107077903795,22.684336923738456,RS,crop,1,21.239579135731535,0.678540825843811,0.430303156375885,1.0413748025894165
364335675754039,27.44091865174831,89.6695301948495,41.169816277678315,70.72735593439675,BT,crop,1,2305.201706133259,0.5589966773986816,0.4958760142326355,2.7617673873901367
1465192193846342,49.242897458505,-2.1257188472841,49.312000185984445,-2.172433597948266,JE,crop,1,8.397982783023462,0.42724961042404175,0.1731310486793518,2.034635305404663
307943760727803,32.017590561359,35.44667005004,26.311562335714473,67.83083445549693,PS,crop,1,3195.3492043446377,0.7292243838310242,0.5419002771377563,0.936295211315155
460785571683103,37.925916394446,71.433043060589,34.80408039536857,72.38187789737381,TJ,crop,1,357.3711548174364,0.5047397017478943,0.4310316741466522,3.0708000659942627
1128725237604299,-29.134916665635,150.74974999676,-33.118397718817945,151.5191261939474,AU,crop,1,448.95103009166564,0.3528209924697876,0.2407129406929016,3.0863866806030273
490647468911155,40.963268605415,72.227703152599,40.06232942979883,64.0629427431023,UZ,crop,1,697.1911713534821,0.1155213937163353,0.025664202868938446,3.858710765838623
333643931662411,5.6383973900144,16.079947991405,-32.826977758967075,151.42486580866296,CF,crop,1,14499.866761860116,0.42348459362983704,0.20182687044143677,2.6197943687438965
1227174381045729,47.768093183573,107.23115509769,51.07939103680397,-114.46682965616861,MN,crop,1,8326.680808047797,0.19713057577610016,0.04647403955459595,3.606109619140625
1407497409603690,3.0843020507054,19.86280519181,34.77782458995831,-97.36738117013881,CD,crop,1,12248.919343653482,0.38466212153434753,0.24129553139209747,2.351418972015381
3723636841075361,45.568657163831,14.018918146853,54.9510932600018,15.53575193184023,SI,crop,1,1048.7703180937226,0.12030769139528275,0.02013596147298813,4.68422269821167
165305525550262,8.3525370889256,-10.025850369874,6.894850421347429,-11.099218130139132,GN,crop,1,200.66375154703485,0.9870043396949768,0.9798098206520081,0.0961664691567421
340729614142712,18.491135,53.019456388889,17.53580667729575,54.05565533880771,YE,crop,1,152.6107270738987,0.6832122802734375,0.6216011047363281,2.12024188041687
454659182301876,-11.625933853582,43.262174830246,-20.91339037681459,55.51109929168835,KM,crop,1,1664.564588797443,0.49897244572639465,0.00485306978225708,0.7351214289665222
668193423973890,-24.287426139806,25.329460617088,-24.15945313671572,25.1380378545497,BW,crop,1,24.068296210445045,0.4463672935962677,0.3125113844871521,2.8481202125549316
838630760070492,25.060757368329,105.86456403205,21.394366247675993,102.18733773313376,CN,crop,1,554.355081439103,0.8708277344703674,0.7531378865242004,0.4356263279914856
390606075408650,42.986310463262,19.555681585034,40.83119528741281,15.445798096079134,ME,crop,1,415.96541334793096,0.5527456998825073,0.4490833878517151,2.326923370361328
131134676170300,-12.948481303182872,45.128315287832365,-12.921732052053796,45.060427827717824,YT,crop,1,7.9356868703511365,0.2926724851131439,0.0037102699279785156,2.6889419555664062
1792656240942534,13.919496365755608,-90.97051612073146,14.155619946816882,-90.8298765749542,GT,crop,1,30.323833668938157,0.541239857673645,0.34972378611564636,2.0434153079986572
170823461623752,16.241110201764,-89.025642613932,16.404781033812835,-89.1323633091517,BZ,crop,1,21.468915907108617,0.9866830706596375,0.9791988730430603,0.09578114748001099
326797512347685,20.477204466217,103.99483406515,20.175372790719024,96.13349290007272,LA,crop,1,820.3159900411134,0.6603966355323792,0.5602751970291138,1.4377334117889404
603719283920573,40.194963555707,44.545682589004,48.16078610517761,28.33172465184339,AM,crop,1,1562.2684008984857,0.7740094661712646,0.6930395364761353,1.0462802648544312
307023807471036,48.822446939892,15.635962976885,40.1939631686585,-79.75176903812233,AT,crop,1,7115.30798206753,0.4520004689693451,0.35044580698013306,2.885312795639038
1360919617610849,48.744206328516,20.484833979395,40.24910556573798,-83.58070153742203,SK,crop,1,7637.990766093894,0.2215394675731659,0.17531540989875793,4.279795169830322
4130359377021158,12.744808419842,-86.016174505038,9.083645774661695,-79.49254948448146,NI,crop,1,820.2765724369169,0.3139452338218689,0.11476671695709229,2.096813440322876
186509513837116,-9.162518629974178,125.26855431414576,16.477514919524108,121.01891218579826,TL,crop,1,2889.1264956426066,0.566341757774353,0.2157064974308014,1.2359015941619873
305027981215954,-18.157704641057,178.42394691893,4.696854736760228,159.17176764281936,FJ,crop,1,3303.74931319833,0.3484410047531128,0.07431825995445251,3.017420530319214
156576193076602,-0.78254800116056,36.454570001926,16.749138404463725,104.07152543370402,KE,crop,1,7656.720140479184,0.24604997038841248,0.11936506628990173,3.1911120414733887
713195779986935,15.71706020536666,-87.91892889999826,3.10472956866122,-76.4743789689768,HN,crop,1,1880.4017044098462,0.5410431623458862,0.5079721212387085,3.125873565673828
211686643757850,18.378333055477,-65.856644722755,17.108233219494917,-62.14803524636549,PR,crop,1,417.3661818037349,0.17287766933441162,0.09108666330575943,4.667093276977539
1127316044444733,45.524200027704,20.00828632566,50.15347947407862,14.681307188906812,RS,crop,1,650.0617936182,0.2094634473323822,0.006120145320892334,3.6143951416015625
1705161749686063,1.6727266549458,109.85191823171,-20.639937612511332,-40.888171207258544,MY,crop,1,16204.02074914013,0.4038391709327698,0.32752561569213867,3.1025686264038086
1180959432346280,4.2166399722222,-55.441371916667,4.654590949502789,114.60601416023043,SR,crop,1,18533.42225989447,0.3176332712173462,0.22682437300682068,3.8457555770874023
152378826822821,62.297150880353,-6.3605044614883,62.71496453170544,-7.123224987730931,FO,crop,1,60.75601343788185,0.9927266836166382,0.9866507053375244,0.046958670020103455
2163885233752606,46.261529486069,41.00615902421,45.0552881039137,-85.08270577842748,RU,crop,1,8570.23083580869,0.23441551625728607,0.09803144633769989,3.3105661869049072
828943404645761,-4.2440126883445,39.574345953224,17.376815056555365,-88.40834919602193,KE,crop,1,14169.856601333828,0.2577210068702698,0.20024089515209198,4.176182746887207
145074444769704,19.85141683329288,-70.79678177411726,21.519312015161784,-104.69100349795171,DO,crop,1,3523.9934717952583,0.2914464771747589,0.1275802105665207,3.486159086227417
167921538557854,32.347416850468,15.10321327924,35.63308094482528,-0.5569304114329034,LY,crop,1,1487.478192887172,0.8564781546592712,0.8183172941207886,0.6883914470672607
628318788994208,13.152619444444444,-59.56710666666667,13.105517222949404,-59.453124112339914,BB,crop,1,13.408244185028254,0.9253907799720764,0.9074709415435791,0.5767214298248291
842741859611073,16.018956092128,-61.581760537768,49.53141389873585,6.312787711261227,GP,crop,1,7071.5994861821055,0.2862180769443512,0.09579868614673615,3.1001060009002686
310752417096783,66.229694079253,29.133889499018,64.1193338131925,29.502709885287146,FI,crop,1,235.2911610700406,0.582444429397583,0.4658389687538147,1.917716383934021
280932113713079,11.564178753638,15.28787472986,12.75548985532865,-8.29789787887974,CM,crop,1,2566.3286601719788,0.1564427614212036,0.06574507802724838,4.452208042144775
306629164189671,31.994107162003,34.880880875532,32.16290041815114,34.870792524968586,IL,crop,1,18.793006086056906,0.7669551372528076,0.6956594586372375,1.2214007377624512
375713220429607,-20.444336397825,57.719071106087,4.89212413441401,-75.85625145796368,MU,crop,1,14713.777156525279,0.18808825314044952,0.07933488488197327,4.320025444030762
935998006944813,2.0128177809748,-157.40717950301,39.85907417745127,24.771704515395484,KI,crop,1,15353.853118138642,0.16352875530719757,0.05506844073534012,3.744213581085205
243279310922728,22.002956746269,59.647583227775,22.144405553780178,59.13659100522153,OM,crop,1,54.953793778812496,0.3251942992210388,0.1076253354549408,2.236119270324707
302369984598824,4.2729453578223,11.366798338452,3.8807965604498427,11.069397373568261,CM,crop,1,54.6758705123175,0.8086023330688477,0.6423869132995605,0.6085860729217529
1410294946017903,39.031705816026,125.75630076806,56.93843674222808,24.117947275782047,KP,crop,1,7088.633329816487,0.5653460621833801,0.48667797446250916,2.2493505477905273
557405362093639,36.954042854563,8.9131949083518,35.232925232208295,24.802555273654747,TN,crop,1,1438.738686992173,0.28260338306427,0.06297501921653748,2.3646116256713867
508273253877668,60.696459628121,23.784802432989,61.16565235696573,25.723515858806874,FI,crop,1,117.0078935385174,0.3382817804813385,0.10578189790248871,1.9123265743255615
822631438351061,41.306291815096,76.061806069928,58.88828204534519,52.45444804110582,KG,crop,1,2552.6315319844025,0.2509307563304901,0.03697395324707031,2.8887319564819336
1138310456645189,43.382281881015,16.41157939924,34.48808123855536,136.79722775788227,HR,crop,1,9459.49973624121,0.2289661169052124,0.0723613053560257,3.7149863243103027
222871899226271,-15.510435536345,40.349633637766,-15.420850545856117,40.36165814692806,MZ,crop,1,10.044403297416071,0.19323165714740753,0.07466910779476166,3.511507034301758
653703302135487,21.606686370966,39.215434593079,22.181973057575007,58.43492421495062,SA,crop,1,1982.6814367720833,0.08233677595853806,0.011990413069725037,4.611050128936768
512353726583180,57.378685294191,22.247361108176,44.55581871916409,-88.19722710134458,LV,crop,1,6985.542623241513,0.41371533274650574,0.35232141613960266,3.3755834102630615
221188212807394,5.9007667928315,15.424776553249,35.21807583901032,-81.87122563158466,CF,crop,1,10287.407582286802,0.08717276901006699,0.0008646026253700256,5.478377819061279
319019459840888,18.609369461477,-74.151456712619,18.64863718637139,-74.12517472399686,HT,crop,1,5.170519620160479,0.8622241616249084,0.8144336938858032,0.8928990364074707
3291218371154050,-17.313447180213565,37.46183809351605,-10.094781861314136,28.27702376065452,MZ,crop,1,1275.6017844278645,0.6050986051559448,0.3914138674736023,1.5512399673461914
584561212946534,-19.59947361892,169.46805368552,13.891552666308293,-60.931495282865924,VU,crop,1,14629.358622431686,0.4636403024196625,0.3078896403312683,2.389667272567749
304491461128491,-24.913992289767,-56.992001471465,-25.03612160506838,-57.538436010879174,PY,crop,1,56.72850665859672,0.5692631602287292,0.3968524932861328,2.1184186935424805
297816615150376,21.480754782652,-71.133236713743,17.590164645355333,-62.593048423598084,TC,crop,1,993.7394237879462,0.8840262293815613,0.7856987714767456,0.4379861652851105
393440354996585,52.70481457742,27.450028836652,52.15610215580309,26.32677248181719,BY,crop,1,97.58009552985109,0.6095626354217529,0.4704226851463318,1.787196397781372
473720683849376,40.29467551394,43.521641209406,40.39823904892691,43.51800810858437,TR,crop,1,11.519854949430444,0.9917594790458679,0.9908595681190491,0.08764210343360901
454870842476357,28.72600008284,48.263573067355,28.971168692010448,48.11087718590401,KW,crop,1,31.05417376577757,0.5825241208076477,0.4047732949256897,1.9080382585525513
151442870324225,56.727613998069,9.8232903910496,56.288442211616186,10.488999066002638,DK,crop,1,63.664577756265494,0.4104694128036499,0.2876734733581543,2.682138681411743
3734785956631637,-32.223694448748,147.71777777513,-30.603223089441975,149.51224987211313,AU,crop,1,247.91466009733136,0.21729327738285065,0.13681337237358093,3.7831344604492188
2674396816191889,2.5936083377885,9.8483489898272,7.958308041389963,-11.079413332823204,GQ,crop,1,2391.8038859057306,0.8971643447875977,0.8297967910766602,0.5134619474411011
1379450249134838,11.1299017047619,42.37458637619046,35.433440575440805,34.12496503926285,DJ,crop,1,2827.765881514929,0.23206879198551178,0.10620236396789551,4.138713836669922
275414690944598,-13.67751150128,-71.664754722863,-14.496614135195768,-70.77422007142209,PE,crop,1,132.363229733421,0.7369651794433594,0.522031307220459,0.8649306893348694
1234218287109955,-20.82413546364793,164.48620687630458,-37.99836967276205,176.6824855969545,NC,crop,1,2240.7070562075646,0.20370003581047058,0.0052595436573028564,3.204613208770752
302961411491361,46.996007579057,27.801513788055,46.880255360285446,27.683309434878154,RO,crop,1,15.690870230084125,0.7022616267204285,0.6232538819313049,1.5458885431289673
948698085931649,49.321417002248,19.543460957034,44.039612021503345,17.1746930433146,SK,crop,1,614.397299343987,0.22211739420890808,0.10838700830936432,2.9960999488830566
328279275310503,2.1101448348,45.328888943853,31.065489420467543,28.318070469319196,SO,crop,1,3682.554679662936,0.11033216863870621,0.01201598346233368,4.408822059631348
3938529579574500,12.745875526918,-6.8748541915599,12.620464243362902,-7.870753693835786,ML,crop,1,108.93302931393964,0.6356699466705322,0.27577993273735046,0.6832239627838135
1194874720960051,12.083080655367,-61.701340518071,13.889891827106624,-61.018639675161324,GD,crop,1,214.0918879558645,0.34770286083221436,0.11928023397922516,2.6445224285125732
2660802827398825,16.196727547951927,-16.262142180464767,-3.4524944687429096,29.300073059861806,SN,crop,1,5463.152169716769,0.15167129039764404,0.027102485299110413,4.020379543304443
474318140350732,-30.186929671859,28.721722313277,-16.64874496532889,-69.02650449642292,LS,crop,1,9801.031856574467,0.3226313591003418,0.09845441579818726,3.028726577758789
131538628927343,23.927591478789,56.89006326826,23.543264081617426,58.175368673251,OM,crop,1,137.6324393487689,0.44569849967956543,0.2723868787288666,2.2318828105926514
956252018280238,5.6732085786965,16.632589745091,61.12502362592723,14.584577857055349,CF,crop,1,6168.334489622303,0.8581077456474304,0.8508472442626953,1.1764812469482422
986557568784559,47.96199867689,3.329329196682,47.97436835720732,2.8025627205905552,FR,crop,1,39.24169687545323,0.3173856735229492,0.24181339144706726,3.479609251022339
858888201360481,27.431311876486,89.411968800978,25.31583897814236,91.57812027060035,BT,crop,1,319.20258789830785,0.6059043407440186,0.49618950486183167,1.7333685159683228
1122494928228049,-6.2923231452892,176.31516236757,23.079666993959226,89.6438839217337,TV,crop,1,9943.001410931498,0.9951234459877014,0.9942168593406677,0.04731661453843117
822289958383794,41.363620514254,46.930408712763,21.540366178302076,-102.25788964626254,AZ,crop,1,12332.949599663056,0.34906652569770813,0.22905956208705902,3.0032565593719482
507580496941067,41.24483557588,71.582892060753,43.92705779105694,18.74542694086676,UZ,crop,1,4261.619385995884,0.6699956059455872,0.4166196584701538,1.0251085758209229
850897392160274,15.37337039371,101.11838827961,13.099133824862555,99.80317419913416,TH,crop,1,289.8983901994343,0.5116927027702332,0.3775119185447693,2.5017378330230713
1479666545728283,-2.207944528615442,29.59226081231841,-2.2722372683269847,29.61405106860273,RW,crop,1,7.547872124689653,0.9872897267341614,0.9812796115875244,0.08981135487556458
580789552886656,50.678594855093,4.8188742178492,51.69611242896752,20.826014494973776,BE,crop,1,1119.0497646554948,0.4275381863117218,0.016104936599731445,1.7117184400558472
795872621134242,21.469950825343,-71.131968567748,21.403947041452412,-72.90903113494909,TC,crop,1,184.0757842930549,0.9452388286590576,0.9181308150291443,0.27852168679237366
537185557301814,21.468632587884,-71.131614335596,21.365217695686955,-70.93570795035757,TC,crop,1,23.312937622704663,0.5961461067199707,0.3867985010147095,1.3511673212051392
533124681034633,9.6221481881675,5.9902728883701,8.312176606569174,-13.084735208729589,NG,crop,1,2099.8917236360408,0.8855985999107361,0.8579176068305969,0.7768789529800415
459637375114061,16.326241192515,-61.485416089177,35.1367108639242,32.68759762483321,GP,crop,1,9339.429819224324,0.15594545006752014,0.08237386494874954,4.504495143890381
761065858107101,18.02556598756,-63.076095445477,14.156323357565105,-87.19563000468249,SX,crop,1,2610.49620288371,0.4711866080760956,0.3909740746021271,2.8768434524536133
175886771114688,37.132743072818,71.445580058334,37.23985767663731,71.82288696275893,TJ,crop,1,35.48288481060135,0.9719443917274475,0.968783974647522,0.26250752806663513
3028763490743210,44.505071370572,14.497751817403,40.82112754318844,17.058350121066038,HR,crop,1,459.9801728154298,0.3056676685810089,0.0033028721809387207,2.427496910095215
4083027895078105,6.922264444172,81.810604007404,17.904514286923188,95.8843301293588,LK,crop,1,1954.0555014086783,0.31311139464378357,0.107380211353302,2.930260181427002
196273232181806,10.57170873112,-61.274575577684,10.559206063577044,-61.229666073849884,TT,crop,1,5.102105528918165,0.7853682637214661,0.6869639754295349,1.1878751516342163
311046543750546,5.8181956657151,-55.229591655912,8.214345663551239,-80.6674121830996,SR,crop,1,2819.4271248389905,0.4538477659225464,0.19666677713394165,1.4277222156524658
1340777496415094,-24.184041937054644,-56.01406804634483,-27.424794993289765,-55.903077257940176,PY,crop,1,360.52647437590394,0.4779761731624603,0.19364753365516663,1.6120209693908691
320265609670289,38.422783933334,-28.447899110035,39.095190396483645,-29.869387462004696,PT,crop,1,144.15690414738725,0.9877793192863464,0.9806239604949951,0.09640084952116013
587462658901340,49.482634783129,7.2198204378864,53.05098871207978,15.320712666611627,DE,crop,1,688.6157560489966,0.28510144352912903,0.14837856590747833,3.8419299125671387
1117419915461502,-13.3507635470948,24.07831798797145,-13.420359665476472,24.659498320238153,ZM,crop,1,63.343221204378324,0.994644045829773,0.9936192631721497,0.05520116165280342
293849812373143,21.729330866875,58.283925067403,22.51990587832851,58.700157476656585,OM,crop,1,97.80604801382782,0.8603208065032959,0.7544333934783936,0.6235754489898682
913136816207204,27.685309394915,84.245084160599,24.00767659831565,90.48298154989183,NP,crop,1,746.0540752617947,0.43523356318473816,0.0939599871635437,2.1944355964660645
1427947294218129,38.134538979321,20.602291273787,39.98604810013316,24.35814050515209,GR,crop,1,384.0621156639313,0.9226657152175903,0.9059534072875977,0.5338277816772461
950864868999393,51.137636946693,23.395299320308,54.26368836868094,16.414863927303866,PL,crop,1,584.4210914104458,0.21325725317001343,0.013774335384368896,2.8455944061279297
223308666224105,10.524123082769,-2.6530083555487,34.73033710114926,-97.3536777016606,GH,crop,1,9766.40115174126,0.3219236135482788,0.20970094203948975,3.235360860824585
202168424910797,63.087501381586,29.619921161522,62.27184159725992,26.327318731735573,FI,crop,1,190.91957875863997,0.3765870928764343,0.25048109889030457,2.4617786407470703
134334415352783,34.771117780932,10.388663407803,35.65249294166805,-0.5813955056341686,TN,crop,1,1000.8985016908204,0.16904613375663757,0.03618176281452179,2.9416866302490234
1123967504754624,2.462911169111,9.8411851986574,7.30939542707751,36.383952567588935,GQ,crop,1,2988.5901478842834,0.33475667238235474,0.10505381226539612,2.374061346054077
563150931329907,-16.454467194083,-152.25488087725,19.656138480675235,-72.22391959265927,PF,crop,1,9618.209720143253,0.47072380781173706,0.14591926336288452,1.8239212036132812
527782441730123,19.613317472222,37.21518325,34.01478025594774,71.54390300943886,SD,crop,1,3740.149364405847,0.35394859313964844,0.14237278699874878,3.0997607707977295
874132063313509,2.1211650392132,45.325477296944,21.070977219075846,-101.6228771890589,SO,crop,1,15589.614469864759,0.44100484251976013,0.28403690457344055,2.841081142425537
1414690518888723,4.4280699971271,-7.3572366993037,7.753200634132353,-12.283106065945917,CI,crop,1,658.2175807671597,0.7211303114891052,0.5208654999732971,0.9386552572250366
1488652064809969,31.757099517069,35.492951999494,27.605016474817177,68.75616024184224,PS,crop,1,3233.7979080028767,0.282732218503952,0.033318981528282166,2.7039248943328857
548267689892757,4.8188638046841,31.553307958678,9.298446088350534,7.364251621429225,SS,crop,1,2714.390534004036,0.6008485555648804,0.5153234004974365,2.1177585124969482
151479410277523,13.926511407569,-90.820049410327,-20.558883857256014,-40.419970663874565,GT,crop,1,6710.144682398292,0.3366864025592804,0.0759606659412384,1.8548575639724731
282741450237053,40.63918244788,14.689358309553,40.67767082157688,14.537617147281667,IT,crop,1,13.49638545563654,0.41302138566970825,0.07728379964828491,1.718926191329956
466856821203613,32.362756289357,15.075112091192,35.671259365405824,-0.5537117802828393,LY,crop,1,1484.867463301367,0.609099805355072,0.4913678765296936,1.4850271940231323
503692787493112,-8.4956747146718,28.873913205907,-10.06229218595921,28.18166469789766,ZM,crop,1,190.04276244260186,0.6805417537689209,0.615149974822998,1.770220398902893
129527739201981,50.74400552946,15.089402768176,50.94266063157779,14.742399700288448,CZ,crop,1,32.886988807004556,0.6065561175346375,0.505911111831665,2.0910844802856445
459080448727005,43.398268683651,17.872251876102,44.083250620201724,42.890265758142355,BA,crop,1,2003.5406302147785,0.3919922709465027,0.24977070093154907,2.8539745807647705
2599771000325900,10.491317886291,-66.940783689543,-19.76452752184331,-43.956499508866386,VE,crop,1,4201.434141439725,0.15033897757530212,0.047856591641902924,4.022089958190918
1586218158513391,-35.09726470656671,-71.96444205112698,-38.902953170100794,177.61170316104645,CL,crop,1,9119.796689245872,0.18847469985485077,0.05881199240684509,3.5778419971466064
790312034924185,6.4665061966066,-73.264673048874,-23.511258528806906,-47.50123355333097,CO,crop,1,4351.74542719438,0.396769642829895,0.19444453716278076,2.5785553455352783
3828714587227647,-28.982228650362,17.795137519664,35.197533949735735,-117.95069863392915,ZA,crop,1,15823.713531708452,0.5091855525970459,0.31736451387405396,2.1677520275115967
915335685911826,-26.650343222475,31.676701721271,-29.445121598032923,27.585708978703806,SZ,crop,1,507.6229011125643,0.28636178374290466,0.056974828243255615,2.931346893310547
295989332000056,-21.294072972472,55.453451741806,16.020493951734863,-61.82491752335425,RE,crop,1,13422.124576783359,0.4717048108577728,0.13296383619308472,1.3306280374526978
762826894424335,15.953620769688,-61.226106662441,16.36256359072335,-61.46613016391487,GP,crop,1,52.200486770044805,0.6572377681732178,0.5670304298400879,1.4891828298568726
748877299000226,37.48624814219,-5.6260757420713,37.060993940315534,-3.6404020940208115,ES,crop,1,181.94726698900936,0.4206238389015198,0.1913297176361084,2.3666160106658936
995130811306873,23.092040987381,59.032220074214,23.533106247160088,58.20869049968844,OM,crop,1,97.35219958885207,0.6425092816352844,0.5558127760887146,1.5093934535980225
173462692069034,50.00493277190843,-109.16881836125964,53.411536245906866,15.647741869770341,CA,crop,1,7410.791056202872,0.15524527430534363,0.006643116474151611,4.294125080108643
374397180633667,51.090338894144,4.5540810997605,53.28566031271086,-6.258078704857993,BE,crop,1,775.5375458117167,0.35957273840904236,0.22587846219539642,2.9794633388519287
925791128266982,3.9464155812419,-59.099715656841,44.575477557439804,15.75718037441921,GY,crop,1,8503.144470680178,0.1632954329252243,0.009002685546875,3.654109477996826
1008151256597783,5.4088235841337,-54.080394782482,41.71220289362409,-87.81825692400236,SR,crop,1,5237.169989441795,0.16048237681388855,0.1024198979139328,4.984023094177246
183020897030038,12.165472591779,-68.284782803721,-8.886734648519456,13.262600395945263,BQ,crop,1,9309.089197406938,0.4432472288608551,0.14651501178741455,1.7108404636383057
497361505026790,24.459011977771,39.707017834424,23.58135751099568,58.08017533291627,SA,crop,1,1867.2690445556518,0.10341723263263702,0.006005965173244476,3.668091058731079
312120757154735,47.999359257395,28.38593989914,42.51202414896343,26.505730468103398,MD,crop,1,627.6079767594832,0.5628491640090942,0.3858012855052948,2.079622745513916
507960406990835,40.602484593203,70.9323931635,40.50734454316762,71.00774136300099,UZ,crop,1,12.34664001391465,0.4644264876842499,0.2895335555076599,2.1989009380340576
1068908920302393,28.118257713069,84.092550077463,27.932289620262022,83.432800381509,NP,crop,1,67.97987241350626,0.2725161910057068,0.10750837624073029,3.3580265045166016
2455881761214087,9.3112240684333,7.2316171757752,-15.436212067002058,28.354662364876244,NG,crop,1,3603.6692367853657,0.8426968455314636,0.7428415417671204,0.7675044536590576
308361434006892,4.4588854980948,-75.339098450144,56.645331530016044,36.72061917915079,CO,crop,1,10908.436014836148,0.08157195895910263,0.003937244415283203,4.033300399780273
155484156583350,-42.588544997261,171.13273084297,-43.277549655315006,172.68467984794705,NZ,crop,1,147.75629911381435,0.39894986152648926,0.18709182739257812,2.0817744731903076
792143884742189,53.499641726189,-10.025130557347,53.48336791236111,-9.87938017453162,IE,crop,1,9.810381109519636,0.9764091372489929,0.9617010354995728,0.1569286435842514
538480140482205,46.417273237497,15.981580762317,45.20789523803177,8.015601692463347,SI,crop,1,631.5718901169298,0.10366102308034897,0.004909947514533997,4.352591037750244
968891463855525,40.418204733364,44.58904057928,44.68053240904412,37.609410593421046,AM,crop,1,742.1639254843074,0.5439116358757019,0.41888222098350525,2.029085159301758
2562980810671463,39.539716862316,22.649912734594,40.742703355719584,23.037557110069073,GR,crop,1,137.76429250635005,0.5495240092277527,0.4509642720222473,2.2560038566589355
840569223558585,53.471437474357,30.369358954069,53.227044306138865,27.6916366454308,BY,crop,1,179.79148410603585,0.8975241184234619,0.8673431277275085,0.7190724015235901
212713197082595,42.7199422641,21.124316375918,42.60008388531016,21.14846216739224,XK,crop,1,13.473101810354613,0.8979619741439819,0.8214455842971802,0.4291950762271881
300368228286972,2.6515753388508,99.632830332947,9.395198101677256,76.48840341411282,ID,crop,1,2665.266110303173,0.4254334270954132,0.22302360832691193,2.0970168113708496
803382520382829,-28.928078796683,27.877133995547,-29.4260402278317,27.50598449011623,LS,crop,1,66.06300160523652,0.4734102487564087,0.09139955043792725,1.1858528852462769
1251699818583166,9.3253458360703,36.511457430463,2.766999994914546,32.2240224470054,ET,crop,1,869.6654932838169,0.2827836275100708,0.04142235219478607,2.799755334854126
134346362021204,-20.169316372954,57.574783850557,34.88010756600389,32.50275187809954,MU,crop,1,6669.3947456856795,0.42528289556503296,0.28891468048095703,3.1163992881774902
2659684644176450,15.207410023546576,-14.26851329497232,12.41370505264094,-6.1820704339500505,SN,crop,1,926.6539368739269,0.8824750185012817,0.8547558188438416,0.7142202854156494
338266731040151,-27.714887442632,27.237097549584,-26.387461098835377,28.13215491262722,ZA,crop,1,172.17045103633257,0.39064356684684753,0.1702200323343277,2.0200672149658203
290719459343271,25.048779030648,-77.341776655437,17.157274635871055,-61.64803370350249,BS,crop,1,1847.2262638695647,0.17907387018203735,0.02052636444568634,3.3041858673095703
592656634965955,46.682736593205,21.206630159237,49.13416002024568,16.518420521862218,HU,crop,1,443.04240774974164,0.2623533010482788,0.08568805456161499,3.146700143814087
327481305476197,3.6341919176295,72.959377283817,-8.821239970095005,115.16316529837151,MV,crop,1,4879.1168129127345,0.6327674388885498,0.5866414904594421,2.0710296630859375
511298200008833,41.001835659413,71.969851087691,40.75085244062531,71.84027138582925,UZ,crop,1,29.959196351202824,0.9963914752006531,0.9952754974365234,0.034431714564561844
1048097032779725,43.42241145892943,4.995993425198574,43.39018775795446,5.346236864666182,FR,crop,1,28.51967948669251,0.42221513390541077,0.22336888313293457,2.4726688861846924
275678077530743,-17.141803188939,177.19494791591,-17.867720953440667,178.43696289133243,FJ,crop,1,154.47559939189267,0.8710755109786987,0.7726379632949829,0.5611502528190613
292380389132080,14.868771348072,-61.121170377502,14.786781527123892,-61.17736214422168,MQ,crop,1,10.936207406969112,0.46643388271331787,0.2407589852809906,1.9467995166778564
195963679022241,41.444760586953,46.861020646343,40.63429838944807,46.40938690608567,AZ,crop,1,97.75566560543975,0.39576882123947144,0.3102079927921295,3.259267807006836
967102544034985,16.986811638045,120.77076999861,31.84838007205617,131.30915718818795,PH,crop,1,1964.2912742118137,0.4502819776535034,0.3345327377319336,3.0599722862243652
132001678913743,-38.053559635768,-63.429009930635,-32.93273370770033,27.133078445200066,AR,crop,1,7874.2401059355,0.5417733192443848,0.4710503816604614,2.8047640323638916
4323012444383952,-25.366368202834,-57.609654895019,-25.527294184283353,-54.63795133583867,PY,crop,1,298.9104360447228,0.719032883644104,0.5777641534805298,0.9042433500289917
1156261378535995,32.32323776884,-64.709264213971,17.056645549511092,-61.79620747161742,BM,crop,1,1722.6456509958111,0.8490544557571411,0.7448884844779968,0.5877915620803833
1022165461521852,10.726476338495,-14.376868641028,10.458290059283646,-14.988877750637315,GN,crop,1,73.23871801540007,0.3046181797981262,0.1277022659778595,2.9909133911132812
193167485884135,44.181071716568,19.719133913291,44.123646116595395,18.843598805039314,RS,crop,1,70.14220284518967,0.4115146994590759,0.17837275564670563,2.4980175495147705
2679866852305147,50.425563977087,60.525062163106,51.41743512741237,58.397673307626754,RU,crop,1,185.46272612802784,0.9931508302688599,0.9917652606964111,0.061526402831077576
924145305018051,45.915356124611,13.677818254528,46.21160207496969,4.138662560049732,SI,crop,1,736.2748004921272,0.1400681436061859,0.06334786862134933,5.02140998840332
3991894140857885,6.396085635246,-10.578195078991,6.389397893375774,-10.477363515436378,LR,crop,1,11.16703080756366,0.999559223651886,0.9993342757225037,0.0046505979262292385
3753076561487105,2.0937663139626,45.333850241529,33.96300899925587,10.029769003357636,SO,crop,1,5095.725026095523,0.6556996703147888,0.6024282574653625,2.2552483081817627
4014259028668392,-23.777002866313,29.535916133115,-25.603299347002864,26.947822450844154,ZA,crop,1,331.05356391979757,0.11880248039960861,0.038934335112571716,4.115153789520264
1164259444051011,-33.004571460529,-56.45950492044,20.35416423764792,-102.18196972114093,UY,crop,1,7665.015480701075,0.07996620237827301,0.004495635628700256,4.431790351867676
427797935584192,-3.381688479243244,-44.524339863567576,-2.967985345926273,-45.06191983827656,BR,crop,1,75.35495857910296,0.7623847723007202,0.6912837028503418,1.535709261894226
348228456711934,0.368039651477356,6.712420799552506,6.0992464194394955,1.08044205820394,ST,crop,1,892.6001529554497,0.544956624507904,0.41097337007522583,2.02984356880188
4037485459669920,4.8556815609205,31.589953699137,9.393661116650806,7.2035770460624216,SS,crop,1,2736.571012900122,0.4643024504184723,0.3461415767669678,1.9737898111343384
157040263028996,18.045966582305,-63.112275507715,11.322916140726248,105.90763423390885,MF,crop,1,16534.124088979457,0.4501861333847046,0.3429683744907379,3.4628796577453613
1124425647962016,-8.100649444444445,156.82296055555554,-9.569250207271958,159.30776767386737,SB,crop,1,318.12304347901664,0.9568092823028564,0.9378933310508728,0.2781028747558594
190098606266094,55.069795005888,22.812891905378,49.30716158793713,22.6330861102782,LT,crop,1,640.8922324913685,0.47376227378845215,0.4176926016807556,3.003850221633911
3863626387049111,15.379540488714,-61.26786022339,18.617952776376054,-74.10992705778561,DM,crop,1,1411.8029104757247,0.9545015096664429,0.912143349647522,0.19840943813323975
807900806500123,19.60787766549,37.220870972767,30.365457440809976,-9.511073750961588,SD,crop,1,4824.384708410893,0.45557931065559387,0.08523023128509521,1.3525309562683105
135555819075899,46.30515446867184,15.555693802754446,48.04306383836116,14.392407575734785,SI,crop,1,212.30427714464892,0.35640770196914673,0.3094625174999237,3.761035203933716
152233856857550,11.552312562133,43.119735981314,6.38342629484222,-10.817440460666191,DJ,crop,1,5944.062933372779,0.7676324844360352,0.6840294003486633,1.1944959163665771
319392699542913,1.3294518861992,34.311410798855,-0.34898932299351115,31.699980923268935,UG,crop,1,345.16566997667996,0.9800944924354553,0.9773474335670471,0.188472181558609
991289955033112,34.234741855173,35.65948675276,19.285057491605347,-99.53891300435313,LB,crop,1,12407.770448134057,0.3449719250202179,0.21757188439369202,2.695016384124756
328520695545965,63.434626046589,-19.024249484436,63.64775934509979,-19.546658878581837,IS,crop,1,35.09300483795178,0.8752535581588745,0.8407309055328369,0.678338885307312
464789361418887,3.807393,113.74682650005,5.2591817607973965,115.55025133323895,MY,crop,1,256.9429738404006,0.5972532629966736,0.5436631441116333,2.5218918323516846
1310937239362809,-16.05923501421255,28.45034874273332,-15.69675535960632,28.240950327809273,ZM,crop,1,46.10997175352325,0.36250099539756775,0.13387317955493927,1.8538135290145874
1177148709364507,3.9517282399816,-59.127383286379,4.66319037975285,114.6055572111147,GY,crop,1,18830.88798111766,0.24769127368927002,0.02829878032207489,3.216140031814575
141607461308537,-22.361528273609,-59.837892878355,33.06604304184246,-97.08293561572842,PY,crop,1,7320.3833987057615,0.19519203901290894,0.11997725814580917,4.108340740203857
463077528107904,-4.7878008330033,11.864756923075,5.332412100217517,-3.8939100261024233,CG,crop,1,2080.569182730322,0.9917359948158264,0.9893896579742432,0.06816355139017105
173215948022940,8.5714365537216,-9.8691302343456,3.670161043898523,11.263261565802464,LR,crop,1,2398.2724350595563,0.8422772288322449,0.7545032501220703,0.7044715285301208
3926033430843905,32.171256244263,35.467920604541,32.113160324288415,35.30735649229984,PS,crop,1,16.439842373455892,0.77692711353302,0.7077260613441467,1.1615179777145386
916665025779516,24.524150796485,67.540287646591,25.115508195176268,70.16164805357165,PK,crop,1,272.60198715935786,0.6381794214248657,0.5627654790878296,1.8394936323165894
842532369808274,41.215589499727,-7.4506176074975,34.90973381263853,32.49994205320517,PT,crop,1,3535.057492459637,0.5621865391731262,0.4018750488758087,1.6515058279037476
909312326294088,28.050014468342,-14.340539294975,36.628458647403335,-4.510407007532041,ES,crop,1,1326.1466929997757,0.30343782901763916,0.04687589406967163,1.994826078414917
1207676993015897,10.787243979814,-68.323068119416,6.179375904168012,1.203504048543923,VE,crop,1,7649.4071065666485,0.6460762619972229,0.5336775779724121,1.5569063425064087
317484316498860,51.531648181729,128.20909035955,56.693103764493536,60.39786851360108,RU,crop,1,4273.369309939666,0.2631779909133911,0.017027825117111206,2.2937915325164795
947661819318356,17.121694235905,-24.994762874038,15.748764112738446,-25.2124358100124,CV,crop,1,154.4178123552726,0.7289162874221802,0.5720176696777344,0.943511962890625
3947329925333716,12.679493966294,-6.7269231036328,12.4802701885643,-5.301536559155298,ML,crop,1,156.26866528706816,0.9987322688102722,0.9983772039413452,0.013328301720321178
142131454599179,24.557496611483,35.148695104321,38.70283035930536,33.86179583014589,EG,crop,1,1577.5499785059583,0.49110132455825806,0.41567462682724,2.728083848953247
165567675960284,19.612087898208788,-70.1751715983372,19.4173630068272,-70.65609262119747,DO,crop,1,54.857945236306726,0.422335684299469,0.2572852671146393,2.592496633529663
1366666657062368,47.544360211205,12.177256693404,45.946187539111776,14.043626973595956,AT,crop,1,227.5897806845627,0.39585766196250916,0.23810628056526184,2.9555704593658447
829244944391118,39.11803685393,-7.7196219014644,38.387366256327624,-6.192958692409923,PT,crop,1,155.32547305938226,0.38254907727241516,0.1594899743795395,2.4441916942596436
298013541938371,41.541448730912,-8.7560397976019,41.192892125530804,-8.306075846890437,PT,crop,1,53.9641596981778,0.4610140025615692,0.28215569257736206,2.048307418823242
930318810923353,12.290897526921208,-69.09122276531554,35.070149810242015,-2.0599227709060304,CW,crop,1,7144.770172623012,0.3247336447238922,0.17414790391921997,2.741633415222168
503246924141783,15.602839427825,32.487242561959,-14.4752092569775,31.36745814831499,SD,crop,1,3346.7897313192366,0.4985608756542206,0.37378090620040894,2.096036672592163
449325599700589,50.12174331487,4.4948783441326,44.85981925178538,8.282402688708856,BE,crop,1,650.4221477568399,0.6874914169311523,0.6091197729110718,1.7327340841293335
467405711031097,17.992572255683,-66.263814308226,35.0309986822741,33.787438829421724,PR,crop,1,9743.78359808345,0.2987331748008728,0.1460142731666565,3.3401410579681396
288246882935326,40.557590089793,75.163197454637,39.46212448384637,-2.958978667441029,KG,crop,1,6418.7262413089375,0.8500488996505737,0.8351480960845947,1.2218728065490723
505540450790369,22.70995468898,92.098773627243,27.733992732916214,85.43172413847874,BD,crop,1,872.5287391179045,0.35495632886886597,0.035299211740493774,1.560658574104309
591386078920254,62.107759453888,-6.6834959276139,62.08948781506294,-7.009528124029882,FO,crop,1,17.085896870339905,0.9991716146469116,0.9984866976737976,0.007306038402020931
370606561029319,10.210502973191,-0.07341133185964,10.163122052103825,-0.023784294002623732,TG,crop,1,7.566779693784234,0.8493468165397644,0.7004911303520203,0.43890783190727234
439450394288287,50.054284237917,38.880788589348505,53.99043235478297,37.86973181916993,UA,crop,1,443.1007479287724,0.3006862998008728,0.20785249769687653,3.632622718811035
310375324029868,-37.347698548595,-71.82270654997,-35.503290079848306,-72.49926075184678,CL,crop,1,213.83333015502478,0.6537001132965088,0.4109013080596924,1.1299737691879272
981591149045969,18.008278271819,-76.772753375805,9.059260639771233,-79.46483689210925,JM,crop,1,1036.6737443157035,0.7953912615776062,0.6547894477844238,0.8782883286476135
538662890462002,22.639099459104,-80.443942528532,8.696686487224408,-12.004271471630902,CU,crop,1,7431.1051200756,0.3585510849952698,0.010108232498168945,2.3676700592041016
481222069768896,22.306404025662,114.25196352132,22.26004469981087,114.1867151434303,HK,crop,1,8.464271071304779,0.45747673511505127,0.10198310017585754,1.2112175226211548
853822608822418,-13.764240001823,34.415945000478,-26.127302785617026,28.47962233530987,MW,crop,1,1507.551682880833,0.43839454650878906,0.20511022210121155,2.127626895904541
2945544342367414,18.448984494982,-64.550096065019,18.59506621019941,-64.59952695973219,VG,crop,1,17.059166502756348,0.8196369409561157,0.699332594871521,0.7381316423416138
733805970633940,26.209879663614,44.103482474166,29.742598798250963,31.02062876450404,SA,crop,1,1342.5110127777814,0.1297205090522766,0.019088633358478546,3.9295969009399414
2579377392357434,34.360744713034,0.072177953700416,34.30586744669918,-0.6524086465030297,DZ,crop,1,66.81172244386835,0.9699885845184326,0.9435502290725708,0.150631383061409
321976292610460,2.6050561253904,-76.72716581048,2.244997958376335,-76.6068826730231,CO,crop,1,42.207808247593256,0.4363858103752136,0.28518176078796387,2.0172626972198486
246778030560130,22.378053670525,103.87749530607,-17.133938280694455,-65.95519759025234,VN,crop,1,18802.360067750546,0.1270061880350113,0.04870172590017319,4.9347381591796875
132463405538393,51.895041095248,4.7359317785887,53.29996657952423,5.948256680183319,NL,crop,1,176.37247063854636,0.28315725922584534,0.18480636179447174,3.2890405654907227
159985626091830,42.085182325218,23.055097885585,39.88084289943314,20.066691563110208,BG,crop,1,350.67718097304424,0.432766854763031,0.05052056908607483,1.588696837425232
740422473321001,35.328722082019,33.504620154232,35.42295853829589,34.00012154898045,CY,crop,1,46.13056392143288,0.3184798061847687,0.021287620067596436,1.4413563013076782
6049840251722845,8.4468470660858,-83.484163463651,10.12384366696191,-85.74181368371968,CR,crop,1,310.07650345844314,0.5470262765884399,0.3793572187423706,1.9560198783874512
138432154861804,35.516834375223,24.116877817233,35.06275866349731,33.73700936934026,GR,crop,1,874.2510598533134,0.902686595916748,0.8648169636726379,0.6243572235107422
171677658627663,18.637934456903466,98.81616605062511,13.236035403884168,101.04602257208317,TH,crop,1,646.2100652934279,0.7438675165176392,0.7091629505157471,1.8136975765228271
473447400410020,45.472666923779,13.751881662375,34.87822115764846,32.47209235878837,SI,crop,1,1971.1331808480525,0.3236953020095825,0.19050292670726776,3.396327018737793
208370247526297,56.307504479799,9.1351912802156,56.295739037841,10.500407023066806,DK,crop,1,84.23339904617832,0.5231744050979614,0.4220745861530304,2.792438507080078
1163829564042676,17.629236812387,-63.23181172096,40.39440602590552,-89.76037628442245,BQ,crop,1,3586.6453799427704,0.16966146230697632,0.05043284595012665,4.257923126220703
1180300995725561,32.355451166141,15.079114167989,35.66213116039756,-0.5860932661445422,LY,crop,1,1488.1922256176808,0.7899596691131592,0.6385500431060791,0.7529381513595581
1162905660800863,17.15804609038,-62.622664100026,14.575870724733464,-61.01182815946688,KN,crop,1,334.8415926254826,0.6877670884132385,0.5486720204353333,1.1783313751220703
780194756204466,31.983423754021,34.895586904175,13.658870766724133,100.7083880272599,IL,crop,1,6942.318781446989,0.34285688400268555,0.18690557777881622,3.043302059173584
789897778580281,54.185632103826,28.47319812173,51.637866947536125,20.950191495896696,BY,crop,1,578.1367483606516,0.24391475319862366,0.11857473850250244,3.240327835083008
769108033797400,-13.06839043317,-76.274611371143,-16.31844587057288,-67.94041019893025,PE,crop,1,966.338246952263,0.14440907537937164,0.020273253321647644,3.7114627361297607
5011086665646025,13.613395452952757,-16.429313461515747,14.814570002718877,-16.783289259124242,GM,crop,1,138.90732199156994,0.39232784509658813,0.20400896668434143,1.97239351272583
3772032009586752,-4.0767885530923,29.088814837055,-6.055127265808935,28.670019579517366,BI,crop,1,224.81811046810557,0.45214226841926575,0.29175299406051636,1.9806697368621826
971793776898906,-34.758013649475,-55.95646902546,-34.76877144010287,-56.062608555294986,UY,crop,1,9.769162887937068,0.8832512497901917,0.8093988299369812,0.47321903705596924
745163459490620,31.824187546378,35.267560408259,35.70622218053468,-5.797417018571232,PS,crop,1,3792.9559243168424,0.27617573738098145,0.108548104763031,3.2033917903900146
531383694528931,37.605095136322,48.695122536588,41.19514586682085,71.2156170558611,IR,crop,1,1969.899063149771,0.361590176820755,0.13261976838111877,2.562476396560669
355157592673467,1.0703328887576,103.96283377749,1.0678147524592874,104.05406468675194,SG,crop,1,10.146512651133362,0.34799376130104065,0.20058123767375946,2.838937759399414
303575617923017,-9.4382405064784,147.20811425115,-9.34892668929703,146.88900326011873,PG,crop,1,36.38912820936609,0.4632824957370758,0.0736837387084961,1.5088123083114624
1038259080102537,-26.782850103384,31.938656241877,-14.53603068543439,-49.27454537692106,SZ,crop,1,8429.916757222625,0.24030940234661102,0.11814592033624649,3.646742343902588
459158871851075,10.792404464252,-12.298637806325,13.219624160243177,-7.905783692218788,GN,crop,1,548.6998921719328,0.27865421772003174,0.1243196576833725,3.3730926513671875
288005262963881,-21.597843332119,23.667795003616,27.448952799835013,68.01577808939966,BW,crop,1,7243.444247065527,0.1691645234823227,0.07163424044847488,4.8305816650390625
311438013831843,16.840623273889,121.74439328693,25.43772901486858,91.47832296038581,PH,crop,1,3272.5341807364493,0.22099709510803223,0.13247150182724,3.897556781768799
457187265449390,18.32580535956599,-64.95398969507924,39.91490347614566,15.797383437152329,VI,crop,1,7940.612753644458,0.4952874481678009,0.25513046979904175,1.4818987846374512
327825698973041,39.559288635696525,72.9109157130074,37.63542172325782,73.74677639923476,KG,crop,1,225.91736458884697,0.8559954166412354,0.8072049021720886,0.8666998147964478
1376712112713014,5.1198336159589,-52.65735432583,5.992050657552322,0.5114291978315421,GF,crop,1,5882.901400735543,0.20292076468467712,0.06535923480987549,4.09593391418457
524817781855332,-14.010419075563,-171.76031777505,-11.665443216688976,-172.0222310155134,WS,crop,1,262.29073267904573,0.7643638849258423,0.539431631565094,0.6097660064697266
858561451393926,36.701828275673,67.096598041303,-16.464596682552493,-68.15609075913052,AF,crop,1,15087.03810017058,0.19210706651210785,0.018331870436668396,3.919407367706299
177928610855949,6.391780060521,2.6237783121974,5.245939935512375,-3.217869255097636,BJ,crop,1,658.6417818390915,0.9380698204040527,0.917941689491272,0.4267503619194031
747501719832988,-9.89210909998267,38.8967731000014,-13.87379276504162,-42.760097871403445,TZ,crop,1,8854.693012539828,0.3913207948207855,0.03047800064086914,1.5607258081436157
488569252193683,12.539996192436,-81.714972968868,16.372514955983927,120.87503933932548,CO,crop,1,15952.687250125144,0.48509320616722107,0.3264283537864685,2.333899974822998
762294004482937,20.222569995853,-76.036013281341,44.0877674571766,-79.6178035916554,CU,crop,1,2674.3451181272103,0.2885783016681671,0.1864680051803589,3.4470386505126953
526448611961086,7.924136171510359,-11.169831512240096,7.896330782934077,-11.194997167779,SL,crop,1,4.152285902399721,0.5111742615699768,0.23036512732505798,1.6346733570098877
1359226914447321,10.466207945458,-85.77513112055,13.882268097069842,-89.94356004195777,CR,crop,1,591.1826278984189,0.5177194476127625,0.3694698214530945,2.2014975547790527
478165190183611,12.430745089839997,-15.317974157219002,12.327466717754618,-14.422259105225704,GW,crop,1,97.95876918947158,0.9697189331054688,0.9571564197540283,0.19472363591194153
336533984561274,18.419385888373,-72.877030607553,18.510431927585362,-72.54818443318622,HT,crop,1,36.1308577828869,0.9952720999717712,0.992505669593811,0.036755338311195374
292195892390772,-13.068772639841,-76.278890129748,42.6168018410068,21.17025047939798,PE,crop,1,11591.323548643464,0.3333316743373871,0.14291243255138397,3.434946060180664
786215532287048,19.827903639239,94.949804250429,20.12872867713679,94.78443233569654,MM,crop,1,37.650781278743416,0.9429378509521484,0.9081867337226868,0.3610150218009949
4028024750648073,-1.455427434928822,29.883620710338125,-1.3765035819439695,29.704422035510696,RW,crop,1,21.767390629933303,0.5642259120941162,0.4246908128261566,1.5768392086029053
481816143100801,26.018200502837,50.622605427635,26.01253160697796,50.61306103881895,BH,crop,1,1.1432371860882353,0.9844493269920349,0.9773094654083252,0.10843371599912643
304881227850189,22.470625099054,114.10853488259,22.362241612407516,114.07168919266441,HK,crop,1,12.632823255330408,0.743818461894989,0.494717538356781,0.6213123798370361
126797393065714,49.84047838484732,15.803297909812008,49.699327015054756,16.145531315794944,CZ,crop,1,29.16185904855779,0.18580128252506256,0.04361870884895325,2.9750962257385254
1211101869349798,-10.507365795363,105.65356096619,17.51637904847633,-62.452319738208054,CX,crop,1,18514.666465095976,0.26851797103881836,0.07703255116939545,3.474268674850464
1357493864625552,2.1640539673148,30.64994870704,-11.76747735176218,27.273330925120167,UG,crop,1,1593.436000600934,0.5974788069725037,0.4720582962036133,1.4272862672805786
934011534098551,12.028286166295,-61.732840110417,15.5804020027984,-61.44634478004493,GD,crop,1,396.1865114026773,0.3138532340526581,0.036134958267211914,1.7296926975250244
500159881489089,7.342259838854188,134.46879110851162,29.18855773051215,-81.02739216146247,PW,crop,1,14453.947910453808,0.36776256561279297,0.30160820484161377,3.19303822517395
2829740963958043,-2.733735821930212,29.43081567684662,-1.973440693185513,29.91557942132032,BI,crop,1,100.2386833367604,0.3940766453742981,0.08831477165222168,1.1212210655212402
300848138109718,4.2523717777778,-55.444873805556,7.1869698654208145,-11.552917116107295,SR,crop,1,4865.414599898176,0.5775178074836731,0.4291253983974457,1.9411033391952515
2960966407518451,59.940574907434,18.785342625587,57.89341159631381,26.46068898934775,SE,crop,1,495.5425663405773,0.18854212760925293,0.05644844472408295,3.086348056793213
220493529416834,14.451610237561,99.415018949546,18.408234172477883,103.9869962428965,TH,crop,1,656.6637970933483,0.5270273089408875,0.3324173092842102,1.4524661302566528
516560806259751,-18.175596732511,178.20009731967,5.299234843328104,100.48320551455859,FJ,crop,1,8903.314869111633,0.4784640073776245,0.42636552453041077,3.29550838470459
294110862335495,53.181595920049,5.7480942483866,34.56845831903099,-6.341162770133148,NL,crop,1,2278.058675993958,0.2862197756767273,0.22755827009677887,4.259957790374756
244296907493001,65.57013399313,-19.349029020965,65.88668754803615,-17.846225448718876,IS,crop,1,77.18103966469802,0.7551501393318176,0.5837323665618896,0.7301966547966003
233889245170464,4.8560503387361,31.612436706474,7.956566366385486,-11.725387163425232,SS,crop,1,4799.135264233189,0.8478507995605469,0.7883818745613098,0.7395184636116028
1927622730739430,40.369069324101,18.219159988562,40.63821051455956,17.875061545520712,IT,crop,1,41.73768554721345,0.24138639867305756,0.1555289328098297,3.8742194175720215
471926114136200,4.5631962676901,114.07349517648,1.416469961859559,103.82750855920798,BN,crop,1,1190.197259452221,0.19297422468662262,0.07190338522195816,4.086097240447998
1192683651176123,9.0895860909637,-79.618866004971,13.250097794857988,101.0508114932817,PA,crop,1,17529.927096798907,0.21010784804821014,0.028226450085639954,3.6561434268951416
1413530045696031,-15.969463833371,168.26130683879,-1.8878220917567843,149.08254226174296,VU,crop,1,2620.117861054383,0.47564229369163513,0.07263770699501038,1.3269164562225342
299499428465574,22.36370144725,113.94841256522,22.297328391969994,114.21136253663614,HK,crop,1,28.034913372122,0.5515663027763367,0.32679709792137146,1.063834547996521
189606749553432,56.525393057968,10.08101978509,56.42036295215201,10.120667802534514,DK,crop,1,11.929967819176984,0.5613560676574707,0.34550559520721436,1.4983837604522705
1108722216274003,1.3887705484241,173.14385660736,-8.866651545997684,159.147395311319,KI,crop,1,1925.018662888694,0.22452642023563385,0.0749872475862503,3.8357951641082764
240591061153313,9.7075559946148,100.00619099387,14.025419699048223,100.73200128182859,TH,crop,1,486.57407466936496,0.682647168636322,0.623203456401825,1.5427991151809692
794974811139135,32.804114385981,13.043328230439,34.59064163017368,-0.8486589625430707,LY,crop,1,1299.355081837707,0.39793482422828674,0.1582176238298416,1.9578185081481934
1107588656407422,-46.062736055573,169.00760704864,-39.61856723502906,175.63854898131873,NZ,crop,1,896.9375929336754,0.2786901891231537,0.054223284125328064,2.522091865539551
1279096795825768,54.406755367854,-8.4796165911836,54.442376628385084,-8.370272308296352,IE,crop,1,8.106998155560975,0.7364093065261841,0.6099855303764343,1.033892273902893
193108499326081,-6.7004249966118,39.206861112601,-29.39031115723022,27.39535782381439,TZ,crop,1,2810.2323755256816,0.6273669600486755,0.45810067653656006,1.409778118133545
291897862594169,27.521924666676,89.820270487386,27.997263551691074,83.40519198046128,BT,crop,1,633.3618411468826,0.9063184261322021,0.8619620203971863,0.4691679775714874
123070833137806,5.8145917994639,-55.143095980408,5.9051043028366825,-55.24189144436407,SR,crop,1,14.85662263314225,0.9465429186820984,0.8935054540634155,0.21118539571762085
5396405327097940,69.21259125489,-51.103395948712,66.62543920904905,13.98973349785894,GL,crop,1,2606.4321982522624,0.8223313093185425,0.6606302857398987,0.5987234711647034
957601181668431,-51.706042723598,-57.906993308318,-45.04546288956094,169.32713727834138,FK,crop,1,8344.299088238524,0.5838268995285034,0.4998076558113098,2.40828275680542
604130717650197,-1.9959688798483,30.050157126173,0.3429016291497547,32.59919833781903,RW,crop,1,384.6391692020739,0.5841500759124756,0.4255914092063904,1.5552256107330322
1941512039367524,30.98571832847058,-7.229221956634584,33.60804150194907,1.3028353865226274,MA,crop,1,852.9679670325518,0.47642454504966736,0.31268078088760376,2.3364362716674805
196243366278308,13.167682777777776,-59.53696416666668,13.180511833565054,-59.59213877729259,BB,crop,1,6.141639750182788,0.9999526739120483,0.9999455213546753,0.0007453092257492244
215411967015224,-16.468819194731,-71.941378039278,39.49164137170867,-119.75891085307384,PE,crop,1,7954.823984490412,0.1246446967124939,0.005391009151935577,4.4696855545043945
1450360272005106,15.921467840879,-16.279407687736,40.18594690956474,-86.15561490462721,SN,crop,1,7177.333711012593,0.5720112323760986,0.40358296036720276,1.8237899541854858
756714068376834,4.8155110248734,114.77642618053,4.878120585395486,114.92001704002149,BN,crop,1,17.36603387702377,0.7143319845199585,0.5751914381980896,1.2567938566207886
2918063678449936,8.0011665869234,38.705149393002,8.27052316909488,39.0365707081724,ET,crop,1,47.201290886999764,0.99897301197052,0.9981447458267212,0.009504413232207298
1001295333882125,40.63113853803493,-6.0362211199295865,41.94863625991159,-6.443426358733031,ES,crop,1,150.39711610880323,0.5911329984664917,0.49904686212539673,1.9310495853424072
808035410091724,16.206487661547,77.345926501434,5.616587890096801,-0.06726247281290332,IN,crop,1,8492.48677100075,0.5409252047538757,0.4460885524749756,2.3329415321350098
268897404930235,57.163975404144,-3.6875044027183,56.610761744942515,-3.5627639472435635,GB,crop,1,61.9794448212394,0.48750123381614685,0.237453430891037,2.033686876296997
1125401674596218,39.823992064377,42.428897726042,39.88804372332337,41.48215865565897,TR,crop,1,81.12611900777308,0.9764432311058044,0.955166220664978,0.12734679877758026
526674661844363,36.219109563696,44.414746657631,41.0361989238918,-1.0351909800160082,IQ,crop,1,3939.475278846738,0.3626483678817749,0.2904503643512726,3.469217300415039
964858007616084,4.2630124849459,73.563178328896,10.115548764168201,-75.86294816320765,MV,crop,1,16270.526476085675,0.4311131238937378,0.3128473460674286,2.979257106781006
5490667957675480,5.2624334865771205,163.0047322024813,5.156038374585523,158.73353255722878,FM,crop,1,473.1211050183658,0.8232718706130981,0.7191530466079712,0.749863862991333
573195574072375,-15.671003834964,-48.191441316741,-16.57152402454383,-48.59196890240938,BR,crop,1,108.89079807386149,0.15069112181663513,0.006085708737373352,4.26821231842041
892381884955306,58.981961021242,24.221882703215,58.630793621304946,23.805946788362206,EE,crop,1,45.80982795912119,0.15862619876861572,0.033754363656044006,3.4510598182678223
5416581451690167,8.876751843202419,-64.23554389395768,2.0333673996817945,32.745584130240445,VE,crop,1,10738.856542740119,0.4808445870876312,0.20337674021720886,2.042229413986206
482078066336394,-18.636202891772,-174.01936863548,17.915394832087383,-94.07956050905962,TO,crop,1,9630.175256165468,0.6466993093490601,0.5183965563774109,1.692712664604187
329210971927794,5.843070862629,-55.089876855582,5.88106547089281,-55.15656677008439,SR,crop,1,8.500952778087353,0.36282074451446533,0.25604233145713806,2.9089243412017822
251937010050891,47.507459505795,21.685088460781,-26.000056467817814,28.17711714313099,HU,crop,1,8199.514997223314,0.24277080595493317,0.1059691309928894,3.7494657039642334
469124120816531,33.256755487161,126.61974805537,19.09288781149378,-99.56193833903596,KR,crop,1,12406.778915655805,0.5132502317428589,0.39690276980400085,2.4976112842559814
6544008378958782,42.576053933645,12.422579613177,34.999173130274656,32.49702865622585,IT,crop,1,1926.6423176028593,0.21573945879936218,0.14232715964317322,4.066543102264404
468826351040628,-32.904700967934,-52.731761718702,-32.470458047316484,-52.717236337122245,UY,crop,1,48.304740228616176,0.9807594418525696,0.9777737855911255,0.18539243936538696
458089889154332,49.9716081757907,38.98921274981689,56.635877171124775,61.02736690979142,UA,crop,1,1631.2731399864654,0.7477449178695679,0.6480199098587036,1.3129041194915771
913455289198852,10.638477230341,-61.313394324688,10.530643949579275,-61.21063750929737,TT,crop,1,16.429293723657278,0.9817793965339661,0.9714798927307129,0.1347348988056183
391651555234292,4.7891910927864,103.42511490766,5.532283217053327,100.4521053546371,MY,crop,1,339.4509042311194,0.30662304162979126,0.09795379638671875,2.8663170337677
169873605037737,10.045722702666,-83.299560625022,14.36707800817908,101.09282972550382,CR,crop,1,17257.639037707435,0.62452632188797,0.4381546378135681,1.7985754013061523
1032233080991900,39.140834029054616,20.961949886464165,38.607647203018885,23.35170794121839,GR,crop,1,215.19680114061208,0.39331355690956116,0.20103353261947632,2.3121321201324463
375451844456388,-26.804552190115,31.961012436385,11.761731429164008,-86.15662242169485,SZ,crop,1,13370.897676613818,0.27211302518844604,0.016372859477996826,3.0158090591430664
855805948342180,44.525909974035,15.903249699487,44.83220167249788,15.730806825890447,BA,crop,1,36.68578252818438,0.7750777006149292,0.7136797308921814,1.070317268371582
139526285635637,13.217826050214152,2.929162678521952,21.098377980595156,-101.65542981934729,NE,crop,1,10943.599049302507,0.31760817766189575,0.14376600086688995,2.77415132522583
5442759149130487,67.890019179633,20.308537274689,67.05077606203274,21.07582010735212,SE,crop,1,98.87793330050977,0.5378720164299011,0.39229872822761536,2.2571794986724854
3921179927973144,54.246330015747,-4.5628069974706,54.31806409532023,-3.9625716973976663,IM,crop,1,39.772131384870896,0.29447072744369507,0.0842791199684143,2.6813228130340576
469492320924211,38.276346407666,57.98363402764,41.20015414471689,69.1334910182909,TM,crop,1,1006.4035053232498,0.1259792149066925,0.004242695868015289,4.099879264831543
310307137129739,48.189212227502,-106.60069617067,-23.172197271843,27.792343547015747,US,crop,1,15147.469680346729,0.09874735027551651,0.035386472940444946,4.861878395080566
383397352939199,39.95006776682,140.12870703204,38.57225308707051,141.01944676246057,JP,crop,1,171.32496141081657,0.13369129598140717,0.019749797880649567,3.5650813579559326
1688335251353973,-14.865382426326,35.3053829175,13.254816158295707,-8.215360385074936,MW,crop,1,5719.6279586903875,0.2528380751609802,0.19987651705741882,4.4127044677734375
368819684557497,9.8821178559993,-84.703514000306,-35.49745727685233,-72.50665356456295,CR,crop,1,5206.0620358317055,0.2528657913208008,0.16028401255607605,3.4631035327911377
3142165536067308,8.892556698116664,-64.244099923535,-7.131577960551302,-34.860682048533725,VE,crop,1,3711.7912615567316,0.3607599437236786,0.14440645277500153,2.634183406829834
916461445802958,18.351592546824,-73.166686920189,18.58980087854315,-72.45973731913197,HT,crop,1,79.12474163517437,0.8889167904853821,0.8641072511672974,0.7554503679275513
1438450646526614,11.602056871897,43.143067800469,37.77154219080585,-1.0223100502643003,DJ,crop,1,5255.520458639035,0.19319719076156616,0.026408880949020386,3.844947576522827
171644361525352,3.2965683888889,-59.645080555556,58.18004732727526,15.93517238814357,GY,crop,1,8854.849299943695,0.16401062905788422,0.13481749594211578,5.447318077087402
3643623472415985,13.248359768362,-61.267804498546,12.794859580362495,-85.91114466472354,VC,crop,1,2669.155193295335,0.19170702993869781,0.021979302167892456,3.1536495685577393
974847123463445,45.48089676461988,141.9141645369168,53.22070110004661,-1.9638639158730902,JP,crop,1,8515.950664387834,0.5097365379333496,0.4332776367664337,2.903830051422119
219450919950414,4.2765353097168,73.575427012288,10.12056586728562,-75.84476491627592,MV,crop,1,16269.06071358588,0.14145784080028534,0.03254622966051102,4.8557939529418945
197777158852668,18.542511750027,-72.425551013845,41.722145614139805,44.816266933891264,HT,crop,1,10724.373155862253,0.3543565273284912,0.18864555656909943,2.378051519393921
1673203299531642,49.085005765367,-1.4823203864636,49.31474211078979,-1.6067315934162634,FR,crop,1,27.097659030775972,0.34546002745628357,0.11889338493347168,3.0495595932006836
1605231949662620,31.431741304615,7.0759601080198,25.25750063828045,55.388031642470665,DZ,crop,1,4740.266134612569,0.13104985654354095,0.07747647166252136,4.955524444580078
451593852608237,49.039623298927,17.575489860882,49.13617644683229,16.49752653971335,CZ,crop,1,79.22910644466434,0.3646458089351654,0.2145051509141922,2.841536521911621
304641044593781,8.0755534487471,-80.948273440388,-20.606060992402696,-40.582412723071286,PA,crop,1,5443.426710765276,0.9334091544151306,0.8967812061309814,0.37836015224456787
537192110996228,33.673060807593,8.992445655067,35.289737641254256,-0.10048030499986753,TN,crop,1,852.2760211593717,0.9913231134414673,0.9859310388565063,0.06447770446538925
2874567659528784,10.624021568983,103.55740436843,0.3581441482518984,32.53237373135633,KH,crop,1,7927.428310530767,0.14562740921974182,0.03257356584072113,3.75699782371521
306873294180376,36.543159906681,-95.385746192161,37.74306810768914,-94.63220148277411,US,crop,1,149.206434612528,0.10456953942775726,0.0009832307696342468,4.417026042938232
474237406957052,38.032230216342,71.296052545699,23.0300420178694,57.5847302241377,TJ,crop,1,2117.7906519034896,0.3330116868019104,0.054853856563568115,1.8043715953826904
893270331236297,35.542457911478,34.345047266311,35.286695993429426,33.346020794951635,CY,crop,1,94.89470376272044,0.42351117730140686,0.2805594503879547,2.1691386699676514
394355595015312,-10.420322783141,105.70164382136,-16.629221280564632,145.1837097319701,CX,crop,1,4316.7136375208665,0.9655682444572449,0.957949161529541,0.2713286578655243
1720688194781084,-2.0414077903770145,29.44965968721136,-2.0022240200605275,29.538944507250722,RW,crop,1,10.836357407898745,0.3302588164806366,0.08221852779388428,1.6729379892349243
1072181156643275,18.07465399978,-91.640772999734,39.95966512273084,-83.67343737182455,MX,crop,1,2551.030913690714,0.14767023921012878,0.015098616480827332,3.9546234607696533
4167670343253112,38.101113171443,70.434664027996,38.527857807761976,69.36576207070937,AF,crop,1,104.63439234462238,0.5738294124603271,0.36155563592910767,1.225014328956604
174020494657037,17.630108574846,-63.232604239636,52.71948409174884,-7.547714512392825,BQ,crop,1,6171.215794531767,0.3206155002117157,0.06766942143440247,2.8101186752319336
841778303361650,4.4129500800509,-7.3568081852969,6.171949347599576,1.2163570828679073,CI,crop,1,969.1253139296294,0.9253742098808289,0.8948895335197449,0.4304359555244446
6128179790541161,55.439905979985,25.277989368239,55.42148763955102,24.967119375338598,LT,crop,1,19.72012184328989,0.8313314318656921,0.7870984077453613,1.0691444873809814
860733724520470,42.906057348904,19.550997884227,43.934854244767685,42.81760883997663,ME,crop,1,1876.3578373866762,0.6416512131690979,0.4097905158996582,1.3745322227478027
864697561114910,-29.077441505083,27.74348424067,-29.48487116985467,27.507612249595212,LS,crop,1,50.75233245400028,0.5182287693023682,0.14924931526184082,1.2409160137176514
470728414179183,-4.4035085235997,28.875651684315,-3.0296524236381073,29.567920991262078,BI,crop,1,170.9901969556416,0.6864409446716309,0.6133857369422913,1.535352349281311
572376240384590,38.710627031317,20.595182002582,40.23527493928871,22.54031112867951,GR,crop,1,237.92966451196213,0.390056312084198,0.28365692496299744,2.4680471420288086
121312253609017,-2.475605,101.08095666666668,14.060254873144538,100.85568442213538,ID,crop,1,1838.8713950747476,0.13065005838871002,0.01679890602827072,3.906604290008545
1443161219370901,-20.998296188116,55.608257838223,38.29128806677861,-26.667966021670154,RE,crop,1,10796.822190037024,0.193800151348114,0.0633021742105484,3.9920318126678467
935114343986233,14.756132710056,106.17208788727,14.733843201920525,106.37422066344455,LA,crop,1,21.876808893007926,0.6126534342765808,0.5742437839508057,2.2900357246398926
528816851860286,13.929456140067,-90.641111213437,13.929879455462377,-90.59465340275452,GT,crop,1,5.014175595553031,0.4226532280445099,0.012499392032623291,1.530156135559082
949677732469296,-3.949905939326,29.108488727431,2.0995319366817466,30.77288498991784,BI,crop,1,697.632892679051,0.12245430797338486,0.02939685434103012,4.510903835296631
535238961691986,-9.012128600000004,125.26142969997224,-38.66066043043465,177.4916517424699,TL,crop,1,6141.781428223215,0.7973039150238037,0.7423532605171204,1.1030914783477783
785746405666869,-15.233412447604,27.672681901373,-15.002895250948038,28.472762227495046,ZM,crop,1,89.62905681744067,0.2116931825876236,0.0914243832230568,3.8188652992248535
3016818381880651,49.809878371642,-121.45256952608,47.18641633710121,-120.8404998459117,CA,crop,1,295.17827991376726,0.1997785121202469,6.113946437835693e-05,3.192063808441162
381383576502282,45.377597713432,18.296766050051,34.995916591956025,-1.025753956317562,HR,crop,1,1998.2200079527329,0.48593318462371826,0.1600078046321869,1.7748850584030151
610064709949694,39.354018070055,3.189777650907,40.228462545917566,0.16912291513444155,ES,crop,1,275.77529357928375,0.6331507563591003,0.46496325731277466,1.3732600212097168
172787811514759,35.229088448061,33.767549827448,35.25271594299264,33.71954729575247,CY,crop,1,5.089899519740131,0.6857846975326538,0.5225884914398193,0.9579796195030212
782110492675930,20.011066718061,-75.671652777958,9.901835700475052,-84.15371848470258,CU,crop,1,1446.089435916927,0.3178859353065491,0.0603850781917572,2.723170280456543
400250872119328,11.85196334791822,13.142710363889922,5.56535060697992,-0.3239548234938895,NG,crop,1,1636.1371405910718,0.10043185949325562,0.03275010734796524,5.049563407897949
892609551301442,-6.2907747954542,176.31557778615,23.08089975891779,89.59655226196017,TV,crop,1,9947.797221929095,0.9243343472480774,0.9012928605079651,0.5287272334098816
202638525024688,49.252128640765,-2.2302663941837,52.14433287362566,-9.513457947489037,JE,crop,1,605.013037049192,0.4408777356147766,0.14414450526237488,2.211425542831421
482179499657429,35.35863654069,-87.442281622797,40.23361162388063,-76.64703531548676,US,crop,1,1091.3448084932631,0.2515861690044403,0.20279145240783691,4.174533843994141
166409505310564,-9.7930504284381,33.876999664849,44.99534147638859,-89.700715700277,MW,crop,1,13385.201498659088,0.3907458782196045,0.32824960350990295,3.5137977600097656
839128376686201,-21.379486131927,55.652855746499,51.94353595479722,-8.456130505994977,RE,crop,1,10239.44496136166,0.17212669551372528,0.02672766149044037,3.4597182273864746
173546557995177,6.6979922509375,-57.920196653076,6.785150330108476,-58.08527931331902,GY,crop,1,20.64553353628908,0.888135552406311,0.8106174468994141,0.4644134044647217
778732033031387,49.481310552598,-2.580607408903,52.92120311143109,-3.9674177327671254,GG,crop,1,394.4935989025077,0.5121587514877319,0.3664552569389343,2.53629732131958
1459021641097176,19.327056989127,-81.381676002568,26.5923265355477,-78.1804543424408,KY,crop,1,871.6883313072749,0.34748587012290955,0.19095399975776672,3.2092010974884033
968337867447613,25.014773599486723,55.87302113372367,24.862703745466487,55.01564508649814,AE,crop,1,88.08474388053672,0.6786465644836426,0.5709372758865356,1.3376307487487793
516599479378641,56.372189487703,27.438134814115,56.546903032920156,27.04042086113524,LV,crop,1,31.21651829451038,0.8384394645690918,0.8095403909683228,1.0141680240631104
826574104989977,0.4096083408951371,9.468790964341348,-15.412215335260075,28.244652390753078,GA,crop,1,2711.1430817364085,0.2601079046726227,0.08595868945121765,3.0920181274414062
298265468509297,-10.44607449126,105.70171289589,9.103625585442925,-79.50064349661267,CX,crop,1,19425.808893642414,0.155455082654953,0.0227128267288208,4.573736190795898
135182671936165,24.97002129251,55.490379135321,25.12283797253722,55.34255159960377,AE,crop,1,22.594537178978452,0.4155158996582031,0.08961966633796692,1.7181196212768555
369953761725438,-20.697927254597545,164.42307519257272,18.80604572531822,103.0618858638801,NC,crop,1,7996.235580582555,0.11411409080028534,0.059444721788167953,5.194956302642822
150605930403453,1.5703799596146,10.84323380127,6.957911953424041,-8.397084488731261,GQ,crop,1,2215.188849214027,0.47731995582580566,0.3351055979728699,2.540217876434326
942025196552576,18.04711135987549,-15.94458243190681,16.91661706299979,-15.75692084786503,MR,crop,1,127.27107329386303,0.4784168004989624,0.31356358528137207,2.196453332901001
4245112742269900,-15.204236527253409,13.710121098211696,13.104484339374125,77.78745155808791,AO,crop,1,7719.876920856721,0.25868332386016846,0.08461393415927887,3.305060625076294
800629050558884,1.5780520325706,10.841365858236,-20.641951975064277,-40.601127642906725,GQ,crop,1,6117.438052455011,0.7000821232795715,0.5310866832733154,1.3461017608642578
329089375465231,-4.7898646188584,11.8559793524,14.718097991174195,-17.37215636208104,CG,crop,1,3883.6720627740906,0.6264052391052246,0.5135729908943176,1.5148499011993408
2991410527805673,-4.1374600287328,29.078493212922,-3.0580597149465043,29.603003375481098,BI,crop,1,133.3933391866316,0.9645193219184875,0.9600265026092529,0.28694620728492737
798429247478749,46.183809459674,20.174482609731,52.01720307996367,20.85204075521793,HU,crop,1,650.5086498683636,0.3933469355106354,0.12661701440811157,1.8391879796981812
2371116466357575,16.796385002204,107.11609099971,16.7442163825714,107.17000106681054,VN,crop,1,8.160452313353616,0.9876610040664673,0.9826432466506958,0.10264984518289566
468504837703680,49.210225417814,-2.0260057718567,49.248413806070445,-2.1225983092278775,JE,crop,1,8.199223170800957,0.4500621259212494,0.38074827194213867,3.1606662273406982
544837470219031,25.294971915181225,67.28170930758036,25.067764786670946,67.33935016915848,PK,crop,1,25.921550538144977,0.39691361784935,0.16685780882835388,1.9323933124542236
962376597848366,-7.8679271311768,35.785662187966,2.7968034880928725,32.40940404213393,TZ,crop,1,1243.5959301667851,0.14897091686725616,0.02869337797164917,4.3371076583862305
284560226710077,22.245356411415,113.94634816993,22.397624898434103,114.19984682089678,HK,crop,1,31.090355448088363,0.9101186394691467,0.847629189491272,0.37964120507240295
366104118882534,-12.947203981722575,45.1622949013442,15.60230359210834,-61.417235885261654,YT,crop,1,12137.351315125276,0.7960093021392822,0.6933611631393433,0.7765781283378601
302738837907407,13.971297523146,-60.953783885869,13.87369160806844,-60.9931090430112,LC,crop,1,11.65365957254222,0.9122173190116882,0.8871588110923767,0.502474844455719
212663677118887,61.377613835646,-149.52560052518,61.220283863406856,-149.65551400424417,US,crop,1,18.819607023171482,0.8893687725067139,0.8729134202003479,0.8427739143371582
298675135079993,35.02573827135,0.1062064724418,34.56618889221055,-0.7702040065592287,DZ,crop,1,94.94915214504495,0.6746878623962402,0.4438339173793793,0.9261297583580017
200766568352215,12.2259298372,-69.032711700173,38.1411935668731,-0.6160525618898857,CW,crop,1,7291.338449064136,0.7164600491523743,0.5538688898086548,1.126814842224121
522150762114358,-51.767857219423,-59.20385240723,64.24981988056655,-20.60015282409347,FK,crop,1,13324.27460897415,0.2507941722869873,0.030390605330467224,2.8847901821136475
907645580029480,-10.531873592618,105.64908608946,39.404738389067454,-9.18783148956789,CX,crop,1,12875.559601569297,0.9740650057792664,0.9681947231292725,0.20957432687282562
461637908454191,8.5770592738416,-9.8384949656858,8.630826812975997,-13.221286033184137,LR,crop,1,371.96288220164627,0.8752830028533936,0.8346908688545227,0.6761912107467651
737762176916399,-28.523157809827,26.988610572901,-28.899697042909683,26.473952375090292,ZA,crop,1,65.36190992026623,0.21269452571868896,0.086543008685112,3.44331431388855
974044566464626,-8.9232594155592,125.57214462009,-8.626670483868441,125.50248908020559,TL,crop,1,33.855880790087745,0.4616335928440094,0.3258850872516632,2.548995018005371
207733560892728,62.969803716081,25.819453012454,62.18905492175721,25.457975622548307,FI,crop,1,88.76633747809034,0.9588325023651123,0.9502713680267334,0.29935604333877563
935214247230705,38.662861546978,21.897000127107,47.677590060756096,-2.0975992824653074,GR,crop,1,2176.4108637293307,0.26318874955177307,0.18617860972881317,3.6829705238342285
308609804241585,45.352253598167,18.741494665616,45.13040987050683,18.895768722061852,HR,crop,1,27.4664008761554,0.9721798896789551,0.962359607219696,0.20517677068710327
812815579353857,19.970422258885,95.026704859366,21.80568388050469,96.59664909055023,MM,crop,1,261.2324853157393,0.286342978477478,0.21081559360027313,3.8060097694396973
955193138582276,42.352822713826,18.93350046301,42.47999690744308,18.583622123568567,ME,crop,1,32.01428840416959,0.789909303188324,0.7345933318138123,1.2670326232910156
314068633495505,18.384993994121,-64.663491419319,37.80492650627984,23.931096213285596,VG,crop,1,8648.375775921526,0.33468303084373474,0.07660946249961853,2.554459571838379
153100520088504,8.6445550800531,-10.895087890593,6.948925266245458,-11.156644652883582,SL,crop,1,190.7344119252849,0.6948209404945374,0.3971361517906189,0.6637774109840393
899516343957294,31.154817998866,35.36251239366,34.599980017611486,-116.39006858876225,IL,crop,1,12128.244831404007,0.4607582092285156,0.37244850397109985,2.5361452102661133
362016302748290,-10.182357974219284,26.92114281109953,37.56043984390378,-94.56186373049466,CD,crop,1,13456.051329054944,0.3751099109649658,0.2519790828227997,2.8498690128326416
784285982279583,12.468243816564,105.11776238356,-12.865629588121058,28.21492908919567,KH,crop,1,8934.499793569903,0.23047132790088654,0.11597426980733871,3.196377992630005
741076933253733,55.559361968752,24.218044357931,56.56869165881677,36.67120469246269,LT,crop,1,780.038397262299,0.3707108497619629,0.11902350187301636,2.6010870933532715
588238156406124,13.540014603247103,6.862262541663696,-15.516780344426282,28.002173504800947,NE,crop,1,3980.424102067781,0.3386562466621399,0.15973547101020813,2.5884580612182617
704583704721230,13.358425346344903,2.9695516051747206,12.685549660630192,4.124627378860497,NE,crop,1,145.79701130167368,0.7845001816749573,0.6875994205474854,0.8329133987426758
743913432954382,12.506491685569,-70.011189878756,-5.1715755139856086,-35.49964888573209,AW,crop,1,4290.645850255981,0.16251760721206665,0.033116698265075684,4.178707122802734
837216263894683,59.234310100905,25.661811016329,58.17065566155895,25.373946292710393,EE,crop,1,119.43583968764275,0.4758478105068207,0.3346693813800812,2.2163681983947754
4165344470189392,22.250944346283,113.98372956798,22.369734275972313,114.19731194788208,HK,crop,1,25.636244256966293,0.925958514213562,0.8883689045906067,0.3747556805610657
123034153486017,8.896413266511479,-64.21983107316368,33.43546370624954,-94.04144073897088,VE,crop,1,4094.425471644726,0.745201051235199,0.7224821448326111,1.7934232950210571
495142175172477,52.064618461934,27.758129879211,40.11935413479887,-88.2213321902908,BY,crop,1,8051.033227326439,0.10417202115058899,0.039500996470451355,4.653902530670166
278818637266368,21.668020820761,39.5871724527,22.466211360609428,38.638848416405736,SA,crop,1,132.0119049201598,0.9496364593505859,0.9255086779594421,0.33754026889801025
311313370600056,34.298302972773,35.843733635285,38.52749516133864,27.051627406968915,LB,crop,1,915.957166457092,0.4268033802509308,0.07033216953277588,1.2950854301452637
546356603055282,16.319144026137,-61.319536174119,7.307740682180178,80.00758335615419,GP,crop,1,15014.359555470859,0.11057650297880173,0.0014913007616996765,4.801894664764404
455880318809614,13.212934938654,103.97535020814,18.67190865775923,104.18177219979931,KH,crop,1,607.4108979603276,0.7304580211639404,0.6643754839897156,1.7149385213851929
561177494854490,65.249274201498,-14.3599477776,65.55816670632848,-17.616171217787823,IS,crop,1,154.54917505729787,0.408041387796402,0.14600354433059692,1.7141510248184204
591338181829945,40.948513592565,47.680340883083,51.82711328006338,20.833244092158903,AZ,crop,1,2368.0358329594815,0.14023926854133606,0.03326232731342316,4.260781288146973
478603033472419,10.605368280525,-61.423503253964,-34.63175708451723,-58.59052745872438,TT,crop,1,5039.0017855765645,0.5126482844352722,0.42205920815467834,2.154215097427368
140993104682356,11.492434620243,14.669528720435,29.96256334802955,-95.47261356654579,CM,crop,1,11243.877623689386,0.0561847984790802,0.013322055339813232,5.69948673248291
1365904140461073,16.782552049243,-62.177983430902,16.798561833315212,-62.004743960372,MS,crop,1,18.52781949225192,0.5558807253837585,0.20451292395591736,1.187515377998352
184854733517675,66.049214556266,-16.60518565352,65.88943577134012,-16.607556573276057,IS,crop,1,17.766914632247392,0.9749137163162231,0.9530560970306396,0.1315576732158661
484812855999457,11.316364972572,-60.600609669164,13.882782826467759,-60.98565240412043,TT,crop,1,288.41479195878674,0.5867418050765991,0.443660169839859,1.3485771417617798
198374955275087,31.228889368174,35.249839466257,31.143726801716117,35.37418226038152,IL,crop,1,15.151930270010102,0.3421400785446167,0.19537876546382904,3.193145990371704
493661578655706,21.902623515855,58.249258213784,22.21923034784295,58.40833838149056,OM,crop,1,38.83494929144678,0.40495291352272034,0.3236183524131775,3.2425589561462402
1421342044880216,-33.979765814868,-55.677857234372,-34.17272592294154,-55.81656062817449,UY,crop,1,24.97127032322689,0.8723899722099304,0.77486252784729,0.4811917543411255
791346968192465,47.64092226916,22.514698705141,47.706212513000665,22.795680112505433,RO,crop,1,22.25547652323368,0.27573296427726746,0.1247376948595047,2.3739333152770996
509490393519441,12.00528480685,15.133921129804,35.56287385238909,-119.05265652161907,CM,crop,1,12864.959780681565,0.32706159353256226,0.22691139578819275,3.5846400260925293
365265328257309,-16.455863020951,-152.25124408953,41.25632716942675,-8.576354202271425,PF,crop,1,15583.390459166603,0.23879879713058472,0.04266364872455597,3.1764678955078125
373099774078768,15.381551450461,-61.278224581511,15.3601086076094,-61.30024901142521,DM,crop,1,3.3557844270829613,0.9778874516487122,0.9630550742149353,0.12215933203697205
3849748481728507,54.429547030142,-8.350480924746,54.46333911643909,-8.379472449544702,IE,crop,1,4.1991082164962705,0.7147818803787231,0.6107397079467773,1.0411330461502075
486814105900044,24.815009873567,55.581561784151,24.536315007291208,55.74327112224161,AE,crop,1,35.033105737516514,0.4010474681854248,0.31166544556617737,2.359326124191284
553493755814632,25.651486854641,55.817622488275,24.66499458136212,55.719834147886104,AE,crop,1,110.13356687746708,0.2838082015514374,0.10879722237586975,2.770512104034424
294731518788880,12.182130031336,-68.992602507728,12.337891377934467,-68.83535433453305,CW,crop,1,24.32948609006307,0.22402672469615936,0.12302318960428238,3.282581090927124
526112418414577,-4.1889057701817,39.593824106105,11.21980491642482,105.5922679622055,KE,crop,1,7498.584090732743,0.08414766937494278,0.0014029741287231445,5.191492080688477
1143243902846918,3.9423529755317,73.490255336254,40.21367399777217,-84.66885123146164,MV,crop,1,14623.334904878197,0.06468479335308075,0.007758647203445435,5.1609697341918945
1222724854903474,-15.992638795519348,27.473549745213845,-15.928300632365318,28.219174794184692,ZM,crop,1,80.03402634219017,0.9783245921134949,0.9731767773628235,0.18258918821811676
814962436102418,17.246826160842,-88.964928894179,16.894950339427577,-88.456869536774,BZ,crop,1,66.68879265311693,0.8178629875183105,0.734018087387085,1.0004546642303467
2588410498130022,8.6681322733063,15.915175571704,6.1140067845970645,1.1008530298577661,TD,crop,1,1657.8797445114494,0.10706181824207306,0.05620015785098076,4.580210208892822
757152124922572,40.280135692488,20.032560201339,40.1146366516176,20.141768172556123,AL,crop,1,20.608028235829384,0.6045110821723938,0.4654732942581177,1.5689122676849365
3729075633885792,52.879324916405,14.84215981606,51.66563301418794,17.371279585242377,PL,crop,1,218.66954302581362,0.19053080677986145,0.03681015968322754,2.9011175632476807
193255762642321,-25.463140138686,31.530813486271,-25.17693617171698,25.62790881754767,SZ,crop,1,594.1211766868121,0.2760521173477173,0.08911086618900299,2.6676063537597656
158748456176634,18.003107984756,-76.750140742066,13.838479896620898,-89.58615467043299,JM,crop,1,1448.0040517810341,0.3359467387199402,0.1905754804611206,2.8663346767425537
487059602744422,22.483846298693,88.311807710332,13.008751610316196,77.56960045544447,IN,crop,1,1549.2081565015212,0.5472790598869324,0.33437180519104004,1.3477928638458252
187972779810965,37.223202382218,126.95228008609,37.32405897942286,126.71827813474648,KR,crop,1,23.547419948914317,0.9905549883842468,0.9856194853782654,0.07778660953044891
325108962571033,-14.007024453392,-171.59812253095,8.160345127840833,-12.457431403572864,WS,crop,1,17649.39260183583,0.43163231015205383,0.27672630548477173,2.820905923843384
506599274036580,54.629530708934,-8.6760286174409,50.57963772975664,-4.703189152655528,IE,crop,1,523.9944934598877,0.1871003806591034,0.033366844058036804,3.7124850749969482
507218187079443,37.843340581126,68.830014881381,38.565829624464044,68.97239524120619,TJ,crop,1,81.29466089626953,0.6779511570930481,0.5904286503791809,1.5210394859313965
153324916692555,5.5180289616018,-6.5822215976398,0.5668439180816752,32.00201227688334,CI,crop,1,4317.971165865951,0.23230119049549103,0.06370976567268372,3.6156606674194336
771731993706945,41.928551334201536,19.551310678151587,41.69100345981524,0.6910933639030653,AL,crop,1,1560.210501592937,0.46437081694602966,0.003386974334716797,1.1733559370040894
486481489451262,49.966660340065,17.026531427218,49.884039187247545,12.228688058733024,CZ,crop,1,343.52063629464607,0.3067699074745178,0.19257643818855286,3.651650905609131
2949034095418835,3.9465097772644,-59.099420704396,-16.897611239637936,145.05112751035577,GY,crop,1,17012.911156485727,0.8983336091041565,0.8838374614715576,0.8110253810882568
372845630827843,-27.768029274082,-64.271302066744,21.11744846827899,-101.65574654772898,AR,crop,1,6759.566481676208,0.974038302898407,0.9714218378067017,0.22900032997131348
804236390516614,24.360035161271,90.528148543285,24.773080174878427,90.44928408102531,BD,crop,1,46.61583942312966,0.9271599650382996,0.8815259337425232,0.39535456895828247
1165449024229030,11.127732358514072,42.37283796780444,35.47935757419346,34.13900561511875,DJ,crop,1,2832.3544850320795,0.6634712219238281,0.38218221068382263,0.9682443141937256
465682694540312,47.092368215581565,15.033271683507603,49.070267728552395,13.696077120603931,AT,crop,1,241.31502993800382,0.5507706999778748,0.44990310072898865,2.257230520248413
1414034302297531,5.9652601827551,-10.011148216804,12.91253623878687,76.38067588188785,LR,crop,1,9470.259092396911,0.325417697429657,0.04185876250267029,2.6656899452209473
164124928906484,17.026658655636,-88.957499025099,25.868844451911237,-81.11254333609214,BZ,crop,1,1274.3004631442284,0.138380229473114,0.08387847244739532,4.842121124267578
265373079006579,12.19339030343679,-4.128458023871779,11.250111308622174,-3.8126158172943447,BF,crop,1,110.38088063359552,0.944750189781189,0.9229106903076172,0.33180561661720276
211403467484458,-24.160264772744977,47.3486048183456,56.648465866406816,36.718720494531276,MG,crop,1,9041.03796755712,0.28302276134490967,0.19408655166625977,3.844067096710205
4252117868180040,-31.701164589216,28.774388216841,-29.389538723407075,27.549698156452312,ZA,crop,1,282.52622994951224,0.9519703984260559,0.94487464427948,0.3607419729232788
1185546705230006,60.068284515535,20.263657107897,60.26452116463147,18.373780263635403,AX,crop,1,106.79230495442494,0.27306637167930603,0.0564098060131073,2.6006367206573486
307549670912816,47.805455809752,29.008339682994,50.346201017966386,22.34009880454537,MD,crop,1,561.5920641525149,0.32785263657569885,0.1863868683576584,3.2704532146453857
1150240562161074,1.3857279016312,173.14547646453,14.11308715094611,-60.97923030294575,KI,crop,1,13811.860914699038,0.891978919506073,0.8682814240455627,0.8099260926246643
1926367507521003,-34.006516340223,-62.239283065807,-32.70110646638155,-62.32032896149762,AR,crop,1,145.34998956128072,0.33207207918167114,0.13577981293201447,2.0760140419006348
174862464516382,18.026136330252,-63.051721834115,17.4793820068751,-88.20036644405718,SX,crop,1,2661.8987984735,0.36959758400917053,0.13221357762813568,2.9888410568237305
238608201397184,13.394898337011,-15.796480495355,7.941717680980402,38.139638808507925,GM,crop,1,5914.263846109083,0.6109548211097717,0.4633728265762329,2.0395426750183105
168171301893400,-21.306913177085,47.234054757271,6.189586764604041,-75.32344521988138,MG,crop,1,13623.774901505496,0.4993179738521576,0.45775845646858215,3.259988307952881
143601257800230,6.1813662366503,-10.476370028512,12.697217383884771,76.5989662655141,LR,crop,1,9541.07043112254,0.5922949910163879,0.546200692653656,2.226088523864746
1426576467702919,42.716570546448,19.37002352769,40.85808919443959,15.327165435933917,ME,crop,1,393.7066488523272,0.9611048698425293,0.9577901363372803,0.3625951111316681
582527629366762,13.909926027264,-60.995742963827,13.895364448988879,-60.920062090659364,LC,crop,1,8.327730971659587,0.998863697052002,0.9981757402420044,0.010131090879440308
789178535042815,10.848339859199,-14.344376628968,10.689414778096188,-14.729794726566327,GN,crop,1,45.66011987486377,0.7031683325767517,0.5230414271354675,1.0821579694747925
770818833619667,46.189989851656,27.550790956761,45.09438208921555,23.395591584817055,RO,crop,1,345.1835140148007,0.5792516469955444,0.4179079532623291,1.752136468887329
771812706865289,18.810877831997,-72.868700352417,18.67462970150137,-72.35219337343366,HT,crop,1,56.457978449207765,0.23183374106884003,0.10184444487094879,3.2641096115112305
1979924955729830,0.4210184118848502,9.466164114756396,13.091594571667281,77.8052637613156,GA,crop,1,7653.29109625417,0.7674259543418884,0.705841064453125,1.333511233329773
1215125515585698,-29.72467996101,27.401763312517,-29.395740228187844,27.552710021323836,LS,crop,1,39.38258671057654,0.3065791726112366,0.14481008052825928,2.542423725128174
525797611782911,33.53278970091,10.187082947953,34.538104504636316,-1.1789126791541584,TN,crop,1,1052.71507772135,0.8378740549087524,0.8063535094261169,0.9227014780044556
981736889296495,15.18213389856,106.76109629686,36.68553807066988,-116.83928258644507,LA,crop,1,12657.166163761962,0.07415904104709625,0.009720563888549805,5.252845764160156
290546622610201,0.90650801653382,111.91071699724,18.71327033933368,103.78267960883147,MY,crop,1,2169.4719385391777,0.4798279106616974,0.1845683753490448,2.026862621307373
925069178226405,-33.684138890591,120.78000000686,-33.51780647098792,119.79099761163799,AU,crop,1,93.4452453452238,0.0941760390996933,0.0005944743752479553,4.485787391662598
841753896415038,-6.3002644508667,176.31963764015,10.088372178371351,76.21719952888016,TV,crop,1,11231.123758014735,0.11697479337453842,0.01862495392560959,4.33316707611084
645048966783670,42.89641826045616,17.56617896330491,42.875831486517455,17.774409292514576,BA,crop,1,17.11896681280407,0.3745453357696533,0.03533369302749634,2.120166778564453
2157623727878098,42.203008413762,12.652366039877,42.24596433658165,12.629420342464135,IT,crop,1,5.136590353858856,0.6481550335884094,0.531029224395752,1.608945608139038
491154428864902,34.78133892235,10.662689207895,34.75776400856684,10.739422179485908,TN,crop,1,7.483071662397356,0.5289220213890076,0.369779109954834,1.9308764934539795
5023711767716996,27.43539864879576,89.6844986785493,41.223605338926426,71.16397513808371,BT,crop,1,2280.6112638462278,0.2885139286518097,0.16169552505016327,3.697566032409668
502661524102239,25.24288508,105.72866675,43.48018627359564,-91.78368789789829,CN,crop,1,12166.7226402052,0.39250972867012024,0.2710542678833008,3.2202348709106445
768051953908267,24.417738719697,124.24306124209,35.267204957758764,138.92099686964977,JP,crop,1,1856.0514803379326,0.19221952557563782,0.050501152873039246,3.500321626663208
2634487660183183,15.505396860363,-61.465808232581,9.06847920687877,-79.49325610562484,DM,crop,1,2083.8722422138235,0.1314793825149536,0.020022228360176086,3.212806224822998
777370986311883,69.771194043132,-50.45379669083,65.42102800460766,-23.552041008882394,GL,crop,1,1225.544963850338,0.9631749987602234,0.9608834981918335,0.3531530797481537
214018630224328,-30.195842567793,28.141370668784,35.0694065186764,32.807007469730316,LS,crop,1,7273.597514672767,0.22867119312286377,0.09593929350376129,2.507601022720337
898244168080774,48.39779130109938,69.97859259537432,40.97857285545746,-105.25689170346608,KZ,crop,1,10065.852808810316,0.32658275961875916,0.21352270245552063,3.430866241455078
4492529727427156,-28.146082771307,-51.513579498292,-28.338151790633468,-51.21621010212408,BR,crop,1,36.1200887776456,0.3680810332298279,0.2554178833961487,2.820748805999756
285348029668834,24.497433158551,56.506035667282,24.673033527539232,56.29119647208432,OM,crop,1,29.208936267156528,0.6933874487876892,0.6102381944656372,1.2295511960983276
171014971604854,50.702549851864,3.6582481425115,49.10276963440353,16.50754986590083,BE,crop,1,936.0302782171178,0.4063687026500702,0.26202118396759033,2.876051902770996
4840639372618820,-14.92550912288379,13.489538311090364,37.7507269145745,40.935788207001465,AO,crop,1,6521.13464577953,0.9253764748573303,0.8884097337722778,0.4806034564971924
206149904648055,26.21207915528,44.093256403165,29.728346481806042,30.977793282723464,SA,crop,1,1345.107678540686,0.1253121942281723,0.026336438953876495,4.177592754364014
204252138180851,-21.559664995251,23.773974999472,45.136973492386744,-68.69219314388495,BW,crop,1,11873.349180744019,0.09018352627754211,0.010041914880275726,5.138227462768555
920871192081755,-20.154762249788,28.582363111001,-4.163181704463192,15.073052806104009,ZW,crop,1,2302.583571057807,0.5459172129631042,0.3483291566371918,1.7472474575042725
219966586218279,47.029132462966,15.932431980783,47.80804227310018,8.739715978404437,AT,crop,1,547.8478448143491,0.29174211621284485,0.17536607384681702,3.3978652954101562
135549215221893,2.4175748743344,9.8423648123313,7.171162142351804,36.48830885311902,GQ,crop,1,2998.426048840877,0.4573434293270111,0.20874346792697906,1.8734536170959473
376262240365585,11.737844217402,-84.258740123025,11.764035124939635,-83.97548386545289,NI,crop,1,30.97377203496484,0.9914281964302063,0.9854713678359985,0.06048215180635452
171728951493255,49.507376607171,105.95258746284,48.313772914431944,106.21490880479799,MN,crop,1,134.09981963374037,0.20306964218616486,0.11216271668672562,4.23817777633667
253978489850814,48.281270225581,27.973739010266,48.26338234797528,40.39019841950896,MD,crop,1,917.9450995698662,0.21191376447677612,0.0810093879699707,3.8967673778533936
300413981460892,28.731055900238,48.000514767945,30.105017623403977,47.675577475208584,KW,crop,1,155.98530743933924,0.563799262046814,0.40002354979515076,1.4593390226364136
1184530975332530,-14.802947311274,-42.709531402229,-15.065134818003855,-48.773414441591655,BR,crop,1,652.1292985670177,0.7724054455757141,0.6586775779724121,1.0995386838912964
1266617723756139,-2.7425780868466467,29.42359642013631,-2.631956571405942,29.54917049660883,BI,crop,1,18.59693215281707,0.8042582869529724,0.7356765866279602,0.886667788028717
473474263980538,21.715223057868,59.471278053944,22.11887008074836,59.65107418055099,OM,crop,1,48.564752251356246,0.6364243030548096,0.33984583616256714,0.9381571412086487
1249815355421012,41.352986665751,46.933972599593,41.01006130519094,69.90720063835924,AZ,crop,1,1917.3310846209567,0.23400798439979553,0.05942906439304352,3.8184070587158203
228708892356879,48.677696253977,17.636842304644,42.88542936610081,46.60492752124338,SK,crop,1,2321.1066229398607,0.6155640482902527,0.5155367255210876,1.671695590019226
573918251034517,24.9108887387342,90.79494731880273,23.149723138622534,89.6185099476313,BD,crop,1,229.3973328755198,0.5790396928787231,0.45414799451828003,1.7765235900878906
2964997383812126,2.6098453233173,9.8422664516346,8.690816769204927,-12.457922024345486,GQ,crop,1,2557.2838747985784,0.5164646506309509,0.2826434075832367,1.591355800628662
216212559884926,39.033844678159,125.75376577506,41.976090786267356,44.15914346725744,KP,crop,1,6630.259870636176,0.16784828901290894,0.11892668902873993,5.087697982788086
305136647878220,12.193469016038,-61.616092049056,15.39593273199022,-61.35760428909558,GD,crop,1,357.18973658007087,0.30907922983169556,0.16798317432403564,2.3705496788024902
1425023424516398,-16.694601299289,-60.803490901407,-19.972143379835057,-47.42689833539069,BO,crop,1,1457.632511809456,0.17891250550746918,0.00273682177066803,3.896845817565918
454775888919551,46.828024824521,7.8088947836121,46.889301736367585,7.633781150415997,CH,crop,1,14.956928186978459,0.6738759279251099,0.5875580310821533,1.4491294622421265
861104217828929,17.113853213721,-25.242018334352,14.877723840536868,-24.9344715940257,CV,crop,1,250.80959707325715,0.9193968176841736,0.848543107509613,0.3518829345703125
1051007365779921,6.813554100014411,158.2040012,6.490882715185849,159.48084330732465,FM,crop,1,145.51500019632604,0.9999963045120239,0.9999937415122986,5.6083506933646277e-05
1334507140366814,-23.48982047010992,35.38536972552172,-10.078389498345299,13.850544165322477,MZ,crop,1,2728.3352532160443,0.18961942195892334,0.12658759951591492,4.6265387535095215
3912389445490209,49.325970928935,17.226098099604,34.89869925632595,33.52989032211664,CZ,crop,1,2084.137955229475,0.4217997193336487,0.34052225947380066,2.9447827339172363
265194928674974,13.23781099507,-59.544998005588,24.360513620349415,125.60646705900832,BB,crop,1,15797.083404970253,0.34488552808761597,0.16897697746753693,3.3151726722717285
130827665729646,41.660012138201,21.174396481341,41.485696058214046,21.301902366235772,MK,crop,1,22.095381848429277,0.8344558477401733,0.7519980669021606,0.8621684908866882
382514279656400,17.169493550421,-62.549673737704,15.587485211890876,-61.410761500881925,KN,crop,1,213.7904073715551,0.8680843114852905,0.799811601638794,0.5649569034576416
490566595325309,32.35061764629,15.101938149737,35.65040572312544,-0.5824572036707527,LY,crop,1,1489.8506441921315,0.8182573318481445,0.7534780502319336,0.9657862186431885
177150824328343,-14.845732355681,35.25013351485,2.811263774705205,32.829647326427576,MW,crop,1,1981.3812795640692,0.3219180107116699,0.1526023894548416,2.4607174396514893
337754307681723,22.908438446718,90.804919962877,9.613122767372007,76.4308493646865,BD,crop,1,2127.3575826896235,0.9769226312637329,0.9662395119667053,0.14581379294395447
288297272916728,-17.786629070676,177.44305087069,-20.767808404887106,-40.53080831311086,FJ,crop,1,14055.883855001117,0.28554219007492065,0.1635696142911911,3.6183154582977295
485752159242168,60.005211059817,20.384442671458,53.65564932718087,14.560284145857358,AX,crop,1,789.2585830950951,0.8189263343811035,0.795364499092102,1.194840908050537
495377298477425,41.941602973878,34.631294266421,41.83438298886205,34.93704291732578,TR,crop,1,27.977099534212886,0.8035875558853149,0.7330722212791443,0.9302972555160522
2890584101196635,41.681667019865,21.147788358398,41.772862324247214,20.04406713160609,MK,crop,1,92.15365970017439,0.8341205716133118,0.7129489183425903,0.698585569858551
401731674144754,23.355590466277,121.32187991241,53.528470134232364,-2.4547735814856955,TW,crop,1,9909.427306004009,0.3062148988246918,0.22555068135261536,4.046249866485596
1169142930166538,20.834467782196,-75.727264614924,37.50590694170309,140.99197086538263,CU,crop,1,12475.486840838072,0.20727626979351044,0.10320695489645004,4.3462910652160645
306207777612908,-13.800621344179,-171.85935966246,-17.56341847751524,145.77579101557944,WS,crop,1,4545.734136156006,0.9599000811576843,0.954261064529419,0.3136988580226898
2665542867084280,15.44922162275011,-15.809327283661323,12.512664595280391,-1.6956006921040423,SN,crop,1,1557.0825194892768,0.6328180432319641,0.39918234944343567,1.1159776449203491
473236960624282,-11.390300678508,43.342774487865,13.810379465966626,-89.80721155734105,KM,crop,1,14931.57992904385,0.29020094871520996,0.13968314230442047,3.734048843383789
175640891118270,58.3416314331,22.123379209424,58.40918080388552,22.070230213568546,EE,crop,1,8.125286568131644,0.7231258153915405,0.6661848425865173,1.383514404296875
940728323368212,5.5203195797668,16.760305199775,2.161915374979503,33.1650181069962,CF,crop,1,1857.6531241578898,0.9857580661773682,0.9833574891090393,0.11751525104045868
159670792680757,4.8671591384211,31.498747958114,35.15023935222974,-101.74338764259706,SS,crop,1,13411.928529618814,0.24962583184242249,0.1402186155319214,3.87601900100708
490425192372401,-42.289566526657,-73.549884623054,-41.476120802835105,171.98988759201632,CL,crop,1,8619.431837995251,0.3777714669704437,0.22852011024951935,2.832141876220703
140927168065220,14.884255893398,-24.355900858541,30.536138827906907,-9.552584057432037,CV,crop,1,2304.512620763577,0.2285805195569992,0.04596357047557831,2.9688777923583984
2148319455305366,12.658976107053,-1.5012029355804,13.228404088836282,-7.927493977411834,BF,crop,1,699.265094136207,0.5986857414245605,0.4480297565460205,1.7259280681610107
950272148968894,-12.972416512525884,45.15611771647966,-12.917232250585025,45.12337145215293,YT,crop,1,7.088456195909362,0.5039955377578735,0.012222647666931152,0.7266238331794739
153355823412892,49.184810534933,-2.0480987436129,49.26618552554737,-2.1457502869931577,JE,crop,1,11.496226246715143,0.4861557185649872,0.3876408040523529,2.5759129524230957
363513025083758,47.047992478928,8.7799077721095,46.93838539953796,9.642134407777355,CH,crop,1,66.52074247984146,0.2284831553697586,0.12008798122406006,3.183706045150757
512297363276315,31.456330474142,35.250774430442,27.473644197628413,68.13752452642991,PS,crop,1,3202.5180468346484,0.6678306460380554,0.532072901725769,1.5822327136993408
456622292570371,17.562683786778276,52.54996407813734,21.107479467608453,-101.62098262909959,YE,crop,1,14875.742895191579,0.9205746650695801,0.8777090907096863,0.44196292757987976
4527359417278295,12.574854908472,-70.042613806787,23.602688162565773,58.219692088008095,AW,crop,1,13100.834165176246,0.466698557138443,0.31991899013519287,2.5580155849456787
537629581307027,13.181351944444442,-59.52259444444445,13.16180811389708,-59.60058633637867,BB,crop,1,8.719311538008053,0.9663099050521851,0.958886981010437,0.2371501922607422
795129897807041,35.163207188355,-6.1437231591152,2.5273081871070455,-76.57338514244142,MA,crop,1,8073.247619470529,0.21601387858390808,0.16149121522903442,4.367467403411865
351777130251541,39.481253041447,46.278721306968,39.581153180759,46.16879640492767,AM,crop,1,14.569561855585059,0.24411742389202118,0.16022446751594543,4.2212910652160645
808281843784947,-9.017975593206083,125.18936083216094,-7.057635563219793,111.35723816535011,TL,crop,1,1538.3225912480573,0.26017624139785767,0.03482601046562195,2.4682414531707764
571640328046013,9.496515810605342,138.0909467705742,4.39254807564637,155.48105766850472,FM,crop,1,2000.907891600164,0.7483165860176086,0.6561270952224731,1.3807353973388672
1596718320725210,6.820059002595853,158.1889075956807,6.864961221433189,158.72300197893242,FM,crop,1,59.17658801382641,0.9959096908569336,0.9953912496566772,0.04654538631439209
909068383276012,51.71872582063,71.017642467242,36.8820558356222,-76.36565275159133,KZ,crop,1,9665.062618346767,0.3422291874885559,0.21149463951587677,3.06011700630188
201271568510246,11.498181689874,104.89298318393,20.755101580190356,96.21035075006813,KH,crop,1,1384.644975856315,0.5755400061607361,0.25131890177726746,1.152010440826416
865101847550557,14.337966085705,-11.307015681085,-14.561627695837048,-49.20181329039048,ML,crop,1,5263.174212014185,0.2556034028530121,0.11180330812931061,3.294126033782959
273645621106204,11.400246031697,15.323762439617,17.245401837441573,79.19513257425876,TD,crop,1,6883.836973985148,0.6986850500106812,0.6542143821716309,1.9405438899993896
816784312848146,47.27419583333333,110.70045194444444,34.18660323044584,-0.34081861858727963,MN,crop,1,8651.412927115816,0.1804312765598297,0.019034862518310547,3.107584238052368
205051911255970,15.898719949045,108.34769045302,11.16138320185399,105.35796873131608,VN,crop,1,617.9656754504813,0.702315628528595,0.651974618434906,1.6944061517715454
1197452254025430,60.290261118231,20.017018951216,60.24083405400368,18.37842406170015,AX,crop,1,90.53405126653368,0.3850362300872803,0.19361922144889832,2.7273547649383545
524857088520171,40.969687102424,47.506671390525,51.826906613971204,19.603837327224916,AZ,crop,1,2434.9764181162036,0.5669995546340942,0.5101474523544312,2.990809917449951
585468982429325,56.863557681775,25.533807915732,58.03182147152774,25.498768739652473,LV,crop,1,129.9219164295961,0.6852943301200867,0.5680260062217712,1.4019486904144287
223293895846479,40.460441929706,49.654367032421,40.021040091118394,48.894748007390746,AZ,crop,1,80.89667448407488,0.26632168889045715,0.14298638701438904,3.2578630447387695
983815092358003,45.845665401276,-1.1566237774946,-35.95529097393124,174.34845253891703,FR,crop,1,18852.759510191543,0.1266145259141922,0.01238764077425003,3.9514000415802
495004361712254,16.705985016912,-62.221856779895,31.61223170555484,-110.6341978560439,MS,crop,1,5137.664570340641,0.1731100082397461,0.13517586886882782,4.887691020965576
1116467962190839,49.234789455854,-2.1566386309068,49.305991135812434,-2.142421465686885,JE,crop,1,7.984178039919347,0.35765111446380615,0.2459937036037445,3.149855375289917
799261197806429,13.04112461881004,7.584578150427974,12.511751911967869,-2.1482113253836577,NG,crop,1,1057.014756633508,0.3651619255542755,0.2100668102502823,3.199761390686035
375892980333603,53.800018986142,19.066495869964,53.525099233156475,19.248176419149253,PL,crop,1,32.829795795514414,0.1830114871263504,0.00018543004989624023,2.9620659351348877
216735996617694,-51.729168266578,-59.221494505424,34.62430312730584,-1.2523005244113568,FK,crop,1,11133.154224942746,0.3116324841976166,0.03963509202003479,2.973949432373047
122836676470530,19.317250203375,-81.382868299519,17.34745038521754,-88.46060719537967,KY,crop,1,778.4213142624111,0.999948263168335,0.9999064207077026,0.0006080739549361169
864991334054817,22.630694715979,75.815649968185,13.261501720499801,101.16753332022267,IN,crop,1,2871.4376405451335,0.1973954141139984,0.08502325415611267,4.437860012054443
303472461226103,30.448379399773,-91.249052345819,32.43836371296739,-93.73941509467706,US,crop,1,323.6726892643382,0.6968011260032654,0.6705688238143921,1.8978177309036255
751120052245249,18.306901319254,-66.036105758042,18.454635283026686,-66.2955520363001,PR,crop,1,31.927575421430717,0.1950751394033432,0.019705548882484436,3.7235867977142334
618094669584037,1.0592725919843,104.01250864856,1.0937241859847056,104.06410125588339,SG,crop,1,6.89746518311158,0.2754371166229248,0.14035992324352264,3.2661259174346924
204293011757830,15.079993126144066,39.21687884094408,-6.200050567327802,35.793676133749955,ER,crop,1,2396.119508478193,0.8703609108924866,0.8237943649291992,0.6871427893638611
2928508607437195,37.840107608369,68.802462308142,41.303638033600826,69.31280011685534,TJ,crop,1,387.6008252341727,0.8822238445281982,0.8428926467895508,0.6562513113021851
1371451869918489,3.6333328691599,72.957712473483,-8.80159664634179,115.1685135936293,MV,crop,1,4879.280559467149,0.25385022163391113,0.11483559012413025,3.7301220893859863
215955796651386,14.063525259413,-83.397823687399,11.786437173078761,-86.43497274699514,NI,crop,1,415.2571614223504,0.4225645959377289,0.3257432281970978,2.4572267532348633
137850255541406,24.545211603122045,88.5941532347436,24.63958848280287,90.64419669160226,BD,crop,1,207.54052133354406,0.43771782517433167,0.2140066921710968,2.144479751586914
300676795037037,47.54022479277,18.649560765963,-13.811542111285066,-42.757388246737804,HU,crop,1,9128.003256780232,0.3215795159339905,0.10184924304485321,3.2941064834594727
758419548202670,56.459896994613,24.509987996003,56.62589994900435,24.35932827505531,LV,crop,1,20.640366649636373,0.6794342398643494,0.6180766224861145,1.6871742010116577
234036278489604,30.859288137504,35.983036655163,31.798982739665487,35.422466988226326,JO,crop,1,117.27233342294103,0.39135175943374634,0.11584141850471497,2.1382951736450195
1877580812408950,8.2904185166376,-13.160532748623,8.275660509777166,-13.172199334882231,SL,crop,1,2.0834830473044645,0.9974242448806763,0.9961638450622559,0.022736361250281334
508516997178857,-20.44017415751,57.716929198138,-20.234320949976212,57.47936375067809,MU,crop,1,33.72633273711676,0.9010935425758362,0.8687136173248291,0.5250325798988342
2476936639119646,-17.187994442004,145.88923082343,-17.403138206327995,145.83877980584072,AU,crop,1,24.515182280802946,0.8788912892341614,0.7993184328079224,0.5499385595321655
170299241727097,29.609911657314345,104.99307446089506,30.278632034976926,105.32603698628954,CN,crop,1,80.98368292681404,0.5866551399230957,0.4762080907821655,2.4620161056518555
297845861929140,19.00823988924,101.48346297652,14.058684608037037,-84.46919232509111,LA,crop,1,16280.863048604242,0.6428757309913635,0.5769106149673462,1.6486600637435913
322702535907825,20.283683791944,105.67522750563,10.091975559796696,77.07343865363453,VN,crop,1,3265.054015735005,0.3239327669143677,0.21527749300003052,4.031848907470703
787272635685450,4.323621691762423,18.511948154254057,4.1709794521652785,18.94074082611875,CF,crop,1,50.487172682132694,0.3186453878879547,0.1539466232061386,3.031587839126587
173788081866624,59.75612769558473,-127.47179840177547,62.1518474092609,25.517028662797266,CA,crop,1,6265.040926442874,0.4824368953704834,0.3280300796031952,2.8072450160980225
233747548461554,9.3263006266193,2.619361832951,6.378556006288089,2.414030380298593,BJ,crop,1,328.55349515668485,0.7907516956329346,0.7399381399154663,1.103009581565857
765041667535640,-33.099247370966,-56.459447149244,-22.90237366930786,-48.61895374457962,UY,crop,1,1369.3202199404532,0.6343777775764465,0.4093332588672638,1.5453665256500244
296876208707767,35.337232736933,0.33737085013529,35.57377676370507,-0.5815641444819826,DZ,crop,1,87.28973948120799,0.624830424785614,0.47073614597320557,1.3295516967773438
5220870694689924,13.010537169214352,-15.781125774925767,12.993739834753619,-16.029527034415363,SN,crop,1,26.977538400693376,0.6441454887390137,0.3699494004249573,1.0037585496902466
490774565689974,13.06406278563,-1.087121270677,12.433102623773735,-1.7311077150035274,BF,crop,1,98.99652761782295,0.9389190673828125,0.9146361947059631,0.34558531641960144
218599310068075,-21.24302439442,55.333436310069,-21.305851075507537,55.52026405657848,RE,crop,1,20.580559676455337,0.4674546718597412,0.20895716547966003,1.1877663135528564
174969884519406,46.737187807587,8.3987859932934,47.548938197434076,13.237340587813247,CH,crop,1,376.8443821720854,0.22778955101966858,0.06787379086017609,2.448214054107666
581849006299222,-16.292466257509595,167.67474403169504,-0.9651060257384182,-77.88703633652122,VU,crop,1,12576.003019548509,0.12412668019533157,0.023506656289100647,3.96264386177063
514194699740537,49.025633194136,19.779030185528,49.0848031713596,20.21420553309283,SK,crop,1,32.386326721402895,0.3255694806575775,0.08344605565071106,2.9462873935699463
1636152166570934,13.748349438255,109.21278035386,-21.06793029429469,-40.857653991355136,VN,crop,1,16742.798126344573,0.8315080404281616,0.7779861688613892,0.74210524559021
810831549638249,38.371680067627,71.17919493021,37.461984575322575,71.52260023086971,AF,crop,1,105.5435906477519,0.923012912273407,0.860099732875824,0.33749035000801086
126986893262506,9.535228699145444,138.11777436553538,5.56164660782195,159.37029368632633,FM,crop,1,2383.2781621764934,0.9930877089500427,0.9919719099998474,0.07096962630748749
355702972637605,13.535688328213,-8.1000075739741,13.370243811184718,-8.055840280119288,ML,crop,1,19.006544902869145,0.29233694076538086,0.04466618597507477,2.5917630195617676
939211946839909,40.900998111452,76.418995914539,52.26912035181554,15.309844067332103,KG,crop,1,4687.595348543483,0.23420049250125885,0.163829505443573,4.5674662590026855
211629123827045,6.1356720399309,-3.8436536027728,2.2426968370077622,32.69799693054596,CI,crop,1,4074.271818216024,0.45939984917640686,0.23363828659057617,2.5229976177215576
696540331416062,44.87397500000002,15.571799722222226,45.15268049167405,15.002521558422595,HR,crop,1,54.433095089234406,0.785777747631073,0.7551012635231018,1.2570942640304565
942512046483923,57.98102591119,22.153417844629,58.59145906463991,22.727883714447337,EE,crop,1,75.72808017685362,0.34357085824012756,0.24343764781951904,3.366154670715332
1794577467377638,2.2867934802243,111.96866392671,3.3115607038930843,101.33475162412383,MY,crop,1,1186.4907627215623,0.29306796193122864,0.21004131436347961,3.755369186401367
569520134014537,45.631513310144,14.917895762855,54.87132941912682,38.00577668312071,SI,crop,1,1922.8996008182837,0.16687607765197754,0.09566128998994827,4.703364372253418
759618951395520,13.918783401918,-90.820453412238,8.944825445894898,-79.72385746970086,GT,crop,1,1329.4163662270014,0.8521303534507751,0.8140308260917664,0.9272289276123047
317414069756073,8.849591446096811,17.846700004099304,8.851026915831197,12.316538339348691,TD,crop,1,607.5988425279053,0.5829119682312012,0.39671987295150757,1.7031632661819458
310132177165029,32.35614104026,15.078246874263,35.06807412047685,-0.9416596550965368,LY,crop,1,1510.3691323663083,0.38875797390937805,0.1048506498336792,1.4430627822875977
378106816842746,47.677672060857,2.1491709666626,47.48999339286905,1.8222026440734396,FR,crop,1,32.20096586105793,0.30200910568237305,0.1430959701538086,3.3558759689331055
974285533334788,1.987119011826,-157.37182088346,17.56531520543725,-88.29285867618096,KI,crop,1,7724.754488521058,0.831398606300354,0.7069281935691833,0.7501331567764282
186014066630410,-0.26584500006505,29.929660585315,40.108286214600305,-83.53172836392174,UG,crop,1,11998.810156029263,0.38617923855781555,0.3172009289264679,3.7613015174865723
2045346162308378,6.372858133743794,2.3062901826009594,35.80353994329159,-75.36738638826216,BJ,crop,1,8483.095246919818,0.19852329790592194,0.04701144993305206,4.357478141784668
1172091903236601,49.476195621557,-2.5778975923381,53.26150569636083,-2.026895322304502,GG,crop,1,422.63811969262406,0.31659606099128723,0.15704530477523804,2.590528964996338
1148818178927460,38.977689066483,-8.2445481523452,34.89544044995729,33.50394941576155,PT,crop,1,3705.6995408427,0.34051552414894104,0.20473593473434448,3.0180442333221436
1222613584876307,17.370666616194,-62.748620435823,17.198046519811548,-62.61013821049164,KN,crop,1,24.178720681563973,0.5992218852043152,0.23020052909851074,0.8265950679779053
2874363389509925,1.1429664809873,33.846541381524,2.117584248750525,32.70675634409281,UG,crop,1,166.71478838859022,0.6343024969100952,0.4305323362350464,1.1854426860809326
472676697278023,-11.651270507603,43.263829479505,-12.74136037575014,45.18113480547187,KM,crop,1,241.06874843727132,0.9716088175773621,0.9542912244796753,0.18155662715435028
229441082274343,16.133435457207,-61.769410665445,11.15430086580769,-60.7428059807228,GP,crop,1,564.6503924877851,0.17757228016853333,0.016745924949645996,3.0342178344726562
588131552889375,-30.701177534770288,-55.134334723553735,-30.849536026275256,-55.389320174424924,BR,crop,1,29.420571541884655,0.2964966595172882,0.1850656270980835,3.3202157020568848
282418593597680,-15.111719223373,167.09145508574,-17.517295393939616,146.22431799571206,VU,crop,1,2241.7167899219335,0.6081740260124207,0.3201877176761627,1.2175930738449097
979772486214909,34.1336148881033,136.00098041765338,34.4088659273973,135.92190401436108,JP,crop,1,31.457234732922128,0.9422714114189148,0.9259561896324158,0.37234336137771606
3774979212627875,-14.866355003204,34.792262380462,13.155450244433748,78.29868942810107,MW,crop,1,5712.569485183271,0.21190901100635529,0.04899829626083374,3.5966649055480957
426972879607348,-17.525550986516745,-149.84053510202472,-7.270319600685772,109.67951554270907,PF,crop,1,10863.483751407612,0.4452537000179291,0.3477441668510437,2.9196338653564453
1689362237932062,13.800606381009,-88.316570230116,13.81093989261863,-88.28751444768703,SV,crop,1,3.341300925746121,0.11013200879096985,0.007399342954158783,4.377044677734375
1166613090443646,50.253231893566,106.33993531955,37.84086816419354,-112.6785606557265,MN,crop,1,9501.326345767235,0.17138221859931946,0.09846700727939606,4.302427768707275
420134173638637,-10.810393821363714,31.731146261210167,2.0666207328105104,32.849529883208824,ZM,crop,1,1437.1946909458231,0.8135398626327515,0.7240899205207825,0.9239980578422546
474713760445897,34.526350993866,69.196344342811,36.29197269696249,59.566891263338015,AF,crop,1,894.0852406813144,0.49445605278015137,0.4067141115665436,2.6948187351226807
506851794060092,43.177582319251,19.311856309232,41.86815746174582,23.871951535278235,ME,crop,1,401.0004353510342,0.36925363540649414,0.08320161700248718,2.496685743331909
2995572500661892,38.898518256485,16.523049856494,39.273821741461305,16.388335804883702,IT,crop,1,43.3212918901872,0.5706949234008789,0.3797916769981384,1.773116111755371
115961117883320,28.43217928695932,36.51346701072073,-13.974285864628015,-42.63521729383765,SA,crop,1,9716.43100426309,0.8056308031082153,0.7475551962852478,0.9496490359306335
1007571866714652,55.571514078836,10.350650482308,54.47750140471119,16.532891838333168,DK,crop,1,412.24134504464496,0.47243809700012207,0.15591207146644592,1.9333760738372803
1174895919599539,20.052558993471,103.35914721659,20.771740128437095,96.99952673136015,LA,crop,1,667.513688540753,0.4107747972011566,0.10349458456039429,1.8295552730560303
912812452874701,-11.627287351809,43.262280127651,-20.904839234880498,55.52989553828557,KM,crop,1,1665.4665076231463,0.665045976638794,0.36512643098831177,0.7739366292953491
173416451344450,35.019561811666,33.986374163354,34.74564752661921,32.43686381587543,CY,crop,1,144.5829921091924,0.482189804315567,0.30868715047836304,1.6311569213867188
1449896788674967,-5.4217682185916,141.29314063475,37.8298880027135,-120.23811005031064,PG,crop,1,11120.144947461275,0.4967525005340576,0.4144372045993805,2.7775378227233887
232511111978904,-34.065025583843,-55.656389079107,35.942119446457056,-95.30105742706822,UY,crop,1,8804.8526566702,0.2586996555328369,0.03906452655792236,3.376232624053955
1109815899545804,24.996104447036725,51.03225264110503,25.04665465493108,51.27542975647002,QA,crop,1,25.138811957484634,0.8260976076126099,0.7570667266845703,0.7856254577636719
736517197023313,6.5599786208778,-4.9915528001493,12.878427518992265,79.58794700548209,CI,crop,1,9260.757194234497,0.27662888169288635,0.06999120116233826,2.8098862171173096
456214902348496,19.610685333333,37.215206138889,34.00757805447188,71.51959192423939,SD,crop,1,3737.928455449562,0.9008080959320068,0.8879554271697998,0.7646663784980774
345208620288312,19.224700165467,-69.390303678979,19.27744040045712,-69.493235006896,DO,crop,1,12.294281723880855,0.33966073393821716,0.2551945447921753,3.938305377960205
1468811220266965,7.362390601198927,134.50483736055023,34.80027122030062,134.42410238989706,PW,crop,1,3050.964301139817,0.18546462059020996,0.12782980501651764,4.7389960289001465
308427384185327,35.884648502247,14.544820145722,35.904981351194174,14.410927454712702,MT,crop,1,12.270924981331216,0.923542857170105,0.9029037356376648,0.4585285186767578
395740224747116,6.5139480425193,2.6483266181429,6.505388493771765,2.591488933225475,BJ,crop,1,6.351037735968614,0.6683266162872314,0.42911413311958313,0.9744980931282043
1432327937141676,13.459201505715,-14.688767601582,-15.488654957705153,27.8514342998249,GM,crop,1,5678.580731847436,0.22370508313179016,0.18584156036376953,4.821025848388672
1797066053813454,45.212729270223,20.36112097384,40.52275190536707,-7.581731830896245,RS,crop,1,2323.6983934568625,0.1730503886938095,0.10840591043233871,4.629718780517578
4182076221831792,70.667211583155,25.389289533957,65.30681515878422,15.471425429337343,NO,crop,1,723.4361599206874,0.18090300261974335,0.13330993056297302,4.57504415512085
3450481218541153,25.63903018538021,51.51003081357617,25.37815127485616,51.49247277812766,QA,crop,1,29.061877714054308,0.6629518866539001,0.5071905851364136,1.4441384077072144
881754115706919,18.443691037533,-64.642920411564,38.90546943717381,-105.00991248408309,VG,crop,1,4496.1310690571145,0.3239933252334595,0.1316777914762497,3.0368521213531494
512504643106571,-51.848040759038,-58.223206369416,46.49553422260884,43.12743313370356,FK,crop,1,14549.779385618665,0.0936700627207756,0.03416289761662483,4.955466270446777
172855664661959,10.37149331328,-12.099479736597,6.972582459590256,-11.476715107699471,GN,crop,1,384.0894677520785,0.867332398891449,0.7819516062736511,0.5352738499641418
833358057538383,78.076451987378,14.16217603674,65.59227420535663,-23.388369955372557,SJ,crop,1,1838.1319224689055,0.9963697195053101,0.9955581426620483,0.038982927799224854
214810390166469,3.5846135120697,23.723674547511,-38.478768009974644,177.92903006264467,CD,crop,1,15337.435624733425,0.448475182056427,0.3251989483833313,2.7798960208892822
562840304708452,46.225408646208,15.611350197474,46.51234380094014,14.407317000050353,SI,crop,1,97.7338355122136,0.2308264970779419,0.04487895965576172,3.5125558376312256
817268602327565,-5.9419482354293,29.161401435445,-6.626854902032941,31.458713472726597,CD,crop,1,265.0880684327763,0.9016608595848083,0.8742676973342896,0.6804256439208984
1034524170413490,21.467073188908,-71.131572461898,21.276514196265378,-73.05269376848656,TC,crop,1,200.05345491942916,0.9496294856071472,0.9098259806632996,0.23702333867549896
1856356164529190,14.123830049658,99.400519963042,44.44037770976981,25.771423746310532,TH,crop,1,7620.226953326897,0.3229670822620392,0.12247203290462494,2.730203866958618
478137076746783,18.362805634492,-88.435381772096,17.476185878775134,-88.33804076011273,BZ,crop,1,99.12406489821231,0.9882097244262695,0.9864650964736938,0.11668568849563599
498318618261034,41.404988775836,21.780395818511,39.867016029799764,24.18009321023021,MK,crop,1,265.02445135667466,0.11933209002017975,0.004872992634773254,4.400594711303711
2934584883419749,40.95347805494,47.883005000971,52.90686489283962,14.666148903520442,AZ,crop,1,2816.1029494628688,0.14997904002666473,0.06697055697441101,4.658528804779053
928316151288980,7.1879551740757,2.0018755441177,6.535995954334711,2.625045165189169,BJ,crop,1,99.94211414900968,0.5391868352890015,0.4290034770965576,2.007136344909668
684315855630498,-29.405735807316,27.816853497845,-29.41107468870939,27.703651336547296,LS,crop,1,10.981560143510587,0.34349775314331055,0.012186199426651001,1.7548402547836304
186849946625100,14.753512333683,-61.142985518229,54.53914687015728,-2.211600723257517,MQ,crop,1,6694.135051568069,0.130287304520607,0.013905011117458344,3.85068678855896
963176671141156,18.09268978577508,-15.935383158508005,22.177672069912436,58.50632557336756,MR,crop,1,7706.844458829354,0.27447453141212463,0.13528896868228912,3.24765682220459
300283158416232,38.131370007974,13.274583161259,35.32196511631332,33.32369223249137,IT,crop,1,1810.2208441544458,0.46119481325149536,0.33766064047813416,2.379808187484741
1247260492372230,-2.4010827279028115,29.579609392792413,-2.321174297928111,29.726982733715882,RW,crop,1,18.628848368716795,0.9714334011077881,0.9575294852256775,0.16478054225444794
4176262119093022,14.688978023377,-91.548589043217,10.432915367602003,-84.57518345671802,GT,crop,1,892.4409409703875,0.3108768165111542,0.138799786567688,2.9821577072143555
2762253127421121,2.0297128301047,45.335734728401,33.112732419433016,-7.594362509463435,SO,crop,1,6494.232265355458,0.5621438026428223,0.48757436871528625,2.620271682739258
225659908904821,25.948880833757,50.588428667013,26.027688161923965,50.61030192609853,BH,crop,1,9.031581639163601,0.4278675615787506,0.2284674346446991,1.8302891254425049
149923280750483,7.361847187159381,134.51969303436232,35.052943361399805,33.353302681273256,PW,crop,1,10541.000205169601,0.08410467952489853,0.00473465770483017,4.659148693084717
190898982868748,55.795733000622,26.378530002305,41.49134818834194,-79.98801715358498,LT,crop,1,7180.851461836888,0.4707205295562744,0.3393539488315582,2.439326763153076
186306836702993,38.679684725081,-3.0625683543611,40.908182754937464,-5.729922872109889,ES,crop,1,336.6208319728303,0.2087198942899704,0.12549328804016113,3.9990394115448
1146877169153705,18.59342674547,-68.388033766711,28.495984931138093,-81.46076532827952,DO,crop,1,1726.2969191806367,0.11177282780408859,0.0350351557135582,4.67497444152832
950737242436239,10.385183082561,-0.78958324298512,10.375254030692668,-0.6338449443977378,GH,crop,1,17.069631471748725,0.8989237546920776,0.8243141174316406,0.46366557478904724
301977051516569,58.706895821146,13.896556360307,65.72600809481101,21.98319058661684,SE,crop,1,884.3201101670019,0.5184619426727295,0.2943522334098816,1.6950143575668335
898624280682585,49.458533172147,-2.5981886348273,49.361463254970616,-2.3377976863374834,GG,crop,1,21.711803257607393,0.12861117720603943,0.014729805290699005,3.8820762634277344
469891447444920,16.804499980025383,53.27984729115688,16.89894170339716,53.032079548707664,YE,crop,1,28.38172353834388,0.6763516664505005,0.49250733852386475,1.0221822261810303
530606458102780,11.557031237126,43.092310521315,15.984714501470954,-16.443694174167664,DJ,crop,1,6428.521471999893,0.33307746052742004,0.23262497782707214,3.2691805362701416
310840073886034,-0.84581588834853,-80.17844601219,-0.9885599023163608,-79.12766000261196,EC,crop,1,117.90037412651625,0.310468852519989,0.02072298526763916,2.2886626720428467
477881999969065,24.946444828187,56.186213387143,23.047989351284812,57.77107143471434,AE,crop,1,265.477420425637,0.8006921410560608,0.7025883197784424,0.9183775782585144
494687355014866,15.351932577531,-61.256287052693,15.384493777800216,-61.22659347209613,DM,crop,1,4.821313229289893,0.8736864924430847,0.7897201180458069,0.5520534515380859
1443285099355563,16.555627302292,96.198597103646,14.026655884566521,100.85010595113991,MM,crop,1,572.6552945734389,0.3111248314380646,0.12417779862880707,3.0068459510803223
4104851466266998,50.070544187764,5.8458119238789,54.307327973808775,16.59758350288529,LU,crop,1,869.882029159895,0.29589271545410156,0.11337915062904358,2.6879026889801025
1896496400517870,13.223609624878,-61.268552428199,4.891413692321545,100.72550478833597,VC,crop,1,17184.735618864004,0.1748935580253601,0.07404062896966934,4.29665470123291
1077942902611364,51.861118010498,-1.6602529488605,57.07896983275428,9.012308182887715,GB,crop,1,899.4823271098448,0.5821821093559265,0.47488832473754883,2.183643102645874
1365414380506403,21.476737171908,-71.132920671407,21.133091000163336,-74.47545346307426,TC,crop,1,348.3673870365442,0.4553760588169098,0.1272977590560913,1.177991271018982
275646330919906,47.355981665822,13.66278897535,63.62512341663386,10.457686340885026,AT,crop,1,1819.7208217269217,0.3897148668766022,0.2480790913105011,3.0912256240844727
4085345498214305,54.3204660444997,-4.449369579381132,51.19039567540908,0.469984027529553,IM,crop,1,480.13117134900625,0.3590307831764221,0.07724308967590332,2.644402027130127
319387202956018,36.746376386627,71.926086394726,37.0645057589519,72.05423470798183,TJ,crop,1,37.16415176963028,0.9880010485649109,0.9814602732658386,0.08488136529922485
192500316060760,8.5018456161549,-10.886196315338,8.499988108529983,-12.090950281653772,SL,crop,1,132.4908569620551,0.7485467791557312,0.664619505405426,1.2229374647140503
469096650835409,78.165866991509,14.615773975551,62.122454031668504,-7.282507436811594,SJ,crop,1,1937.06118803192,0.49461284279823303,0.42216718196868896,2.9929585456848145
204485121341585,12.133472243206,-68.277416893276,-8.167642102693062,-35.49361505751002,BQ,crop,1,4269.411108096443,0.5286367535591125,0.31460267305374146,1.646780014038086
142251097914946,62.221882069575,-7.0387447331054,62.542568454287775,-7.17371046688261,FO,crop,1,36.3310024094326,0.9944291114807129,0.9932318329811096,0.04930507391691208
5522870664422058,42.480681608263,24.806056880296,42.59661628766884,24.780471215869692,BG,crop,1,13.06067126006872,0.46254321932792664,0.364286869764328,2.604409694671631
911536296350418,13.531493241774,2.048401634304,6.71603931951022,-1.4148585848389168,NE,crop,1,847.2649856479486,0.4942592680454254,0.27148640155792236,2.1887216567993164
217953836457406,10.205301098661,-14.000220074778,5.097137934645291,10.540931119809699,GN,crop,1,2762.264831798212,0.816879153251648,0.7813104391098022,1.203608751296997
2915873148627226,47.806436500583,28.717659500757,42.546649842333665,26.389200845963664,MD,crop,1,612.599085735929,0.2237553745508194,0.02024245262145996,3.610030174255371
1383220612042284,40.713663160769,75.04503308282,34.625483902193984,-116.46074158011041,KG,crop,1,11555.350942802423,0.09551869332790375,0.05280856415629387,5.3588175773620605
966259830868758,43.623138586006,18.908434254799,44.146532773038516,10.391731195329317,BA,crop,1,684.7125140236271,0.17054195702075958,0.0120839923620224,3.666311264038086
216904886576725,-17.609749712456,168.24322430001,-9.46370857853136,147.28383079121792,VU,crop,1,2437.440706213975,0.7552086114883423,0.6548819541931152,1.137613296508789
1083924499211873,-15.604998425967928,-54.3918257160871,-14.49256044112387,-49.6314443942732,BR,crop,1,525.9113938882622,0.26827675104141235,0.03488646447658539,3.3172411918640137
515495726108152,-21.626125276138,46.991186348236,-17.567700916137216,-65.8707450475143,MG,crop,1,11506.2788598635,0.1998797357082367,0.030836045742034912,2.8920812606811523
995843031248300,0.35769064003091,6.56005755347,13.859927479061145,-60.98997088138228,ST,crop,1,7577.465687758879,0.2942565679550171,0.11262564361095428,2.417815923690796
868028680411287,33.75473452141,35.539565617947,38.02459342106422,23.6881909954581,LB,crop,1,1167.2546225888632,0.30560728907585144,0.0985945612192154,2.2998476028442383
497044088003103,39.80104505168,3.0309963190024,39.73028275132554,2.8839510249134848,ES,crop,1,14.828092275400211,0.5416070818901062,0.43138861656188965,1.9692180156707764
763955694314654,46.724388793399,10.079801957807,46.9490682012135,10.477368969295803,CH,crop,1,39.226220784903404,0.36301082372665405,0.09585094451904297,1.978257179260254
933520784110620,12.510164810275,-70.009077685586,35.12580199853768,33.34966842873709,AW,crop,1,10389.085973932233,0.7367486357688904,0.6387644410133362,1.2522212266921997
4220821467968709,8.70139122196,80.590505170341,8.225097173027589,81.27682173398871,LK,crop,1,92.21008249999174,0.9674999713897705,0.9537966251373291,0.21969559788703918
472361870697782,26.020756253761,50.623130115609,26.02225618545065,50.52441643512888,BH,crop,1,9.865180231061633,0.4882422387599945,0.24852518737316132,1.4219388961791992
658902925214070,22.641060199825,-79.087651499584,18.441715196886097,-69.7022434257419,CU,crop,1,1082.6800586451232,0.40582871437072754,0.30159494280815125,2.9275472164154053
1183079165486550,-5.70834515155,34.761777557018,35.024775740278066,33.458157093171685,TZ,crop,1,4531.375139587607,0.13609839975833893,0.03082253783941269,4.189024925231934
296065025397911,34.897985568931,32.528909790104,34.890265767111465,32.4541943328514,CY,crop,1,6.868146443675977,0.4272386133670807,0.2020915299654007,1.619055986404419
298824355069041,42.200225487404,21.258956694741,42.185838781892365,21.27447145446873,XK,crop,1,2.047632131028319,0.8343969583511353,0.7330951690673828,0.6910590529441833
111691027649131,-22.530138328473,-59.8361857055,-13.982872239848344,-42.89552108273122,PY,crop,1,2023.1747876286267,0.8671515583992004,0.8452267646789551,0.9576563835144043
752480212123625,49.471066330606,-2.5339439207361,49.32988899051269,-2.3627485127698984,GG,crop,1,19.997427484418214,0.7793916463851929,0.628882110118866,0.8869882225990295
1074377829753053,-6.7022282025878,-76.214917225524,2.367699329221434,-76.7228546069662,PE,crop,1,1010.1046304528808,0.38036805391311646,0.24147920310497284,2.8424301147460938
525641785107823,50.160224002237,6.1091880533415,49.0969812453146,16.491851556947594,LU,crop,1,756.4612378410818,0.40099194645881653,0.2346794158220291,2.8910105228424072
226167275508563,15.49826792628,-61.465568794916,15.586346217739138,-61.42378637259084,DM,crop,1,10.768248126295328,0.9788058400154114,0.9714851975440979,0.13099223375320435
148887153873411,5.2121780980173,-52.75060936262,-20.49792838379723,-40.40272259949816,GF,crop,1,3160.9701624372146,0.9807344079017639,0.9741151332855225,0.16324938833713531
303850827922633,-34.01092105809,-55.839634214304,47.525255660279974,-117.58929007755765,UY,crop,1,10951.483322526057,0.5088995099067688,0.29624655842781067,2.0111663341522217
311706737236449,50.868855073513,8.8221774508729,51.92425603918517,9.605477900550019,DE,crop,1,129.32498444908543,0.13243168592453003,0.0840815007686615,4.4104084968566895
1416886515315835,8.139352166375,34.375065339482,8.303907766566585,34.467561558370974,ET,crop,1,20.93866639691838,0.9036933183670044,0.8437160849571228,0.5096611380577087
178330404153531,-21.691747493695,-64.656846311167,-17.527023247260118,-65.94662264512621,BO,crop,1,482.38842465716147,0.7279329895973206,0.6328023672103882,1.1230816841125488
218036349822435,41.14963208511,20.008913305496,40.70141726066115,15.794635233919124,AL,crop,1,357.5147645575413,0.4305645525455475,0.3716648817062378,3.2909913063049316
2882903775325778,69.217437476679,-51.098566140502,66.62492480220297,14.061498338029617,GL,crop,1,2608.62491906779,0.25089406967163086,0.08326934278011322,3.4914815425872803
459460818448144,27.426607200988,89.643491444303,40.206801875393275,-74.15223763099554,BT,crop,1,12310.137967050488,0.08400361984968185,0.025908391922712326,5.639839172363281
309590514053514,-21.85770610861,165.95185481884,35.51692159560934,134.84553113794004,NC,crop,1,7172.006547601284,0.09165193885564804,0.031652115285396576,4.8300275802612305
179548807357974,23.005385103705,120.43121323661,38.33336756180515,141.05389501713927,TW,crop,1,2595.435766041676,0.5285983085632324,0.4195629060268402,2.5023388862609863
528726041469936,3.6332857552313,72.958318596822,27.52493349154223,-82.72885419798415,MV,crop,1,15679.534976303386,0.5024890303611755,0.34759461879730225,2.3049161434173584
568831498116619,24.732585867741577,121.74077955053384,24.67617795371974,121.73098330099877,TW,crop,1,6.34985995980887,0.7069010138511658,0.5186743140220642,0.9944812655448914
871486690248300,-19.804021310365,-63.993881510197,20.178421630464506,96.1255189565703,BO,crop,1,17938.484721144956,0.8907813429832458,0.8744495511054993,0.8003716468811035
380042953234728,-19.161161992074,-64.572161532541,-24.221130099933646,28.98813292210319,BO,crop,1,9489.883210468293,0.9476757645606995,0.9010663628578186,0.239419624209404
368884091223603,35.755508707073,53.366090359346,41.23576041010562,71.58969391366286,IR,crop,1,1694.92299995816,0.4792678952217102,0.3565674424171448,2.5943443775177
512716496579771,12.164080960014,-68.283956526724,-17.781951040161694,-63.208465343579725,BQ,crop,1,3376.1377197250654,0.3692270517349243,0.2174779176712036,2.969244956970215
485436899323868,65.609323761209,-37.633778515025,67.6630889935873,13.936742306112032,GL,crop,1,2218.875433151978,0.7845375537872314,0.7384287118911743,1.1954423189163208
172629294662585,48.532451875231,17.496813301999,49.25363149948277,4.094367951762686,SK,crop,1,981.7898842869184,0.5084746479988098,0.3202015161514282,2.537081480026245
506770377649958,-12.679904697999794,45.08466359942028,-12.801277741652134,45.11961889510111,YT,crop,1,14.018439296986068,0.8617091178894043,0.7294533252716064,0.43996280431747437
265103101980958,14.721827633666,-60.947724527678,40.152626211882925,15.576667237006957,MQ,crop,1,7823.515185639014,0.25452128052711487,0.12158787250518799,3.687826156616211
517013032790983,42.403345896483,44.64336095767,43.50861160321695,40.73305537103127,GE,crop,1,341.0892400597526,0.5950712561607361,0.3867942690849304,1.5132296085357666
825755764959780,20.340364998941,-87.352869999803,18.48631037292006,-69.78151325509624,MX,crop,1,1853.347487919363,0.360190212726593,0.2767549157142639,3.408928871154785
3799534356839064,60.209940286403,20.246918494907,61.29204516472562,13.835952084236549,AX,crop,1,368.3262438327376,0.7161078453063965,0.5332557559013367,0.9216610789299011
134126825414739,38.270282754345,61.711075339758,42.33328479693348,77.48663423363564,TM,crop,1,1409.5127231402341,0.5764016509056091,0.5353419780731201,2.4949557781219482
1397623030665407,14.493780516069648,-88.97344682800627,14.395960608407684,-89.19704108071365,HN,crop,1,26.41955703204367,0.3723479211330414,0.16836906969547272,2.19891095161438
170949221611851,33.305143801504,126.28817369339,38.154078435271764,140.79503086790308,KR,crop,1,1414.1040676856344,0.1265876591205597,0.04319952428340912,4.424421310424805
978428179365285,33.705735440434,51.794214966505,40.00442189887622,49.120533898215015,IR,crop,1,739.5726953399497,0.7325156331062317,0.6773502826690674,1.7155897617340088
333013904838174,32.340904308709,15.105537141291,35.638548147626494,-0.5688368260292047,LY,crop,1,1489.078636125269,0.5642129182815552,0.40274932980537415,2.01074481010437
248513507027667,5.6150523860158,16.240852825971,61.213175350758156,14.540983360721015,CF,crop,1,6183.857541058943,0.2720296382904053,0.06750936806201935,3.079721212387085
237495388152862,-11.621236170917,43.26262853229,11.960567763853382,-86.05201187489818,KM,crop,1,14506.047966338632,0.38312530517578125,0.02473348379135132,1.7877610921859741
3042776155952353,18.400872724367,-88.464242712832,17.327081761252753,-88.55347380114087,BZ,crop,1,119.77297381694373,0.9999414682388306,0.9999091625213623,0.0007741991430521011
487380732512751,4.8184532,114.77786780001,5.316399326456355,100.51277943219146,BN,crop,1,1580.9384401654524,0.7755530476570129,0.7306402921676636,1.5233665704727173
290265362649999,26.177525761353,50.383620514714,23.571152747979887,58.20803598692255,BH,crop,1,840.6411124063357,0.608220636844635,0.3922579288482666,1.1361424922943115
482049282914438,7.5885792292079,134.59098074356,8.070421789194743,98.74717349775975,PW,crop,1,3947.603353597985,0.25388625264167786,0.04919733107089996,3.2150609493255615
225571855612889,46.763350531273,-81.597671294692,46.829958783647584,-81.32695986280484,CA,crop,1,21.89789978936706,0.7473125457763672,0.6450452208518982,1.1072131395339966
4804926129529176,15.24531506432567,-14.593708973874378,36.22478082111312,-97.25012503735813,SN,crop,1,8365.609227138551,0.14119504392147064,0.04141249507665634,4.5905866622924805
369883598351184,-20.367575551703407,57.57618979619237,25.215852728050855,121.63676059951014,MU,crop,1,8576.589421587118,0.5048764944076538,0.44646650552749634,2.8080406188964844
4121896524538487,24.635513307941,-76.169569569,26.528531487565825,-78.44486790722462,BS,crop,1,310.44069037929324,0.8201512098312378,0.7680701613426208,0.8937897086143494
3863471930446023,-17.111944610128667,15.757158787596603,-16.17596604314562,16.397368079517356,AO,crop,1,124.43343130333973,0.8614321947097778,0.8450931310653687,1.0418422222137451
300728688257104,30.395743312589,35.487349115709,34.76356304088702,-1.3940249212141165,JO,crop,1,3470.1792382272674,0.31507205963134766,0.1919562965631485,2.8597872257232666
1126228627789114,50.981438273289,3.9109549608118,54.7951527269699,17.905429187875928,BE,crop,1,1027.8975952369788,0.5014218688011169,0.22378218173980713,1.9211781024932861
549637092752676,-14.934793656692474,13.483762083058584,-8.91824214486428,13.310736173790572,AO,crop,1,669.2745101394056,0.732708752155304,0.5199678540229797,0.830525815486908
1003284990411465,12.059176169795167,-15.322303903822672,15.72381927682775,73.76374852749485,GW,crop,1,9550.77864386868,0.29253724217414856,0.13734070956707,3.298430919647217
549574962737771,14.061193852760738,-84.04279947361962,-13.278965707581664,24.79128101538742,NI,crop,1,12357.798156967016,0.6556256413459778,0.4898165464401245,1.149748682975769
542559790066195,33.009983226586,35.680040403337,24.970591391843012,121.26361347388949,SY,crop,1,8142.867735788455,0.30171629786491394,0.09129799902439117,2.9471487998962402
265445685298888,13.004017262133,109.35894392193,21.742124426793705,106.70217718747092,VN,crop,1,1011.6134162111601,0.7415504455566406,0.6547831296920776,1.0700459480285645
1444159855929152,12.212140324895,-61.65046673147,10.402247081085394,-84.91451171701694,GD,crop,1,2543.8075087351044,0.5160876512527466,0.33919718861579895,1.602062702178955
378257181042695,0.4223981532159322,9.46341740514976,5.299589319165866,-52.613835909368355,GA,crop,1,6912.2867896183225,0.820303738117218,0.6903974413871765,0.6488087177276611
136200968757362,15.043474943211962,-3.1134483369205417,35.01398462311059,-110.67150543470865,ML,crop,1,10579.66895373647,0.20011618733406067,0.006224974989891052,4.094181060791016
533142534351766,-9.8840552815116,33.911477956503,-13.828963791587931,29.71485528078412,MW,crop,1,633.1534759652274,0.24243780970573425,0.11220206320285797,3.6816439628601074
522728752252154,41.038602463059,19.563694296348,40.921851283012565,19.600431749082674,AL,crop,1,13.34340760557792,0.9851672053337097,0.9825389981269836,0.13076090812683105
758888101326263,31.637988555726,73.231186805001,31.56342732453136,74.10580049483242,PK,crop,1,83.24569057451072,0.4272298216819763,0.3372916579246521,2.9399819374084473
305757657709496,1.0675572904673,103.9646409699,5.719127098190466,100.46588373974424,SG,crop,1,646.7371783930381,0.6902308464050293,0.573257565498352,1.2892473936080933
223281329232117,12.507939003947,-70.014398687436,5.547220876138342,-0.28871810818997995,AW,crop,1,7677.401635812853,0.15151232481002808,0.04209195822477341,4.507724761962891
353672373022082,41.381628312913,22.307214335612,40.408542275241494,-123.95646968830664,MK,crop,1,10304.466358247006,0.09576196223497391,0.02203306555747986,4.617252826690674
855868761633795,18.030052213813,-63.078616758552,14.269358068898605,-60.96722700855934,SX,crop,1,475.077069869587,0.43765249848365784,0.32833313941955566,2.847882032394409
510341753682172,18.547859996816,-68.613997996337,40.772159037609136,-82.59391642445765,DO,crop,1,2807.836430932906,0.07341254502534866,0.0025663450360298157,4.523293495178223
3864898026890576,49.490894517019,-2.5725344431006,49.38948054727169,-2.5625026864420213,GG,crop,1,11.300021906960142,0.9422682523727417,0.9280508160591125,0.4706277847290039
307754797548858,34.712695715026,-3.8563324324235,34.387257150443034,-3.6711854601512846,MA,crop,1,39.96281274833032,0.4547559320926666,0.13957059383392334,1.1656982898712158
446821260679124,-9.024115630183084,125.29622320893388,-38.62663526118685,177.48532482513397,TL,crop,1,6136.331088810526,0.7991066575050354,0.7752048969268799,1.3153384923934937
947185652683658,-2.3270469336559,-78.929168380573,-2.3686327608109887,-78.6671910075154,EC,crop,1,29.47113281754374,0.8949881792068481,0.8606845140457153,0.560327410697937
2947290612262244,-11.652155080814,43.263890007029,31.788023602559598,130.39495240373873,KM,crop,1,10420.20107633236,0.5746846199035645,0.400721937417984,1.334106683731079
2932426006995864,12.349827079376,105.09907855331,20.078562546886555,96.33454768385268,KH,crop,1,1269.8414187289115,0.5563575625419617,0.2728578448295593,1.5167535543441772
271753411301610,-18.657738465691,-174.02787918873,11.785543085955286,-86.42779951738571,TO,crop,1,10176.426004292147,0.9817163348197937,0.9782839417457581,0.17200106382369995
478264666827999,61.472372240129,-6.7939711372832,61.78175129974845,-6.705807561828388,FO,crop,1,34.715376119744484,0.9828168153762817,0.9657545685768127,0.08793064206838608
1101915547131650,-35.411992228208355,-71.29963328046824,-35.454705672936576,-71.38825037789238,CL,crop,1,9.328391627025633,0.9487358927726746,0.9303420782089233,0.295154333114624
3920872697958453,60.225200988406,20.059664271851,60.253448968965046,20.165756974375558,AX,crop,1,6.64499718751183,0.9179984331130981,0.8599045872688293,0.40490689873695374
480958303108322,18.02673753942373,-15.984917957529673,17.50525466145758,-15.688014253397455,MR,crop,1,65.96100849322153,0.3476322591304779,0.22636428475379944,3.3057305812835693
477439253471149,2.1909112658474,25.247273616721,-27.29317879149522,-55.56363189501345,CD,crop,1,9213.69404969589,0.3114287853240967,0.029215872287750244,2.103285789489746
2503535586463255,5.369009126207446,163.01297824070343,4.89727785583454,158.26791817734681,FM,crop,1,528.1192172879724,0.9994694590568542,0.99923175573349,0.005732273682951927
699303201033596,25.12900987620192,33.08865526570508,-13.465076981217727,24.61594175306514,EG,crop,1,4388.683034265711,0.15848922729492188,0.02943548560142517,3.368603467941284
1109009986288059,-8.6876105869135,120.2374852281,19.92518445382434,99.84678245829849,ID,crop,1,3886.3823535354372,0.25866052508354187,0.07016290724277496,2.9460136890411377
945361122882179,12.134119747509,-68.278230013563,35.51600759244018,-6.0223591707533615,BQ,crop,1,6726.286612539796,0.08621658384799957,0.009354442358016968,4.372673988342285
1086140081896052,17.025256612863,-61.868698580061,17.165086000787973,-62.28555331252759,AG,crop,1,46.953270702248865,0.5711464881896973,0.14865124225616455,0.7226571440696716
2896487987274330,-8.6384264591615,125.60292428532,21.437451804902523,102.08231183541845,TL,crop,1,4216.1519838662725,0.548551082611084,0.4464815557003021,2.3508622646331787
2579869142308862,10.34358900767,-61.458152299031,17.030556791277228,-61.8408563897499,TT,crop,1,744.7040230866775,0.9690076112747192,0.9564969539642334,0.2082371711730957
267083508462188,52.899440738443,8.4141554815178,49.28875406145202,6.742037851325969,DE,crop,1,418.09595419286745,0.23423291742801666,0.17466460168361664,4.155543804168701
135893315238976,8.7909434146234,-78.181606800432,19.556798774380695,99.39500146894251,PA,crop,1,16851.804821304933,0.34862104058265686,0.10576552152633667,2.700667381286621
150017570480103,41.50666060749,21.935799073836,43.1109846287151,-77.40895493325941,MK,crop,1,7633.06645674219,0.3591216504573822,0.20042544603347778,3.4144067764282227
869032447374518,45.14353499999999,14.845183055555555,43.51978152551855,16.48998643578078,HR,crop,1,222.95663678015978,0.5364494323730469,0.4416085481643677,1.8329646587371826
919042368661061,-35.376055559767,146.26475,-33.71302426205805,137.9686509557624,AU,crop,1,781.7447605801577,0.29187458753585815,0.22046759724617004,4.056175231933594
985915661813386,-23.393263453848,44.397761247232,37.79871688330022,-96.00780950719815,MG,crop,1,15938.508502380093,0.09959771484136581,0.023906633257865906,4.749030590057373
670850541182018,26.0204034,51.064903400000006,25.681038313057346,51.11190338960399,QA,crop,1,38.02763693740092,0.7817912101745605,0.6944281458854675,1.1982654333114624
358677975646602,18.32970950933104,-64.95126838918696,13.140811602932219,-61.22301233328848,VI,crop,1,701.4191809921952,0.5366699695587158,0.3274448812007904,1.8772485256195068
468571217849628,27.519976313624777,114.13899685380947,27.5071282673598,113.63798827254004,CN,crop,1,49.429559980675684,0.9795957803726196,0.9765679836273193,0.19325725734233856
166033172108272,39.547581612083,46.441663046559,39.67765827652908,46.09607761731663,AM,crop,1,32.94785998509359,0.2948944866657257,0.08192040026187897,3.6303939819335938
494503958271926,65.59525777881,-23.774501108369,65.61803336754976,-23.896802600980454,IS,crop,1,6.16106550762194,0.9999526739120483,0.9999138712882996,0.0005707584787160158
912539252641876,-6.3006910051682,176.31917767142,-19.961477322279286,35.802599820103254,TV,crop,1,14802.823138800984,0.38917893171310425,0.3312584459781647,3.6747915744781494
528519191857396,31.419084991343,35.033717818153,31.626643319882138,35.12871762044988,PS,crop,1,24.773855174138145,0.9212079644203186,0.8596178293228149,0.3419261872768402
2693852350916149,-22.134506991871,166.34104640683,-22.9622564469736,-48.94776251605172,NC,crop,1,13711.615916535957,0.19888000190258026,0.01120235025882721,3.308222532272339
943976513021626,17.310149834096,-62.711002505143,17.198719224353535,-62.53267267612866,KN,crop,1,22.630386612427568,0.9601100087165833,0.9208331108093262,0.17193414270877838
314603156759488,27.431221771339,89.646958499505,16.358872051529083,120.9311330963482,BT,crop,1,3442.1817224762485,0.9320414662361145,0.8988601565361023,0.46578431129455566
142911821192377,18.124397901175595,-15.95930487738458,34.82062830792931,10.778523433548058,MR,crop,1,3227.3162592378962,0.18299934267997742,0.07564260065555573,3.491020917892456
995608364307407,62.231154398192,-7.0203744109078,62.622204782759425,-6.940080962309726,FO,crop,1,43.6787609726546,0.5708635449409485,0.5181020498275757,2.495739698410034
920634065161187,49.245509981929,-2.1382669508349,49.307216250431466,-2.274167790207327,JE,crop,1,12.011535048224282,0.7476192712783813,0.5869889855384827,1.0709638595581055
314870496880636,28.628362975198,48.038775336392,29.966803583816482,47.557811035646175,KW,crop,1,155.96414711054538,0.8916029334068298,0.8394938111305237,0.5485844016075134
137727984953777,-6.2967650470378,176.31787733981,11.213167891152237,103.4063794246236,TV,crop,1,8297.67849496186,0.44404661655426025,0.12084820866584778,2.021749973297119
970870010403579,1.3869451851245,173.14684137479,-9.75131615698877,-35.869511925009235,KI,crop,1,16675.018607799306,0.41521644592285156,0.1921912580728531,2.091716766357422
319746332831620,37.296859809574,-5.7125450742042,33.894818033329116,-117.31086261542261,ES,crop,1,9402.311520676563,0.18090739846229553,0.09634771198034286,3.7375600337982178
3035810213314122,55.003356832716,24.139338741958,56.183877728045026,15.786803889352303,LT,crop,1,540.5980392422013,0.6845412254333496,0.6204396486282349,1.6500985622406006
288447642774684,-6.1571269966165,107.04394801454,-6.31513909271721,106.79707295305231,ID,crop,1,32.45595338145304,0.663053035736084,0.5869909524917603,1.4389792680740356
829997677895262,12.323432189112,-1.5533388682237,12.637365663042731,3.5550313271037055,BF,crop,1,555.6905549661125,0.25379374623298645,0.014350533485412598,2.15511417388916
106381768201986,11.974525625543,39.044869566531,12.83701267056441,39.78075750112352,ET,crop,1,124.83629642571987,0.6406921744346619,0.354594886302948,0.9548726081848145
305230294414376,18.451313183212,-64.558514994681,14.20250284130693,-60.92067385981071,VG,crop,1,611.401179355865,0.41911354660987854,0.226914182305336,1.7862318754196167
883910462466493,-15.648621030725534,39.34163432285212,34.76066750611643,33.010910151489085,MZ,crop,1,5645.037393631336,0.3464542329311371,0.22466117143630981,3.2769675254821777
492194012125902,46.117642,18.110710999899,47.67424759086191,18.88884654524544,HU,crop,1,182.90357681270964,0.29274359345436096,0.06731194257736206,2.8902997970581055
1573490059506418,18.338429999176,-64.899272406242,36.08614571671713,-5.351328566324839,VI,crop,1,6111.711548708816,0.8201355338096619,0.7558610439300537,1.0898276567459106
766495730715953,44.706372569218,18.069343447503,44.90521882261907,18.239298806684058,BA,crop,1,25.85851968270816,0.45808717608451843,0.31881576776504517,2.538360834121704
781285156083286,32.087994573877,-8.2233968662806,31.903536093879435,-8.451069124180789,MA,crop,1,29.69279912645584,0.8321835398674011,0.7621006965637207,0.7487053871154785
745256106153583,52.344707039659,45.336839122968,53.363165939703926,83.84907241254565,RU,crop,1,2556.8717992718907,0.29249194264411926,0.11917074024677277,3.394361972808838
1117334568775680,18.337748404316,-64.915702992028,17.03332630251031,-61.85929618930732,VI,crop,1,354.785675113671,0.5198584198951721,0.05372878909111023,0.8177887797355652
306286164527539,33.350146257859,126.25399959043,4.7596368014157475,-74.20623777967545,KR,crop,1,15261.43135946334,0.16488027572631836,0.06761937588453293,3.834564208984375
336794264546437,4.9054666559617,-52.301588003183,13.898292706259781,-90.1936820794651,GF,crop,1,4268.8049546171405,0.5334314107894897,0.3768797516822815,1.903928518295288
153474173412155,38.399164295663,71.058858396182,38.322488401372624,71.00994985110448,AF,crop,1,9.532927154664135,0.8351669311523438,0.7452274560928345,0.7559357285499573
350521240549818,31.321208568090835,27.27841709921041,31.064270171885077,28.299053075281716,EG,crop,1,101.19852373030226,0.20464539527893066,0.0024239271879196167,3.088144540786743
218975556246226,7.8821057071516,-74.834139978895,-8.90796044541445,-36.10438950354703,CO,crop,1,4679.366370888895,0.39378994703292847,0.13021418452262878,2.1865925788879395
1259603784501134,31.292411220432,35.534796522034,30.90272744020519,35.48880610986868,JO,crop,1,43.55156317495804,0.3779838979244232,0.1404980719089508,2.3872244358062744
4309223739108363,2.1266240352603,45.323364966483,35.660475231349864,-0.5866123502277274,SO,crop,1,6014.15662905186,0.2785699963569641,0.10548247396945953,3.6832590103149414
259978149147748,40.965992824636,70.990742663385,44.878922276056436,-111.27867432594354,UZ,crop,1,10466.887077339867,0.4079711139202118,0.30312830209732056,3.586972713470459
764847514207415,29.990268063885,35.075916116471,39.84583368339164,49.22317734433663,JO,crop,1,1688.7607005007746,0.6363547444343567,0.5858908891677856,2.498523712158203
248250033759700,29.80888569787,-8.8927590395819,41.405365404492365,22.27533670985637,MA,crop,1,3076.6522018448327,0.658253014087677,0.6234058737754822,2.0385682582855225
454143095650719,4.754477618596,115.1672935653,4.876579371520605,114.90652661999003,BN,crop,1,31.924565381605465,0.6477638483047485,0.5713696479797363,1.9781486988067627
779725396245876,17.150242379267,95.997861485963,17.443906286984365,102.74891109618692,MM,crop,1,717.4393775286061,0.09965196996927261,0.032721489667892456,4.197060585021973
580468796254927,1.0529367558583,104.00979134276,1.0556400614646606,104.08488132672072,SG,crop,1,8.353621734386063,0.9008726477622986,0.8854697346687317,0.7137052416801453
996366924230321,9.4509927129863,-5.632989557206,5.618178125606343,-0.0707680534955977,CI,crop,1,746.6181218544789,0.8170168995857239,0.7879188656806946,1.140433669090271
167430881975593,48.946219066106,17.372135047934,53.217045749873506,7.510482213103419,CZ,crop,1,835.5447737799781,0.12044089287519455,0.025293059647083282,4.059502601623535
1287753361619391,41.902938185448,12.402760733592,37.68152036192041,26.552315896771336,VA,crop,1,1294.890120806792,0.3726731240749359,0.11366245150566101,2.4358487129211426
631066277884886,8.81662211291624,-82.90477256073295,16.633278611154307,-88.91879392410276,PA,crop,1,1086.3612557768993,0.7226914167404175,0.5890489816665649,1.1334892511367798
1770786233100996,69.218294531367,-51.091665910743,65.89250806299455,-17.941869288175994,GL,crop,1,1435.334707052335,0.7505509257316589,0.6578989624977112,1.5052480697631836
239943934683187,68.81413122743538,15.673939453479123,44.54764125008937,6.217551657578435,NO,crop,1,2752.063660948741,0.24702882766723633,0.024989664554595947,3.367257595062256
481611806279393,19.322225516792,-81.380605067753,26.527917051063863,-77.92171086178088,KY,crop,1,875.8998620984653,0.4016987085342407,0.23664729297161102,2.1773018836975098
3800949300034619,38.343949995952,57.117059018247,40.47488163613878,66.00414844839382,TM,crop,1,799.0117997879502,0.8602145910263062,0.798403263092041,0.8301047682762146
823233711883166,29.068560075854,48.084048261556,30.168001882712716,31.992131468615547,KW,crop,1,1559.037121830811,0.6337045431137085,0.41070806980133057,1.5094881057739258
450038362963389,38.978830137822,-7.2812361854766,35.008666296013196,-1.0450839681892607,PT,crop,1,707.9465647942856,0.2995562255382538,0.16671374440193176,3.227389335632324
297933462444738,13.662316404789827,-16.430340101173016,13.265826833564452,-8.254611662481354,GM,crop,1,885.1697455254682,0.6888615489006042,0.5498661398887634,1.062263011932373
949917125580796,18.251570400358,-62.984528794394,57.40145693559168,-7.242127746766308,AI,crop,1,6283.068416987253,0.333440363407135,0.27147650718688965,3.5985050201416016
313078556837128,55.266055994786,11.315098206416,50.41480869996397,17.249639781229853,DK,crop,1,670.215538644376,0.15169180929660797,0.08491133898496628,4.563321113586426
210766354219144,-26.628804736334,31.659445474276,-6.6072708478548865,-35.80160411361266,SZ,crop,1,7441.623989029033,0.305336058139801,0.1391119509935379,3.2145471572875977
520708829313842,54.68692259669,9.0074931788196,37.588550929447656,-76.5629256664551,DE,crop,1,6425.15968087,0.15315084159374237,0.07539908587932587,4.172874450683594
992154464938892,-17.65251068093,177.40709100849,4.645732752549293,114.59335824021586,FJ,crop,1,7320.418428059602,0.47086843848228455,0.32140982151031494,2.703016757965088
150289013771703,50.348577719861,-4.6628826388904,52.31918951293173,-3.792148060200475,GB,crop,1,227.31402218816024,0.16430869698524475,0.025873258709907532,3.990835666656494
1423738521294950,17.182641732455,-88.332789645282,11.771532891976928,-86.40122874911296,BZ,crop,1,636.5821230304825,0.2754856050014496,0.06265352666378021,3.0913381576538086
1155605118288528,14.706942793316,-61.143095527488,-29.801023800960603,30.75007401608497,MQ,crop,1,10991.96096285977,0.9834281802177429,0.9768499732017517,0.1411604881286621
2986698694926936,78.215334468879,15.012641390148,65.61854335440765,-23.250159651828493,SJ,crop,1,1857.0675963952667,0.9407059550285339,0.9102703928947449,0.3051375448703766
2083829008422694,58.379655829272,6.1151443597417,57.15073480802886,12.317960253927856,NO,crop,1,392.27271663837377,0.10493054986000061,0.035367563366889954,4.176162242889404
155652916570780,42.348418071723,20.818276988414,42.18882253602589,21.458303554970062,XK,crop,1,55.5734958253404,0.4539265036582947,0.4009631872177124,2.918339729309082
845707173409060,13.15145888888889,-59.57003805555556,13.065948322324957,-59.50499349753446,BB,crop,1,11.833369857679063,0.45438382029533386,0.4062025845050812,3.2424349784851074
792307658322895,52.913640031191,6.8640509875213,53.55381806523204,15.797646660400796,NL,crop,1,598.4264250590402,0.22975492477416992,0.06451939046382904,3.083759069442749
463829391356731,7.1956119778003,124.23640602451,16.406183060573678,120.87030812119217,PH,crop,1,1087.5792799145054,0.32735297083854675,0.16193787753582,3.3034682273864746
190327429484222,18.406063827426,-66.173016157195,40.22634823997796,-79.96421131387811,PR,crop,1,2762.3106821124247,0.21310794353485107,0.0018595755100250244,3.1462740898132324
964385794363812,38.838166509572,140.96848476449,38.94323915548761,141.11168467180417,JP,crop,1,17.032559500245338,0.3836800158023834,0.31200820207595825,2.9975600242614746
992350614846774,12.919375038455,-85.248546579532,14.847333416857706,-88.69708604880151,NI,crop,1,429.55373205829375,0.5531861782073975,0.4089425206184387,1.728729009628296
2898111640459899,32.288702684025,-64.767038528517,4.9148796605119225,115.01600118874272,BM,crop,1,15878.173560727115,0.5134415030479431,0.4423459768295288,2.687697649002075
156853596375003,19.653051191999,98.633327646919,19.521672116788316,99.18887492764722,TH,crop,1,60.00469115890274,0.49731943011283875,0.28557151556015015,2.102872610092163
353101693221406,-16.097698333830845,28.68442044328358,-15.9455557260975,28.199799801958385,ZW,crop,1,54.48707747163301,0.3270927369594574,0.1680370271205902,2.562110424041748
