id,true_lat,true_lon,pred_lat,pred_lon,country,corruption_type,severity,error_km,top1_score,margin,entropy
1198015930637035,47.58736244394304,13.72243335782696,47.42653728225269,13.594726415824013,AT,fog,2,20.293167078841375,0.1736358255147934,0.10049409419298172,4.265399932861328
2627501530880734,-21.690540312924,165.67395409726,21.557869343841322,-104.79764189806737,NC,fog,2,10829.711641478689,0.24706268310546875,0.0926295816898346,3.195122241973877
464312504633961,25.061219179854,-77.474052344488,21.551286550178652,-104.72929837358082,BS,fog,2,2805.7636614320068,0.9395051002502441,0.9331960082054138,0.5104963183403015
1640910792965420,14.05090975535,-83.408252576108,5.3256322809861,-0.7423083457373938,NI,fog,2,9075.1067047364,0.42540115118026733,0.28620433807373047,2.3425445556640625
784509382269632,39.054295235447,125.75444015475,43.235351752009414,76.85603616706804,KP,fog,2,4062.329649465438,0.3584236800670624,0.11935034394264221,2.842871904373169
1203580403446328,59.403162352068,5.3346943684814,48.21320919925136,15.295943097109802,NO,fog,2,1402.2416820741864,0.26922640204429626,0.20325806736946106,4.294956684112549
529318031569520,35.884852698,14.543835095527,35.606622889459906,34.78625486132702,MT,fog,2,1823.8229564873175,0.4122426211833954,0.24244387447834015,2.3637590408325195
579627393601024,31.161290071016406,27.62620232776423,8.071493037243346,38.544882475647825,EG,fog,2,2806.197720832381,0.2687343955039978,0.038115277886390686,2.285653829574585
493287055050730,18.529699440908,-73.82906994801,-25.00872903002007,51.36097727969453,HT,fog,2,14345.907224970735,0.5685924291610718,0.361988365650177,1.8071188926696777
194636675718395,15.711283292961,-86.911458774945,6.235347843723517,-75.60326426090039,HN,fog,2,1621.72233129923,0.4665346145629883,0.4048280417919159,2.9806790351867676
324862519056205,19.31841800221,-81.382583014952,32.80120693101208,-117.22289124919581,KY,fog,2,3857.344628171239,0.1566714346408844,0.07239853590726852,4.570911884307861
312497683776326,-3.5385285661184,29.342796802632,7.5523623117815015,37.96912523327256,BI,fog,2,1561.0785762929727,0.5535043478012085,0.31482404470443726,1.6998460292816162
524249899215869,-20.36057432562562,57.57448506856856,-30.878881896463174,-58.76461289436807,MU,fog,2,11150.483079377143,0.4732905924320221,0.44465380907058716,3.709803581237793
762407414666903,18.261799133186,-66.040383948361,44.01280027616161,-79.48686743777701,PR,fog,2,3126.712557738035,0.22243614494800568,0.13607975840568542,4.276997089385986
1162773017520174,6.3181766455254,37.510104406035,13.011692013925279,35.81843216620808,ET,fog,2,767.0096539262531,0.9633377194404602,0.9375606775283813,0.18890053033828735
3356357477800408,-13.862024739384,-171.85937431059,-13.958451638705341,-171.84108996091075,WS,fog,2,10.902288650400488,0.21901445090770721,0.04190029203891754,2.97074294090271
487479689165720,-0.79790097222466,-77.201507380967,16.949384257607083,-88.50926561805488,EC,fog,2,2330.4145709172003,0.8821362853050232,0.8204119801521301,0.6706721782684326
255694192945304,0.23852452895088,109.87510053714,-7.309800184083872,109.7127195764972,ID,fog,2,839.5285801524401,0.974765419960022,0.9669520854949951,0.2023368775844574
810188746588631,46.29075689375,10.078154998184,43.853386256527365,5.4131068063101555,CH,fog,2,455.562224271804,0.4452473223209381,0.35692042112350464,2.9367175102233887
152336490235316,6.1412981189533,-10.222955468447,-1.0093428911546434,12.056189582828049,LR,fog,2,2597.8612550935018,0.6249141097068787,0.4722849726676941,1.9694303274154663
1128248694323507,4.9712879947102,-52.440325961909,45.87357949024266,3.2463907460497636,GF,fog,2,7010.853035636148,0.17875368893146515,0.05402679741382599,3.9723167419433594
319600276196154,17.249258189479,-62.655520880016,42.76155865528219,18.105231318760747,KN,fog,2,7973.261028456065,0.2587394416332245,0.1703999787569046,4.152394771575928
227605128698501,30.534718182782,35.557018519973,36.03914037812069,50.64090481197649,JO,fog,2,1527.584469862222,0.5340105295181274,0.2678268551826477,1.6943622827529907
469353001013618,-4.8497851046353,11.90522368749,5.341182362845896,-0.7509659581912579,CG,fog,2,1805.3657239318627,0.33750495314598083,0.05986770987510681,2.106600046157837
312137333614311,50.147457733865,106.21881807879,40.46160167431289,46.10767849342761,MN,fog,2,4689.17976863603,0.45106619596481323,0.007281005382537842,1.1774567365646362
417436926432877,-9.466630277777776,160.38180111111112,-9.47438446080797,158.53558028812157,SB,fog,2,202.49396719396356,0.9240522384643555,0.8814519047737122,0.3951977789402008
521833368998076,33.828288106674,35.578984207651,38.37175705116189,27.039352105393526,LB,fog,2,917.993347959576,0.3875519931316376,0.24466760456562042,2.682541608810425
804138920493771,-0.43494769438863,-76.201325946671,-2.2556990977099143,-79.22445357352461,EC,fog,2,392.324749215578,0.48560091853141785,0.36441734433174133,2.3113772869110107
302261168190071,-13.859325484052,-171.70998038915,5.551130558134599,158.07105154314215,WS,fog,2,3972.2596920489054,0.10327370464801788,0.0067848265171051025,4.3958964347839355
1226452984452730,18.570054722222,52.82152305555601,34.98559397213596,-114.64654167677942,YE,fog,2,13914.638637169228,0.2226739525794983,0.04880586266517639,3.499627113342285
321769825972532,56.815207379952,13.937240092613,56.31442597876207,14.421730074569084,SE,fog,2,63.10161031153725,0.20823483169078827,0.010022357106208801,3.8265085220336914
773469050698883,0.4364979004820079,9.440864620026538,5.186589693491598,-0.9821410821896088,GA,fog,2,1272.0901106855874,0.20104195177555084,0.09001519531011581,3.8995542526245117
333032548339836,51.706235270322,-9.7173149835356,35.577345875094245,34.403046344703164,IE,fog,2,3899.6613328622393,0.19408854842185974,0.036225542426109314,3.3141400814056396
321482029535925,44.652229350002,21.162756330018,45.668388553601304,20.573600866210175,RS,fog,2,122.06860491624079,0.08818886429071426,0.029506362974643707,5.211162090301514
832510974027702,-17.456552891966,-65.728142843828,41.34118515793295,22.32709016420997,BO,fog,2,11120.769192965201,0.11426446586847305,0.009130336344242096,4.567266464233398
109891514526025,48.213328182129,28.09057650588,48.17708225859199,28.251786204795554,UA,fog,2,12.610576787407481,0.5597342848777771,0.49215641617774963,2.8179564476013184
2942639579308445,34.805369127435,127.95898406217,44.33935323977694,8.324066021657776,KR,fog,2,9314.626774024855,0.2498624175786972,0.04056468605995178,2.845447063446045
370894024357836,15.425447150296,-61.271269855519,13.932419857711764,100.7840136975415,DM,fog,2,16200.67623628192,0.36640554666519165,0.05168139934539795,2.572486639022827
788101518532706,11.258356617235,-60.564806768225,-20.236536528620938,57.661317329965925,TT,fog,2,13363.637996084417,0.20692577958106995,0.08011886477470398,4.234010696411133
3872288566218352,50.796778330451,21.153443346433,54.288494800988154,18.052505306949328,PL,fog,2,441.1710900478483,0.1630343198776245,0.09122909605503082,4.693563461303711
1002859423856924,17.09712846732,-24.97047664313,41.44097130134478,22.24372429662079,CV,fog,2,5232.465625616658,0.5255008339881897,0.33681929111480713,2.319157600402832
238160651412928,-46.337650900733,167.79026062048,17.66120930945449,104.81131168262469,NZ,fog,2,9501.132980646846,0.20400580763816833,0.15036141872406006,4.522393703460693
2563203020654329,54.32142990519237,-4.456551481932205,50.89954512395001,-0.11634159287562236,IM,fog,2,480.079229496595,0.14173239469528198,0.07859551906585693,4.6722869873046875
732194144134616,9.3458958330497,-79.823967302875,9.403972706551995,-79.73072587461776,PA,fog,2,12.097372198947122,0.9325958490371704,0.8696258664131165,0.27859464287757874
476322813419625,17.628516606198,-63.231308396649,16.02697770824938,-61.894388079178064,BQ,fog,2,227.94544209549588,0.5605782866477966,0.4685623347759247,1.9359501600265503
1136304350214402,-39.328969954559,174.63690058405,-35.11203559458632,173.49896437380167,NZ,fog,2,479.59221320484994,0.7187353372573853,0.4508785009384155,0.6758668422698975
486828262519306,14.646929324615,-60.975801183717,14.58868989407815,-61.07042186436869,MQ,fog,2,12.065892643289951,0.5182096362113953,0.4274168014526367,2.4476916790008545
1387937924894828,47.907557209354,107.17858480002,39.836144683561784,68.2534615115061,MN,fog,2,3209.0187112958824,0.4421198070049286,0.2744661569595337,2.2102789878845215
944100506347413,4.8670503980303,31.542952103365,10.49666548946249,-1.9312262058392573,SS,fog,2,3738.9829576220864,0.2857995927333832,0.08377856016159058,2.52018404006958
225738692700446,69.2342740620203,17.971246283328018,48.225396757550875,15.302603616107673,NO,fog,2,2340.628434454088,0.548104465007782,0.41710424423217773,2.2740378379821777
138012564971418,-17.546030537707,-149.57580216474,-21.01959297456109,55.294287249446896,PF,fog,2,14941.864060950753,0.37146979570388794,0.0732460618019104,2.3003079891204834
1349102025473123,60.210439476288,20.246196471172,35.730344350676496,-88.42927428685978,AX,fog,2,7540.242804355623,0.10833363980054855,0.02994658052921295,4.905183792114258
481515363098541,8.3835270285271,-82.196719096621,-6.068208947136069,106.17936325090622,PA,fog,2,19055.98510417575,0.3271765112876892,0.24092061817646027,3.708489179611206
208681127527124,49.241162571487,-2.1218631166228,35.60958014600055,34.7747694458665,JE,fog,2,3342.2259577320388,0.077938973903656,0.014124579727649689,4.627846717834473
496883494997876,12.508559533613,-70.010590958509,21.538596213122005,-104.78123271843195,AW,fog,2,3821.2104455239487,0.4379436671733856,0.3974815905094147,3.7444868087768555
1258448591563623,-8.614371141011388,35.602892240053215,1.369295425240475,103.63889395411192,TZ,fog,2,7619.465355253395,0.2330317497253418,0.08904464542865753,4.3805694580078125
849655245900069,5.9311045328258,15.65109465938,7.951672039621634,2.2599995507305954,CF,fog,2,1494.958009819085,0.957206130027771,0.9392571449279785,0.2975563108921051
1448430112350839,11.026769583975025,-8.632346605323722,17.67891857329334,105.01998081948895,GN,fog,2,12063.258049994454,0.2883458137512207,0.17234623432159424,3.369264841079712
711741309997504,-35.434392939173,-67.582981443437,-32.76007007910428,136.24761067741437,AR,fog,2,12036.030635974192,0.6368862986564636,0.5796965956687927,2.2081615924835205
330646891800305,14.870259800656,-24.373949477736,13.606888327823619,79.23288444851927,CV,fog,2,11035.320960986892,0.18314038217067719,0.033431872725486755,3.697756052017212
844947319428707,12.572384044567,-70.044602664275,21.490606897861117,-104.77651250673323,AW,fog,2,3813.9695835548964,0.8326002359390259,0.7432327270507812,0.8845483064651489
1424082877926694,39.063764515107,125.77381801639,43.419878464851806,144.24813971650573,KP,fog,2,1614.860752315245,0.12683743238449097,0.03699173033237457,4.366311550140381
262049738998529,15.746495092756,-86.857367093038,-23.129282608566793,-46.53606836835622,HN,fog,2,6157.199125991641,0.19806531071662903,0.055699422955513,3.37319016456604
2941932222749741,8.8904169624644,80.720461103422,17.815463959839608,105.43179467318147,LK,fog,2,2847.712825487052,0.4225415289402008,0.23450246453285217,2.4629757404327393
2957416491247002,22.534707236092,-79.367474703615,-5.465929092534128,39.51922633417628,CU,fog,2,13202.091577844705,0.10245368629693985,0.010902844369411469,4.987670421600342
1339793246404338,78.178055846086,15.902100697497,64.33400300688763,-20.708777622001794,SJ,fog,2,1951.6934988819364,0.4310659170150757,0.2440333217382431,2.736170768737793
742849163058043,7.9945228460384,126.06338592216,-7.281629076372028,109.77915512305654,PH,fog,2,2478.8032949482767,0.9830251932144165,0.9770264029502869,0.1413053274154663
487902825754300,18.349709806038,-64.886627593059,19.24124596358631,72.94716101989816,VI,fog,2,13797.970288958908,0.1461922824382782,0.0315229669213295,4.214208602905273
188819323085799,41.434692972264,43.314083402676,41.75894417057802,44.93965456769568,GE,fog,2,139.89844355804627,0.7150413393974304,0.6669452786445618,1.8303155899047852
449823653747421,53.88835461402647,-122.76729722632489,49.20572115807046,-123.0974384646243,CA,fog,2,521.1836959151087,0.1114785298705101,0.0030079782009124756,3.8379812240600586
227770655816183,49.479739351354,-2.5890746408905,51.776548653256654,-4.845736261604616,GG,fog,2,300.90328046859804,0.4622632563114166,0.3609071373939514,2.561528205871582
216079839905055,19.324976978962,-81.381549997813,25.727291030809482,-100.25708868777127,KY,fog,2,2062.645754125612,0.37898242473602295,0.2837677001953125,3.1226401329040527
828630294440097,3.9058095275261,11.829761470611,0.3742449818422517,32.51589912098788,CM,fog,2,2331.513486475236,0.5215296745300293,0.3384897708892822,1.7802684307098389
860118858181209,-20.177979,57.661693,-21.27295750368414,55.50240400589523,MU,fog,2,255.44213232532962,0.7415266036987305,0.6285715699195862,1.0211737155914307
114507540681851,35.729256605436,128.41830771074,17.844443470672854,105.23768015653896,KR,fog,2,3026.234948995296,0.23636853694915771,0.08716247975826263,3.8419408798217773
661381454786146,-18.972548731094268,29.805283361910963,-24.24261579957077,31.693351208443776,ZW,fog,2,617.6251502565409,0.19422858953475952,0.04102008044719696,3.6557865142822266
222747492577837,61.352664593679,27.429725107498,54.289508951310275,18.060478883484603,FI,fog,2,959.6022709790639,0.22248418629169464,0.07576340436935425,4.0990400314331055
138806294926443,38.717835758735,58.495184798492,29.921784650207158,31.55679881070764,TM,fog,2,2647.9584136349895,0.6398591995239258,0.508965015411377,1.4479395151138306
135421499385396,13.275246919086468,2.911011286873044,7.616341177489788,38.19462710243867,NE,fog,2,3905.537543781578,0.9802595376968384,0.9692341685295105,0.14096425473690033
517034622643483,-9.0920015075631,160.82242285539,-8.86853901325508,159.12454265911984,SB,fog,2,188.12930156709285,0.4021347463130951,0.05798232555389404,2.090834856033325
2526299567665760,35.829307962213,14.558295593658,35.64005632688768,35.01404231969875,MT,fog,2,1843.0881474326443,0.8536326289176941,0.8006922602653503,0.8278326988220215
281947363629492,78.231350087799,15.142395905188,78.26964583312193,13.850522796667404,SJ,fog,2,29.55955788406532,0.5847634077072144,0.4339034855365753,1.390310525894165
309954333906145,40.335258934887,19.990673334292,40.18468114343007,19.61391541873226,AL,fog,2,36.08892380908379,0.16300898790359497,0.048594020307064056,3.993772029876709
163258222377928,-8.7192284268616,160.86453616743,6.251553278005715,37.393570033037584,SB,fog,2,13782.127876412833,0.5841013193130493,0.5143110752105713,2.2033188343048096
497041608993768,7.354967160960991,134.4972694391149,-16.82443573773361,-48.63712083307296,PW,fog,2,18908.488697763354,0.16292692720890045,0.07420254498720169,4.939092636108398
325055798982586,-10.203132697528,31.216979658259,-24.491168838950266,25.65565441306038,ZM,fog,2,1694.1656947065756,0.2761267423629761,0.1564239263534546,2.7377779483795166
361816321938390,12.57472666996,-70.041979864956,21.5330086490729,-104.78823841731912,AW,fog,2,3816.1117495594385,0.44592615962028503,0.3431858420372009,3.0842626094818115
1145510005966861,18.05148025828786,-15.896397560721027,36.38966407775407,43.934307893132875,MR,fog,2,6155.241184824653,0.9964271187782288,0.9947394728660583,0.031088203191757202
262345932212210,15.140006372867152,39.26672870985676,21.47993999726913,-104.74878131496615,ER,fog,2,14359.592922818652,0.910551905632019,0.8818643689155579,0.5148063898086548
901986960835723,13.278551582622178,2.917996515380901,12.63778607059071,-6.3762954024642555,NE,fog,2,1009.6150825357619,0.8707770705223083,0.8279134035110474,0.6956337690353394
317050140097070,43.4276581353825,24.38127115862344,43.96455603948957,22.19493665492128,BG,fog,2,185.62623003704195,0.33993828296661377,0.23489131033420563,3.66898775100708
994714827967018,22.682567905302,39.11769149111,0.9097204665392616,104.11257411880703,SA,fog,2,7412.999552444661,0.13034242391586304,0.06959469616413116,5.262355804443359
145209974249665,16.762668175828,-62.220769939941,14.62087692385187,-89.45408582128914,MS,fog,2,2922.804943448567,0.32308733463287354,0.20598556101322174,3.2262942790985107
763480160945552,3.114388438698,31.177872023014,6.2944757537149245,37.54374207929427,UG,fog,2,789.0441114676149,0.43089479207992554,0.2397398054599762,2.3643996715545654
4405163029511350,43.682079175037,23.978223195064,43.86068310461053,22.317141361619093,BG,fog,2,134.843811967306,0.1549762338399887,0.013148337602615356,3.531935691833496
326659798812032,12.410385336248002,-16.110049424682003,17.814050264760077,104.4935563418785,GW,fog,2,12682.336736009851,0.4637114107608795,0.38896656036376953,2.841831684112549
895631547651467,12.080356238018,-61.704118318475,14.606678179773409,-61.03351658209498,GD,fog,2,290.1308845571272,0.1603900045156479,0.04796670377254486,4.016663074493408
953292548822411,18.0817933464398,-15.894888251115804,8.110234692975505,38.809989465988444,MR,fog,2,6006.39911604666,0.7899888753890991,0.613629937171936,0.7090952396392822
1179673359141283,-27.440457092686,31.884625638401,41.004929788552914,-6.378806015892873,SZ,fog,2,8571.447852892421,0.33682388067245483,0.14874644577503204,2.9964888095855713
1391570534555001,12.121586777999,-61.634729332904,16.03270650009654,-61.844071605407336,GD,fog,2,435.4821218861752,0.7427752614021301,0.598860502243042,1.025088906288147
1931718050309638,42.316673318457,42.610766550542,38.117405081879305,33.89740412422213,GE,fog,2,874.1770380591024,0.24206553399562836,0.11646370589733124,3.949131488800049
1441784959495240,18.614866388889,52.371751388889,24.61160281640724,55.56932758617326,YE,fog,2,744.1421852581245,0.1653887927532196,0.034402430057525635,4.194568634033203
1092193684624091,13.222041768155,-61.27004985443,5.180254699732777,158.69096517703971,VC,fog,2,15151.228967821882,0.3354361653327942,0.2533420920372009,3.6717586517333984
545855749735091,44.933679619312,10.542218724088,43.31657155621999,21.946848341785223,IT,fog,2,927.0558935895239,0.27609166502952576,0.0929361879825592,3.121365785598755
2774084016236056,4.2465653216704,73.54886569526,5.293673905517241,-0.8206655349936892,MV,fog,2,8236.769289940003,0.9366872906684875,0.9155422449111938,0.3726641833782196
193239609283383,16.442716181297,97.600636667113,17.418184253176907,105.1862882712842,MM,fog,2,814.1238715056279,0.6492528915405273,0.5851402878761292,2.1207056045532227
838605060406461,-38.684857801033,-62.245177670808,17.5885299843706,105.0869964389963,AR,fog,2,17367.129964607655,0.6371224522590637,0.46104222536087036,1.5811913013458252
1398766300483374,-20.281888888888,139.05741666667,-20.14639159603351,145.93232721998746,AU,fog,2,717.4772142824439,0.4846331477165222,0.0565606951713562,1.2354624271392822
309592324146292,-40.470381504032,175.24679558692,52.13536069969353,-9.70306281282119,NZ,fog,2,18664.226515938764,0.2851355969905853,0.1806555986404419,2.7313568592071533
787330225321281,78.186979979764,14.79210601878,64.26657610782179,-20.95590458789458,SJ,fog,2,1942.3622769355295,0.2421092987060547,0.02451235055923462,3.3741307258605957
481435006457069,41.714515597444,19.778002854189,41.893579347374214,-2.8651399303143776,AL,fog,2,1871.47663009917,0.33967745304107666,0.008176982402801514,2.507404088973999
562746315113072,-21.036239487922,55.673092800575,-21.064316083644957,55.29130113974357,RE,fog,2,39.74300193471555,0.46895840764045715,0.3419411778450012,2.0317769050598145
251075026766241,42.736773777269,78.935492923137,36.22314874998689,50.67229016151846,KZ,fog,2,2518.050275360881,0.34085965156555176,0.061437904834747314,1.9764455556869507
4010096302418176,13.274118,121.232275,-7.341863152544124,109.72393996303522,PH,fog,2,2621.1450581171935,0.33667123317718506,0.0379011332988739,1.6761541366577148
385537683018740,8.58587702121514,-10.943586617629483,23.80212068546229,90.36419675226433,SL,fog,2,10755.56144325516,0.48583337664604187,0.35848701000213623,2.125840902328491
180372857328994,49.843429916622,73.222888258927,-26.5527048015364,-51.45708396856997,KZ,fog,2,14684.154374176907,0.49212828278541565,0.4039231538772583,2.9102911949157715
907851513392138,-18.164645479454,178.22136593468,-21.04639053320062,55.28100559951921,FJ,fog,2,12423.881561574952,0.4842623174190521,0.08938285708427429,1.225861668586731
1131598217344189,54.864195040685,8.7383931888414,21.501455875472153,-104.80845391339764,DE,fog,2,9460.093107101302,0.13094088435173035,0.060037389397621155,4.635072708129883
3247097405547891,33.97288015656933,71.60789771722264,34.02162240766955,71.54764737103169,PK,fog,2,7.760538157877978,0.8238285779953003,0.6785255074501038,0.6520176529884338
1063412324270300,-15.431355385415,167.20499794568,-0.26969465447719887,152.35400654435858,VU,fog,2,2345.532589455938,0.9919191002845764,0.9889197945594788,0.06338728964328766
478746096705872,12.1865576631,-0.3910576992899,7.219957165198398,37.97305304504565,BF,fog,2,4237.231494462251,0.3235307037830353,0.10508310794830322,2.6066160202026367
163486722253544,18.376454722061,-65.907019733384,44.061902810127,-79.31467063186092,PR,fog,2,3118.1625921003715,0.2431829869747162,0.16929875314235687,4.0887298583984375
1394646127681740,50.27605756468763,-5.022433442071348,50.917455132555084,-0.1717571782643083,GB,fog,2,349.65865271392715,0.2596948444843292,0.18781735002994537,4.50086784362793
311036310426740,10.534375285392,-85.108561963834,11.948543616378004,-86.37588536489739,CR,fog,2,209.35536926999936,0.43755319714546204,0.3626631200313568,3.101045846939087
180655490594869,-4.2955834051727,39.583247618282,17.401376609398657,104.38612189789734,KE,fog,2,7505.489663659832,0.8959401845932007,0.8748694062232971,0.7436327934265137
225040172344104,54.10668466178,-8.5444506137227,54.04582034261749,-8.517584902487972,IE,fog,2,6.991072026339241,0.257404625415802,0.16049712896347046,3.535201072692871
590599688583224,62.579080335013,22.030513453623,63.833594364579945,20.22611917212796,FI,fog,2,166.23607916157852,0.41476956009864807,0.2998086214065552,2.4902501106262207
378410597431210,11.755141729610802,11.99142765025279,35.480255187488275,115.00229378663853,NG,fog,2,10397.931268263714,0.20568007230758667,0.07467778027057648,3.9192872047424316
769560623930363,13.781555904684,-60.954984062834,-21.399549656352107,55.501113399597614,LC,fog,2,13268.427770480463,0.34728357195854187,0.1224193125963211,2.1953842639923096
191217559525689,10.598613143242,103.76819114404,17.598697862538003,105.89691473559309,KH,fog,2,811.4748590080587,0.9932934045791626,0.990768551826477,0.05968309938907623
960119301406916,8.934567996624,15.810201192055,8.41798066088318,1.9778631514671396,TD,fog,2,1521.4793270612702,0.07881837338209152,0.021687865257263184,4.75919771194458
162029952434974,10.416592641005,-6.9267518159549,6.2977394765522705,37.67638982175397,CI,fog,2,4924.401352330704,0.7960860729217529,0.6826201677322388,0.9617647528648376
777563772895063,60.262939806644,20.372533414245,56.180835374006705,15.651573604226513,AX,fog,2,531.1720590315066,0.14021670818328857,0.11151392012834549,5.277714252471924
483016122754010,8.2177331232449,-10.640871255174,17.155879213493392,-89.48422621216821,SL,fog,2,8560.732515796775,0.646785318851471,0.49332961440086365,1.6119816303253174
945669026244322,32.28289364111786,34.89665697754903,63.89733290920217,19.847242572927808,IL,fog,2,3667.483547976276,0.2706488370895386,0.1715717315673828,3.9451587200164795
834907740772712,-51.828914124143,-58.391576104278,64.34175831331983,-20.35547398647588,FK,fog,2,13327.79735553256,0.2756151854991913,0.14895348250865936,3.567535638809204
315786796574792,17.029958580939,-61.837386119134,25.14357877427119,121.53751856422684,AG,fog,2,15311.376144284599,0.13188332319259644,0.0198962464928627,3.9894800186157227
3935353219835220,5.0624805680856,-52.559930285878,-16.581158365917574,-48.692722999855526,GF,fog,2,2443.9365407728283,0.09835080057382584,0.02648099511861801,4.5292887687683105
703624374104706,11.148071748184186,42.461472571281,17.793249312284193,105.39086266155759,DJ,fog,2,6787.1418060059605,0.6501955389976501,0.5310839414596558,1.5640277862548828
552376936150414,45.747934121718,28.392399493234,47.0091022702006,28.529221956531583,MD,fog,2,140.62767064961886,0.3981359302997589,0.2893514037132263,2.639343023300171
279990610516417,-25.052590421722,25.938389437355,-25.344662936820548,25.80294937996096,BW,fog,2,35.22003380866812,0.9255068302154541,0.908236563205719,0.519628643989563
244594784129468,17.181606776437,-25.056350793491,35.65474888942481,34.99350793457832,CV,fog,2,6222.667110310036,0.21800349652767181,0.03540986776351929,3.590226173400879
916296905814911,29.986443376454,35.073653850875,31.04261261065772,35.443710101350405,JO,fog,2,122.673921605074,0.4965950548648834,0.13205909729003906,1.6438920497894287
160409959286661,13.609489121743,-15.203056960483,7.527214875508305,37.91353928805305,GM,fog,2,5834.743099080764,0.36736080050468445,0.03961780667304993,1.772653341293335
375549574325666,-8.088511666666667,156.78238944444445,0.6003393882437938,151.253651635169,SB,fog,2,1144.1386294120962,0.7413517236709595,0.5796598196029663,0.8926815986633301
6504127516293875,-20.153986376711,28.58502890468,7.388798749353809,38.05107902611453,ZW,fog,2,3232.932688908725,0.48397377133369446,0.40743887424468994,2.836944580078125
955352585280405,53.073543217589,5.6644949286343,52.9045701378151,6.708080839365633,NL,fog,2,72.33522586298886,0.2455703616142273,0.07612738013267517,2.989485263824463
198798338740227,41.487329996943,45.08669320994,38.16907323274915,33.91446296038199,GE,fog,2,1021.944080183692,0.5240085124969482,0.4498633146286011,2.5538997650146484
747640439246618,6.555528380315,-10.331525634335,18.266229010704066,104.52431521753046,LR,fog,2,12358.988048547688,0.5030732750892639,0.43207690119743347,2.9165945053100586
537333261008423,39.113511978868,117.21046994629,37.59586845894787,126.71403949708699,CN,fog,2,845.2666063835853,0.7299951910972595,0.6631158590316772,1.6454824209213257
5205930492794121,13.596220054527333,-87.36529096486619,17.510632573833075,104.71690583805189,HN,fog,2,16310.72653045436,0.2673631012439728,0.025881007313728333,2.748108148574829
282961036881213,36.025363064061,14.258923344808,35.60226519338564,34.39493544450001,MT,fog,2,1813.050286752701,0.722461462020874,0.6668649315834045,1.5652484893798828
2898417523733065,12.385310410818,-5.9561351141694,12.546442573345473,-6.278502726073741,ML,fog,2,39.31997866124181,0.9355235695838928,0.8767145276069641,0.26552876830101013
814006309495024,18.427369706947,-64.568261557542,-21.073765985315653,55.24874394345443,VG,fog,2,13747.171597586952,0.2214871346950531,0.08836151659488678,3.5759124755859375
363924908375174,-4.7913317580586,11.855642981142,5.53942243590319,-0.20071368426601174,CG,fog,2,1764.0424790841575,0.4237026870250702,0.20097532868385315,1.8731497526168823
520091355848418,69.217861349712,-51.109419049396,68.00352476485553,20.050759044657998,GL,fog,2,2726.834179298508,0.17436733841896057,0.03734773397445679,3.6584582328796387
840734783196696,32.126256113931,44.324859980182,35.611272721274695,10.172586461388986,IQ,fog,2,3161.025757719696,0.3207699656486511,0.08110219240188599,2.394883394241333
226163689282727,12.168906318554,-68.967070805139,21.232175561197,-73.84050555628227,CW,fog,2,1133.277821471695,0.36279091238975525,0.2954649329185486,3.433903694152832
341214407334376,-19.377102833928,34.400509607794,6.408427332078704,37.58654536662355,MZ,fog,2,2888.3692956107275,0.17095662653446198,0.055636703968048096,4.425789833068848
894968224414635,34.986110625975,32.668982915426,35.00852334151373,32.69612018295517,CY,fog,2,3.510159865966158,0.23685437440872192,0.016142025589942932,3.3667824268341064
462694431488011,18.632063011792,-68.389902993932,21.159785491091405,-101.6767474442433,DO,fog,2,3485.519155779146,0.10234419256448746,0.05340740084648132,5.468557834625244
857893648147331,-10.905676698416,14.247198141961,7.538572514123259,38.179830313329724,AO,fog,2,3349.68434272942,0.2053380161523819,0.0896756649017334,3.628613233566284
382009819762071,39.329365017441,27.62045985936,36.96810703875077,34.84758212926317,TR,fog,2,684.0801705804204,0.28754472732543945,0.17746469378471375,3.2396745681762695
271875871339932,11.850545983225,38.038235893261,12.487675495966261,31.498221735953734,ET,fog,2,714.375868901291,0.9462301135063171,0.9123050570487976,0.2791299521923065
525646118616107,-15.637682963249,166.84078278513,17.269934662656098,-89.2266453835526,VU,fog,2,11958.342730507964,0.3656654357910156,0.0843905508518219,1.8401625156402588
2982805328705469,64.437207664635,24.181485346398,51.41385100938302,22.612527186966087,FI,fog,2,1450.9809204267253,0.291916161775589,0.09645293653011322,3.844151258468628
320116623608771,23.185410152402003,91.17769833999328,22.811756270111186,90.67821491948438,BD,fog,2,65.87913375705767,0.7980653047561646,0.7130451202392578,0.8501703143119812
803534963702486,51.121882315762,3.1082009025971,50.84752063880471,22.251116411609058,BE,fog,2,1336.574971536975,0.3385280668735504,0.2432664930820465,3.470235824584961
376395010415901,13.924250043571,-61.056412107275,5.496456799545729,155.4361669081933,LC,fog,2,15446.036741304508,0.9598113298416138,0.95099937915802,0.31304237246513367
303078421392591,-16.446930463398,-152.24847310031,21.460819829677725,-104.80296482791083,PF,fog,2,6671.235501828539,0.514022946357727,0.4489072859287262,2.9631807804107666
312172783608841,49.510993358681,6.3452033888591,48.31032379421703,14.317501631352533,LU,fog,2,597.414337452472,0.20013698935508728,0.11741624027490616,4.434370994567871
6235880006437043,-3.1366812272296,-79.214143657851,6.240014176510574,-72.50036454288312,EC,fog,2,1281.7034569061575,0.33853229880332947,0.012745946645736694,2.0221474170684814
965921670819949,-10.479678823577,105.67386300715,17.202266300193212,-89.16199828777677,CX,fog,2,18248.693806619827,0.21955731511116028,0.015069320797920227,3.3464365005493164
925871031561258,-6.2639877158616,107.06741782953,-6.865704617771374,107.56116007187912,ID,fog,2,86.32163873413474,0.6657655239105225,0.5127972364425659,1.0999168157577515
1164097447347216,4.8674337462563,31.519362784566,10.597107632851825,-1.7136316173206394,SS,fog,2,3714.209467982211,0.6801742911338806,0.5158774852752686,1.248801589012146
4396227090475829,-1.2678653976589,36.678122304876,0.006345428111328402,35.16489136219714,KE,fog,2,219.96113694000834,0.7798429727554321,0.7143402695655823,0.953978955745697
865652107497194,25.981085501999,50.457665915183,30.068257024202893,31.686158518112656,BH,fog,2,1895.2878837974001,0.3458307981491089,0.2157575488090515,2.9137072563171387
299799271640333,2.1039771270774,45.331583431777,12.871581678384139,79.77412426050616,SO,fog,2,3974.8566253606646,0.4039390981197357,0.07633846998214722,1.9751124382019043
461018955189846,14.544694692651,-60.871651329228,-21.276001038630277,55.558888145174684,MQ,fog,2,13289.155472445726,0.31945303082466125,0.1485668122768402,2.755751848220825
848673612668103,42.673726026337,20.952183058644,47.68460393048218,19.582479883323906,XK,fog,2,567.4063847133051,0.27186283469200134,0.1641356199979782,3.473113536834717
1416342685418545,-18.613385898721,-174.00201190817,13.901218672248271,-61.013176047708875,TO,fog,2,12881.572897815151,0.6346471905708313,0.5205808281898499,1.6398683786392212
494963678607139,41.553688076193,76.443594560854,-43.01181071938981,171.48502104922164,KG,fog,2,13347.579699518526,0.30777040123939514,0.13581813871860504,2.6105141639709473
219389349648885,10.15103545444,-0.08621895664982,10.63621272749053,-1.4384255958439818,TG,fog,2,157.4236373432243,0.9725517630577087,0.9607664942741394,0.19024454057216644
3089177431309627,15.373065639057,-61.261521114061,16.021455955365617,-61.765711081810544,DM,fog,2,90.06146516223511,0.7983191013336182,0.6842936873435974,0.9699337482452393
267446095163419,-24.410317211088,31.569065250692,-25.331783215238286,32.147679854933536,ZA,fog,2,117.92241374736297,0.38775399327278137,0.09388720989227295,2.2582616806030273
302215634735033,41.271908839255,44.308127758638,53.958303012559604,24.044325559693206,AM,fog,2,2059.2435073672805,0.1442907303571701,0.08933495730161667,5.156693458557129
2667851503513129,17.27324849632742,52.95912218803253,17.61936507408168,53.11899795777844,YE,fog,2,42.05746013136978,0.5198710560798645,0.20836475491523743,1.6622675657272339
153409713461640,8.790179318271212,17.833063690255294,13.220945120267734,-7.964176534960302,TD,fog,2,2856.8998573268327,0.28210777044296265,0.13758772611618042,2.9578163623809814
197648665524336,32.845770012076,3.9393382718177,24.71070880995705,36.058503916838426,DZ,fog,2,3244.2460925494165,0.9316980838775635,0.908147931098938,0.4829404950141907
186111083366529,51.38944480684,5.6393438286668,43.490027207740845,5.342682799472705,NL,fog,2,878.6564298783504,0.11684998124837875,0.06263713538646698,5.048572540283203
2778308682433187,46.907087389519,21.768223720096,50.61400286309728,17.416927267227425,RO,fog,2,520.989091827876,0.07267739623785019,9.185075759887695e-05,4.708847999572754
937732960392917,57.179863762985,9.5235696942098,52.21874661583251,6.762282807048245,DK,fog,2,579.3604014822898,0.0681227296590805,0.004526212811470032,4.718752384185791
1146261095856485,7.3615432427089,134.43713448334,16.031452122478555,-61.74742822636285,PW,fog,2,16862.22632902855,0.3984975516796112,0.010731786489486694,1.743937611579895
481510253092194,55.547652479706,10.237061583967,56.04319969166537,8.41735097918594,DK,fog,2,126.38530606582775,0.0789075419306755,0.0022729486227035522,4.846640586853027
373515770750013,52.085212737279,23.57416942403,51.37382256695777,22.624432102249266,PL,fog,2,102.64172961212529,0.7681707739830017,0.7087205648422241,1.3426015377044678
509958026699758,8.7996562999047,17.834358755261146,8.264841208482467,3.2970309817188594,TD,fog,2,1599.591397739958,0.4174664616584778,0.19996331632137299,2.461954355239868
898715014311013,48.970224789976,9.8639365242088,36.08332793629345,-97.20642968394239,DE,fog,2,8142.592979665131,0.10876071453094482,0.003546483814716339,5.205949306488037
1199206943853136,-16.678932002412,-60.816984800192,7.548158835465603,38.33202478281391,BO,fog,2,11216.966980346206,0.33195167779922485,0.08977523446083069,2.775456428527832
498260671492955,-38.013275055456,-73.225185383762,35.63295220528715,35.05916514346842,CL,fog,2,13791.950295015475,0.11181424558162689,0.03920311480760574,4.622221946716309
894859321231304,12.227082918058008,-69.07847800166279,17.671240470442257,104.8749309796917,CW,fog,2,16624.915921274493,0.19184444844722748,0.1335591971874237,4.116042137145996
1389207538112280,-18.237830811581,177.83923612892,3.6395476459145466,159.16102359978458,FJ,fog,2,3179.1203739185867,0.762131929397583,0.6166645884513855,1.0331602096557617
853984918525885,16.723203555806,-62.23130997289,10.100154588311845,76.17164900698506,MS,fog,2,14554.583988681807,0.1626587212085724,0.09814006090164185,4.290537357330322
122049223635653,-9.093844554597762,143.20550105803093,17.811939582655242,104.56778457759447,PG,fog,2,5191.447125596369,0.35201120376586914,0.06295296549797058,2.4475362300872803
503430330798585,15.754797111762,-86.834109918362,5.302973730278685,-0.8201806344329358,HN,fog,2,9422.432178030656,0.3828868269920349,0.20588573813438416,2.6999707221984863
909387153127451,28.736208967151,48.003263644262,30.024543896526644,31.71711829176542,KW,fog,2,1583.1610166781315,0.988512396812439,0.9832044243812561,0.08945169299840927
906902016543352,31.331782024306,46.203432956327,34.38492817260558,8.869112504641526,IQ,fog,2,3484.1760382948114,0.1103551834821701,0.050790198147296906,5.146951675415039
2928214434172169,1.1206763559822,104.10141369167,1.1192495947575067,104.08833394290328,SG,fog,2,1.4627527406846896,0.4304118752479553,0.16713771224021912,1.9629204273223877
450152016285778,44.280050101707,22.571319099243,43.93425083906704,22.372758245552678,RS,fog,2,41.59112116806023,0.33572664856910706,0.2679835557937622,3.841780662536621
364335675754039,27.44091865174831,89.6695301948495,-17.364803662834994,-66.16284909542027,BT,fog,2,17296.553425836424,0.6200550198554993,0.3095758557319641,1.0423880815505981
1465192193846342,49.242897458505,-2.1257188472841,51.913560886670346,-8.539016788307743,JE,fog,2,541.2330497183445,0.46898388862609863,0.4142099618911743,3.2384121417999268
307943760727803,32.017590561359,35.44667005004,31.801716051334125,35.42045492894307,PS,fog,2,24.131354767866434,0.2586377263069153,0.13544312119483948,3.476766347885132
460785571683103,37.925916394446,71.433043060589,21.503153092691758,-104.7737575655361,TJ,fog,2,13394.985783198534,0.164862260222435,0.03525438904762268,4.197944641113281
1128725237604299,-29.134916665635,150.74974999676,-29.294733748613673,149.86145766051803,AU,fog,2,88.0214858345984,0.5830689072608948,0.31266891956329346,1.5206546783447266
490647468911155,40.963268605415,72.227703152599,42.982951349574876,71.89381672467843,UZ,fog,2,226.2677408453742,0.1142391711473465,4.4658780097961426e-05,3.634636640548706
333643931662411,5.6383973900144,16.079947991405,-37.06799534533933,144.26500503475475,CF,fog,2,13718.640823942973,0.1632622331380844,0.04511670768260956,4.435354232788086
1227174381045729,47.768093183573,107.23115509769,38.67956725837984,33.8404248190253,MN,fog,2,5805.839415122687,0.3892971873283386,0.31530386209487915,3.0905873775482178
1407497409603690,3.0843020507054,19.86280519181,-1.1513046717903934,16.25191666981876,CD,fog,2,618.7997871082415,0.29369938373565674,0.06972108781337738,2.2986392974853516
3723636841075361,45.568657163831,14.018918146853,52.4170465427052,21.25253432147057,SI,fog,2,925.5131445038987,0.6910262107849121,0.6563048362731934,2.0082345008850098
165305525550262,8.3525370889256,-10.025850369874,6.967628191746616,-11.473404156921605,GN,fog,2,221.72296976655502,0.5924628376960754,0.4842340350151062,1.6382923126220703
340729614142712,18.491135,53.019456388889,38.594772397278135,-113.15058722535994,YE,fog,2,13505.655006782625,0.323515385389328,0.11835132539272308,2.6889421939849854
454659182301876,-11.625933853582,43.262174830246,-21.044969035182707,55.269736267149945,KM,fog,2,1653.325264716464,0.962286114692688,0.9573702216148376,0.3091682493686676
668193423973890,-24.287426139806,25.329460617088,7.540497490846098,38.06158708075857,BW,fog,2,3799.0517156757014,0.5000966191291809,0.3111237585544586,2.070840358734131
838630760070492,25.060757368329,105.86456403205,43.865564253337396,22.077728294155282,CN,fog,2,7632.533571071021,0.17436213791370392,0.006225898861885071,3.1628830432891846
390606075408650,42.986310463262,19.555681585034,40.76686584008323,29.532871030374054,ME,fog,2,861.5140588487494,0.14189980924129486,0.0002799779176712036,3.3989970684051514
131134676170300,-12.948481303182872,45.128315287832365,-7.271579274696414,109.73345427524858,YT,fog,2,7083.981665150388,0.35207709670066833,0.2185381054878235,2.4155290126800537
1792656240942534,13.919496365755608,-90.97051612073146,21.48824107173412,-104.7245387328593,GT,fog,2,1681.0746693422677,0.9144119620323181,0.8871806859970093,0.5095207691192627
170823461623752,16.241110201764,-89.025642613932,17.239221035396223,-88.94108520488125,BZ,fog,2,111.34948044818282,0.6295000910758972,0.5177375078201294,1.4227070808410645
326797512347685,20.477204466217,103.99483406515,17.79498048841181,105.23828129170812,LA,fog,2,325.5939526344306,0.5609809756278992,0.3853442668914795,1.4657464027404785
603719283920573,40.194963555707,44.545682589004,40.21299483253844,44.214166097355104,AM,fog,2,28.22540903893918,0.5878095626831055,0.4792320728302002,1.9245381355285645
307023807471036,48.822446939892,15.635962976885,44.53555811317718,25.75563838028421,AT,fog,2,906.2034742085625,0.2360726147890091,0.10695165395736694,4.195841312408447
1360919617610849,48.744206328516,20.484833979395,48.47533923768844,10.213696964018581,SK,fog,2,755.1559359253201,0.08407528698444366,0.02576657012104988,5.295543670654297
4130359377021158,12.744808419842,-86.016174505038,17.644747515352712,104.61329708861945,NI,fog,2,16440.15535668996,0.8169299364089966,0.6879371404647827,0.7917097806930542
186509513837116,-9.162518629974178,125.26855431414576,11.114097058680896,-85.52166317689581,TL,fog,2,16639.319776447806,0.3772485852241516,0.15050482749938965,2.4153647422790527
305027981215954,-18.157704641057,178.42394691893,-16.519961821465515,145.45326232318556,FJ,fog,2,3499.7441329218987,0.2931029796600342,0.08480226993560791,2.900559663772583
156576193076602,-0.78254800116056,36.454570001926,7.9673640870930384,38.33565039055359,KE,fog,2,995.0461006765987,0.7859996557235718,0.687509298324585,0.8302265405654907
713195779986935,15.71706020536666,-87.91892889999826,17.502152177614786,104.86754796896618,HN,fog,2,16064.366235150366,0.11065186560153961,0.06150917336344719,4.969764709472656
211686643757850,18.378333055477,-65.856644722755,5.269086186685029,-0.8184135177567683,PR,fog,2,7191.543882019572,0.9466486573219299,0.9263942837715149,0.35839059948921204
1127316044444733,45.524200027704,20.00828632566,44.14632381091722,20.13965660189291,RS,fog,2,153.56256506899697,0.19059538841247559,0.1299077570438385,4.556302547454834
1705161749686063,1.6727266549458,109.85191823171,-7.315331990959743,109.73009220306183,MY,fog,2,999.5179115684223,0.2899458706378937,0.044717490673065186,2.7136335372924805
1180959432346280,4.2166399722222,-55.441371916667,17.736993288605372,104.3551257455859,SR,fog,2,16717.87946010027,0.6070376634597778,0.43156206607818604,1.5286872386932373
152378826822821,62.297150880353,-6.3605044614883,62.514404554313636,-7.130954504947537,FO,fog,2,46.45732053869706,0.8382968902587891,0.7715796232223511,0.9262588620185852
2163885233752606,46.261529486069,41.00615902421,45.90652668819712,40.311562322672536,RU,fog,2,66.54332816509279,0.22550159692764282,0.06894566118717194,3.9770913124084473
828943404645761,-4.2440126883445,39.574345953224,17.329854710402625,104.46654836437077,KE,fog,2,7511.01562753428,0.27409982681274414,0.13735468685626984,3.562452554702759
145074444769704,19.85141683329288,-70.79678177411726,17.806384581570935,104.48820601831466,DO,fog,2,15796.22829871746,0.3622782826423645,0.2259322702884674,3.1494979858398438
167921538557854,32.347416850468,15.10321327924,34.772099668012046,10.771180103761418,LY,fog,2,483.4644483283478,0.3059908151626587,0.13251042366027832,2.7315313816070557
628318788994208,13.152619444444444,-59.56710666666667,13.189680777469484,-59.63782517347812,BB,fog,2,8.695265230221258,0.21184709668159485,0.08183079957962036,4.243565082550049
842741859611073,16.018956092128,-61.581760537768,-21.021076940354536,55.28007223914985,GP,fog,2,13375.66839747335,0.8584051132202148,0.7389847636222839,0.5628968477249146
310752417096783,66.229694079253,29.133889499018,67.54623881366167,21.172296105036082,FI,fog,2,376.7386251506057,0.13584940135478973,0.0007106959819793701,3.590036392211914
280932113713079,11.564178753638,15.28787472986,8.7449732982074,1.476436779821767,CM,fog,2,1543.5903568317658,0.981031596660614,0.9664263725280762,0.12435813993215561
306629164189671,31.994107162003,34.880880875532,41.905284080515074,-8.825837456554087,IL,fog,2,3990.59641081505,0.946053683757782,0.9344322085380554,0.4335726499557495
375713220429607,-20.444336397825,57.719071106087,-26.651969237684575,27.936428267548166,MU,fog,2,3105.647313205297,0.238922581076622,0.012035101652145386,3.53536057472229
935998006944813,2.0128177809748,-157.40717950301,16.859433410058482,-88.62182868435121,KI,fog,2,7686.674531707113,0.19599343836307526,0.010876357555389404,3.2996551990509033
243279310922728,22.002956746269,59.647583227775,23.58822517582122,57.591993016888296,OM,fog,2,274.71723556895614,0.19078387320041656,0.08676961064338684,4.210789680480957
302369984598824,4.2729453578223,11.366798338452,17.68245366404133,105.92098959068201,CM,fog,2,10344.147322517976,0.4202291667461395,0.08365768194198608,1.7811579704284668
1410294946017903,39.031705816026,125.75630076806,17.943754542948927,102.62588355919813,KP,fog,2,3237.7373178946937,0.11715102940797806,0.004802145063877106,4.236745357513428
557405362093639,36.954042854563,8.9131949083518,39.815993058556714,20.126656218753954,TN,fog,2,1027.0262135075977,0.5818237662315369,0.3975527882575989,1.8382123708724976
508273253877668,60.696459628121,23.784802432989,66.3550996668817,23.66900645364361,FI,fog,2,629.2379664306629,0.9284945130348206,0.913842499256134,0.5009199976921082
822631438351061,41.306291815096,76.061806069928,53.299524312000734,83.80003068178813,KG,fog,2,1453.6149315637506,0.7027350664138794,0.5486752986907959,1.217088222503662
1138310456645189,43.382281881015,16.41157939924,40.934489100375636,28.961906480331113,HR,fog,2,1068.538260615891,0.06629396975040436,0.004761591553688049,4.876918315887451
222871899226271,-15.510435536345,40.349633637766,6.367544299318769,37.34103133944088,MZ,fog,2,2455.1892687424465,0.9724723696708679,0.965873122215271,0.2022058665752411
653703302135487,21.606686370966,39.215434593079,30.000419766219636,31.731609527806167,SA,fog,2,1196.0554347946077,0.9997026324272156,0.9996485114097595,0.0037008163053542376
512353726583180,57.378685294191,22.247361108176,55.3469809148177,25.033256133325995,LV,fog,2,283.6453690556245,0.12718865275382996,0.04100169241428375,4.437386989593506
221188212807394,5.9007667928315,15.424776553249,-16.57027686499427,-48.62251241379508,CF,fog,2,7469.553003540161,0.2861858904361725,0.20543387532234192,3.9701385498046875
319019459840888,18.609369461477,-74.151456712619,6.3120029322247895,37.55950829412689,HT,fog,2,12038.261103651339,0.32423335313796997,0.07123711705207825,2.502244472503662
3291218371154050,-17.313447180213565,37.46183809351605,6.498780233525005,2.709528979454945,MZ,fog,2,4646.056963117231,0.2042645961046219,0.012016385793685913,3.4947149753570557
584561212946534,-19.59947361892,169.46805368552,4.485359761984352,156.1507537994696,VU,fog,2,3048.5149079940347,0.7241074442863464,0.6359071731567383,1.5228732824325562
304491461128491,-24.913992289767,-56.992001471465,17.499688713483934,104.70577904206542,PY,fog,2,17949.154882731087,0.8343280553817749,0.7747914791107178,0.9540062546730042
297816615150376,21.480754782652,-71.133236713743,21.914256995672975,-70.48614307649775,TC,fog,2,82.42072802688423,0.8801569938659668,0.8440117835998535,0.7244038581848145
393440354996585,52.70481457742,27.450028836652,53.986123570968,24.01097150972513,BY,fog,2,269.05821073454354,0.6668953895568848,0.5839571356773376,2.10514760017395
473720683849376,40.29467551394,43.521641209406,38.324239334290915,33.80772440512678,TR,fog,2,863.4755778516886,0.7544076442718506,0.5665152072906494,0.8932721018791199
454870842476357,28.72600008284,48.263573067355,30.012527873127585,31.626860913580998,KW,fog,2,1617.0643746352096,0.4112928509712219,0.1175910234451294,1.8173671960830688
151442870324225,56.727613998069,9.8232903910496,55.63423723081501,11.131869850338282,DK,fog,2,146.07567446946027,0.3015185296535492,0.21765528619289398,3.5247392654418945
3734785956631637,-32.223694448748,147.71777777513,7.585107883568046,37.90557293780223,AU,fog,2,12317.003365567656,0.459399551153183,0.34406155347824097,2.4932572841644287
2674396816191889,2.5936083377885,9.8483489898272,7.2773246228816095,36.506744464035,GQ,fog,2,2997.827560085442,0.9809805750846863,0.9667443037033081,0.1152697429060936
1379450249134838,11.1299017047619,42.37458637619046,17.75107245219964,105.41012271599094,DJ,fog,2,6799.119694951135,0.2765927314758301,0.13665610551834106,3.657688617706299
275414690944598,-13.67751150128,-71.664754722863,-32.84850760261709,-70.47511918706034,PE,fog,2,2135.1283628766564,0.2888219356536865,0.10113033652305603,2.395951747894287
1234218287109955,-20.82413546364793,164.48620687630458,35.60201048149417,34.426590897901086,NC,fog,2,14912.527299667561,0.08503759652376175,0.014088809490203857,4.53840970993042
302961411491361,46.996007579057,27.801513788055,21.474794906607908,-104.78043977701775,RO,fog,2,11042.542674214013,0.6563282608985901,0.5969704985618591,2.0780696868896484
948698085931649,49.321417002248,19.543460957034,49.54383800724534,19.980271115512238,SK,fog,2,40.11802408620492,0.14149433374404907,0.034085534512996674,3.700643539428711
328279275310503,2.1101448348,45.328888943853,21.58134455072054,-104.79414489199398,SO,fog,2,15833.432063464164,0.38221901655197144,0.2663837671279907,2.9967200756073
3938529579574500,12.745875526918,-6.8748541915599,13.275785483863185,-6.674161057367231,ML,fog,2,62.80697233100719,0.7421973943710327,0.5151873230934143,0.7646002173423767
1194874720960051,12.083080655367,-61.701340518071,38.96038291663928,140.81560573182497,GD,fog,2,13877.534518901492,0.3287951946258545,0.1682044118642807,3.5055458545684814
2660802827398825,16.196727547951927,-16.262142180464767,8.930441402604046,78.04699363316513,SN,fog,2,10185.827461165274,0.147433340549469,0.08212850242853165,4.695740222930908
474318140350732,-30.186929671859,28.721722313277,9.315884543135718,7.659170864744524,LS,fog,2,4935.859061397392,0.17965002357959747,0.05085550248622894,3.8413164615631104
131538628927343,23.927591478789,56.89006326826,23.557733037187184,57.35721399702381,OM,fog,2,62.86660276317705,0.8680787682533264,0.8330158591270447,0.9059882164001465
956252018280238,5.6732085786965,16.632589745091,5.428219811862933,-53.117277141901575,CF,fog,2,7714.278811248326,0.5846557021141052,0.384673148393631,1.349202036857605
986557568784559,47.96199867689,3.329329196682,45.864141340306645,3.3759013384132395,FR,fog,2,233.29790094977886,0.16226765513420105,0.045621372759342194,3.9813265800476074
858888201360481,27.431311876486,89.411968800978,-1.8044295573017577,-78.41648860414855,BT,fog,2,16884.575777608232,0.4039524793624878,0.2715212106704712,2.5219666957855225
1122494928228049,-6.2923231452892,176.31516236757,23.192262487546806,89.63377773299621,TV,fog,2,9945.572299645391,0.9607422947883606,0.9495976567268372,0.27089378237724304
822289958383794,41.363620514254,46.930408712763,21.63492567119679,-104.78769827029619,AZ,fog,2,12427.228760975077,0.5165716409683228,0.2820582985877991,2.120435953140259
507580496941067,41.24483557588,71.582892060753,42.037617248026244,21.510020063535745,UZ,fog,2,4101.037015682967,0.13709771633148193,0.046795159578323364,4.0560302734375
850897392160274,15.37337039371,101.11838827961,19.752039876465535,99.69796916754973,TH,fog,2,509.6254103130456,0.22903433442115784,0.055189892649650574,3.8315019607543945
1479666545728283,-2.207944528615442,29.59226081231841,5.744548587611833,-72.95288767610737,RW,fog,2,11419.507538857495,0.26324933767318726,0.12323878705501556,2.868621349334717
580789552886656,50.678594855093,4.8188742178492,45.08829575630289,16.88727773045109,BE,fog,2,1091.6439230813,0.06639671325683594,0.002280011773109436,5.204188346862793
795872621134242,21.469950825343,-71.131968567748,21.466450455156856,-72.819464729479,TC,fog,2,174.62222332030157,0.8825855255126953,0.8174511790275574,0.540657103061676
537185557301814,21.468632587884,-71.131614335596,-6.1751762245569575,39.248158183326076,TC,fog,2,12364.491372547844,0.6710711717605591,0.5404600501060486,1.3945822715759277
533124681034633,9.6221481881675,5.9902728883701,17.34047435007244,-88.79768150471034,NG,fog,2,10190.638948340185,0.562325119972229,0.4255146384239197,1.8381954431533813
459637375114061,16.326241192515,-61.485416089177,56.42912405142182,36.73655658129913,GP,fog,2,8994.572964795949,0.49428054690361023,0.46218398213386536,3.316986560821533
761065858107101,18.02556598756,-63.076095445477,-8.599636734422006,125.49514614281206,SX,fog,2,18616.377172832523,0.333077996969223,0.27973583340644836,4.075523376464844
175886771114688,37.132743072818,71.445580058334,37.090361097037736,72.22015794975187,TJ,fog,2,68.84602559628061,0.9796808958053589,0.9764712452888489,0.18050336837768555
3028763490743210,44.505071370572,14.497751817403,39.6687469840492,3.4441861983872513,HR,fog,2,1057.5238433207207,0.19718904793262482,0.08721773326396942,3.452507734298706
4083027895078105,6.922264444172,81.810604007404,13.323320489254053,77.77037937748932,LK,fog,2,837.8406797544212,0.2303217202425003,0.057261765003204346,3.0664443969726562
196273232181806,10.57170873112,-61.274575577684,-7.3332811866810825,109.78112689078077,TT,fog,2,18968.882712694325,0.7967751622200012,0.7776665091514587,1.4290705919265747
311046543750546,5.8181956657151,-55.229591655912,13.556362035364439,100.03254555479809,SR,fog,2,16536.63983234199,0.35276174545288086,0.25149989128112793,3.5876660346984863
1340777496415094,-24.184041937054644,-56.01406804634483,17.565208789881826,104.37714658714116,PY,fog,2,17851.67768004206,0.8612409234046936,0.8042792677879333,0.7089569568634033
320265609670289,38.422783933334,-28.447899110035,-26.466757036721305,-51.36270452251646,PT,fog,2,7599.60506149941,0.24961259961128235,0.017218172550201416,3.6231906414031982
587462658901340,49.482634783129,7.2198204378864,35.649189233466835,35.00997967097598,DE,fog,2,2722.080811113971,0.05049695819616318,0.005184527486562729,5.557546138763428
1117419915461502,-13.3507635470948,24.07831798797145,6.351755513172016,37.408239259116975,ZM,fog,2,2639.4260255122176,0.514155924320221,0.33772334456443787,1.8273775577545166
293849812373143,21.729330866875,58.283925067403,32.92001218637621,-113.51487220331592,OM,fog,2,13876.279239438138,0.5970874428749084,0.5021769404411316,2.269639492034912
913136816207204,27.685309394915,84.245084160599,23.99750956987817,90.69003278988473,NP,fog,2,764.0870446539254,0.4994540810585022,0.31960004568099976,1.9765881299972534
1427947294218129,38.134538979321,20.602291273787,39.92352446226979,24.180609342559727,GR,fog,2,367.52452999794576,0.28545936942100525,0.07460635900497437,2.8844261169433594
950864868999393,51.137636946693,23.395299320308,50.67461400067499,22.29187638583262,PL,fog,2,92.93388426016071,0.4478156566619873,0.226546511054039,2.1407408714294434
223308666224105,10.524123082769,-2.6530083555487,10.97995173213478,-2.8688995567876607,GH,fog,2,55.90421692949963,0.2776359021663666,0.1134527176618576,3.2998862266540527
202168424910797,63.087501381586,29.619921161522,54.228175124856826,28.13683578228726,FI,fog,2,988.7720021449113,0.9163395166397095,0.8731990456581116,0.5203661918640137
134334415352783,34.771117780932,10.388663407803,34.753896921337656,10.505682104185437,TN,fog,2,10.859711702950134,0.6887969970703125,0.43280428647994995,0.9049628376960754
1123967504754624,2.462911169111,9.8411851986574,21.486359785932127,102.08284664954287,GQ,fog,2,10138.938599676652,0.4862050712108612,0.3960970640182495,2.662398338317871
563150931329907,-16.454467194083,-152.25488087725,-7.296044325671259,109.74062148998607,PF,fog,2,10623.267640358012,0.2619585394859314,0.03472806513309479,2.563544988632202
527782441730123,19.613317472222,37.21518325,23.8321740957113,90.36107340086816,SD,fog,2,5479.06804966718,0.5402227640151978,0.2432105839252472,1.456057071685791
874132063313509,2.1211650392132,45.325477296944,21.558552463764762,-104.79677103982154,SO,fog,2,15834.033911031753,0.46551060676574707,0.3762616217136383,2.7773525714874268
1414690518888723,4.4280699971271,-7.3572366993037,-3.8988364217117075,16.90465259639605,CI,fog,2,2849.985422743518,0.4779612421989441,0.2804546356201172,1.769332766532898
1488652064809969,31.757099517069,35.492951999494,31.633141623956817,-7.849344867412898,PS,fog,2,4072.582531008514,0.4256737530231476,0.34647050499916077,3.112384796142578
548267689892757,4.8188638046841,31.553307958678,7.42809895214316,38.01025026300671,SS,fog,2,770.5249744291614,0.6653775572776794,0.5351323485374451,1.5781309604644775
151479410277523,13.926511407569,-90.820049410327,21.568729656787518,-104.79317080610362,GT,fog,2,1704.8892699561052,0.9077401161193848,0.8573798537254333,0.47098392248153687
282741450237053,40.63918244788,14.689358309553,40.67902430709182,14.468337312058948,IT,fog,2,19.162789992544557,0.4573292136192322,0.3226178288459778,2.2323479652404785
466856821203613,32.362756289357,15.075112091192,34.75864840829984,10.77662530647073,LY,fog,2,479.0985998240337,0.7619043588638306,0.7011740803718567,1.2025002241134644
503692787493112,-8.4956747146718,28.873913205907,6.5313557108596845,2.771851062398479,ZM,fog,2,3341.402508532527,0.771022617816925,0.6939823627471924,1.3195338249206543
129527739201981,50.74400552946,15.089402768176,48.22238577690847,16.41163848823545,CZ,fog,2,296.2014781486719,0.21538592875003815,0.14869098365306854,4.1905412673950195
459080448727005,43.398268683651,17.872251876102,40.98127122809417,37.63392520948775,BA,fog,2,1646.113504538651,0.1738448143005371,0.06782756745815277,4.020570755004883
2599771000325900,10.491317886291,-66.940783689543,-23.684023659133477,-46.53018488813696,VE,fog,2,4400.562796901801,0.08512470871210098,0.0010526850819587708,4.020010471343994
1586218158513391,-35.09726470656671,-71.96444205112698,-34.76591439346915,-71.05953492839078,CL,fog,2,90.34648142169488,0.18271900713443756,0.09836380183696747,4.144046783447266
790312034924185,6.4665061966066,-73.264673048874,-23.492999883724366,-47.49947578720728,CO,fog,2,4350.387789196883,0.2233697474002838,0.019125893712043762,2.8301875591278076
3828714587227647,-28.982228650362,17.795137519664,33.46499595221489,10.388988148114798,ZA,fog,2,6987.485799240464,0.28548505902290344,0.1738603115081787,3.4213104248046875
915335685911826,-26.650343222475,31.676701721271,-25.11266768456086,32.35047973799611,SZ,fog,2,183.78751098670404,0.9952710270881653,0.9945498704910278,0.05155986547470093
295989332000056,-21.294072972472,55.453451741806,-20.94152526626357,55.36757492698436,RE,fog,2,40.20083114879923,0.9289593696594238,0.8940454721450806,0.39780929684638977
762826894424335,15.953620769688,-61.226106662441,16.02416081783488,-61.67689778763107,GP,fog,2,48.82078225580878,0.9079717993736267,0.838316023349762,0.39497607946395874
748877299000226,37.48624814219,-5.6260757420713,39.260404866694266,-3.326717499067564,ES,fog,2,281.2217776104592,0.1494412124156952,0.023887991905212402,3.8831710815429688
995130811306873,23.092040987381,59.032220074214,23.618372238594024,57.56835725041129,OM,fog,2,160.48756225443273,0.728658139705658,0.71653813123703,2.0820515155792236
173462692069034,50.00493277190843,-109.16881836125964,40.61888175237019,22.70626367441825,CA,fog,2,8899.157671833122,0.5075914859771729,0.36638158559799194,2.4559285640716553
374397180633667,51.090338894144,4.5540810997605,51.10392893779724,2.6129142897547952,BE,fog,2,135.55740562415255,0.1733936071395874,0.01770050823688507,4.073216438293457
925791128266982,3.9464155812419,-59.099715656841,-29.61895611584286,27.45731654839508,GY,fog,2,9892.417772293033,0.12895062565803528,0.022220999002456665,3.7837820053100586
1008151256597783,5.4088235841337,-54.080394782482,17.671787247435102,104.983858132593,SR,fog,2,16570.073830868278,0.9445206522941589,0.9361676573753357,0.44956478476524353
183020897030038,12.165472591779,-68.284782803721,-9.399193128977686,147.15535397163197,BQ,fog,2,16134.350629720619,0.23125742375850677,0.014559105038642883,3.005943536758423
497361505026790,24.459011977771,39.707017834424,25.252419599675306,51.52405194901589,SA,fog,2,1195.1481888528904,0.4111875593662262,0.2603001892566681,3.329406976699829
312120757154735,47.999359257395,28.38593989914,48.168031323803135,28.250191163230145,MD,fog,2,21.294399816726056,0.10984103381633759,0.01887214183807373,4.458772659301758
507960406990835,40.602484593203,70.9323931635,35.15214123805126,33.43460942820379,UZ,fog,2,3320.696687197411,0.3613337576389313,0.27119454741477966,3.2471532821655273
1068908920302393,28.118257713069,84.092550077463,36.506328867481756,2.6055314753610195,NP,fog,2,7487.449412258476,0.205518901348114,0.06957760453224182,4.629577159881592
2455881761214087,9.3112240684333,7.2316171757752,7.402805344811974,37.90949843130861,NG,fog,2,3380.626803128496,0.6654295325279236,0.6152936220169067,2.134474992752075
308361434006892,4.4588854980948,-75.339098450144,21.540387719675905,-104.76446225380585,CO,fog,2,3697.5674827422845,0.5748850107192993,0.5166022777557373,2.330110788345337
155484156583350,-42.588544997261,171.13273084297,40.67966190306242,-83.67255594721267,NZ,fog,2,14007.928053586222,0.16520124673843384,0.047151654958724976,4.410271167755127
792143884742189,53.499641726189,-10.025130557347,53.526883573281104,-9.916947184985238,IE,fog,2,7.7680942142338205,0.9794436693191528,0.9773839712142944,0.19310711324214935
538480140482205,46.417273237497,15.981580762317,45.036960092484456,11.593687072060442,SI,fog,2,373.5143216167185,0.045576877892017365,0.0023242048919200897,5.427372932434082
968891463855525,40.418204733364,44.58904057928,47.92680851153433,106.91814341536238,AM,fog,2,4903.174395512848,0.604323148727417,0.5385777354240417,2.0771758556365967
2562980810671463,39.539716862316,22.649912734594,45.862357247895126,3.183208849489627,GR,fog,2,1733.3322113650813,0.524454653263092,0.4396834373474121,2.3633525371551514
840569223558585,53.471437474357,30.369358954069,44.57173203707355,25.71917447530231,BY,fog,2,1045.5158700546647,0.2212821990251541,0.13068079948425293,3.9511029720306396
212713197082595,42.7199422641,21.124316375918,44.85637100823681,20.303511493340306,XK,fog,2,246.52388657842187,0.18018735945224762,0.008309900760650635,3.238241672515869
300368228286972,2.6515753388508,99.632830332947,-7.326604389768116,109.77660319477475,ID,fog,2,1580.4839641987955,0.2366696149110794,0.08638182282447815,3.35418701171875
803382520382829,-28.928078796683,27.877133995547,-29.4210945739065,27.546344383415914,LS,fog,2,63.53536897917392,0.7249653935432434,0.6401737928390503,1.385697841644287
1251699818583166,9.3253458360703,36.511457430463,7.888604641625186,35.85925292820073,ET,fog,2,175.111556420517,0.5102102160453796,0.4364194869995117,3.016630172729492
134346362021204,-20.169316372954,57.574783850557,38.218715251193,33.7943841432192,MU,fog,2,6951.107168646835,0.24560220539569855,0.03360024094581604,3.9029104709625244
2659684644176450,15.207410023546576,-14.26851329497232,8.275263115351807,1.425472354899084,SN,fog,2,1873.128256291868,0.5022045373916626,0.342485249042511,1.9557456970214844
338266731040151,-27.714887442632,27.237097549584,39.71956042301231,-3.6989784370971934,ZA,fog,2,8153.842175209184,0.13640162348747253,0.06501896679401398,4.697860240936279
290719459343271,25.048779030648,-77.341776655437,21.492026947684117,-104.80315968665919,BS,fog,2,2827.9754521511877,0.6521188020706177,0.5864859223365784,2.1636741161346436
592656634965955,46.682736593205,21.206630159237,43.272305499336966,-0.028726848089022892,HU,fog,2,1707.1801325659897,0.12824054062366486,0.041739821434020996,4.294986724853516
327481305476197,3.6341919176295,72.959377283817,1.3571955516489342,103.8024901220515,MV,fog,2,3435.3788954518623,0.641834020614624,0.42674338817596436,1.4710299968719482
511298200008833,41.001835659413,71.969851087691,40.669778333468194,72.04178759330122,UZ,fog,2,37.41577119840638,0.9451325535774231,0.9212880730628967,0.31707268953323364
1048097032779725,43.42241145892943,4.995993425198574,42.84616814359997,2.9983208745894925,FR,fog,2,174.2994135625304,0.7104817032814026,0.6633340120315552,1.4028512239456177
275678077530743,-17.141803188939,177.19494791591,12.783994634344825,75.18319644517148,FJ,fog,2,11677.691732239544,0.6156377196311951,0.5584315657615662,2.351757049560547
292380389132080,14.868771348072,-61.121170377502,34.76987500391056,10.771487951775775,MQ,fog,2,7433.696745228153,0.19167061150074005,0.10199647396802902,3.6146998405456543
195963679022241,41.444760586953,46.861020646343,21.62736364143332,-104.74157947492658,AZ,fog,2,12415.490132348803,0.42584532499313354,0.27550947666168213,2.892533302307129
967102544034985,16.986811638045,120.77076999861,17.852446209177863,105.48766142567176,PH,fog,2,1623.8673978648005,0.4552936553955078,0.41814225912094116,3.486210823059082
132001678913743,-38.053559635768,-63.429009930635,37.87909455425925,33.16961591140104,AR,fog,2,12980.510030957468,0.17997108399868011,0.04552893340587616,3.866276979446411
4323012444383952,-25.366368202834,-57.609654895019,13.259036929240144,77.79564788711203,PY,fog,2,15170.394048526114,0.3056342601776123,0.20642127096652985,3.2554144859313965
1156261378535995,32.32323776884,-64.709264213971,-21.062924875573078,55.27719187873468,BM,fog,2,13998.84450550402,0.4995430111885071,0.2850865125656128,1.9334642887115479
1022165461521852,10.726476338495,-14.376868641028,13.113454233362459,77.55244824257659,GN,fog,2,9943.760082572126,0.33196890354156494,0.12022446095943451,2.501060962677002
193167485884135,44.181071716568,19.719133913291,44.25802926500048,20.10234372083201,RS,fog,2,31.714386904764165,0.2532317340373993,0.15096642076969147,3.6536619663238525
2679866852305147,50.425563977087,60.525062163106,53.53883854868322,27.85296603584355,RU,fog,2,2243.807075944864,0.12864159047603607,0.024377189576625824,4.439780235290527
924145305018051,45.915356124611,13.677818254528,54.21909145756657,28.40105104875326,SI,fog,2,1393.9431502246882,0.19538889825344086,0.09840168058872223,4.279806613922119
3991894140857885,6.396085635246,-10.578195078991,6.9818037746444235,-11.269142332486632,LR,fog,2,100.32175626413714,0.4117967188358307,0.02763989567756653,1.617138147354126
3753076561487105,2.0937663139626,45.333850241529,33.99734472390505,9.991673400825903,SO,fog,2,5100.817345561228,0.35572049021720886,0.2569114565849304,3.1168031692504883
4014259028668392,-23.777002866313,29.535916133115,-35.24139888203801,174.06045243661927,ZA,fog,2,12463.52933114392,0.16498257219791412,0.003983423113822937,3.650728702545166
1164259444051011,-33.004571460529,-56.45950492044,17.515685834998287,104.58447865035625,UY,fog,2,17454.440335111536,0.547634482383728,0.36345475912094116,2.1733005046844482
427797935584192,-3.381688479243244,-44.524339863567576,-3.083035421454703,-45.21508632511049,BR,fog,2,83.56698360840994,0.3654715120792389,0.27626824378967285,3.2137885093688965
348228456711934,0.368039651477356,6.712420799552506,6.522218703371117,2.8020415651194552,ST,fog,2,810.2359681748536,0.3848625421524048,0.1991594135761261,2.215362787246704
4037485459669920,4.8556815609205,31.589953699137,9.340840326670733,7.5004382403104355,SS,fog,2,2703.4846348189685,0.11598419398069382,0.015236519277095795,3.8189125061035156
157040263028996,18.045966582305,-63.112275507715,-9.397142433955752,147.25818281238554,MF,fog,2,16602.052569754374,0.34911784529685974,0.18871842324733734,3.037202835083008
1124425647962016,-8.100649444444445,156.82296055555554,-1.2623050299845229,151.52040041774626,SB,fog,2,960.7835945882408,0.8386832475662231,0.74928879737854,0.6227848529815674
190098606266094,55.069795005888,22.812891905378,54.264643883977186,28.270390922459704,LT,fog,2,362.0883853632294,0.34957200288772583,0.26121485233306885,3.6891825199127197
3863626387049111,15.379540488714,-61.26786022339,15.384784642770253,-61.27938609253528,DM,fog,2,1.3663847514073582,0.39816606044769287,0.1986379772424698,1.9859321117401123
807900806500123,19.60787766549,37.220870972767,13.321616254975595,-6.721918770279558,SD,fog,2,4725.082950239313,0.3439408838748932,0.24386727809906006,3.425212860107422
135555819075899,46.30515446867184,15.555693802754446,48.020440742133445,14.29764718872484,SI,fog,2,213.12329500882163,0.20643161237239838,0.1185498759150505,4.0771260261535645
152233856857550,11.552312562133,43.119735981314,7.553619559771351,38.24474956101011,DJ,fog,2,695.2121059866145,0.7694642543792725,0.6579557657241821,0.8482773900032043
319392699542913,1.3294518861992,34.311410798855,17.68796857181519,104.57723205867843,UG,fog,2,7874.015780617312,0.33502161502838135,0.013540387153625488,2.445317268371582
991289955033112,34.234741855173,35.65948675276,-16.523201149187997,-48.66853676581954,LB,fog,2,10528.418450486928,0.3425142765045166,0.16039107739925385,2.639153242111206
328520695545965,63.434626046589,-19.024249484436,62.10267664092432,-7.239059089025903,IS,fog,2,616.689554317974,0.3441654443740845,0.07857641577720642,2.2546157836914062
464789361418887,3.807393,113.74682650005,17.728679340731723,-94.00999034886281,MY,fog,2,16141.890541504583,0.250283807516098,0.10075752437114716,3.4574410915374756
1310937239362809,-16.05923501421255,28.45034874273332,21.555573762500217,-104.69354074419604,ZM,fog,2,15063.02435442008,0.5977698564529419,0.5183266401290894,1.7393676042556763
1177148709364507,3.9517282399816,-59.127383286379,3.159829050382096,-76.52943366021893,GY,fog,2,1933.2565938240175,0.34129950404167175,0.14038759469985962,2.8242154121398926
141607461308537,-22.361528273609,-59.837892878355,-35.4609457045439,173.4898715070712,PY,fog,2,11480.600051646057,0.1183638870716095,0.009599469602108002,4.712823867797852
463077528107904,-4.7878008330033,11.864756923075,5.291328119972028,-3.685590440347179,CG,fog,2,2058.6765266632156,0.6978333592414856,0.48026084899902344,0.9871169328689575
173215948022940,8.5714365537216,-9.8691302343456,3.8603687938324156,10.994625805134877,LR,fog,2,2364.2436164463193,0.36110296845436096,0.03225192427635193,1.9727545976638794
3926033430843905,32.171256244263,35.467920604541,32.12053626664261,35.294756648119375,PS,fog,2,17.251031637069463,0.974663496017456,0.9609636068344116,0.16579647362232208
916665025779516,24.524150796485,67.540287646591,23.648039263510785,57.56620617875193,PK,fog,2,1016.9520245335898,0.2103315144777298,0.04660823941230774,3.8977444171905518
842532369808274,41.215589499727,-7.4506176074975,40.42577114102472,37.53274707813581,PT,fog,2,3743.283393871785,0.45239028334617615,0.3062324523925781,2.64133620262146
909312326294088,28.050014468342,-14.340539294975,36.2375104576019,10.529556098284205,ES,fog,2,2503.297900112429,0.165015310049057,0.026844486594200134,3.539163589477539
1207676993015897,10.787243979814,-68.323068119416,19.42529053115751,-70.68563056728397,VE,fog,2,993.353433322376,0.42274343967437744,0.2791524827480316,2.2253060340881348
317484316498860,51.531648181729,128.20909035955,53.31826934441307,83.70795790198501,RU,fog,2,2974.8898684981605,0.49671363830566406,0.16476714611053467,1.68045973777771
947661819318356,17.121694235905,-24.994762874038,28.958284487827804,-17.82207821559531,CV,fog,2,1505.9572961225642,0.9381901621818542,0.9196581840515137,0.4460126757621765
3947329925333716,12.679493966294,-6.7269231036328,12.609356252191157,-6.1309185424082075,ML,fog,2,65.13397343253521,0.5368536710739136,0.09708353877067566,0.8488754630088806
142131454599179,24.557496611483,35.148695104321,34.69582154011505,10.705359347969328,EG,fog,2,2608.288505547132,0.10375487059354782,0.014860555529594421,4.51230001449585
165567675960284,19.612087898208788,-70.1751715983372,21.490262028208786,-104.71994554583223,DO,fog,2,3595.6545545894987,0.9851239323616028,0.9730396866798401,0.09069126844406128
1366666657062368,47.544360211205,12.177256693404,47.19047906568158,14.545830417214114,AT,fog,2,182.66195713249715,0.3076634407043457,0.20081348717212677,3.351835012435913
829244944391118,39.11803685393,-7.7196219014644,40.98480518380519,-6.404000403328856,PT,fog,2,235.84614023487262,0.49096769094467163,0.3824883997440338,2.9751522541046143
298013541938371,41.541448730912,-8.7560397976019,42.79112546447556,22.165565399328543,PT,fog,2,2537.9785718923395,0.3346337080001831,0.23657482862472534,3.0099029541015625
930318810923353,12.290897526921208,-69.09122276531554,42.85776125281332,2.9860748586559573,CW,fog,2,7625.722162539499,0.7522839903831482,0.6506315469741821,1.245895266532898
503246924141783,15.602839427825,32.487242561959,30.220189347104345,31.729262977082893,SD,fog,2,1627.2126745562018,0.5593958497047424,0.4849487543106079,2.357250690460205
449325599700589,50.12174331487,4.4948783441326,38.61732814822142,-83.550707241374,BE,fog,2,6700.813613626357,0.16868843138217926,0.010877564549446106,3.601039171218872
467405711031097,17.992572255683,-66.263814308226,17.680887282335007,105.47936229224966,PR,fog,2,15946.882716133592,0.19637274742126465,0.10256289690732956,4.276602745056152
288246882935326,40.557590089793,75.163197454637,37.02775081979434,34.84320213918003,KG,fog,2,3485.854599839914,0.6192724704742432,0.5668014883995056,2.7495081424713135
505540450790369,22.70995468898,92.098773627243,17.6702860918854,104.5432344728288,BD,fog,2,1413.652728907231,0.3908241391181946,0.21972596645355225,2.4153997898101807
591386078920254,62.107759453888,-6.6834959276139,53.51913309399017,-9.905502544308401,FO,fog,2,973.5891577556206,0.57351154088974,0.3756627142429352,1.5515003204345703
370606561029319,10.210502973191,-0.07341133185964,10.503478291035998,-0.844069200694378,TG,fog,2,90.37284978081362,0.4670688509941101,0.3286869525909424,1.988255500793457
439450394288287,50.054284237917,38.880788589348505,53.27015489488708,83.74086634646635,UA,fog,2,3063.2167172116765,0.2565537989139557,0.15096327662467957,3.4322025775909424
310375324029868,-37.347698548595,-71.82270654997,43.95091816676737,22.242070230350677,CL,fog,2,13064.405951316769,0.5322992205619812,0.38909828662872314,2.558009624481201
981591149045969,18.008278271819,-76.772753375805,14.541379329901709,-90.51851201235851,JM,fog,2,1516.469123815943,0.3341732323169708,0.09648397564888,2.748203754425049
538662890462002,22.639099459104,-80.443942528532,8.13504492127078,1.7815343185057977,CU,fog,2,8867.009388525188,0.8109894394874573,0.6912543773651123,0.8775428533554077
481222069768896,22.306404025662,114.25196352132,22.268929233219353,114.19005521824215,HK,fog,2,7.611556320736112,0.9661474227905273,0.953782320022583,0.19235387444496155
853822608822418,-13.764240001823,34.415945000478,7.467770437674719,37.83100950416659,MW,fog,2,2390.797338740147,0.6502017378807068,0.6042720675468445,2.095778703689575
2945544342367414,18.448984494982,-64.550096065019,14.402191792928939,-60.91204346302183,VG,fog,2,594.10730645597,0.18833695352077484,0.040147677063941956,4.435483932495117
733805970633940,26.209879663614,44.103482474166,36.30199349353587,50.56132667516593,SA,fog,2,1278.2690302558337,0.2597304582595825,0.10491909086704254,3.5909197330474854
2579377392357434,34.360744713034,0.072177953700416,34.45070813634912,-1.0003940346264473,DZ,fog,2,98.90676184987707,0.8760867714881897,0.8305125832557678,0.6808336973190308
321976292610460,2.6050561253904,-76.72716581048,6.194075774066528,37.444941748955635,CO,fog,2,12641.582741775355,0.2652912139892578,0.08093993365764618,2.5904078483581543
246778030560130,22.378053670525,103.87749530607,40.632415145150944,29.284738210087625,VN,fog,2,7144.850765465986,0.16110552847385406,0.004715561866760254,3.657634973526001
132463405538393,51.895041095248,4.7359317785887,53.144417329698065,5.618629649905014,NL,fog,2,151.21512974195187,0.24609734117984772,0.09810419380664825,3.15824556350708
159985626091830,42.085182325218,23.055097885585,42.3744202176771,20.515017842282127,BG,fog,2,211.58722668902917,0.26912185549736023,0.17889174818992615,3.086040735244751
740422473321001,35.328722082019,33.504620154232,35.200627334372,33.403177520484334,CY,fog,2,16.961733178889535,0.3386383056640625,0.03876185417175293,2.3074185848236084
6049840251722845,8.4468470660858,-83.484163463651,11.973503111718134,-86.33888552568244,CR,fog,2,501.33859677143494,0.44609540700912476,0.3301681876182556,2.5167949199676514
138432154861804,35.516834375223,24.116877817233,-16.505520113150986,-48.68544974851404,GR,fog,2,9588.72219831036,0.4340779781341553,0.37040114402770996,3.2868270874023438
171677658627663,18.637934456903466,98.81616605062511,19.09238699301142,98.96871993770999,TH,fog,2,53.02103447476802,0.3829307556152344,0.08801591396331787,2.2941651344299316
473447400410020,45.472666923779,13.751881662375,41.90772857440177,41.99138346245046,SI,fog,2,2292.6180737012473,0.4925619065761566,0.3398650288581848,2.5390069484710693
208370247526297,56.307504479799,9.1351912802156,49.247283458948814,8.089440063652095,DK,fog,2,788.1809868617078,0.061717595905065536,0.005883984267711639,5.110491752624512
1163829564042676,17.629236812387,-63.23181172096,23.20160952960189,119.40252881648968,BQ,fog,2,15465.890931991391,0.15571469068527222,0.08846396952867508,5.046778678894043
1180300995725561,32.355451166141,15.079114167989,36.85644586597933,10.211938724141822,LY,fog,2,669.7989853163825,0.689503014087677,0.5757042765617371,1.3490149974822998
1162905660800863,17.15804609038,-62.622664100026,17.15074420596961,-62.3301255654562,KN,fog,2,31.09230619589659,0.6743909120559692,0.5035120844841003,1.383927345275879
780194756204466,31.983423754021,34.895586904175,40.756466408797124,29.574968786401147,IL,fog,2,1085.057178967617,0.18413157761096954,0.03885440528392792,3.866217851638794
789897778580281,54.185632103826,28.47319812173,54.225039402941874,28.422351299461088,BY,fog,2,5.4896595851544525,0.35493117570877075,0.25702816247940063,3.0134642124176025
769108033797400,-13.06839043317,-76.274611371143,36.520114073972344,50.51579836487569,PE,fog,2,14134.351224215849,0.863976240158081,0.8002816438674927,0.7276636958122253
5011086665646025,13.613395452952757,-16.429313461515747,5.504711307780077,-0.5591898038654186,GM,fog,2,1958.3508451983428,0.6436368823051453,0.6011447310447693,2.0577356815338135
3772032009586752,-4.0767885530923,29.088814837055,7.950727659136937,35.99636330123912,BI,fog,2,1541.3438097949768,0.19440162181854248,0.05087965726852417,3.870802879333496
971793776898906,-34.758013649475,-55.95646902546,-24.50018636990261,-56.53987927114939,UY,fog,2,1142.0040574071627,0.3353211581707001,0.17269407212734222,2.979388475418091
745163459490620,31.824187546378,35.267560408259,33.62026955681279,35.65360953153107,PS,fog,2,202.95360322510365,0.5587517619132996,0.40675708651542664,1.8633091449737549
531383694528931,37.605095136322,48.695122536588,36.37248562794987,50.492930467770385,IR,fog,2,210.4247610618132,0.9738113880157471,0.9588560461997986,0.18312841653823853
355157592673467,1.0703328887576,103.96283377749,21.48183276433885,-104.74439051247764,SG,fog,2,16013.779102282233,0.3125375211238861,0.13719645142555237,3.0626602172851562
303575617923017,-9.4382405064784,147.20811425115,-9.266447487498755,146.7192202043578,PG,fog,2,56.939841607105386,0.8289539813995361,0.7646931409835815,1.005236029624939
1038259080102537,-26.782850103384,31.938656241877,-25.208117166879237,32.29500269513359,SZ,fog,2,178.68720893971718,0.6345854997634888,0.5172836780548096,1.570149540901184
459158871851075,10.792404464252,-12.298637806325,10.102837127935718,-13.22424952779716,GN,fog,2,126.98031490761797,0.3042532503604889,0.060450613498687744,2.127187728881836
288005262963881,-21.597843332119,23.667795003616,21.818597667351934,-102.26812368557266,BW,fog,2,14460.382229425642,0.30003300309181213,0.09301507472991943,2.503319263458252
311438013831843,16.840623273889,121.74439328693,17.470485448991337,104.78847478266933,PH,fog,2,1802.2984753526896,0.43467894196510315,0.22777488827705383,2.409313678741455
457187265449390,18.32580535956599,-64.95398969507924,14.613199573150368,-61.20124339237779,VI,fog,2,574.8737174537682,0.47832542657852173,0.24204878509044647,2.12746262550354
327825698973041,39.559288635696525,72.9109157130074,36.1455772139089,50.5217981062897,KG,fog,2,1996.5820149764795,0.48031526803970337,0.4110930263996124,2.8715009689331055
1376712112713014,5.1198336159589,-52.65735432583,-16.671829331912015,-48.72209903078635,GF,fog,2,2461.4420580806614,0.18329298496246338,0.10977887362241745,4.409237861633301
524817781855332,-14.010419075563,-171.76031777505,-12.636956252732391,-171.76724542283264,WS,fog,2,152.72393726311728,0.8819603323936462,0.849355161190033,0.6763252019882202
858561451393926,36.701828275673,67.096598041303,8.988603742161333,38.7714355364327,AF,fog,2,4199.891687355044,0.3489389419555664,0.2528875172138214,3.244702100753784
177928610855949,6.391780060521,2.6237783121974,6.88494339728835,3.363970635024782,BJ,fog,2,98.4416991534234,0.6393299102783203,0.31749939918518066,0.9311763644218445
747501719832988,-9.89210909998267,38.8967731000014,12.618631847906988,-7.888970157032161,TZ,fog,2,5741.091873456529,0.2737303674221039,0.0334283709526062,2.13444447517395
488569252193683,12.539996192436,-81.714972968868,16.867637547034658,-88.52387562333004,CO,fog,2,876.0762782882562,0.8635123372077942,0.7922062277793884,0.7809842228889465
762294004482937,20.222569995853,-76.036013281341,17.690829331789722,105.09426634139392,CU,fog,2,15797.505957106974,0.4095022976398468,0.35009098052978516,3.3506972789764404
526448611961086,7.924136171510359,-11.169831512240096,8.90624753871017,-11.907566796785456,SL,fog,2,136.0548781314807,0.8328470587730408,0.7677099108695984,0.7561766505241394
1359226914447321,10.466207945458,-85.77513112055,43.50885931262216,1.5074522297467146,CR,fog,2,8991.032177159203,0.06479696184396744,0.0005712956190109253,5.448362827301025
478165190183611,12.430745089839997,-15.317974157219002,43.311220347816445,21.960546567053804,GW,fog,2,4949.825885596404,0.47872039675712585,0.4097709059715271,2.9834680557250977
336533984561274,18.419385888373,-72.877030607553,18.658338172208268,-72.5204218837472,HT,fog,2,46.03685112896705,0.8406110405921936,0.7324417233467102,0.7295907735824585
292195892390772,-13.068772639841,-76.278890129748,36.58786837311086,50.55157946262389,PE,fog,2,14136.307992973347,0.8167399168014526,0.7207735776901245,1.0330157279968262
786215532287048,19.827903639239,94.949804250429,17.855922063458486,104.37100930801894,MM,fog,2,1015.2331050264221,0.5564025044441223,0.2647840678691864,1.3105446100234985
4028024750648073,-1.455427434928822,29.883620710338125,-1.3410967949870365,29.721749118695485,RW,fog,2,22.03183638799216,0.4176066815853119,0.16176804900169373,1.6017165184020996
481816143100801,26.018200502837,50.622605427635,30.002664055678196,31.6591422249458,BH,fog,2,1911.1188346735544,0.7736969590187073,0.6884920597076416,1.2919259071350098
304881227850189,22.470625099054,114.10853488259,22.36937736325852,114.19003333041978,HK,fog,2,14.033024033182487,0.37927308678627014,0.08763644099235535,2.4508330821990967
126797393065714,49.84047838484732,15.803297909812008,51.399601203583956,22.715721632268252,CZ,fog,2,517.3187317058893,0.33015069365501404,0.19529908895492554,3.193399667739868
1211101869349798,-10.507365795363,105.65356096619,35.63721066797572,34.74086346691477,CX,fog,2,9015.67143775336,0.7042525410652161,0.5892463326454163,1.7091662883758545
1357493864625552,2.1640539673148,30.64994870704,1.298777071204564,30.7377028832898,UG,fog,2,96.70748294788979,0.44634443521499634,0.3004443347454071,2.3093297481536865
934011534098551,12.028286166295,-61.732840110417,56.28529704566819,10.536321877483784,GD,fog,2,7806.314915278169,0.19721382856369019,0.05867712199687958,3.216226577758789
500159881489089,7.342259838854188,134.46879110851162,43.60706092114588,-81.48876369517636,PW,fog,2,13293.227573378635,0.2282208502292633,0.04558791220188141,3.322235345840454
2829740963958043,-2.733735821930212,29.43081567684662,13.697313548346393,31.949922634704706,BI,fog,2,1848.0550268137504,0.3524286448955536,0.1847866028547287,2.1608073711395264
300848138109718,4.2523717777778,-55.444873805556,16.724649107459346,-91.82376865717924,SR,fog,2,4201.965093716712,0.5822781920433044,0.3850720524787903,1.652502417564392
2960966407518451,59.940574907434,18.785342625587,45.85894450216735,3.304221945368004,SE,fog,2,1868.644301829873,0.36437922716140747,0.2956171929836273,3.984992742538452
220493529416834,14.451610237561,99.415018949546,17.88902917647454,104.71858360144155,TH,fog,2,683.2012604728095,0.5697023868560791,0.3810056447982788,1.4412935972213745
516560806259751,-18.175596732511,178.20009731967,13.846080703332078,-60.907478477527924,FJ,fog,2,13704.711961810182,0.2370152622461319,0.12710332870483398,3.2099757194519043
294110862335495,53.181595920049,5.7480942483866,41.91975548534353,-8.818470169844169,NL,fog,2,1655.9254848049027,0.5461176633834839,0.40966087579727173,2.2533395290374756
244296907493001,65.57013399313,-19.349029020965,65.5670233051944,-20.17749843854035,IS,fog,2,38.103136273392536,0.8955336809158325,0.8658785223960876,0.6685917377471924
233889245170464,4.8560503387361,31.612436706474,8.33339478762733,38.87514518661132,SS,fog,2,890.4319173777068,0.2801019549369812,0.10657501220703125,3.336744546890259
1927622730739430,40.369069324101,18.219159988562,25.641208013801627,-100.13690790122713,IT,fog,2,10300.313796498469,0.4615972638130188,0.3736897110939026,3.1766014099121094
471926114136200,4.5631962676901,114.07349517648,5.255260691097167,-0.8369991177861769,BN,fog,2,12704.691461014774,0.1692916303873062,0.06899348646402359,4.007706165313721
1192683651176123,9.0895860909637,-79.618866004971,17.815020998012088,104.85570800945729,PA,fog,2,16983.336966966242,0.662567138671875,0.6057785153388977,1.845562219619751
1413530045696031,-15.969463833371,168.26130683879,6.325507329116816,37.450617553453405,VU,fog,2,14556.141768619202,0.24754084646701813,0.0763164758682251,3.063987970352173
299499428465574,22.36370144725,113.94841256522,22.303132806196043,114.22600124087734,HK,fog,2,29.334698173852814,0.3440053462982178,0.11180195212364197,2.1122541427612305
189606749553432,56.525393057968,10.08101978509,55.02062447607688,9.461706042299902,DK,fog,2,171.74564055838508,0.501632809638977,0.40048813819885254,2.668318271636963
1108722216274003,1.3887705484241,173.14385660736,1.2425408395141964,152.68074231067985,KI,fog,2,2274.845673497947,0.523500919342041,0.3782727122306824,2.2753467559814453
240591061153313,9.7075559946148,100.00619099387,18.738709821804573,99.01050740658678,TH,fog,2,1009.922826563433,0.43197619915008545,0.27277737855911255,2.233598232269287
794974811139135,32.804114385981,13.043328230439,34.761135254954574,10.769846382243731,LY,fog,2,302.4748161495052,0.5923365354537964,0.48766541481018066,2.06290864944458
1107588656407422,-46.062736055573,169.00760704864,-44.28061909687157,171.15923188893836,NZ,fog,2,260.2039544135977,0.6999527215957642,0.5955891609191895,1.346314787864685
1279096795825768,54.406755367854,-8.4796165911836,-35.15630830520772,173.43394872207298,IE,fog,2,17869.412761159096,0.20259816944599152,0.044229328632354736,3.053483247756958
193108499326081,-6.7004249966118,39.206861112601,7.463724418072518,38.34556195251428,TZ,fog,2,1577.875794289296,0.7843583226203918,0.7608075737953186,1.353118896484375
291897862594169,27.521924666676,89.820270487386,-7.310601594425493,109.69319908314486,BT,fog,2,4423.9764605771425,0.24697454273700714,0.18090622127056122,4.02279806137085
123070833137806,5.8145917994639,-55.143095980408,5.388160963444563,-0.6928346564665674,SR,fog,2,6023.482168659808,0.9937857389450073,0.9911525845527649,0.05105047672986984
5396405327097940,69.21259125489,-51.103395948712,78.17800128792032,13.311491162512713,GL,fog,2,2093.9484874306813,0.23033173382282257,0.07171136140823364,2.678542137145996
957601181668431,-51.706042723598,-57.906993308318,35.65010191955496,34.508748785359494,FK,fog,2,13187.468159913702,0.5545160174369812,0.4807898998260498,2.5104265213012695
604130717650197,-1.9959688798483,30.050157126173,0.3459702749503684,32.68215199798248,RW,fog,2,391.71046154727765,0.5891891121864319,0.43078604340553284,1.4155701398849487
1941512039367524,30.98571832847058,-7.229221956634584,0.912209717447356,104.12191189250952,MA,fog,2,11974.741221200638,0.13150723278522491,0.027714088559150696,3.8394882678985596
196243366278308,13.167682777777776,-59.53696416666668,17.64837563432183,104.4427259892415,BB,fog,2,16163.758574317335,0.9722034335136414,0.9576517939567566,0.1904570460319519
215411967015224,-16.468819194731,-71.941378039278,36.34099986057875,50.66975015461271,PE,fog,2,13983.153229588066,0.8241670727729797,0.7952870726585388,1.196116328239441
1450360272005106,15.921467840879,-16.279407687736,6.494543564654338,2.770044577580423,SN,fog,2,2324.567150587853,0.1039092168211937,0.014765255153179169,4.659660339355469
756714068376834,4.8155110248734,114.77642618053,21.473372789537574,-104.80837492593511,BN,fog,2,14805.732809178617,0.8309827446937561,0.7219750881195068,0.7980747222900391
2918063678449936,8.0011665869234,38.705149393002,8.027594099744576,38.708496857449695,ET,fog,2,2.9616307598164973,0.8824710249900818,0.7650137543678284,0.3627888560295105
1001295333882125,40.63113853803493,-6.0362211199295865,41.94707148217357,-6.445490639304998,ES,fog,2,150.26687740458604,0.6708494424819946,0.4980585277080536,1.5093114376068115
808035410091724,16.206487661547,77.345926501434,6.690454640907299,-1.51384282502698,IN,fog,2,8615.34450230755,0.20984473824501038,0.03837408125400543,2.924736499786377
268897404930235,57.163975404144,-3.6875044027183,56.58596871450505,8.857874274649891,GB,fog,2,763.9263943008463,0.21926690638065338,0.10158438235521317,4.401777744293213
1125401674596218,39.823992064377,42.428897726042,39.84776242235155,41.084714697669554,TR,fog,2,114.8019379353677,0.4739285409450531,0.12468376755714417,1.9514178037643433
526674661844363,36.219109563696,44.414746657631,38.958274222582595,33.901568464886886,IQ,fog,2,974.4323049500641,0.2643078863620758,0.1794854700565338,3.5377275943756104
964858007616084,4.2630124849459,73.563178328896,6.483489577131007,2.7353745241462706,MV,fog,2,7839.296368028918,0.747616708278656,0.6728111505508423,1.2854838371276855
5490667957675480,5.2624334865771205,163.0047322024813,2.5762384135781886,154.17200518304955,FM,fog,2,1024.280110830867,0.9971103072166443,0.9966326355934143,0.030246756970882416
573195574072375,-15.671003834964,-48.191441316741,-16.637141694592835,-48.67245819451953,BR,fog,2,119.08156088209904,0.5764747262001038,0.4427868723869324,2.0897629261016846
892381884955306,58.981961021242,24.221882703215,43.55657227042367,-81.69197582417681,EE,fog,2,6758.587081577271,0.3217596709728241,0.04203107953071594,2.8503737449645996
5416581451690167,8.876751843202419,-64.23554389395768,34.659596592229136,10.532163902885793,VE,fog,2,8057.815276781924,0.5109943747520447,0.29087546467781067,1.83818519115448
482078066336394,-18.636202891772,-174.01936863548,6.244145145944263,37.46417008559067,TO,fog,2,16338.267241162983,0.8652171492576599,0.7647593021392822,0.5471829771995544
329210971927794,5.843070862629,-55.089876855582,17.685301940145916,105.29059021231406,SR,fog,2,16626.247953934526,0.5687684416770935,0.47054338455200195,2.438615560531616
251937010050891,47.507459505795,21.685088460781,-37.76721470791906,175.39713222358793,HU,fog,2,17623.399205600213,0.20911991596221924,0.022844702005386353,4.242176532745361
469124120816531,33.256755487161,126.61974805537,1.3863718913786052,103.75478195565847,KR,fog,2,4271.291559238376,0.19814948737621307,0.012268170714378357,2.8605213165283203
6544008378958782,42.576053933645,12.422579613177,35.01993427271859,10.302279225452502,IT,fog,2,859.9751090592579,0.06560718268156052,0.003665938973426819,5.024709224700928
468826351040628,-32.904700967934,-52.731761718702,48.57161097826196,2.945973210862045,UY,fog,2,10607.809131007032,0.04672025144100189,0.007125668227672577,5.788646221160889
458089889154332,49.9716081757907,38.98921274981689,53.28379347169059,26.515741615964025,UA,fog,2,934.8619657828391,0.42949607968330383,0.11690080165863037,2.0659475326538086
913455289198852,10.638477230341,-61.313394324688,-16.868788833284505,145.6904174211397,TT,fog,2,17020.521601810404,0.4185742437839508,0.3250323235988617,2.825749158859253
391651555234292,4.7891910927864,103.42511490766,1.3937177247747934,103.77523713099295,MY,fog,2,379.55492538084115,0.5907729268074036,0.4094998240470886,1.7975096702575684
169873605037737,10.045722702666,-83.299560625022,4.7944075764746135,-73.01468725923155,CR,fog,2,1275.1567349071886,0.11830777674913406,0.0016750171780586243,3.8743555545806885
1032233080991900,39.140834029054616,20.961949886464165,35.60634110873149,34.44167455561786,GR,fog,2,1252.8540638666318,0.32288283109664917,0.1900399625301361,3.0349676609039307
375451844456388,-26.804552190115,31.961012436385,-35.44068262418799,173.41431666473173,SZ,fog,2,11997.132342522462,0.2565598487854004,0.17817175388336182,4.1107587814331055
855805948342180,44.525909974035,15.903249699487,56.81574544467492,13.870162336826912,BA,fog,2,1373.9000885187522,0.4982318580150604,0.4486384391784668,3.061279296875
139526285635637,13.217826050214152,2.929162678521952,7.517941816609235,38.18040946743304,NE,fog,2,3903.745610639118,0.8592658638954163,0.7297945618629456,0.4852920174598694
5442759149130487,67.890019179633,20.308537274689,68.02761623028081,20.017352798297686,SE,fog,2,19.537915654800198,0.606369137763977,0.37658756971359253,1.5872077941894531
3921179927973144,54.246330015747,-4.5628069974706,-35.46524288146411,173.43254497914268,IM,fog,2,17920.969385116645,0.4082619547843933,0.20373393595218658,2.242241621017456
469492320924211,38.276346407666,57.98363402764,36.51293970883387,50.51838815825051,TM,fog,2,687.7876104957015,0.2359941601753235,0.11696593463420868,3.4045114517211914
310307137129739,48.189212227502,-106.60069617067,-26.458313220525593,-51.35834707927758,US,fog,2,9955.44926938709,0.5150305032730103,0.3224702477455139,2.0467753410339355
383397352939199,39.95006776682,140.12870703204,45.85998932505413,3.2751770948276384,JP,fog,2,9552.955076468113,0.3862055838108063,0.26853248476982117,3.390535831451416
1688335251353973,-14.865382426326,35.3053829175,12.332099556783614,-5.401084620778317,MW,fog,2,5406.804642548539,0.4691208600997925,0.2934803366661072,2.3594205379486084
368819684557497,9.8821178559993,-84.703514000306,16.996168173521,-88.39469876500094,CR,fog,2,885.9309370099305,0.3547308146953583,0.2627891004085541,3.6149284839630127
3142165536067308,8.892556698116664,-64.244099923535,19.422271361382645,-70.65992627199594,VE,fog,2,1359.3231020708572,0.825291097164154,0.7516039609909058,0.8705261945724487
916461445802958,18.351592546824,-73.166686920189,40.678287485124805,19.76975016847556,HT,fog,2,8929.87706494412,0.16345177590847015,0.06831609457731247,4.102832794189453
1438450646526614,11.602056871897,43.143067800469,5.251333908201854,-0.8789369685814515,DJ,fog,2,4888.0674737529,0.7599882483482361,0.7189613580703735,1.2634564638137817
171644361525352,3.2965683888889,-59.645080555556,47.04617139922069,28.819903060809107,GY,fog,2,9623.069849004469,0.2657598853111267,0.18144598603248596,4.424327850341797
3643623472415985,13.248359768362,-61.267804498546,21.480476868815014,-104.75782104003696,VC,fog,2,4690.048166597118,0.41288241744041443,0.05341055989265442,1.947250485420227
974847123463445,45.48089676461988,141.9141645369168,35.63681163954919,34.88336083489049,JP,fog,2,8407.338660144535,0.11627214401960373,0.02656714618206024,4.68433952331543
219450919950414,4.2765353097168,73.575427012288,5.420258085444613,-0.6418701096061116,MV,fog,2,8218.969642496395,0.7257217764854431,0.6571050882339478,1.588270902633667
197777158852668,18.542511750027,-72.425551013845,18.520427452854285,-97.30392579966893,HT,fog,2,2620.79614925794,0.24129125475883484,0.12290265411138535,3.72241473197937
1673203299531642,49.085005765367,-1.4823203864636,45.340352629815555,-0.708379847485898,FR,fog,2,420.46336450963116,0.15162448585033417,0.03918932378292084,4.571151256561279
1605231949662620,31.431741304615,7.0759601080198,35.72191269709688,-88.54454127156464,DZ,fog,2,8485.582551083,0.1753448098897934,0.11034329980611801,4.451168537139893
451593852608237,49.039623298927,17.575489860882,49.24253551872518,8.072495128363325,CZ,fog,2,691.1947043377826,0.09434621781110764,0.011855147778987885,4.949439525604248
304641044593781,8.0755534487471,-80.948273440388,-23.776742369396793,-46.54552082402473,PA,fog,2,5147.8962125366415,0.14653152227401733,0.08316050469875336,4.11556339263916
537192110996228,33.673060807593,8.992445655067,41.42777453783134,0.11054584070894753,TN,fog,2,1163.4326373268586,0.37435007095336914,0.05017310380935669,2.658371686935425
2874567659528784,10.624021568983,103.55740436843,0.3566757053855471,32.52944724339634,KH,fog,2,7927.77906441833,0.5824678540229797,0.19805610179901123,0.9010158181190491
306873294180376,36.543159906681,-95.385746192161,36.321199195958236,-95.51534132369514,US,fog,2,27.268421799749387,0.2776188254356384,0.19719122350215912,4.314162254333496
474237406957052,38.032230216342,71.296052545699,32.31180621391529,76.7244946754409,TJ,fog,2,804.6679818041763,0.5141250491142273,0.3692415952682495,1.9995005130767822
893270331236297,35.542457911478,34.345047266311,35.598437971154624,34.41767455155438,CY,fog,2,9.049677900820466,0.9350032806396484,0.9124116897583008,0.4367920458316803
394355595015312,-10.420322783141,105.70164382136,38.67577892028107,20.7526514427389,CX,fog,2,10297.051791760417,0.7261231541633606,0.6744076609611511,1.7021281719207764
1720688194781084,-2.0414077903770145,29.44965968721136,7.943167168894484,35.897656904020174,RW,fog,2,1320.611226981163,0.9740422964096069,0.9645307064056396,0.1648866832256317
1072181156643275,18.07465399978,-91.640772999734,40.847653047731306,9.828496166995716,MX,fog,2,9625.495138592385,0.3064683973789215,0.17295153439044952,4.27415132522583
4167670343253112,38.101113171443,70.434664027996,39.6547861695842,68.31191271783999,AF,fog,2,252.19776470268158,0.6329434514045715,0.4684421420097351,1.24845552444458
174020494657037,17.630108574846,-63.232604239636,16.028198203763743,-61.90842077606966,BQ,fog,2,227.13348898571016,0.9705436825752258,0.9644390344619751,0.20882201194763184
841778303361650,4.4129500800509,-7.3568081852969,5.08854125876938,-3.039006822932055,CI,fog,2,484.3259827974814,0.49252286553382874,0.31488728523254395,1.6884371042251587
6128179790541161,55.439905979985,25.277989368239,55.03577685752085,24.34905901177484,LT,fog,2,74.07920209974192,0.4568595290184021,0.1509045660495758,1.7438141107559204
860733724520470,42.906057348904,19.550997884227,43.333136953348266,21.994192191044906,ME,fog,2,203.89891558872296,0.4012640416622162,0.1634601503610611,2.146172046661377
864697561114910,-29.077441505083,27.74348424067,-29.111171409983093,27.806162083942944,LS,fog,2,7.152323665835275,0.32965531945228577,0.1689472496509552,2.549729585647583
470728414179183,-4.4035085235997,28.875651684315,16.855054704201876,-88.58674935534874,BI,fog,2,13069.472535078183,0.33632808923721313,0.16813558340072632,3.238255500793457
572376240384590,38.710627031317,20.595182002582,38.67494673052038,20.692147386759046,GR,fog,2,9.303835290190506,0.2878381907939911,0.2105003297328949,3.3736371994018555
121312253609017,-2.475605,101.08095666666668,-0.6710945869516297,151.56012667909576,ID,fog,2,5614.1145054035205,0.23168475925922394,0.05988948047161102,2.6889803409576416
1443161219370901,-20.998296188116,55.608257838223,23.488378327794415,57.524535856902844,RE,fog,2,4951.0445378746,0.38341036438941956,0.16910851001739502,2.7449111938476562
935114343986233,14.756132710056,106.17208788727,17.863924288299483,105.31246958547541,LA,fog,2,357.53660084134935,0.986200213432312,0.9821423292160034,0.1127941906452179
528816851860286,13.929456140067,-90.641111213437,8.129248865017512,36.12132845548088,GT,fog,2,13649.529074237078,0.41580459475517273,0.06068629026412964,1.8534657955169678
949677732469296,-3.949905939326,29.108488727431,17.696432305423475,104.70721017575791,BI,fog,2,8624.12437559233,0.5207064151763916,0.407644122838974,2.267986536026001
535238961691986,-9.012128600000004,125.26142969997224,-6.714328400853758,-78.43278479051844,TL,fog,2,16860.27251053758,0.9667765498161316,0.9576011896133423,0.24065306782722473
785746405666869,-15.233412447604,27.672681901373,-30.928799587755165,-58.378979393970084,ZM,fog,2,8776.422689031608,0.44806379079818726,0.11425358057022095,1.6060911417007446
3016818381880651,49.809878371642,-121.45256952608,47.2895793391229,-122.21644210770648,CA,fog,2,285.8249929863079,0.08696554601192474,0.047731947153806686,5.246131420135498
381383576502282,45.377597713432,18.296766050051,47.69050619053521,19.58386966221833,HR,fog,2,275.37418739658597,0.1565353274345398,0.051646940410137177,4.479719638824463
610064709949694,39.354018070055,3.189777650907,43.146255424398056,6.3029125652955935,ES,fog,2,495.4373286881906,0.2352007031440735,0.07948493957519531,3.474824905395508
172787811514759,35.229088448061,33.767549827448,35.41913317562623,34.04368672263639,CY,fog,2,32.774462242934185,0.30046898126602173,0.1757678985595703,3.691714286804199
782110492675930,20.011066718061,-75.671652777958,35.160374816783744,138.90326840074582,CU,fog,2,12877.918756855583,0.1976107954978943,0.16356199979782104,4.890566825866699
400250872119328,11.85196334791822,13.142710363889922,13.12217516833852,77.5878789465007,NG,fog,2,6978.136941484081,0.3572089374065399,0.16684842109680176,2.5389950275421143
892609551301442,-6.2907747954542,176.31557778615,23.19787125107997,89.63867494469244,TV,fog,2,9945.126289590358,0.4572790563106537,0.2645866572856903,2.3034462928771973
202638525024688,49.252128640765,-2.2302663941837,46.33398247866755,-0.5249099428864414,JE,fog,2,348.57044941618346,0.339521586894989,0.16246560215950012,3.1535539627075195
482179499657429,35.35863654069,-87.442281622797,35.722494356425145,-88.3720025163246,US,fog,2,93.34431894787367,0.6605623364448547,0.6236124038696289,2.2418837547302246
166409505310564,-9.7930504284381,33.876999664849,17.538491614719327,105.06727719760731,MW,fog,2,8386.513158981967,0.42481309175491333,0.1869155615568161,2.165858268737793
839128376686201,-21.379486131927,55.652855746499,43.28889585209941,-0.23230770460449232,RE,fog,2,9175.702043944393,0.18247854709625244,0.07006781548261642,3.8367204666137695
173546557995177,6.6979922509375,-57.920196653076,6.477877402335118,2.622193201072926,GY,fog,2,6682.993596278554,0.6863572001457214,0.5093006491661072,1.2953002452850342
778732033031387,49.481310552598,-2.580607408903,53.14304280805806,5.536446518548405,GG,fog,2,695.0844521390181,0.08862201869487762,0.024164050817489624,4.629556655883789
1459021641097176,19.327056989127,-81.381676002568,46.48874815462548,-1.7570000168780102,KY,fog,2,7681.559904277998,0.5738635659217834,0.3313848674297333,1.5872539281845093
968337867447613,25.014773599486723,55.87302113372367,24.441177270514054,54.6040489230892,AE,fog,2,143.15675786177985,0.446736603975296,0.06813272833824158,1.4288605451583862
516599479378641,56.372189487703,27.438134814115,54.26690918530408,28.490156681192154,LV,fog,2,243.36773540207602,0.2632608115673065,0.12715281546115875,3.361403465270996
826574104989977,0.4096083408951371,9.468790964341348,9.24278997066113,7.769882070563195,GA,fog,2,1000.0446456792924,0.9201154708862305,0.9127160906791687,0.5931923389434814
298265468509297,-10.44607449126,105.70171289589,14.16328055528885,-60.962896181065176,CX,fog,2,18508.936301339494,0.2172655463218689,0.09049530327320099,3.653079032897949
135182671936165,24.97002129251,55.490379135321,25.27142611570143,51.51141830560975,AE,fog,2,401.9764781014036,0.48252204060554504,0.43312206864356995,3.313441753387451
369953761725438,-20.697927254597545,164.42307519257272,-21.348957884982347,55.458307927977394,NC,fog,2,10995.697117206711,0.9277666211128235,0.9098717570304871,0.5263142585754395
150605930403453,1.5703799596146,10.84323380127,-16.470570453709268,-48.452450629936344,GQ,fog,2,6805.510037023468,0.7714276909828186,0.6227403879165649,0.978722095489502
942025196552576,18.04711135987549,-15.94458243190681,36.198752746911666,50.594753823729384,MR,fog,2,6756.4932587349285,0.38651758432388306,0.16387337446212769,2.1597657203674316
4245112742269900,-15.204236527253409,13.710121098211696,7.521771462950285,37.98933607886831,AO,fog,2,3680.237555142329,0.9867727160453796,0.9786071181297302,0.09994310885667801
800629050558884,1.5780520325706,10.841365858236,-16.4466380473568,-48.47459085984558,GQ,fog,2,6807.4001381388425,0.7522376179695129,0.7137523889541626,1.544101357460022
329089375465231,-4.7898646188584,11.8559793524,-4.0569709979921145,15.377185797797651,CG,fog,2,398.78660006254734,0.09782697260379791,0.018624067306518555,4.106754302978516
2991410527805673,-4.1374600287328,29.078493212922,7.398064832844989,38.145909788538944,BI,fog,2,1630.2147384381597,0.33096230030059814,0.23006531596183777,3.353334426879883
798429247478749,46.183809459674,20.174482609731,51.63513684629187,20.90597212767391,HU,fog,2,608.5039869596447,0.21701021492481232,0.005255356431007385,3.287621021270752
2371116466357575,16.796385002204,107.11609099971,17.60378353065145,105.11061733968268,VN,fog,2,231.16814212778885,0.9740756750106812,0.9674758911132812,0.22215965390205383
468504837703680,49.210225417814,-2.0260057718567,50.58648916291727,6.670390117725004,JE,fog,2,640.9931320856272,0.447246789932251,0.41770362854003906,3.663893699645996
544837470219031,25.294971915181225,67.28170930758036,7.483186643371158,37.96784845770805,PK,fog,2,3685.6588559599845,0.3231308162212372,0.12513604760169983,3.2112250328063965
962376597848366,-7.8679271311768,35.785662187966,8.004041600813789,38.4400710304909,TZ,fog,2,1789.2371135459257,0.42120906710624695,0.24881376326084137,2.5147805213928223
284560226710077,22.245356411415,113.94634816993,22.402081918284,114.20103703783481,HK,fog,2,31.464520920944963,0.7160496711730957,0.6070069074630737,1.220574140548706
366104118882534,-12.947203981722575,45.1622949013442,-21.054252513315934,55.2959710882471,YT,fog,2,1403.9425977980936,0.5904708504676819,0.4294155240058899,1.6907635927200317
302738837907407,13.971297523146,-60.953783885869,4.417340535607207,155.1587449770479,LC,fog,2,15537.569517542635,0.5189502835273743,0.2079601287841797,1.4613033533096313
212663677118887,61.377613835646,-149.52560052518,49.63057216752855,-84.58457737713145,US,fog,2,4097.654245385418,0.20412778854370117,0.09480414539575577,4.2213921546936035
298675135079993,35.02573827135,0.1062064724418,34.901711601331264,-1.5528692689051486,DZ,fog,2,151.8107047135103,0.3860398530960083,0.08735674619674683,1.8655775785446167
200766568352215,12.2259298372,-69.032711700173,32.02265945970311,-8.66792677346031,CW,fog,2,6508.491867424208,0.8581277132034302,0.8012775778770447,0.8229897022247314
522150762114358,-51.767857219423,-59.20385240723,38.677537137821076,33.82664348896044,FK,fog,2,13464.975783230104,0.41551727056503296,0.2681306004524231,2.3316972255706787
907645580029480,-10.531873592618,105.64908608946,43.60432388575041,-81.68898908680404,CX,fog,2,16270.072338756987,0.2391708642244339,0.13463979959487915,4.090390205383301
461637908454191,8.5770592738416,-9.8384949656858,-1.1285236269423387,14.106008036563452,LR,fog,2,2864.635783083908,0.7943646311759949,0.717664361000061,1.0027602910995483
737762176916399,-28.523157809827,26.988610572901,-28.765026689928547,27.277308236771862,ZA,fog,2,38.94907221681533,0.7057774066925049,0.6343793272972107,1.4587321281433105
974044566464626,-8.9232594155592,125.57214462009,36.586806054608765,50.57856527323052,TL,fog,2,9286.477129784664,0.4214114844799042,0.3043091297149658,2.3653881549835205
207733560892728,62.969803716081,25.819453012454,67.43042973727123,23.960662395363883,FI,fog,2,503.4613901429398,0.24814264476299286,0.04383230209350586,2.939950704574585
935214247230705,38.662861546978,21.897000127107,45.21952143974195,6.286587222045716,GR,fog,2,1479.099275648586,0.07045316696166992,0.0016623586416244507,4.8583784103393555
308609804241585,45.352253598167,18.741494665616,51.39663552410716,22.625493599326557,HR,fog,2,730.5075035718681,0.15673330426216125,0.08423833549022675,4.21989631652832
812815579353857,19.970422258885,95.026704859366,16.732847511827988,104.3994015298055,MM,fog,2,1052.397101942961,0.5291617512702942,0.23576867580413818,1.7583303451538086
955193138582276,42.352822713826,18.93350046301,42.7858817849567,18.562754520569566,ME,fog,2,56.925850715261056,0.36911970376968384,0.2637452781200409,3.1771578788757324
314068633495505,18.384993994121,-64.663491419319,45.842294135543945,3.266991386648216,VG,fog,2,6856.559294404508,0.29173755645751953,0.21661396324634552,3.616523027420044
153100520088504,8.6445550800531,-10.895087890593,7.231206799080807,-11.534001170140662,SL,fog,2,172.189098266017,0.6243376731872559,0.46973443031311035,1.3954246044158936
899516343957294,31.154817998866,35.36251239366,40.01160524480519,49.050691206981746,IL,fog,2,1578.5822185601069,0.3856824040412903,0.19074779748916626,2.7772912979125977
362016302748290,-10.182357974219284,26.92114281109953,1.9301633138180232,32.46427490662476,CD,fog,2,1480.0398183831946,0.679496705532074,0.5391915440559387,1.4823110103607178
784285982279583,12.468243816564,105.11776238356,-6.284730888717668,39.37857225041044,KH,fog,2,7557.486873238161,0.34092628955841064,0.23477697372436523,3.107908010482788
741076933253733,55.559361968752,24.218044357931,55.440594527597575,25.16190254007657,LT,fog,2,60.89439631658622,0.19884544610977173,0.11257008463144302,4.180203437805176
588238156406124,13.540014603247103,6.862262541663696,-24.212685242400863,31.685787990539485,NE,fog,2,4989.075626977598,0.9702911972999573,0.9653463959693909,0.2369556427001953
704583704721230,13.358425346344903,2.9695516051747206,-24.233094795384105,31.679953419900308,NE,fog,2,5214.767055589715,0.4400555491447449,0.17036402225494385,1.5976673364639282
743913432954382,12.506491685569,-70.011189878756,42.867220509258864,3.009060570105162,AW,fog,2,7686.682259940608,0.15015600621700287,0.05632742494344711,3.8424229621887207
837216263894683,59.234310100905,25.661811016329,59.34031154169858,24.225248450793014,EE,fog,2,82.42914221682905,0.20755842328071594,0.12087629735469818,4.1727070808410645
4165344470189392,22.250944346283,113.98372956798,22.377004835927348,114.17863897760034,HK,fog,2,24.46398927912552,0.9182605147361755,0.8738860487937927,0.4887542128562927
123034153486017,8.896413266511479,-64.21983107316368,17.37226720363328,104.44545483965875,VE,fog,2,16839.63859941289,0.700142502784729,0.5718053579330444,1.5466697216033936
495142175172477,52.064618461934,27.758129879211,53.25073749751373,22.287083750601028,BY,fog,2,391.75194110716825,0.2567873001098633,0.21439838409423828,4.6915178298950195
278818637266368,21.668020820761,39.5871724527,24.956357093482865,55.55726925580499,SA,fog,2,1670.1572261783624,0.45982033014297485,0.24513112008571625,2.3523201942443848
311313370600056,34.298302972773,35.843733635285,34.134037478164934,35.62852189331492,LB,fog,2,26.9298472143048,0.9960696697235107,0.9944185018539429,0.0378107950091362
546356603055282,16.319144026137,-61.319536174119,-21.04714242716722,55.284049071813875,GP,fog,2,13358.215065299808,0.09639506042003632,0.03405936062335968,5.026189804077148
455880318809614,13.212934938654,103.97535020814,22.439169666473916,89.12303287446038,KH,fog,2,1875.108179486363,0.4221968352794647,0.2948179841041565,2.5438477993011475
561177494854490,65.249274201498,-14.3599477776,64.35271521906859,-20.69320926418846,IS,fog,2,315.81242524887745,0.9502119421958923,0.9304271340370178,0.2966013252735138
591338181829945,40.948513592565,47.680340883083,40.449241082326985,46.61505488572503,AZ,fog,2,105.57897040589685,0.24108770489692688,0.13095343112945557,3.915583372116089
478603033472419,10.605368280525,-61.423503253964,44.018529776630494,-79.4697684361371,TT,fog,2,4100.276302368515,0.09719815105199814,0.004054538905620575,4.3032941818237305
140993104682356,11.492434620243,14.669528720435,36.99917539279187,34.8407430918272,CM,fog,2,3479.4919297592846,0.12381285429000854,0.026157774031162262,4.944001197814941
1365904140461073,16.782552049243,-62.177983430902,-21.019838480959756,55.31431896876235,MS,fog,2,13462.674607343095,0.11409065127372742,0.005448199808597565,3.930391788482666
184854733517675,66.049214556266,-16.60518565352,64.29166935255947,-20.4714571200635,IS,fog,2,265.95993986558864,0.9116992950439453,0.9011335372924805,0.6681860685348511
484812855999457,11.316364972572,-60.600609669164,14.57751954079575,-61.104268358675014,TT,fog,2,366.7071786538994,0.7816219329833984,0.5786717534065247,0.6193509101867676
198374955275087,31.228889368174,35.249839466257,7.945808492491787,38.16129493021117,IL,fog,2,2606.5235643159726,0.3766045570373535,0.3332636058330536,4.007230758666992
493661578655706,21.902623515855,58.249258213784,24.59775300140684,55.7383375702059,OM,fog,2,394.45769295701945,0.26784569025039673,0.07941177487373352,3.1440393924713135
1421342044880216,-33.979765814868,-55.677857234372,-33.651264529098675,18.672656829403067,UY,fog,2,6701.741883193392,0.4047727584838867,0.3130740523338318,3.228379011154175
791346968192465,47.64092226916,22.514698705141,44.48669279025031,25.76994179252756,RO,fog,2,431.2958874373442,0.16646291315555573,0.026654496788978577,3.6988701820373535
509490393519441,12.00528480685,15.133921129804,16.651543028700132,78.31758966447812,CM,fog,2,6800.694108828141,0.10503218322992325,0.013139553368091583,4.0303239822387695
365265328257309,-16.455863020951,-152.25124408953,-35.09206132998683,173.48727349369804,PF,fog,2,3977.1060106159775,0.32222479581832886,0.24827441573143005,4.056727409362793
373099774078768,15.381551450461,-61.278224581511,15.325661795407997,-61.34084107937318,DM,fog,2,9.148853096198623,0.5184924602508545,0.2599869966506958,1.8823338747024536
3849748481728507,54.429547030142,-8.350480924746,53.147953138330415,-8.580789444134544,IE,fog,2,143.30733714598264,0.34289097785949707,0.06688013672828674,2.685607433319092
486814105900044,24.815009873567,55.581561784151,24.463833004681153,54.70536871598606,AE,fog,2,96.78411961367188,0.710978627204895,0.6540669798851013,1.499631643295288
553493755814632,25.651486854641,55.817622488275,25.024977676356656,55.23127540835661,AE,fog,2,91.24380828511441,0.11552121490240097,0.011297136545181274,4.314872741699219
294731518788880,12.182130031336,-68.992602507728,-21.083692436671523,55.2422709086606,CW,fog,2,14020.249876595439,0.7155718207359314,0.618330717086792,1.339521050453186
526112418414577,-4.1889057701817,39.593824106105,7.875518484297774,38.207597577712065,KE,fog,2,1350.2876068115959,0.41820019483566284,0.10714799165725708,1.6617072820663452
1143243902846918,3.9423529755317,73.490255336254,9.99427549682004,76.17971968149679,MV,fog,2,735.4481327625595,0.8190451264381409,0.7706634998321533,1.208037257194519
1222724854903474,-15.992638795519348,27.473549745213845,20.357107958015995,-99.55540412437459,ZM,fog,2,14420.565849180593,0.27354976534843445,0.059267863631248474,2.7877326011657715
814962436102418,17.246826160842,-88.964928894179,-30.91177975446212,-58.57963815833396,BZ,fog,2,6262.732230838959,0.68183434009552,0.6303369402885437,2.0929887294769287
2588410498130022,8.6681322733063,15.915175571704,8.41251560384888,2.1437206267203814,TD,fog,2,1514.5206136562538,0.9884663820266724,0.9857107996940613,0.09918538480997086
757152124922572,40.280135692488,20.032560201339,40.194619830187875,19.604942178734238,AL,fog,2,37.52249353592153,0.3783488869667053,0.3123689293861389,3.254786968231201
3729075633885792,52.879324916405,14.84215981606,57.38607755767251,15.021073731160932,PL,fog,2,501.2565919672903,0.266267329454422,0.1723627895116806,3.9726407527923584
193255762642321,-25.463140138686,31.530813486271,21.65973360332364,-104.70738614319599,SZ,fog,2,15554.07980856746,0.7024523615837097,0.6129820346832275,1.617388367652893
158748456176634,18.003107984756,-76.750140742066,8.995102047582561,-79.54710682348126,JM,fog,2,1046.195677223271,0.26584380865097046,0.15229298174381256,3.114748954772949
487059602744422,22.483846298693,88.311807710332,18.540539563098772,73.90027806230181,IN,fog,2,1562.751869349674,0.4897448420524597,0.1687503457069397,1.5595207214355469
187972779810965,37.223202382218,126.95228008609,35.46320284216133,128.9461139948887,KR,fog,2,264.9194332249912,0.9284663200378418,0.8943432569503784,0.32178717851638794
325108962571033,-14.007024453392,-171.59812253095,-7.264342983986685,109.6861373475374,WS,fog,2,8601.285536980142,0.7706040143966675,0.7142054438591003,1.2854814529418945
506599274036580,54.629530708934,-8.6760286174409,45.85885428121054,8.192828648977063,IE,fog,2,1539.1318695861792,0.35370445251464844,0.06587287783622742,2.926149845123291
507218187079443,37.843340581126,68.830014881381,36.03970072915866,50.63368796572048,TJ,fog,2,1626.9115071461645,0.44836461544036865,0.33357754349708557,2.6813840866088867
153324916692555,5.5180289616018,-6.5822215976398,17.607984288679027,104.84347758588484,CI,fog,2,12065.813874573038,0.8048530220985413,0.7021632790565491,0.8598740100860596
771731993706945,41.928551334201536,19.551310678151587,42.35247712836303,20.54343526070442,AL,fog,2,94.41077745148488,0.40116921067237854,0.23991185426712036,2.3144378662109375
486481489451262,49.966660340065,17.026531427218,47.022652893139714,-1.5968800590069583,CZ,fog,2,1406.8035209547675,0.08282088488340378,0.0012308135628700256,4.890524864196777
2949034095418835,3.9465097772644,-59.099420704396,-36.98488766521897,147.50011403815128,GY,fog,2,15448.820113363017,0.3554023504257202,0.16788041591644287,2.6150107383728027
372845630827843,-27.768029274082,-64.271302066744,21.117119617432717,-101.61455127422204,AR,fog,2,6756.908463319412,0.17060908675193787,0.03865663707256317,4.218373775482178
804236390516614,24.360035161271,90.528148543285,22.88658759976311,90.39498997902584,BD,fog,2,164.40050085349984,0.2321883887052536,0.11941029876470566,3.536877393722534
1165449024229030,11.127732358514072,42.37283796780444,39.868663440723225,68.25441660428591,DJ,fog,2,4086.273502577519,0.2616635262966156,0.1379520446062088,3.619370222091675
465682694540312,47.092368215581565,15.033271683507603,49.380937692172715,7.730201170967208,AT,fog,2,597.4145167214224,0.29117345809936523,0.1764671802520752,3.441098690032959
1414034302297531,5.9652601827551,-10.011148216804,47.02858056162742,-1.6037801261860083,LR,fog,2,4636.249840516804,0.10327725112438202,0.029107190668582916,5.0412821769714355
164124928906484,17.026658655636,-88.957499025099,17.29436105846439,-88.4702326094555,BZ,fog,2,59.71730243353826,0.4080300033092499,0.32350319623947144,3.193822145462036
265373079006579,12.19339030343679,-4.128458023871779,7.621761806467004,38.05293159626026,BF,fog,2,4643.701896253694,0.41561388969421387,0.3348633050918579,2.9607772827148438
211403467484458,-24.160264772744977,47.3486048183456,56.59999474187421,36.74221639096461,MG,fog,2,9035.482296310518,0.22628308832645416,0.04587791860103607,3.245988368988037
4252117868180040,-31.701164589216,28.774388216841,37.76056239594091,-113.18357786819273,ZA,fog,2,16498.814432043415,0.3220549523830414,0.24255682528018951,3.7271010875701904
1185546705230006,60.068284515535,20.263657107897,58.39286602993214,22.704299484575934,AX,fog,2,232.30933881824643,0.3174231946468353,0.225312739610672,3.910216808319092
307549670912816,47.805455809752,29.008339682994,46.70797755850321,29.809560538373933,MD,fog,2,136.1914953154026,0.4083171784877777,0.3151490092277527,2.81506085395813
1150240562161074,1.3857279016312,173.14547646453,56.386719774479694,44.041401866211686,KI,fog,2,12142.854584872384,0.13750296831130981,0.027821660041809082,4.236063480377197
1926367507521003,-34.006516340223,-62.239283065807,49.828542101584304,-99.9890969197422,AR,fog,2,10036.44939717147,0.15430836379528046,0.08304642885923386,4.783795356750488
174862464516382,18.026136330252,-63.051721834115,36.26714831709213,10.35868976017756,SX,fog,2,7372.156092908506,0.3756032884120941,0.31611013412475586,3.108386993408203
238608201397184,13.394898337011,-15.796480495355,6.491210606729758,2.802814195747166,GM,fog,2,2175.4100557873567,0.382281094789505,0.22368916869163513,3.0561883449554443
168171301893400,-21.306913177085,47.234054757271,7.475159004340022,38.136816230218734,MG,fog,2,3350.9444650604205,0.5702284574508667,0.40365874767303467,1.6275246143341064
143601257800230,6.1813662366503,-10.476370028512,1.3786235991692417,103.79925131000377,LR,fog,2,12671.275872541182,0.7475554347038269,0.7146131992340088,1.6714674234390259
1426576467702919,42.716570546448,19.37002352769,45.21998318299512,19.82100870039993,ME,fog,2,280.6954307243242,0.42862915992736816,0.3809511065483093,3.333173990249634
582527629366762,13.909926027264,-60.995742963827,13.835476634057153,-60.93615283636968,LC,fog,2,10.48395261474988,0.7866677045822144,0.5860854983329773,0.6050487756729126
789178535042815,10.848339859199,-14.344376628968,10.213708949008224,-14.465101785130793,GN,fog,2,71.79128417967101,0.6311534643173218,0.3035142123699188,0.9524928331375122
770818833619667,46.189989851656,27.550790956761,41.44536017664946,22.138870835791295,RO,fog,2,682.9390646866833,0.7468695640563965,0.7018120288848877,1.5799092054367065
771812706865289,18.810877831997,-72.868700352417,18.754700255838642,-72.27393846715148,HT,fog,2,62.923379819982365,0.9999209642410278,0.9998842477798462,0.0010500299977138638
1979924955729830,0.4210184118848502,9.466164114756396,6.495250209325536,2.637056748622356,GA,fog,2,1014.979460246228,0.7498535513877869,0.6776329874992371,1.304352879524231
1215125515585698,-29.72467996101,27.401763312517,-32.48637509356852,19.23126903504192,LS,fog,2,835.9983061683066,0.38872775435447693,0.2665686011314392,2.5779502391815186
525797611782911,33.53278970091,10.187082947953,33.49865520411095,10.357080155391069,TN,fog,2,16.210550768364005,0.49855858087539673,0.4089667797088623,3.0332770347595215
981736889296495,15.18213389856,106.76109629686,6.409691003433625,37.804501759606836,LA,fog,2,7568.081312598907,0.22373081743717194,0.11057876795530319,3.97171688079834
290546622610201,0.90650801653382,111.91071699724,17.750050260820974,104.80319882200833,MY,fog,2,2027.6206895902005,0.6270427703857422,0.5046475529670715,1.7419874668121338
925069178226405,-33.684138890591,120.78000000686,-17.915799216914873,144.78951715141753,AU,fog,2,2961.916535841951,0.9344548583030701,0.9275974631309509,0.5640743374824524
841753896415038,-6.3002644508667,176.31963764015,-42.97943623157809,171.06762612487776,TV,fog,2,4110.988500855425,0.17419682443141937,0.10474336892366409,4.918955326080322
645048966783670,42.89641826045616,17.56617896330491,41.37150115829108,22.251992784720624,BA,fog,2,421.87882708732064,0.2398425191640854,0.0003248155117034912,2.4255826473236084
2157623727878098,42.203008413762,12.652366039877,45.41701812213533,10.26461718880862,IT,fog,2,405.4541897737408,0.23640449345111847,0.12363173812627792,3.3801355361938477
491154428864902,34.78133892235,10.662689207895,33.99999757328356,9.975098267412166,TN,fog,2,107.37240140266731,0.44247326254844666,0.08378645777702332,1.5737730264663696
5023711767716996,27.43539864879576,89.6844986785493,41.20185500534272,71.14971647288937,BT,fog,2,2280.1365880119715,0.2564462125301361,0.12507423758506775,3.0797219276428223
502661524102239,25.24288508,105.72866675,21.612094787549502,-104.74987637822825,CN,fog,2,13853.37490561243,0.7998083233833313,0.7003962397575378,1.096649169921875
768051953908267,24.417738719697,124.24306124209,42.272744102124136,11.815852555827666,JP,fog,2,9873.612773347206,0.7916111946105957,0.7554304599761963,1.455662488937378
2634487660183183,15.505396860363,-61.465808232581,-26.034501325777992,27.90004673598694,DM,fog,2,10695.362463611993,0.4689912796020508,0.32052305340766907,2.457937002182007
777370986311883,69.771194043132,-50.45379669083,21.477547447864136,-104.83116680903397,GL,fog,2,6441.481893401015,0.16799305379390717,0.09718208760023117,5.0126166343688965
214018630224328,-30.195842567793,28.141370668784,36.41277794479787,50.484230350549275,LS,fog,2,7764.850504471303,0.2325809746980667,0.15827856957912445,3.79984712600708
898244168080774,48.39779130109938,69.97859259537432,38.70865289202239,58.44488297374946,KZ,fog,2,1419.7246507005023,0.3516450524330139,0.04934614896774292,2.6082358360290527
4492529727427156,-28.146082771307,-51.513579498292,-32.93123806585191,-71.37701250685367,BR,fog,2,1971.8645214646317,0.604261577129364,0.5375015139579773,2.188188076019287
285348029668834,24.497433158551,56.506035667282,24.63334764205298,55.94666199838849,OM,fog,2,58.55359944331216,0.49937185645103455,0.21882829070091248,1.735677719116211
171014971604854,50.702549851864,3.6582481425115,50.84445401519793,2.894208935363649,BE,fog,2,55.99482029843925,0.3544227182865143,0.2340579777956009,3.1145777702331543
4840639372618820,-14.92550912288379,13.489538311090364,51.14445522204484,22.62784896294047,AO,fog,2,7400.173270859994,0.23165348172187805,0.10416439175605774,3.7767913341522217
206149904648055,26.21207915528,44.093256403165,36.41977434220521,50.52236462529667,SA,fog,2,1288.0726876096169,0.26758161187171936,0.05142652988433838,2.4944300651550293
204252138180851,-21.559664995251,23.773974999472,33.91851122277065,10.002828419782501,BW,fog,2,6338.901652708983,0.15267041325569153,0.0011274069547653198,3.1151695251464844
920871192081755,-20.154762249788,28.582363111001,-25.91323580503584,32.64239980425828,ZW,fog,2,763.1345746165886,0.5721598863601685,0.38242945075035095,1.656140685081482
219966586218279,47.029132462966,15.932431980783,48.31553851535142,14.251139985041196,AT,fog,2,190.53833754598804,0.24715439975261688,0.15167132019996643,3.894289016723633
135549215221893,2.4175748743344,9.8423648123313,8.156792974153309,35.201576036301304,GQ,fog,2,2878.0560318369758,0.9346169829368591,0.9248987436294556,0.48469454050064087
376262240365585,11.737844217402,-84.258740123025,11.628427529938655,-84.36845237829571,NI,fog,2,17.05137408864658,0.993415355682373,0.9904292225837708,0.05521314591169357
171728951493255,49.507376607171,105.95258746284,47.938571051566775,106.91260990278685,MN,fog,2,188.1175724653098,0.8900521397590637,0.833794116973877,0.6203099489212036
253978489850814,48.281270225581,27.973739010266,49.11204861741428,5.549348522142605,MD,fog,2,1642.3775267679684,0.12365345656871796,0.010183751583099365,4.523543357849121
300413981460892,28.731055900238,48.000514767945,30.00556723656223,31.71143089475519,KW,fog,2,1583.4940801623577,0.9718096256256104,0.9633200168609619,0.21417024731636047
1184530975332530,-14.802947311274,-42.709531402229,-14.178461947605761,-42.34112189577518,BR,fog,2,79.96825038323323,0.5992347002029419,0.5513358116149902,2.3300604820251465
1266617723756139,-2.7425780868466467,29.42359642013631,6.269810136148643,37.35794793343718,BI,fog,2,1334.2798603953063,0.8539024591445923,0.7855902314186096,0.7471281290054321
473474263980538,21.715223057868,59.471278053944,34.012604575911595,10.001191658230242,OM,fog,2,5001.089575896312,0.3827641010284424,0.2669413983821869,3.3007564544677734
1249815355421012,41.352986665751,46.933972599593,40.468785965926095,46.784462651591426,AZ,fog,2,99.11807278869207,0.5177827477455139,0.0860518217086792,1.0577032566070557
228708892356879,48.677696253977,17.636842304644,48.19268001965521,14.316725594455626,SK,fog,2,250.78370828497052,0.13008470833301544,0.03883513808250427,4.4762444496154785
573918251034517,24.9108887387342,90.79494731880273,21.992882918816665,88.28520673618341,BD,fog,2,413.27999380025636,0.9708001017570496,0.9493825435638428,0.1656797230243683
2964997383812126,2.6098453233173,9.8422664516346,7.502198383064951,-11.961295982575697,GQ,fog,2,2474.6784055594244,0.19828706979751587,0.03759348392486572,2.7070374488830566
216212559884926,39.033844678159,125.75376577506,53.08730011224806,44.798951895038634,KP,fog,2,6089.947437205759,0.09164045006036758,0.022238239645957947,4.139685153961182
305136647878220,12.193469016038,-61.616092049056,6.253374465570759,-10.721816117406869,GD,fog,2,5617.131566356018,0.7675985097885132,0.6930638551712036,1.222705602645874
1425023424516398,-16.694601299289,-60.803490901407,9.446073351183534,40.75635592373937,BO,fog,2,11528.622489276311,0.3491968810558319,0.1992252916097641,2.4224863052368164
454775888919551,46.828024824521,7.8088947836121,48.33927484318834,14.266428150443671,CH,fog,2,512.4616623610465,0.3339579999446869,0.12876169383525848,2.246210813522339
861104217828929,17.113853213721,-25.242018334352,21.516460395454065,-104.72789031744924,CV,fog,2,8264.603333396815,0.40958499908447266,0.3578610420227051,3.2765581607818604
1051007365779921,6.813554100014411,158.2040012,5.341348477157684,159.78209262901876,FM,fog,2,239.25534719310068,0.995425283908844,0.994421124458313,0.04098032787442207
1334507140366814,-23.48982047010992,35.38536972552172,8.054983719349453,38.3619830280799,MZ,fog,2,3522.5137544663944,0.29900091886520386,0.18308818340301514,3.0329718589782715
3912389445490209,49.325970928935,17.226098099604,43.855687956362985,22.27422661625665,CZ,fog,2,719.8931837863164,0.25887054204940796,0.12181390821933746,3.4671530723571777
265194928674974,13.23781099507,-59.544998005588,44.021412337614954,22.332582232454914,BB,fog,2,8344.811074300242,0.18703961372375488,0.0570843368768692,4.598724365234375
130827665729646,41.660012138201,21.174396481341,43.91318260611705,22.31718375436028,MK,fog,2,267.3266832139807,0.33528774976730347,0.003237128257751465,2.154369592666626
382514279656400,17.169493550421,-62.549673737704,-21.221241965706454,55.554366073893824,KN,fog,2,13539.483052542548,0.2569507658481598,0.0014232099056243896,3.007575750350952
490566595325309,32.35061764629,15.101938149737,36.84848556260785,10.220509153376996,LY,fog,2,670.4296468967523,0.34814533591270447,0.049679338932037354,1.5026946067810059
177150824328343,-14.845732355681,35.25013351485,7.603766221115101,38.00507137306615,MW,fog,2,2514.6807038171555,0.9170902371406555,0.8641971945762634,0.40557733178138733
337754307681723,22.908438446718,90.804919962877,22.810039084134157,90.53836426336784,BD,fog,2,29.421943467544615,0.6046614646911621,0.43995606899261475,1.5136774778366089
288297272916728,-17.786629070676,177.44305087069,17.591642604816013,104.69282307328966,FJ,fog,2,8874.969872485082,0.4793124794960022,0.290831983089447,2.2212295532226562
485752159242168,60.005211059817,20.384442671458,17.55878427716621,104.41018013625003,AX,fog,2,7993.495810434552,0.5573115944862366,0.44029760360717773,2.389322280883789
495377298477425,41.941602973878,34.631294266421,41.32227650106906,22.439636819159603,TR,fog,2,1014.7282375481744,0.15437695384025574,0.017689749598503113,3.8893582820892334
2890584101196635,41.681667019865,21.147788358398,43.3649462426071,21.976490941410688,MK,fog,2,199.10892007202608,0.18440993130207062,0.032854676246643066,3.6650137901306152
401731674144754,23.355590466277,121.32187991241,24.58490463122451,120.86970601860352,TW,fog,2,144.20733882867697,0.18206951022148132,0.014116719365119934,3.349231719970703
1169142930166538,20.834467782196,-75.727264614924,17.84832293532533,96.31222742625697,CU,fog,2,15627.104615566634,0.31101834774017334,0.2591554522514343,4.054943561553955
306207777612908,-13.800621344179,-171.85935966246,16.012745635140583,-61.80387984406998,WS,fog,2,12531.704404588216,0.3215384781360626,0.0713825523853302,2.366156578063965
2665542867084280,15.44922162275011,-15.809327283661323,33.51175795097428,10.342517005387144,SN,fog,2,3304.8386825868447,0.5317861437797546,0.2121310532093048,1.3481699228286743
473236960624282,-11.390300678508,43.342774487865,6.240930310494388,156.20804553782804,KM,fog,2,12630.18136671319,0.6220176219940186,0.5598462224006653,2.1283388137817383
175640891118270,58.3416314331,22.123379209424,58.24618807362799,22.528177457427873,EE,fog,2,25.927816412984843,0.4372057318687439,0.34854990243911743,2.7480125427246094
940728323368212,5.5203195797668,16.760305199775,-16.65648624803579,-48.69026270394115,CF,fog,2,7602.302965446963,0.37955906987190247,0.06984701752662659,2.1155474185943604
159670792680757,4.8671591384211,31.498747958114,26.8747393708066,70.75778418403,SS,fog,2,4826.272323800437,0.20798367261886597,0.07697227597236633,3.8155174255371094
490425192372401,-42.289566526657,-73.549884623054,48.31349510529303,14.25639740714023,CL,fog,2,13223.89564999798,0.3044580817222595,0.13523516058921814,3.670175313949585
140927168065220,14.884255893398,-24.355900858541,30.8468269369614,-9.203960372250704,CV,fog,2,2352.51924577915,0.33171212673187256,0.17053255438804626,3.1641502380371094
2148319455305366,12.658976107053,-1.5012029355804,10.537708184938326,-1.489372963886436,BF,fog,2,235.8777502299319,0.4535380005836487,0.16132783889770508,1.5854990482330322
950272148968894,-12.972416512525884,45.15611771647966,2.0534556469054857,156.82113440407187,YT,fog,2,12405.553455419713,0.9189242124557495,0.9006679654121399,0.5553321838378906
153355823412892,49.184810534933,-2.0480987436129,48.57821119093962,20.251692147447315,JE,fog,2,1626.134743754434,0.12116905301809311,0.007301956415176392,5.101943016052246
363513025083758,47.047992478928,8.7799077721095,46.966511971298154,9.632343964978599,CH,fog,2,65.26709178309885,0.6923750638961792,0.5498138666152954,1.4340842962265015
512297363276315,31.456330474142,35.250774430442,35.660374986243006,34.72209321618907,PS,fog,2,470.0256101813444,0.9217561483383179,0.8962487578392029,0.5302041172981262
456622292570371,17.562683786778276,52.54996407813734,-32.78106673764691,-70.99982314017576,YE,fog,2,14158.133083403585,0.37616243958473206,0.20141074061393738,2.6505179405212402
4527359417278295,12.574854908472,-70.042613806787,21.534459500553123,-104.78363148072431,AW,fog,2,3815.598342869361,0.46360254287719727,0.27228844165802,2.5979254245758057
537629581307027,13.181351944444442,-59.52259444444445,13.847297629127446,-60.91884195811882,BB,fog,2,168.13975589790059,0.8897238373756409,0.8440806269645691,0.5375144481658936
795129897807041,35.163207188355,-6.1437231591152,52.44932094499582,-0.6611597880172121,MA,fog,2,1970.4110111928733,0.10512415319681168,0.01717362552881241,5.137884616851807
351777130251541,39.481253041447,46.278721306968,37.55414555837581,41.10615232414103,AM,fog,2,498.32158364477857,0.3490939438343048,0.2946173846721649,3.6710753440856934
808281843784947,-9.017975593206083,125.18936083216094,12.074927343477954,-86.1628727949172,TL,fog,2,16572.872737582853,0.1490263044834137,0.026011981070041656,3.9299962520599365
571640328046013,9.496515810605342,138.0909467705742,32.034986458883125,-96.63724847631336,FM,fog,2,12596.677493717245,0.35992446541786194,0.2546619474887848,3.222675323486328
1596718320725210,6.820059002595853,158.1889075956807,6.304633623979055,156.44159654076685,FM,fog,2,201.3475434735416,0.9984499216079712,0.9977144598960876,0.015417133457958698
909068383276012,51.71872582063,71.017642467242,-16.419433813288514,-48.58643323184943,KZ,fog,2,13457.66888278536,0.4526088535785675,0.3694981336593628,3.075070858001709
201271568510246,11.498181689874,104.89298318393,21.937446521658362,96.11950345997805,KH,fog,2,1489.0275788667734,0.37295860052108765,0.1597951501607895,2.2766590118408203
865101847550557,14.337966085705,-11.307015681085,-15.453847068585175,28.402230743252485,ML,fog,2,5479.374213768498,0.7307032346725464,0.6764013767242432,1.4658992290496826
273645621106204,11.400246031697,15.323762439617,8.336877797484398,2.0015949622852114,TD,fog,2,1498.3834478128078,0.628095269203186,0.5126733779907227,2.01922607421875
816784312848146,47.27419583333333,110.70045194444444,39.34183909150315,32.60691695260447,MN,fog,2,6112.724341581224,0.3636071979999542,0.2162526398897171,2.4314541816711426
205051911255970,15.898719949045,108.34769045302,17.887859600215464,104.81959727833676,VN,fog,2,435.66929519372223,0.47957271337509155,0.4064009487628937,2.836984157562256
1197452254025430,60.290261118231,20.017018951216,51.36784829344009,22.628487136694375,AX,fog,2,1005.2408532268365,0.22970172762870789,0.12469445914030075,3.7290000915527344
524857088520171,40.969687102424,47.506671390525,10.91572237189667,-1.2573446996418423,AZ,fog,2,5804.767863737085,0.25369560718536377,0.11546029150485992,3.9461960792541504
585468982429325,56.863557681775,25.533807915732,57.357770723378465,24.48600754085402,LV,fog,2,83.79966462249557,0.22328677773475647,0.14273732900619507,3.795658588409424
223293895846479,40.460441929706,49.654367032421,35.12258578829192,9.7637569653988,AZ,fog,2,3524.63735476634,0.2980636954307556,0.042657822370529175,2.5474839210510254
983815092358003,45.845665401276,-1.1566237774946,46.24099751927298,-1.0099577425405029,FR,fog,2,45.393025735232214,0.7388116717338562,0.6420453786849976,1.3209009170532227
495004361712254,16.705985016912,-62.221856779895,42.87197465844676,2.9821256230844697,MS,fog,2,6745.278984149296,0.23783567547798157,0.06708329916000366,3.744166374206543
1116467962190839,49.234789455854,-2.1566386309068,51.896371907481104,-8.535845473685244,JE,fog,2,538.7719966091688,0.5393887758255005,0.4602597951889038,2.959652900695801
799261197806429,13.04112461881004,7.584578150427974,13.089882450027366,102.63525338269099,NG,fog,2,10214.20702819953,0.2605744004249573,0.06995919346809387,2.986562967300415
375892980333603,53.800018986142,19.066495869964,51.38654517781735,22.554805726804652,PL,fog,2,357.04206658305776,0.8345965147018433,0.8197755217552185,1.2838128805160522
216735996617694,-51.729168266578,-59.221494505424,64.27655351552562,-20.244391301902983,FK,fog,2,13330.911821443937,0.9185757040977478,0.9051244258880615,0.6669260263442993
122836676470530,19.317250203375,-81.382868299519,17.27147002658978,-88.81860597348046,KY,fog,2,817.2152968257375,0.5312302112579346,0.12111276388168335,1.080417275428772
864991334054817,22.630694715979,75.815649968185,-16.475488025791847,-48.463381579882416,IN,fog,2,14168.363986406548,0.26559948921203613,0.11166870594024658,3.3796420097351074
303472461226103,30.448379399773,-91.249052345819,9.202626400540996,-0.5184282499473797,US,fog,2,9559.97407184208,0.12043335288763046,0.049134597182273865,4.477733135223389
751120052245249,18.306901319254,-66.036105758042,1.3741115738215375,103.65406119970253,PR,fog,2,17553.10208464467,0.1684638112783432,0.043901897966861725,4.464839935302734
618094669584037,1.0592725919843,104.01250864856,1.109354118894613,104.09746437766127,SG,fog,2,10.964434455809398,0.9166212677955627,0.905189573764801,0.6113376617431641
204293011757830,15.079993126144066,39.21687884094408,-25.852404662751876,32.665005293368786,ER,fog,2,4606.387913278513,0.37220126390457153,0.28518223762512207,3.0106749534606934
2928508607437195,37.840107608369,68.802462308142,40.72543876071422,71.08145817790532,TJ,fog,2,376.0087929733569,0.5913123488426208,0.5108278393745422,2.3208963871002197
1371451869918489,3.6333328691599,72.957712473483,1.3671520535559387,103.83200265540417,MV,fog,2,3438.7341524542276,0.2843930423259735,0.19309455156326294,3.6111433506011963
215955796651386,14.063525259413,-83.397823687399,11.960268677908964,-86.3576543185975,NI,fog,2,396.8739650417882,0.7472171187400818,0.719261646270752,1.5015649795532227
137850255541406,24.545211603122045,88.5941532347436,23.25960915485029,89.39117003265306,BD,fog,2,164.3160585769707,0.8075599670410156,0.7269874811172485,0.7855944037437439
300676795037037,47.54022479277,18.649560765963,45.726324191883684,5.445439747729611,HU,fog,2,1026.8225217917284,0.1667049080133438,0.11438906192779541,4.891577243804932
758419548202670,56.459896994613,24.509987996003,55.346096496351365,25.210666532049114,LV,fog,2,131.32320132227142,0.3303609788417816,0.10551629960536957,2.812239170074463
234036278489604,30.859288137504,35.983036655163,30.062356178592868,31.641061736620085,JO,fog,2,425.46493308957565,0.5987182855606079,0.47915491461753845,2.077240228652954
1877580812408950,8.2904185166376,-13.160532748623,15.65557173210581,73.82413233704253,SL,fog,2,9439.563161743668,0.11428747326135635,0.028019748628139496,3.9227304458618164
508516997178857,-20.44017415751,57.716929198138,-21.065284332149574,55.26209911641642,MU,fog,2,264.5450199237317,0.7736647725105286,0.7179362177848816,1.1417137384414673
2476936639119646,-17.187994442004,145.88923082343,-17.410822025854234,145.8912237366503,AU,fog,2,24.778200169982956,0.6105647087097168,0.24756190180778503,0.8311314582824707
170299241727097,29.609911657314345,104.99307446089506,29.950701684514257,105.65086355430542,CN,fog,2,73.93279801585076,0.10725273936986923,0.02027978003025055,4.458975791931152
297845861929140,19.00823988924,101.48346297652,17.960512751366316,105.24114410668585,LA,fog,2,413.0354287929337,0.8729697465896606,0.7735258340835571,0.5167171955108643
322702535907825,20.283683791944,105.67522750563,43.315925650867214,-5.7675414173321995,VN,fog,2,10081.87803246791,0.2319803684949875,0.13920128345489502,3.7516775131225586
787272635685450,4.323621691762423,18.511948154254057,6.503815084137127,2.6615655008680545,CF,fog,2,1771.1310710534517,0.8023878335952759,0.7806057333946228,1.3791756629943848
173788081866624,59.75612769558473,-127.47179840177547,54.31092693225131,28.539982536157687,CA,fog,2,7153.186578359601,0.19249054789543152,0.008179590106010437,3.396928310394287
233747548461554,9.3263006266193,2.619361832951,7.476045205442539,38.31350442024625,BJ,fog,2,3930.2143209999995,0.6242011189460754,0.4458325505256653,1.7791272401809692
765041667535640,-33.099247370966,-56.459447149244,-26.926535276697745,-49.8387855332818,UY,fog,2,936.2578668460312,0.18589596450328827,0.022580772638320923,3.3978431224823
296876208707767,35.337232736933,0.33737085013529,35.51548264092286,0.4145248457605203,DZ,fog,2,21.01720358437253,0.2158307582139969,0.10304106771945953,3.7084596157073975
5220870694689924,13.010537169214352,-15.781125774925767,13.306130486737306,-6.888910949960684,SN,fog,2,963.3182179922262,0.7714810967445374,0.7018160223960876,1.1278891563415527
490774565689974,13.06406278563,-1.087121270677,6.5324045093603695,2.67993290412591,BF,fog,2,835.2646774973208,0.44914400577545166,0.16021844744682312,1.7005420923233032
218599310068075,-21.24302439442,55.333436310069,-20.91215882385521,55.5211238894357,RE,fog,2,41.62649867752403,0.4480134844779968,0.2628582715988159,1.7252053022384644
174969884519406,46.737187807587,8.3987859932934,47.43560527930047,13.232232134493943,CH,fog,2,374.03288139345386,0.11460637301206589,0.015918642282485962,3.8800814151763916
581849006299222,-16.292466257509595,167.67474403169504,17.558665008510893,104.26311640717982,VU,fog,2,7898.977868784119,0.6388447880744934,0.4329215884208679,1.3355504274368286
514194699740537,49.025633194136,19.779030185528,49.09925455194429,20.186811778560653,SK,fog,2,30.817670317148803,0.5171909332275391,0.4288021922111511,2.4299066066741943
1636152166570934,13.748349438255,109.21278035386,14.185008707742618,101.08085209774892,VN,fog,2,878.7936247933885,0.7813109159469604,0.7482989430427551,1.461405634880066
810831549638249,38.371680067627,71.17919493021,37.13951289549045,72.08021865434638,AF,fog,2,158.25882499620658,0.5218000411987305,0.2669822871685028,1.4422682523727417
126986893262506,9.535228699145444,138.11777436553538,5.307191590695789,157.25849470279323,FM,fog,2,2161.598169943449,0.9420720338821411,0.888282060623169,0.24985641241073608
355702972637605,13.535688328213,-8.1000075739741,12.59249184480258,-6.077030712032424,ML,fog,2,242.92546082849773,0.9064696431159973,0.8644332885742188,0.5338841676712036
939211946839909,40.900998111452,76.418995914539,36.99639485181774,34.844714030985145,KG,fog,2,3587.422487852919,0.2851020395755768,0.10535867512226105,3.9315576553344727
211629123827045,6.1356720399309,-3.8436536027728,17.740588606458463,104.82215368474039,CI,fog,2,11752.730112858844,0.6427744030952454,0.4625142812728882,1.5080978870391846
696540331416062,44.87397500000002,15.571799722222226,57.22589637506258,15.429821328775132,HR,fog,2,1373.5060686169916,0.6835282444953918,0.6608158349990845,2.2769362926483154
942512046483923,57.98102591119,22.153417844629,58.059356469341004,22.265201633667015,EE,fog,2,10.917882544983717,0.23614169657230377,0.09036736190319061,3.467559337615967
1794577467377638,2.2867934802243,111.96866392671,45.84932002974709,8.413714702078888,MY,fog,2,10867.019353869866,0.33391255140304565,0.24264821410179138,3.781141996383667
569520134014537,45.631513310144,14.917895762855,43.87834257916568,22.298602051928324,SI,fog,2,614.2623345867496,0.28654035925865173,0.03678886592388153,2.974405288696289
759618951395520,13.918783401918,-90.820453412238,21.487527799724695,-104.77314170569096,GT,fog,2,1699.2998159486522,0.9479387998580933,0.9201650619506836,0.30756717920303345
317414069756073,8.849591446096811,17.846700004099304,12.575913074353227,-5.851350280701457,TD,fog,2,2620.98049878126,0.5618303418159485,0.4428264796733856,1.8632112741470337
310132177165029,32.35614104026,15.078246874263,35.95131714788279,0.5932701271201306,LY,fog,2,1389.956858967501,0.2557719647884369,0.07887032628059387,2.43526554107666
378106816842746,47.677672060857,2.1491709666626,54.28601107494519,8.799051006007167,FR,fog,2,869.0090172047544,0.38526374101638794,0.3553793132305145,4.049968719482422
974285533334788,1.987119011826,-157.37182088346,26.52152843260003,-78.2145802787134,KI,fog,2,8830.501752974085,0.22424696385860443,0.08750702440738678,3.8893909454345703
186014066630410,-0.26584500006505,29.929660585315,14.523039051584933,-90.55400893102313,UG,fog,2,13286.460560894986,0.281716525554657,0.1559898853302002,4.023121356964111
2045346162308378,6.372858133743794,2.3062901826009594,7.493882508588688,38.42687817913252,BJ,fog,2,3987.935265882911,0.8442564606666565,0.8237342834472656,1.1240547895431519
1172091903236601,49.476195621557,-2.5778975923381,50.610563243107634,-2.1245188778571196,GG,fog,2,130.22397835261606,0.2650458514690399,0.12006637454032898,3.204434871673584
1148818178927460,38.977689066483,-8.2445481523452,43.392036868724794,5.612147475781589,PT,fog,2,1257.191699327898,0.5566072463989258,0.4292307198047638,2.2641172409057617
1222613584876307,17.370666616194,-62.748620435823,35.63681547013966,35.13314440585081,KN,fog,2,9576.635791244686,0.38518568873405457,0.23649759590625763,2.5620627403259277
2874363389509925,1.1429664809873,33.846541381524,17.558421105245866,104.4291925320022,UG,fog,2,7912.724931968678,0.3000166714191437,0.06047417223453522,2.6935012340545654
472676697278023,-11.651270507603,43.263829479505,5.258703914215582,-52.4950954215715,KM,fog,2,10750.630114992433,0.5465366840362549,0.4454730451107025,2.1445565223693848
229441082274343,16.133435457207,-61.769410665445,6.307184448606216,-75.59567026831523,GP,fog,2,1860.4601931286634,0.17290903627872467,0.07372645288705826,3.8239030838012695
588131552889375,-30.701177534770288,-55.134334723553735,36.330496389149715,50.557056879004584,BR,fog,2,13268.768124118298,0.15225905179977417,0.020725861191749573,3.5969161987304688
282418593597680,-15.111719223373,167.09145508574,2.9399622313586637,154.3557849424138,VU,fog,2,2448.4464074056405,0.9818792939186096,0.9743740558624268,0.12927737832069397
979772486214909,34.1336148881033,136.00098041765338,35.28581425176393,138.32073425512095,JP,fog,2,247.73155297151308,0.11132195591926575,0.027326509356498718,4.083526611328125
3774979212627875,-14.866355003204,34.792262380462,17.754708496270617,104.36773956926407,MW,fog,2,8443.804684189026,0.23932357132434845,0.01730428636074066,2.953091859817505
426972879607348,-17.525550986516745,-149.84053510202472,19.317905031574707,99.07427943118405,PF,fog,2,12792.623008709192,0.12457221001386642,0.004402689635753632,3.6516611576080322
1689362237932062,13.800606381009,-88.316570230116,21.496778601189646,-104.80840844491838,SV,fog,2,1943.7455550173893,0.7380850315093994,0.6944259405136108,1.6274731159210205
1166613090443646,50.253231893566,106.33993531955,17.766732875411357,104.32480135155588,MN,fog,2,3616.7981121394337,0.6148927807807922,0.5540441274642944,2.174628496170044
420134173638637,-10.810393821363714,31.731146261210167,6.246728263333342,37.54787417751899,ZM,fog,2,2002.9751621528899,0.3283417224884033,0.08874067664146423,2.213371753692627
474713760445897,34.526350993866,69.196344342811,36.228933332598416,50.46135781448071,AF,fog,2,1706.3975833422146,0.5344273447990417,0.4406651258468628,2.148468255996704
506851794060092,43.177582319251,19.311856309232,44.120850394243554,20.15530458896117,ME,fog,2,124.92432944566806,0.1500188708305359,0.0644860565662384,4.163299083709717
2995572500661892,38.898518256485,16.523049856494,44.81359068703159,1.413671163217907,IT,fog,2,1410.5782685599625,0.10168010741472244,0.039036206901073456,4.912487030029297
115961117883320,28.43217928695932,36.51346701072073,35.68501010260813,10.239439841101838,SA,fog,2,2594.7115602823724,0.5452643036842346,0.27085721492767334,1.4926602840423584
1007571866714652,55.571514078836,10.350650482308,56.298699659390834,9.555743588684933,DK,fog,2,94.81128271211489,0.14403778314590454,0.0782310739159584,4.63377046585083
1174895919599539,20.052558993471,103.35914721659,17.921119748416032,104.98785933208644,LA,fog,2,292.39300715441846,0.9141439199447632,0.8764254450798035,0.4546601474285126
912812452874701,-11.627287351809,43.262280127651,-21.032401637217188,55.28651803006351,KM,fog,2,1653.7535782863902,0.6299682259559631,0.5760953426361084,2.522350788116455
173416451344450,35.019561811666,33.986374163354,35.19818170541726,33.44941625726537,CY,fog,2,52.727644811904334,0.7472236156463623,0.653748631477356,1.2700221538543701
1449896788674967,-5.4217682185916,141.29314063475,18.465607597143517,104.05649244193842,PG,fog,2,4869.5381489283955,0.3224506676197052,0.10903292894363403,2.4194982051849365
232511111978904,-34.065025583843,-55.656389079107,-34.20574456798997,-55.86858891528987,UY,fog,2,25.025396271533666,0.5513148903846741,0.3149265944957733,1.8702733516693115
1109815899545804,24.996104447036725,51.03225264110503,36.18799636534323,50.49266035102116,QA,fog,2,1245.5459154197217,0.44836482405662537,0.07362014055252075,1.5626014471054077
736517197023313,6.5599786208778,-4.9915528001493,17.614102659938194,105.00920468061422,CI,fog,2,11877.349238913666,0.32757842540740967,0.024690717458724976,2.4205029010772705
456214902348496,19.610685333333,37.215206138889,12.63489588752488,-7.99479395616618,SD,fog,2,4877.437939159749,0.5107452273368835,0.18311867117881775,1.2688947916030884
345208620288312,19.224700165467,-69.390303678979,-21.019211544226476,55.31992618387421,DO,fog,2,14268.099977534232,0.5240247845649719,0.4352564513683319,2.5166573524475098
1468811220266965,7.362390601198927,134.50483736055023,34.80174269958027,134.44804893552757,PW,fog,2,3051.122274041497,0.6432560086250305,0.5933866500854492,2.2004568576812744
308427384185327,35.884648502247,14.544820145722,35.9040570350688,14.419601696269519,MT,fog,2,11.484148433737248,0.28858575224876404,0.045557811856269836,2.1959915161132812
395740224747116,6.5139480425193,2.6483266181429,6.18393087744106,1.1943942014848785,BJ,fog,2,164.815228453416,0.44250673055648804,0.05563676357269287,1.2798086404800415
1432327937141676,13.459201505715,-14.688767601582,7.324134658903184,37.854643801002844,GM,fog,2,5776.942331261416,0.6038012504577637,0.5558054447174072,2.564009189605713
1797066053813454,45.212729270223,20.36112097384,44.59486604703908,4.7297583409034845,RS,fog,2,1231.0901224349086,0.3415074646472931,0.20003949105739594,3.2235684394836426
4182076221831792,70.667211583155,25.389289533957,68.47749063253596,16.232176734339884,NO,fog,2,430.1169970772979,0.5973895192146301,0.5159485340118408,2.1114251613616943
3450481218541153,25.63903018538021,51.51003081357617,25.2503365291529,51.506524052383625,QA,fog,2,43.22219684480957,0.4724615216255188,0.07738012075424194,1.496444821357727
881754115706919,18.443691037533,-64.642920411564,25.609030027974534,-100.25546854777134,VG,fog,2,3744.4541693023807,0.30279645323753357,0.18980345129966736,3.698160171508789
512504643106571,-51.848040759038,-58.223206369416,38.96629605969235,33.891186337429154,FK,fog,2,13433.833431756966,0.5789718627929688,0.5344202518463135,2.5764689445495605
172855664661959,10.37149331328,-12.099479736597,24.09204601316235,90.79375565574358,GN,fog,2,10818.086532969955,0.6165488362312317,0.49069350957870483,1.9663833379745483
833358057538383,78.076451987378,14.16217603674,62.70889672575158,-7.251056902466679,SJ,fog,2,1859.5260919650757,0.21347017586231232,0.03467045724391937,3.3625948429107666
214810390166469,3.5846135120697,23.723674547511,43.86702813771416,12.937303170939463,CD,fog,2,4603.057942796749,0.30257973074913025,0.2666153609752655,4.499155044555664
562840304708452,46.225408646208,15.611350197474,46.52160621959059,14.51550022787288,SI,fog,2,90.29309178851338,0.2085418999195099,0.006887108087539673,2.9122345447540283
817268602327565,-5.9419482354293,29.161401435445,17.878289892959554,104.94182713271073,CD,fog,2,8719.877354809942,0.856522262096405,0.8186301589012146,0.9851887822151184
1034524170413490,21.467073188908,-71.131572461898,21.52700165122555,-72.21638250428114,TC,fog,2,112.43167061531788,0.43379706144332886,0.21259643137454987,1.6271309852600098
1856356164529190,14.123830049658,99.400519963042,47.01999261199055,28.832230273906024,TH,fog,2,7396.40082419498,0.21991990506649017,0.15352171659469604,4.435612678527832
478137076746783,18.362805634492,-88.435381772096,17.326641877654602,-88.50849180498211,BZ,fog,2,115.47572027927293,0.6996171474456787,0.6239885687828064,1.6738888025283813
498318618261034,41.404988775836,21.780395818511,42.97417805280919,17.969197038305847,MK,fog,2,359.16572663037016,0.3108389973640442,0.17382119596004486,3.0368478298187256
2934584883419749,40.95347805494,47.883005000971,41.75169142522728,44.88234219809953,AZ,fog,2,265.7068957521663,0.12997937202453613,0.022107526659965515,3.9891164302825928
928316151288980,7.1879551740757,2.0018755441177,6.535735883061385,2.7526056105482053,BJ,fog,2,110.12981796017708,0.9891812205314636,0.9863548278808594,0.08988170325756073
684315855630498,-29.405735807316,27.816853497845,-29.404354473575705,27.613628036326553,LS,fog,2,19.68699613058399,0.4300079643726349,0.15450981259346008,1.595931053161621
186849946625100,14.753512333683,-61.142985518229,-7.262829169895869,109.7178934900708,MQ,fog,2,18716.177364214815,0.5603266954421997,0.49728158116340637,2.690218210220337
963176671141156,18.09268978577508,-15.935383158508005,8.009424730245259,38.29573252802025,MR,fog,2,5959.663638873494,0.3683185875415802,0.26522091031074524,3.187220811843872
300283158416232,38.131370007974,13.274583161259,38.142944239663024,23.7452330351492,IT,fog,2,915.2631002549898,0.22948190569877625,0.03008517622947693,3.1509058475494385
1247260492372230,-2.4010827279028115,29.579609392792413,6.227794927959586,37.28698027259672,RW,fog,2,1285.6469204809573,0.9733379483222961,0.9630733728408813,0.1913721114397049
4176262119093022,14.688978023377,-91.548589043217,4.807847816794961,-73.114779496893,GT,fog,2,2296.9883388745975,0.8631470203399658,0.8301988244056702,0.8987303376197815
2762253127421121,2.0297128301047,45.335734728401,26.84344599212128,68.12024919328888,SO,fog,2,3676.137630158574,0.20837195217609406,0.12472739815711975,4.09445333480835
225659908904821,25.948880833757,50.588428667013,36.43458983407692,50.46681100646436,BH,fog,2,1166.0146937977195,0.5052486658096313,0.3100101053714752,2.0700840950012207
149923280750483,7.361847187159381,134.51969303436232,5.027564260994463,157.36935405694146,PW,fog,2,2538.85423639418,0.3191284239292145,0.07190060615539551,2.4476053714752197
190898982868748,55.795733000622,26.378530002305,55.421445722162375,24.93248511544308,LT,fog,2,99.90189246734411,0.15074089169502258,0.09526345878839493,4.667093753814697
186306836702993,38.679684725081,-3.0625683543611,40.90776265478874,-5.763631098320004,ES,fog,2,338.54241014787755,0.11620581895112991,0.05212150514125824,4.427725791931152
1146877169153705,18.59342674547,-68.388033766711,37.024887812456534,34.80220904453402,DO,fog,2,9884.375649391435,0.09925834834575653,0.05280180275440216,5.2150139808654785
950737242436239,10.385183082561,-0.78958324298512,10.495004831321996,-0.9828875319104261,GH,fog,2,24.4123843929169,0.9759045243263245,0.9580060839653015,0.14914771914482117
301977051516569,58.706895821146,13.896556360307,58.15118636705441,13.706891693814908,SE,fog,2,62.77076559739905,0.4735313653945923,0.05967015027999878,1.3336057662963867
898624280682585,49.458533172147,-2.5981886348273,51.914479178902724,-8.503969624074731,GG,fog,2,497.43697473192935,0.29338523745536804,0.12828253209590912,2.98806095123291
469891447444920,16.804499980025383,53.27984729115688,36.208462405526575,49.90339777752217,YE,fog,2,2183.189140244255,0.11621393263339996,0.04357478767633438,4.063323974609375
530606458102780,11.557031237126,43.092310521315,34.67295972238019,11.113057870322189,DJ,fog,2,4126.921299261487,0.7288041114807129,0.6287945508956909,1.1915537118911743
310840073886034,-0.84581588834853,-80.17844601219,14.523457751483434,-90.49978111512436,EC,fog,2,2052.0564292233653,0.5362985134124756,0.2572574019432068,1.6740058660507202
477881999969065,24.946444828187,56.186213387143,23.514316394663933,57.390990878810754,AE,fog,2,200.70276611873294,0.4846362769603729,0.30096113681793213,2.2858822345733643
494687355014866,15.351932577531,-61.256287052693,16.02691610890815,-61.865250549825724,DM,fog,2,99.41320523402747,0.9277671575546265,0.8984141945838928,0.4607451558113098
1443285099355563,16.555627302292,96.198597103646,6.496125461577161,2.8367591174289384,MM,fog,2,10157.98843288903,0.17473827302455902,0.031144708395004272,3.5969908237457275
4104851466266998,50.070544187764,5.8458119238789,56.56375377447584,8.91379488483035,LU,fog,2,750.0280350143456,0.1377376914024353,0.022917740046977997,4.326315879821777
1896496400517870,13.223609624878,-61.268552428199,14.037330226515678,-60.99484075324458,VC,fog,2,95.19333344672157,0.9465461373329163,0.9320962429046631,0.3997831642627716
1077942902611364,51.861118010498,-1.6602529488605,-35.495604625420285,173.61652546414354,GB,fog,2,18157.107193273434,0.14933472871780396,0.05192527920007706,4.706254959106445
1365414380506403,21.476737171908,-71.132920671407,14.387418222678631,-60.91198810871246,TC,fog,2,1337.3021841299628,0.5340616106987,0.2545844316482544,1.361466884613037
275646330919906,47.355981665822,13.66278897535,67.57628242012002,24.02944871219711,AT,fog,2,2324.9039458627244,0.6749191284179688,0.5702843070030212,1.8007128238677979
4085345498214305,54.3204660444997,-4.449369579381132,50.68686301880507,-2.0966803914622307,IM,fog,2,434.2247800571836,0.26018252968788147,0.06865933537483215,3.6295602321624756
319387202956018,36.746376386627,71.926086394726,23.524398657716024,57.400802679307546,TJ,fog,2,2023.0106080746825,0.4389512240886688,0.24814336001873016,2.2381153106689453
192500316060760,8.5018456161549,-10.886196315338,9.055135427723386,1.2017252086120325,SL,fog,2,1329.7310823313464,0.6955925822257996,0.6297322511672974,1.7094417810440063
469096650835409,78.165866991509,14.615773975551,64.27345140335568,-20.824818507530985,SJ,fog,2,1934.4922039481462,0.4192052483558655,0.2981554865837097,2.7543540000915527
204485121341585,12.133472243206,-68.277416893276,42.47604876328797,18.675101316362337,BQ,fog,2,8852.712755179276,0.41006287932395935,0.2982647716999054,3.253701686859131
142251097914946,62.221882069575,-7.0387447331054,62.39794292943311,-7.12769223193179,FO,fog,2,20.109324946930414,0.8614054918289185,0.7477520704269409,0.5412778258323669
5522870664422058,42.480681608263,24.806056880296,41.47133481718862,22.06359539459974,BG,fog,2,252.9488112352694,0.966665506362915,0.9566893577575684,0.23643988370895386
911536296350418,13.531493241774,2.048401634304,-16.513322373188185,-48.66387701451836,NE,fog,2,6495.629868562538,0.6696751713752747,0.6258831024169922,1.780474066734314
217953836457406,10.205301098661,-14.000220074778,17.64824189822796,105.04204150669929,GN,fog,2,12640.258841249184,0.2742772102355957,0.06708982586860657,3.0002481937408447
2915873148627226,47.806436500583,28.717659500757,48.167132987832396,28.23972302993998,MD,fog,2,53.60768509932479,0.33087190985679626,0.16837044060230255,3.2431752681732178
1383220612042284,40.713663160769,75.04503308282,37.03990981707655,34.84728613652127,KG,fog,2,3473.1480598485855,0.19073188304901123,0.08491101115942001,4.095231056213379
966259830868758,43.623138586006,18.908434254799,40.754845727957104,14.437038125960465,BA,fog,2,487.13872223030785,0.15149959921836853,0.03525549918413162,3.620361804962158
216904886576725,-17.609749712456,168.24322430001,17.61131313415468,105.15926341228057,VU,fog,2,7934.23717943747,0.9682315587997437,0.9372663497924805,0.14739498496055603
1083924499211873,-15.604998425967928,-54.3918257160871,-31.26436216267829,-58.21240747561058,BR,fog,2,1783.918277245105,0.3783341646194458,0.1618059128522873,2.3640263080596924
515495726108152,-21.626125276138,46.991186348236,7.456733042807301,37.80436735451249,MG,fog,2,3385.5999837176073,0.34294092655181885,0.18423646688461304,2.8007044792175293
995843031248300,0.35769064003091,6.56005755347,16.039830167806624,-61.65697644747891,ST,fog,2,7672.483012358883,0.6573454141616821,0.5373781323432922,1.6162827014923096
868028680411287,33.75473452141,35.539565617947,33.91194617733708,35.51479082490083,LB,fog,2,17.63027653852998,0.42850083112716675,0.3332615792751312,2.5489249229431152
497044088003103,39.80104505168,3.0309963190024,31.881326868984914,-8.310136741146676,ES,fog,2,1347.2672746812805,0.7165681719779968,0.6704117655754089,1.7653520107269287
763955694314654,46.724388793399,10.079801957807,46.956675634994085,9.578478984656543,CH,fog,2,46.05545539833459,0.2906852066516876,0.13861224055290222,2.938967704772949
933520784110620,12.510164810275,-70.009077685586,36.71595718894634,10.470470370273542,AW,fog,2,8338.824328971383,0.3856171667575836,0.2718064486980438,3.1886937618255615
4220821467968709,8.70139122196,80.590505170341,16.80585073120352,77.7084340722949,LK,fog,2,953.7420533825559,0.07289259135723114,0.007244914770126343,4.232522964477539
472361870697782,26.020756253761,50.623130115609,24.74202917499953,54.79326489832611,BH,fog,2,442.38107196138236,0.07067928463220596,0.00020864605903625488,4.71074104309082
658902925214070,22.641060199825,-79.087651499584,21.953309038866742,-79.72415105022439,CU,fog,2,100.67942909874326,0.3058560788631439,0.011554419994354248,2.997758388519287
1183079165486550,-5.70834515155,34.761777557018,7.939220296110054,38.54910740843576,TZ,fog,2,1574.6023485766589,0.5853043794631958,0.5530112385749817,2.731412410736084
296065025397911,34.897985568931,32.528909790104,37.524893819535116,23.32057541838714,CY,fog,2,875.7894388140991,0.19399656355381012,0.044626787304878235,3.249189853668213
298824355069041,42.200225487404,21.258956694741,44.37469487698643,19.147139224814907,XK,fog,2,296.08475906360644,0.17920425534248352,0.11366284638643265,4.088347911834717
111691027649131,-22.530138328473,-59.8361857055,17.590793591589076,104.71394118603071,PY,fog,2,18311.672265081957,0.9905880689620972,0.9838639497756958,0.06588183343410492
752480212123625,49.471066330606,-2.5339439207361,46.12776582614487,-1.0943241905696226,GG,fog,2,386.9767246742283,0.9282915592193604,0.9041314125061035,0.4577201008796692
1074377829753053,-6.7022282025878,-76.214917225524,10.169728533132247,-84.58940839774947,PE,fog,2,2092.77620050778,0.3076638877391815,0.14947684109210968,2.5981786251068115
525641785107823,50.160224002237,6.1091880533415,48.217847889384196,16.295040197605612,LU,fog,2,770.3959953554414,0.17365902662277222,0.047414302825927734,3.8779804706573486
226167275508563,15.49826792628,-61.465568794916,44.6030883884161,22.123534855901656,DM,fog,2,8303.83411143476,0.13882644474506378,0.07405339181423187,4.468642711639404
148887153873411,5.2121780980173,-52.75060936262,17.512405799781284,105.1155872916218,GF,fog,2,16509.337511103484,0.3860035836696625,0.25274544954299927,3.1963019371032715
303850827922633,-34.01092105809,-55.839634214304,-38.28731555588105,145.7429182764143,UY,fog,2,11673.001118246633,0.30741286277770996,0.16131117939949036,3.0916247367858887
311706737236449,50.868855073513,8.8221774508729,48.53986232787518,10.98571739267686,DE,fog,2,302.08454673683065,0.126834899187088,0.04969155788421631,4.339268207550049
1416886515315835,8.139352166375,34.375065339482,7.54131524686426,38.11897092039296,ET,fog,2,417.7352595466301,0.6633026003837585,0.48088914155960083,1.2780706882476807
178330404153531,-21.691747493695,-64.656846311167,-17.368419430449528,-66.18243911560414,BO,fog,2,506.60395599787796,0.4403844177722931,0.2220320850610733,2.0626704692840576
218036349822435,41.14963208511,20.008913305496,43.911490208331344,22.279241729887772,AL,fog,2,359.02113428039416,0.20960205793380737,0.03237886726856232,3.695735216140747
2882903775325778,69.217437476679,-51.098566140502,66.2628252736058,23.843728121620952,GL,fog,2,2974.9291641926084,0.19889044761657715,0.03648895025253296,3.8239617347717285
459460818448144,27.426607200988,89.643491444303,25.120340832493174,121.63010935771254,BT,fog,2,3190.9355191634236,0.2899886667728424,0.1500478833913803,3.5520334243774414
309590514053514,-21.85770610861,165.95185481884,-35.20957213007185,173.5205904120889,NC,fog,2,1657.1166087977617,0.364414781332016,0.20408320426940918,3.3515520095825195
179548807357974,23.005385103705,120.43121323661,23.19565478962059,119.3833959263444,TW,fog,2,109.23790486733334,0.13507553935050964,0.023613080382347107,3.9458367824554443
528726041469936,3.6332857552313,72.958318596822,1.2760648199931937,103.87785513898385,MV,fog,2,3444.6042095328935,0.3315706253051758,0.158061683177948,3.4064993858337402
568831498116619,24.732585867741577,121.74077955053384,24.694745595794828,121.81013646123267,TW,fog,2,8.172215181023864,0.2799905240535736,0.0265180766582489,2.192282199859619
871486690248300,-19.804021310365,-63.993881510197,8.907775767474176,38.92610930850012,BO,fog,2,11685.178339730188,0.5304431319236755,0.34740883111953735,1.5857499837875366
380042953234728,-19.161161992074,-64.572161532541,8.060761367894832,38.20728811108751,BO,fog,2,11636.489379207047,0.2210177332162857,0.11821925640106201,4.127311706542969
368884091223603,35.755508707073,53.366090359346,36.26233352184907,50.6319266494544,IR,fog,2,252.298279852408,0.3858247995376587,0.10460183024406433,2.353959083557129
512716496579771,12.164080960014,-68.283956526724,40.77857228901202,-5.657376153991085,BQ,fog,2,6832.559428957871,0.0429769828915596,0.0013484731316566467,5.519044399261475
485436899323868,65.609323761209,-37.633778515025,68.30148049256985,14.399989825927278,GL,fog,2,2215.459293663048,0.6641571521759033,0.3881562650203705,0.9941655993461609
172629294662585,48.532451875231,17.496813301999,47.65468085205534,19.602333969122114,SK,fog,2,184.3250752465988,0.06662365794181824,0.00061749666929245,4.667900085449219
506770377649958,-12.679904697999794,45.08466359942028,16.031117724970798,-62.03748780607187,YT,fog,2,12195.259465221621,0.9872730374336243,0.9804801344871521,0.09394718706607819
265103101980958,14.721827633666,-60.947724527678,21.58345295213525,-104.80449985380989,MQ,fog,2,4681.229591822594,0.16433587670326233,0.04841767996549606,3.892080545425415
517013032790983,42.403345896483,44.64336095767,43.55885118569344,40.62077570088148,GE,fog,2,351.50214761455555,0.7149301767349243,0.5324225425720215,1.2845772504806519
825755764959780,20.340364998941,-87.352869999803,14.60912829039705,-89.4434302978946,MX,fog,2,674.7167169422353,0.10602410137653351,0.01564890146255493,5.137486457824707
3799534356839064,60.209940286403,20.246918494907,59.49906674396638,17.505661804057734,AX,fog,2,172.26251976441645,0.08891121298074722,0.009535007178783417,4.448355674743652
134126825414739,38.270282754345,61.711075339758,41.80277792586568,58.99089940787988,TM,fog,2,455.91784156649476,0.4089909791946411,0.21802404522895813,2.2396256923675537
1397623030665407,14.493780516069648,-88.97344682800627,17.7442327040473,105.00395764673576,HN,fog,2,16116.43331668086,0.5008499026298523,0.3483355641365051,1.892143726348877
170949221611851,33.305143801504,126.28817369339,36.20939911165103,126.93499814889279,KR,fog,2,328.2972824288606,0.394128680229187,0.1925988644361496,2.5530552864074707
978428179365285,33.705735440434,51.794214966505,42.77615345360819,21.204634251520247,IR,fog,2,2836.4723226722,0.15793739259243011,0.03827553242444992,3.710660934448242
333013904838174,32.340904308709,15.105537141291,21.53495434241485,-104.7712802510927,LY,fog,2,11258.688412467154,0.228171244263649,0.012254893779754639,2.859585762023926
248513507027667,5.6150523860158,16.240852825971,11.208490461635657,37.483088774562226,CF,fog,2,2416.740486630982,0.2233470231294632,0.07487072050571442,3.2309579849243164
237495388152862,-11.621236170917,43.26262853229,13.292358591541106,77.68108987643303,KM,fog,2,4699.49972603125,0.16779661178588867,0.037740111351013184,4.197827339172363
3042776155952353,18.400872724367,-88.464242712832,17.0335199209702,-88.28753372052559,BZ,fog,2,153.1903795772422,0.6872117519378662,0.6425389647483826,1.839542031288147
487380732512751,4.8184532,114.77786780001,-7.323426619605052,109.76096620787848,BN,fog,2,1460.3757160848168,0.10463985800743103,0.00176190584897995,4.868196964263916
290265362649999,26.177525761353,50.383620514714,36.184862631391724,50.53209727551099,BH,fog,2,1112.8542519863402,0.3367912769317627,0.18209236860275269,3.2665841579437256
482049282914438,7.5885792292079,134.59098074356,16.035037198826917,-61.93994105871439,PW,fog,2,16819.46850738521,0.6502405405044556,0.6182106733322144,2.281622886657715
225571855612889,46.763350531273,-81.597671294692,49.62880121337245,-84.41629955935866,CA,fog,2,380.9460463239438,0.27361953258514404,0.10834354162216187,3.829810619354248
4804926129529176,15.24531506432567,-14.593708973874378,16.839670273680937,77.81807417623556,SN,fog,2,9769.744213921069,0.4470197558403015,0.3373327851295471,2.9340219497680664
369883598351184,-20.367575551703407,57.57618979619237,-20.23545241105952,57.60619055088446,MU,fog,2,15.020874915063684,0.7454688549041748,0.6638088822364807,1.4795386791229248
4121896524538487,24.635513307941,-76.169569569,1.3564814625898631,103.67358983675133,BS,fog,2,17124.859349357142,0.6295093297958374,0.5832224488258362,2.486232280731201
3863471930446023,-17.111944610128667,15.757158787596603,-24.341912290329805,25.267102186844443,AO,fog,2,1273.7058707596386,0.44325754046440125,0.30750200152397156,2.339765787124634
300728688257104,30.395743312589,35.487349115709,35.60859227092317,34.41480548929948,JO,fog,2,588.1949099204973,0.9291900396347046,0.9188005924224854,0.5610376000404358
1126228627789114,50.981438273289,3.9109549608118,56.62167886702316,36.759724253522215,BE,fog,2,2222.342826500167,0.11542290449142456,0.05949123576283455,5.24381160736084
549637092752676,-14.934793656692474,13.483762083058584,36.31045682677701,7.822219236791019,AO,fog,2,5729.180105782028,0.1885213404893875,0.03811635076999664,3.517117500305176
1003284990411465,12.059176169795167,-15.322303903822672,16.57485738481172,80.90986082038818,GW,fog,2,10276.172760388992,0.41269204020500183,0.1648501306772232,2.7729501724243164
549574962737771,14.061193852760738,-84.04279947361962,20.425680574716843,-97.23622940308782,NI,fog,2,1568.617172876809,0.612913191318512,0.43228811025619507,1.6273224353790283
542559790066195,33.009983226586,35.680040403337,17.769193142564863,105.24669621057829,SY,fog,2,7069.016906001971,0.2924252152442932,0.08515958487987518,3.0078322887420654
265445685298888,13.004017262133,109.35894392193,12.372694820211896,109.65713805231904,VN,fog,2,77.29421752652709,0.3127481937408447,0.1955651044845581,2.9049620628356934
1444159855929152,12.212140324895,-61.65046673147,-21.053101949219485,55.28270977510416,GD,fog,2,13263.778060079745,0.8168830275535583,0.7745220065116882,0.9014284610748291
378257181042695,0.4223981532159322,9.46341740514976,5.224175779731465,-0.8917534661861756,GA,fog,2,1267.6351498407469,0.20156177878379822,0.035479262471199036,3.364654779434204
136200968757362,15.043474943211962,-3.1134483369205417,11.189684147485575,-0.7159668184628423,ML,fog,2,501.0090944195273,0.7842006087303162,0.6265302896499634,0.804832935333252
533142534351766,-9.8840552815116,33.911477956503,7.407275667331999,38.46961291432523,MW,fog,2,1987.8683577018264,0.6907659769058228,0.4658356308937073,0.9870959520339966
522728752252154,41.038602463059,19.563694296348,40.82999248426666,19.55535987275068,AL,fog,2,23.20693448088805,0.7575152516365051,0.6778474450111389,1.2835296392440796
758888101326263,31.637988555726,73.231186805001,33.67892213349805,72.60252672134605,PK,fog,2,234.44653376356194,0.9772511720657349,0.9715936779975891,0.18164527416229248
305757657709496,1.0675572904673,103.9646409699,21.546549347768224,-104.78154981342576,SG,fog,2,16006.53800912155,0.6274121999740601,0.5645613074302673,2.3911099433898926
223281329232117,12.507939003947,-70.014398687436,34.77964561765487,10.788035688018192,AW,fog,2,8386.480263344196,0.1789086014032364,0.06830956041812897,3.3711633682250977
353672373022082,41.381628312913,22.307214335612,45.187918484436125,6.856843492440579,MK,fog,2,1317.8130283995074,0.09085173159837723,0.019972875714302063,4.572501182556152
855868761633795,18.030052213813,-63.078616758552,16.014986010047856,-61.68128938140102,SX,fog,2,268.8397796285856,0.8664624094963074,0.7861704230308533,0.6333720088005066
510341753682172,18.547859996816,-68.613997996337,-30.685305635524056,-57.4559082206374,DO,fog,2,5603.013612804717,0.5556649565696716,0.5227217078208923,2.9238595962524414
3864898026890576,49.490894517019,-2.5725344431006,56.573902725595566,8.873020324131534,GG,fog,2,1095.5005992940899,0.2064165621995926,0.02122195065021515,2.9719443321228027
307754797548858,34.712695715026,-3.8563324324235,36.17549115760306,50.539337287333844,MA,fog,2,4864.120433713571,0.16975459456443787,0.05345955491065979,4.510822296142578
446821260679124,-9.024115630183084,125.29622320893388,17.737385361005675,105.01153000287083,TL,fog,2,3717.3624036549436,0.25420665740966797,0.17356039583683014,4.210550308227539
947185652683658,-2.3270469336559,-78.929168380573,17.76130348352249,105.63671459448986,EC,fog,2,18228.010529269788,0.8789255023002625,0.8624711632728577,0.8383424282073975
2947290612262244,-11.652155080814,43.263890007029,-20.926217960966564,55.391776365701325,KM,fog,2,1653.4429472771815,0.5197672247886658,0.24808979034423828,1.293250560760498
2932426006995864,12.349827079376,105.09907855331,8.01314171057162,2.6170424550959757,KH,fog,2,11155.788228196552,0.40377530455589294,0.12128329277038574,1.9139106273651123
271753411301610,-18.657738465691,-174.02787918873,16.960796880673637,-88.65224214881383,TO,fog,2,10136.636324857498,0.1550571471452713,0.044669561088085175,3.3762848377227783
478264666827999,61.472372240129,-6.7939711372832,61.70259057928336,-6.8230874642248205,FO,fog,2,25.64542059101777,0.8850734233856201,0.7761908769607544,0.39435064792633057
1101915547131650,-35.411992228208355,-71.29963328046824,-34.87944749243216,-71.78664663672821,CL,fog,2,73.94127278050564,0.3354727625846863,0.07596716284751892,2.4919443130493164
3920872697958453,60.225200988406,20.059664271851,59.480397452972674,17.229108165625146,AX,fog,2,178.43262754900346,0.21194252371788025,0.11651761829853058,3.634622812271118
480958303108322,18.02673753942373,-15.984917957529673,7.4671043481331045,38.3161727108424,MR,fog,2,5983.967961441828,0.8803147077560425,0.812629222869873,0.5882946848869324
477439253471149,2.1909112658474,25.247273616721,6.394474826928993,37.55140315938236,CD,fog,2,1441.8571814000913,0.8322128057479858,0.6992147564888,0.6163226962089539
2503535586463255,5.369009126207446,163.01297824070343,1.6514889969250617,153.69311206856403,FM,fog,2,1113.7425686662964,0.9994841814041138,0.9994138479232788,0.006599824875593185
699303201033596,25.12900987620192,33.08865526570508,7.946454248364616,35.33222636408972,EG,fog,2,1925.381104103664,0.28904858231544495,0.07699812948703766,3.1758861541748047
1109009986288059,-8.6876105869135,120.2374852281,21.636817249166224,-104.74710507559455,ID,fog,2,14997.858226063894,0.4757753908634186,0.3132993280887604,2.2908899784088135
945361122882179,12.134119747509,-68.278230013563,32.62505072365955,35.17650290560489,BQ,fog,2,10506.640957815987,0.340310662984848,0.05979028344154358,2.6810402870178223
1086140081896052,17.025256612863,-61.868698580061,17.128805072250387,-61.94113602046046,AG,fog,2,13.851235718070043,0.47964251041412354,0.14072498679161072,1.9432669878005981
2896487987274330,-8.6384264591615,125.60292428532,21.518499652363328,102.11093807581916,TL,fog,2,4221.166685370732,0.3578822910785675,0.06899282336235046,2.238746404647827
2579869142308862,10.34358900767,-61.458152299031,9.06529194535132,-79.48008414960776,TT,fog,2,1980.1017611598265,0.21942782402038574,0.032411277294158936,3.7035670280456543
267083508462188,52.899440738443,8.4141554815178,45.8581459879291,3.329142256396931,DE,fog,2,864.6491589750292,0.24979069828987122,0.059246212244033813,3.5240354537963867
135893315238976,8.7909434146234,-78.181606800432,17.56876065726327,104.68965570546891,PA,fog,2,17067.095219068953,0.8259475827217102,0.7977750897407532,1.129749059677124
150017570480103,41.50666060749,21.935799073836,45.17170700359203,-0.6226232483682969,MK,fog,2,1862.7462854344885,0.11401436477899551,0.0231020525097847,4.514070510864258
869032447374518,45.14353499999999,14.845183055555555,45.36351296576675,14.370351810277217,HR,fog,2,44.49522373939598,0.6422756910324097,0.5518166422843933,1.6110079288482666
919042368661061,-35.376055559767,146.26475,-28.98563929537691,134.59928547863103,AU,fog,2,1306.2569331089016,0.13800087571144104,0.052734486758708954,5.028879165649414
985915661813386,-23.393263453848,44.397761247232,-24.329151273315382,31.753697588521298,MG,fog,2,1289.5405150450883,0.508971631526947,0.38690879940986633,2.6517348289489746
670850541182018,26.0204034,51.064903400000006,32.574644289857076,-115.00357015643431,QA,fog,2,13334.622331722672,0.11779788881540298,0.009051747620105743,4.059390544891357
358677975646602,18.32970950933104,-64.95126838918696,14.610930157029788,-61.17738394992262,VI,fog,2,576.9346347063416,0.5931591391563416,0.4585253596305847,1.5309228897094727
468571217849628,27.519976313624777,114.13899685380947,17.829984507579077,105.70731098393405,CN,fog,2,1380.7323770516955,0.7714214324951172,0.7140185832977295,1.5040143728256226
166033172108272,39.547581612083,46.441663046559,40.32902743908476,46.23005676928031,AM,fog,2,88.74582144539212,0.9912802577018738,0.9900311827659607,0.0862950012087822
494503958271926,65.59525777881,-23.774501108369,36.017510467974574,50.46345259206157,IS,fog,2,5695.8825858652635,0.6114980578422546,0.5558616518974304,2.347475290298462
912539252641876,-6.3006910051682,176.31917767142,2.164469529308939,152.74601897251503,TV,fog,2,2781.2115596743815,0.5125375986099243,0.4897162914276123,3.444003105163574
528519191857396,31.419084991343,35.033717818153,31.543316654620174,34.87055845295086,PS,fog,2,20.741532939130988,0.9058752059936523,0.8505924940109253,0.44793200492858887
2693852350916149,-22.134506991871,166.34104640683,-35.50164481180172,174.19263764044172,NC,fog,2,1670.0569981148885,0.09052715450525284,0.04348823428153992,5.271444797515869
943976513021626,17.310149834096,-62.711002505143,17.02740266597244,-61.83629301703712,KN,fog,2,98.10334168632909,0.2084379941225052,0.05859781801700592,3.8491995334625244
314603156759488,27.431221771339,89.646958499505,6.507184187711743,2.5982175345193093,BT,fog,2,9384.66963163733,0.19956544041633606,0.10070514678955078,3.9610702991485596
142911821192377,18.124397901175595,-15.95930487738458,34.802676053808725,10.811928326034549,MR,fog,2,3229.0626249748275,0.4322313070297241,0.05105653405189514,1.2835211753845215
995608364307407,62.231154398192,-7.0203744109078,62.07761102443371,-7.153364311791965,FO,fog,2,18.41752864667107,0.74247807264328,0.6698745489120483,1.3824467658996582
920634065161187,49.245509981929,-2.1382669508349,50.60269999047474,-1.2612731312821701,JE,fog,2,163.44775360687234,0.1545335203409195,0.011454910039901733,4.089234352111816
314870496880636,28.628362975198,48.038775336392,30.012491004597205,31.714981247545435,KW,fog,2,1588.7026468753193,0.9445829391479492,0.9299643635749817,0.41758179664611816
137727984953777,-6.2967650470378,176.31787733981,23.204743504373894,89.63606297186428,TV,fog,2,9945.983484582983,0.15428002178668976,0.08099404722452164,4.676723957061768
970870010403579,1.3869451851245,173.14684137479,0.19303400497000253,151.33376362414973,KI,fog,2,2428.85703319011,0.917479932308197,0.8932454586029053,0.5939826965332031
319746332831620,37.296859809574,-5.7125450742042,41.18006761807492,16.469645406110445,ES,fog,2,1952.8113925805176,0.18171456456184387,0.06964104622602463,3.265157699584961
3035810213314122,55.003356832716,24.139338741958,55.894111101079474,26.529081910211058,LT,fog,2,180.3245402770123,0.14550453424453735,0.03457274287939072,4.3510308265686035
288447642774684,-6.1571269966165,107.04394801454,-7.359379377880112,109.68435877066248,ID,fog,2,320.74195671955175,0.4018705487251282,0.06543934345245361,1.5201592445373535
829997677895262,12.323432189112,-1.5533388682237,6.195620632543082,1.1610639547441044,BF,fog,2,743.5929019050282,0.27951687574386597,0.08515581488609314,2.260758399963379
106381768201986,11.974525625543,39.044869566531,7.999281198735815,38.13304740569865,ET,fog,2,453.1603007292557,0.9054526686668396,0.8432572484016418,0.4381523132324219
305230294414376,18.451313183212,-64.558514994681,15.584145982622056,-61.42572353058744,VG,fog,2,461.0474074897659,0.09046115726232529,0.02080880105495453,4.7342047691345215
883910462466493,-15.648621030725534,39.34163432285212,17.680872175109588,104.97710345414403,MZ,fog,2,8089.299482772459,0.8603768348693848,0.8139174580574036,0.869708240032196
492194012125902,46.117642,18.110710999899,45.353217217809544,14.316071329656895,HU,fog,2,306.49159232169995,0.211882546544075,0.14977219700813293,4.240575790405273
1573490059506418,18.338429999176,-64.899272406242,20.43222769965971,97.35921736975843,VI,fog,2,15290.036789537175,0.9317759871482849,0.9196445345878601,0.5225121378898621
766495730715953,44.706372569218,18.069343447503,48.23290097043904,15.320813823441215,BA,fog,2,444.98356200351003,0.1004333347082138,0.012844346463680267,4.608633995056152
781285156083286,32.087994573877,-8.2233968662806,31.80357315401714,-8.35848433072829,MA,fog,2,34.09809120811703,0.9958872199058533,0.9954208135604858,0.04471319168806076
745256106153583,52.344707039659,45.336839122968,57.9755265927662,41.43935260169925,RU,fog,2,673.0165708911027,0.09624647349119186,0.04541008546948433,4.926100730895996
1117334568775680,18.337748404316,-64.915702992028,6.414357052346936,-72.29675131446106,VI,fog,2,1548.471720033419,0.06392519921064377,0.0106431245803833,5.392058849334717
306286164527539,33.350146257859,126.25399959043,17.593511415380426,105.01190206173312,KR,fog,2,2749.3124957126406,0.27040237188339233,0.11907784640789032,3.3852200508117676
336794264546437,4.9054666559617,-52.301588003183,21.56495149460369,-104.80289819780366,GF,fog,2,5943.647432621839,0.468179851770401,0.399082213640213,3.0724141597747803
153474173412155,38.399164295663,71.058858396182,32.34948152498986,77.11369673359741,AF,fog,2,867.8083412897993,0.997038722038269,0.996143102645874,0.026528865098953247
350521240549818,31.321208568090835,27.27841709921041,34.75014356793854,10.526653140188804,EG,fog,2,1605.3129890432294,0.7525501251220703,0.6696736812591553,1.2024753093719482
218975556246226,7.8821057071516,-74.834139978895,41.52646569501318,1.3858571249268385,CO,fog,2,8281.925797555605,0.21027028560638428,0.11932473629713058,4.12272310256958
1259603784501134,31.292411220432,35.534796522034,36.279718145105974,50.6020634102513,JO,fog,2,1496.7119086231628,0.8643155694007874,0.8105552196502686,0.8094854354858398
4309223739108363,2.1266240352603,45.323364966483,33.99319993585724,9.999790707812188,SO,fog,2,5096.44473247164,0.822512686252594,0.7781137228012085,1.1846497058868408
259978149147748,40.965992824636,70.990742663385,40.26002637968777,28.430187768567134,UZ,fog,2,3557.3299727693566,0.12053325027227402,0.026407450437545776,4.578744888305664
764847514207415,29.990268063885,35.075916116471,17.55138477971165,104.99041932826486,JO,fog,2,7145.084788532743,0.28412944078445435,0.11523257195949554,2.9063925743103027
248250033759700,29.80888569787,-8.8927590395819,35.639844822246246,34.433130492867775,MA,fog,2,4071.611024744954,0.6847476959228516,0.557875394821167,1.5621442794799805
454143095650719,4.754477618596,115.1672935653,7.920188278331018,35.68674948937013,BN,fog,2,8779.090966577707,0.10354679822921753,0.011588513851165771,4.405642509460449
779725396245876,17.150242379267,95.997861485963,16.897891700643576,96.1042373906927,MM,fog,2,30.253752016716252,0.3212651312351227,0.21733438968658447,3.1526288986206055
580468796254927,1.0529367558583,104.00979134276,1.1071809489117426,104.10264011212631,SG,fog,2,11.95552978844312,0.919385552406311,0.8654915690422058,0.3737490177154541
996366924230321,9.4509927129863,-5.632989557206,6.178413661875389,1.1897273581480272,CI,fog,2,834.9585215997429,0.1969001442193985,0.08942470699548721,3.881373882293701
167430881975593,48.946219066106,17.372135047934,52.25438802462147,6.785267192625548,CZ,fog,2,831.7660103731354,0.4369286894798279,0.366329550743103,2.8111934661865234
1287753361619391,41.902938185448,12.402760733592,35.772445463358494,10.390932954406916,VA,fog,2,703.5364462946185,0.8201830983161926,0.798772931098938,1.2218475341796875
631066277884886,8.81662211291624,-82.90477256073295,5.777003218820365,157.71880246089387,PA,fog,2,13102.165197760583,0.32636794447898865,0.0728563666343689,2.0813586711883545
1770786233100996,69.218294531367,-51.091665910743,78.01650980540258,12.864782319505132,GL,fog,2,2085.32495383829,0.22295960783958435,0.10056578367948532,3.7036495208740234
239943934683187,68.81413122743538,15.673939453479123,64.28774496921339,-20.721275168051786,NO,fog,2,1658.742048339188,0.3693694472312927,0.24713632464408875,2.9773483276367188
481611806279393,19.322225516792,-81.380605067753,26.573829664575022,-77.96921361702077,KY,fog,2,878.6053245526264,0.8799959421157837,0.8661261796951294,0.857535719871521
3800949300034619,38.343949995952,57.117059018247,36.33193365644925,50.566864010026244,TM,fog,2,620.6197397728638,0.5315028429031372,0.3788723051548004,1.9768126010894775
823233711883166,29.068560075854,48.084048261556,30.155018739197633,31.698665963372324,KW,fog,2,1587.2412762416166,0.8118590712547302,0.7211581468582153,0.9549252986907959
450038362963389,38.978830137822,-7.2812361854766,43.01571681037676,-8.32989826999594,PT,fog,2,457.41572730000235,0.3471168577671051,0.21576936542987823,3.508237838745117
297933462444738,13.662316404789827,-16.430340101173016,5.858718819946735,0.41126101537198195,GM,fog,2,2037.81684605392,0.2714720666408539,0.049241065979003906,3.1722774505615234
949917125580796,18.251570400358,-62.984528794394,55.109879577490425,-7.755822310715692,AI,fog,2,6169.064690693709,0.1807408332824707,0.1407051831483841,4.751917839050293
313078556837128,55.266055994786,11.315098206416,48.223240587831604,15.32565755395255,DK,fog,2,830.0292861370214,0.0867004543542862,0.008249171078205109,4.665106296539307
210766354219144,-26.628804736334,31.659445474276,-16.550922845617624,-48.64507265759664,SZ,fog,2,8252.582593988536,0.7577418088912964,0.675776481628418,1.2842607498168945
520708829313842,54.68692259669,9.0074931788196,54.26411985053845,9.000640125207521,DE,fog,2,47.01560526790482,0.24756856262683868,0.08890120685100555,4.069873809814453
992154464938892,-17.65251068093,177.40709100849,13.30473688311968,77.73714389208274,FJ,fog,2,11457.009540087322,0.18223483860492706,0.06672783195972443,4.104862213134766
150289013771703,50.348577719861,-4.6628826388904,50.69030459874477,-2.2012421374840927,GB,fog,2,178.12760961243958,0.7013646364212036,0.6619963645935059,1.9117414951324463
1423738521294950,17.182641732455,-88.332789645282,17.80624059022204,99.2691942907722,BZ,fog,2,16036.541459500799,0.1562451422214508,0.05226760357618332,3.3641388416290283
1155605118288528,14.706942793316,-61.143095527488,-21.02216551895075,55.31380602567899,MQ,fog,2,13294.345689505972,0.47340190410614014,0.14299729466438293,1.4733211994171143
2986698694926936,78.215334468879,15.012641390148,78.28139340026246,13.961193372963955,SJ,fog,2,24.91898020058532,0.5931057929992676,0.28608015179634094,1.1611231565475464
2083829008422694,58.379655829272,6.1151443597417,63.41818513516706,10.390958673199373,NO,fog,2,605.7826923918432,0.30241963267326355,0.07085937261581421,2.850130081176758
155652916570780,42.348418071723,20.818276988414,41.20620899263649,32.41687133272759,XK,fog,2,969.3562608363795,0.45397210121154785,0.31101536750793457,2.4046037197113037
845707173409060,13.15145888888889,-59.57003805555556,15.299667300856147,-61.398227366833204,BB,fog,2,309.64916064107996,0.29358887672424316,0.14161619544029236,3.198495388031006
792307658322895,52.913640031191,6.8640509875213,54.38464810586286,28.345077043698264,NL,fog,2,1419.5812136507816,0.5883691310882568,0.5023765563964844,2.4332759380340576
463829391356731,7.1956119778003,124.23640602451,6.020767151303202,37.347758264870436,PH,fog,2,9582.344215644274,0.5571249127388,0.47160226106643677,2.569571018218994
190327429484222,18.406063827426,-66.173016157195,-16.531571912109317,-48.691142254170025,PR,fog,2,4330.3581737094755,0.18357765674591064,0.07046084105968475,4.17427921295166
964385794363812,38.838166509572,140.96848476449,38.926849400318076,141.13385493451287,JP,fog,2,17.382021315860175,0.2018897533416748,0.07577812671661377,3.561593532562256
992350614846774,12.919375038455,-85.248546579532,16.99517228114428,-88.66773298248569,NI,fog,2,583.3058509421679,0.22484251856803894,0.055135101079940796,3.0513739585876465
2898111640459899,32.288702684025,-64.767038528517,23.550939680495212,119.57990995796726,BM,fog,2,13788.853590394023,0.2940714657306671,0.16389474272727966,3.466921091079712
156853596375003,19.653051191999,98.633327646919,21.940175579035216,96.41166181144314,TH,fog,2,343.51193847994153,0.31321582198143005,0.1804623156785965,3.02575945854187
353101693221406,-16.097698333830845,28.68442044328358,13.568838891003615,78.03867422107571,ZW,fog,2,6348.13243122625,0.3798823654651642,0.2722868025302887,2.8818604946136475
