id,true_lat,true_lon,pred_lat,pred_lon,country,corruption_type,severity,error_km,top1_score,margin,entropy
1198015930637035,47.58736244394304,13.72243335782696,45.95600911886233,14.432673602234257,AT,fog,1,189.2887188785034,0.07750305533409119,0.002965681254863739,3.774722099304199
2627501530880734,-21.690540312924,165.67395409726,-17.254665897265188,145.53234178822711,NC,fog,1,2166.4865754491675,0.4045909345149994,0.24303483963012695,2.2916736602783203
464312504633961,25.061219179854,-77.474052344488,19.387108865148672,-96.67333647154962,BS,fog,1,2072.106336561469,0.45536553859710693,0.256874680519104,2.368745803833008
1640910792965420,14.05090975535,-83.408252576108,23.739892178546086,90.35393274139926,NI,fog,1,15758.579249564798,0.19774067401885986,0.0019070953130722046,2.897728204727173
784509382269632,39.054295235447,125.75444015475,56.951666750973544,24.125023009275843,KP,fog,1,7085.377141835991,0.4356156885623932,0.32884615659713745,3.1934964656829834
1203580403446328,59.403162352068,5.3346943684814,63.36168945168786,10.370135011426235,NO,fog,1,515.0870892624574,0.3140972852706909,0.12092480063438416,2.9914867877960205
529318031569520,35.884852698,14.543835095527,35.89291087352569,14.41827241979515,MT,fog,1,11.34676834010522,0.48516249656677246,0.3021102547645569,1.752895712852478
579627393601024,31.161290071016406,27.62620232776423,34.74493380622194,10.456763467057419,EG,fog,1,1648.5120079044739,0.6539049744606018,0.4297063946723938,1.1380051374435425
493287055050730,18.529699440908,-73.82906994801,18.47106841096662,-73.9996399137979,HT,fog,1,19.13145080940143,0.9695396423339844,0.9568430185317993,0.2312198430299759
194636675718395,15.711283292961,-86.911458774945,14.801535556934885,-88.06840484375442,HN,fog,1,160.11481914586656,0.8048649430274963,0.6864029765129089,0.7986606359481812
324862519056205,19.31841800221,-81.382583014952,32.77155532014925,-116.9483634016195,KY,fog,1,3831.643822837136,0.10705894976854324,0.019760772585868835,4.22911262512207
312497683776326,-3.5385285661184,29.342796802632,9.012527531161801,37.70554402524282,BI,fog,1,1675.407326159256,0.8242504000663757,0.7669791579246521,0.9122427701950073
524249899215869,-20.36057432562562,57.57448506856856,-20.245663845883634,57.62099696016458,MU,fog,1,13.667166476219727,0.4693591296672821,0.42261606454849243,3.286607027053833
762407414666903,18.261799133186,-66.040383948361,55.51493181447991,38.22854304963618,PR,fog,1,9204.12673606338,0.5262880325317383,0.48516860604286194,2.9609487056732178
1162773017520174,6.3181766455254,37.510104406035,6.249171732300313,37.45733893125095,ET,fog,1,9.637797190908527,0.8274877071380615,0.656511127948761,0.47007647156715393
3356357477800408,-13.862024739384,-171.85937431059,-10.841738103521605,-172.25097026337164,WS,fog,1,338.52277489315503,0.976626455783844,0.9598502516746521,0.13700677454471588
487479689165720,-0.79790097222466,-77.201507380967,-0.9405672580521791,-77.4436755754427,EC,fog,1,31.250636599464748,0.9980022311210632,0.9966351389884949,0.017664644867181778
255694192945304,0.23852452895088,109.87510053714,-7.328923741521006,109.7115685468542,ID,fog,1,841.657270134981,0.8160156011581421,0.7077131271362305,0.7758277654647827
810188746588631,46.29075689375,10.078154998184,51.1149976251364,-115.3693905306668,CH,fog,1,7992.064327885442,0.16985832154750824,0.03536035120487213,3.776508331298828
152336490235316,6.1412981189533,-10.222955468447,6.3146791036564265,-10.504717143523893,LR,fog,1,36.629608464541946,0.7399886250495911,0.5918502807617188,1.3021138906478882
1128248694323507,4.9712879947102,-52.440325961909,5.325980193985991,-52.79269119920653,GF,fog,1,55.4825372042484,0.28097766637802124,0.07651741802692413,3.854997396469116
319600276196154,17.249258189479,-62.655520880016,17.180055491404907,-62.621311050312094,KN,fog,1,8.509732968496929,0.6924384832382202,0.6183893084526062,1.8317513465881348
227605128698501,30.534718182782,35.557018519973,30.808017267021395,35.564056624635825,JO,fog,1,30.396925438102798,0.49863195419311523,0.1226172149181366,1.376435399055481
469353001013618,-4.8497851046353,11.90522368749,8.88413800548792,-12.012041379781044,CG,fog,1,3059.7412160632794,0.7073359489440918,0.49409323930740356,0.9161169528961182
312137333614311,50.147457733865,106.21881807879,40.638314930254204,46.0094929187637,MN,fog,1,4685.040701369076,0.38482317328453064,0.24604842066764832,2.762634038925171
417436926432877,-9.466630277777776,160.38180111111112,-9.661859052269975,158.83081879387925,SB,fog,1,171.44383501919324,0.9949585795402527,0.9938480257987976,0.04869601130485535
521833368998076,33.828288106674,35.578984207651,33.93165379555436,35.66199840998056,LB,fog,1,13.814281204385674,0.6925610899925232,0.4307303726673126,0.8797304630279541
804138920493771,-0.43494769438863,-76.201325946671,-1.047949673345389,-77.50074445517826,EC,fog,1,159.74810613593115,0.44697505235671997,0.16663041710853577,2.0509414672851562
302261168190071,-13.859325484052,-171.70998038915,7.267872688763675,159.36621902117253,WS,fog,1,3963.462116128509,0.3541640043258667,0.0963141918182373,2.991149663925171
1226452984452730,18.570054722222,52.82152305555601,17.742970343004792,52.86859565457633,YE,fog,1,92.10197239829095,0.4633655250072479,0.17739781737327576,2.06699538230896
321769825972532,56.815207379952,13.937240092613,58.73526209621095,26.905898330317555,SE,fog,1,796.6204756274766,0.19986756145954132,0.02037256956100464,2.889603853225708
773469050698883,0.4364979004820079,9.440864620026538,5.182808906078596,-1.0188654811958,GA,fog,1,1275.628790239283,0.652239203453064,0.4827462434768677,1.456626057624817
333032548339836,51.706235270322,-9.7173149835356,51.77333836065674,-9.828472539163014,IE,fog,1,10.68902999879036,0.9341365694999695,0.9268539547920227,0.5508036613464355
321482029535925,44.652229350002,21.162756330018,54.239073854997116,10.96164298754294,RS,fog,1,1293.4317614961421,0.42889219522476196,0.31586208939552307,3.2531862258911133
832510974027702,-17.456552891966,-65.728142843828,46.75854731209223,25.47241724416334,BO,fog,1,11500.660304409506,0.1811191588640213,0.03472974896430969,3.471449375152588
109891514526025,48.213328182129,28.09057650588,48.18722211681431,28.233453723191865,UA,fog,1,10.97996706246892,0.8832558989524841,0.8672199249267578,0.7338682413101196
2942639579308445,34.805369127435,127.95898406217,37.352374029109704,127.43486002532812,KR,fog,1,287.10251258592837,0.5957542061805725,0.5309743881225586,2.1439638137817383
370894024357836,15.425447150296,-61.271269855519,15.43411724095398,-61.3392409600425,DM,fog,1,7.349137674344212,0.4911719560623169,0.24113228917121887,2.002910614013672
788101518532706,11.258356617235,-60.564806768225,14.132754362818432,-60.95216143839477,TT,fog,1,322.36796805308916,0.5965902805328369,0.44591015577316284,1.3314778804779053
3872288566218352,50.796778330451,21.153443346433,48.46107942204528,13.958211027539274,PL,fog,1,579.3316847709892,0.19382600486278534,0.002495318651199341,2.8948073387145996
1002859423856924,17.09712846732,-24.97047664313,16.108283184606698,-23.571194403194852,CV,fog,1,185.26170426845218,0.3443593382835388,0.14459989964962006,2.535742998123169
238160651412928,-46.337650900733,167.79026062048,-35.01834960644298,173.36481731014453,NZ,fog,1,1342.681711226604,0.3296239972114563,0.049087345600128174,2.273545742034912
2563203020654329,54.32142990519237,-4.456551481932205,50.90497179319186,-0.16659693354757968,IM,fog,1,477.5298702853542,0.1223299652338028,0.012618236243724823,4.099631309509277
732194144134616,9.3458958330497,-79.823967302875,9.433017056074402,-79.70822050523367,PA,fog,1,15.971416781585635,0.9455267190933228,0.9121418595314026,0.2714553773403168
476322813419625,17.628516606198,-63.231308396649,16.020909607867353,-61.88460373345377,BQ,fog,1,229.12434548167897,0.6023057103157043,0.4789929687976837,1.5992487668991089
1136304350214402,-39.328969954559,174.63690058405,-39.08481105958776,174.71061368043326,NZ,fog,1,27.882227465092623,0.5653588175773621,0.39020830392837524,1.5052357912063599
486828262519306,14.646929324615,-60.975801183717,14.609984198545247,-61.01958967080353,MQ,fog,1,6.2507743518743455,0.9970329999923706,0.9942427277565002,0.02110898867249489
1387937924894828,47.907557209354,107.17858480002,47.915451118040515,107.05091515041562,MN,fog,1,9.555805235017925,0.1694490611553192,0.005168288946151733,3.228158950805664
944100506347413,4.8670503980303,31.542952103365,12.489557368833893,-1.5735370349311004,SS,fog,1,3733.6197251009357,0.6415675282478333,0.5855787396430969,1.653508186340332
225738692700446,69.2342740620203,17.971246283328018,47.18520888630353,14.615113065185044,NO,fog,1,2458.7482549017836,0.3450213372707367,0.10846783220767975,2.5264718532562256
138012564971418,-17.546030537707,-149.57580216474,-7.283746265464399,109.70503950829868,PF,fog,1,10887.556362833913,0.196289524435997,0.04614722728729248,2.844947099685669
1349102025473123,60.210439476288,20.246196471172,50.65086158910033,22.322030691963487,AX,fog,1,1070.877705424041,0.17793196439743042,0.08491014689207077,4.483688831329346
481515363098541,8.3835270285271,-82.196719096621,-0.24354850841075223,-79.20502417186188,PA,fog,1,1014.9513694478919,0.7037920951843262,0.49313074350357056,1.128638505935669
208681127527124,49.241162571487,-2.1218631166228,49.20507142243469,-2.0905667233084366,JE,fog,1,4.612070955409876,0.8394652009010315,0.7902417778968811,0.9023485779762268
496883494997876,12.508559533613,-70.010590958509,17.130925123522246,-62.19567340089284,AW,fog,1,984.5640867849742,0.48384878039360046,0.3263299763202667,2.1497793197631836
1258448591563623,-8.614371141011388,35.602892240053215,5.48632063714007,-73.29717263712755,TZ,fog,1,12171.187278477155,0.21060006320476532,0.05243709683418274,3.120542526245117
849655245900069,5.9311045328258,15.65109465938,-16.60672031908314,-48.646790885877856,CF,fog,1,7497.643091960063,0.3649681806564331,0.22243905067443848,2.6812520027160645
1448430112350839,11.026769583975025,-8.632346605323722,-37.317573968333846,141.7913148875581,GN,fog,1,15860.900475171155,0.7486698627471924,0.6542543768882751,1.184657096862793
711741309997504,-35.434392939173,-67.582981443437,-33.03390785455388,-68.09276629785427,AR,fog,1,271.0031986352943,0.4669325053691864,0.2960083484649658,2.5649876594543457
330646891800305,14.870259800656,-24.373949477736,15.28914698417485,-23.48562048417288,CV,fog,1,106.14183994651775,0.9370085000991821,0.9276199340820312,0.49412330985069275
844947319428707,12.572384044567,-70.044602664275,14.702800670904876,-17.631709843980257,AW,fog,1,5656.3942165512635,0.2773667275905609,0.13344648480415344,3.075509548187256
1424082877926694,39.063764515107,125.77381801639,39.880770147528466,116.4554902088534,KP,fog,1,804.6061496888187,0.7441835403442383,0.7065219879150391,1.7736666202545166
262049738998529,15.746495092756,-86.857367093038,15.562394997202182,-88.0401721939321,HN,fog,1,128.28692920896304,0.8289181590080261,0.7277588844299316,0.698559045791626
2941932222749741,8.8904169624644,80.720461103422,12.850659643572332,79.57471937897702,LK,fog,1,457.7801542200016,0.2545100450515747,0.1390906274318695,3.311710834503174
2957416491247002,22.534707236092,-79.367474703615,-5.464334208567133,39.57738383410308,CU,fog,1,13207.95977635392,0.5708678364753723,0.43809235095977783,2.1960835456848145
1339793246404338,78.178055846086,15.902100697497,64.30810051952831,-20.806216824548084,SJ,fog,1,1956.2289360964185,0.6434493660926819,0.4795728623867035,1.5414434671401978
742849163058043,7.9945228460384,126.06338592216,-7.277585738616572,109.77298206564616,PH,fog,1,2478.9955270593227,0.9314704537391663,0.8972115516662598,0.42060261964797974
487902825754300,18.349709806038,-64.886627593059,-35.20952447892611,174.0508692359539,VI,fog,1,13962.39392825257,0.32334956526756287,0.19541920721530914,2.9644198417663574
188819323085799,41.434692972264,43.314083402676,41.34927488581252,43.5188723536523,GE,fog,1,19.54610947512716,0.6302700042724609,0.29829272627830505,0.8835929036140442
449823653747421,53.88835461402647,-122.76729722632489,48.45869462561696,-88.74605042784043,CA,fog,1,2421.8658941802323,0.5346892476081848,0.3942619860172272,2.0087502002716064
227770655816183,49.479739351354,-2.5890746408905,49.479288963608,-2.2984065906047983,GG,fog,1,20.999521351940164,0.5769656896591187,0.33521223068237305,1.3684543371200562
216079839905055,19.324976978962,-81.381549997813,26.116412898067086,-80.21904685030631,KY,fog,1,764.5114095317833,0.2085476666688919,0.058230072259902954,3.5174264907836914
828630294440097,3.9058095275261,11.829761470611,12.16911367128235,-84.61033571742833,CM,fog,1,10613.897936978314,0.27440783381462097,0.07969769835472107,3.3661255836486816
860118858181209,-20.177979,57.661693,-20.16817128149132,57.49855401853558,MU,fog,1,17.06230598791265,0.6529372334480286,0.3564775884151459,0.8650408983230591
114507540681851,35.729256605436,128.41830771074,17.90472748240695,105.40661836566669,KR,fog,1,3008.954125988224,0.4940197765827179,0.38472238183021545,2.7124204635620117
661381454786146,-18.972548731094268,29.805283361910963,-25.290889549366575,25.820320268575827,ZW,fog,1,813.5188065048617,0.7675431966781616,0.5951864719390869,0.8665640354156494
222747492577837,61.352664593679,27.429725107498,58.74763216948925,16.048211008175965,FI,fog,1,693.8539274938194,0.21491564810276031,0.10638885945081711,3.985111951828003
138806294926443,38.717835758735,58.495184798492,33.99007364397232,10.0270562131621,TM,fog,1,4321.768832357879,0.5899142026901245,0.2626841068267822,0.9749309420585632
135421499385396,13.275246919086468,2.911011286873044,9.221068802760001,40.46292919443107,NE,fog,1,4116.26298039911,0.375113308429718,0.10347786545753479,1.6106979846954346
517034622643483,-9.0920015075631,160.82242285539,-9.425738496000662,159.52179984887172,SB,fog,1,147.48330245248374,0.8992086052894592,0.8153272271156311,0.4370390772819519
2526299567665760,35.829307962213,14.558295593658,36.83281541469571,14.705945580157016,MT,fog,1,112.36602801009965,0.8871297836303711,0.8068527579307556,0.48324552178382874
281947363629492,78.231350087799,15.142395905188,78.25641105709205,14.202957950026237,SJ,fog,1,21.464904799115907,0.4247628152370453,0.09670493006706238,1.2226661443710327
309954333906145,40.335258934887,19.990673334292,40.12188610237027,20.103027544268624,AL,fog,1,25.571464347701486,0.6012692451477051,0.3398265242576599,1.3962066173553467
163258222377928,-8.7192284268616,160.86453616743,19.434924086097713,101.75636903971666,SB,fog,1,7188.879476940487,0.5758177042007446,0.474483847618103,2.1327836513519287
497041608993768,7.354967160960991,134.4972694391149,-16.987257508152666,-48.70495294361337,PW,fog,1,18889.032885030145,0.422120064496994,0.23503750562667847,2.9110186100006104
325055798982586,-10.203132697528,31.216979658259,-11.856595085678688,31.20578379048471,ZM,fog,1,183.86068911701483,0.6246019005775452,0.38480061292648315,1.2602826356887817
361816321938390,12.57472666996,-70.041979864956,16.01258972852436,-61.64276207677577,AW,fog,1,982.2643843452927,0.5336971879005432,0.3460507392883301,2.1005513668060303
1145510005966861,18.05148025828786,-15.896397560721027,36.26727553388124,44.3558405246949,MR,fog,1,6192.45300219459,0.9475563168525696,0.9283721446990967,0.31840741634368896
262345932212210,15.140006372867152,39.26672870985676,7.914010480228721,38.35865688433385,ER,fog,1,809.5533024181677,0.5939229130744934,0.414512038230896,1.8446004390716553
901986960835723,13.278551582622178,2.917996515380901,12.89769303308014,4.542980051796611,NE,fog,1,181.01901117565757,0.8566479086875916,0.8070054650306702,0.72307950258255
317050140097070,43.4276581353825,24.38127115862344,17.915023887648164,99.20361175543277,BG,fog,1,7438.638117204542,0.15603254735469818,0.010179758071899414,3.9898858070373535
994714827967018,22.682567905302,39.11769149111,25.885730866071963,50.30959714348408,SA,fog,1,1188.451296903375,0.5215831398963928,0.4309353828430176,2.2449774742126465
145209974249665,16.762668175828,-62.220769939941,17.136797629138442,-62.22417832633068,MS,fog,1,41.60287671141482,0.8226132988929749,0.7761547565460205,0.9021666049957275
763480160945552,3.114388438698,31.177872023014,7.964181128493242,35.91659802576576,UG,fog,1,752.133206947227,0.6798244118690491,0.6201663613319397,1.5091705322265625
4405163029511350,43.682079175037,23.978223195064,43.565436521666314,21.625096107352967,BG,fog,1,189.84603595990583,0.37823033332824707,0.2282983511686325,2.2635021209716797
326659798812032,12.410385336248002,-16.110049424682003,15.726825217219803,73.74163501621372,GW,fog,1,9620.677078217868,0.5848214030265808,0.293265700340271,1.2613983154296875
895631547651467,12.080356238018,-61.704118318475,18.309326637390495,-65.77075470618345,GD,fog,1,818.4923721747871,0.6529495716094971,0.39197853207588196,1.0898948907852173
953292548822411,18.0817933464398,-15.894888251115804,8.121392816918195,38.94109779048072,MR,fog,1,6019.8859735488595,0.8571014404296875,0.7865316867828369,0.695108950138092
1179673359141283,-27.440457092686,31.884625638401,-25.249586000948327,32.14606659487039,SZ,fog,1,245.0024460944978,0.8244985342025757,0.656152606010437,0.5144690871238708
1391570534555001,12.121586777999,-61.634729332904,17.11830286756822,-61.69859895156311,GD,fog,1,555.6519431131622,0.4625682234764099,0.10905399918556213,1.1627655029296875
1931718050309638,42.316673318457,42.610766550542,33.980800939902956,-86.90582889421437,GE,fog,1,10095.952856014295,0.10261353105306625,0.004608020186424255,4.44149112701416
1441784959495240,18.614866388889,52.371751388889,17.67376537462229,53.15438823161391,YE,fog,1,133.37708825847008,0.44559210538864136,0.26551783084869385,2.106060028076172
1092193684624091,13.222041768155,-61.27004985443,14.02430089299972,-61.004056267252814,VC,fog,1,93.72392556045516,0.6137044429779053,0.4544743299484253,1.5025489330291748
545855749735091,44.933679619312,10.542218724088,44.85903849966141,11.746141853539035,IT,fog,1,95.1931733843317,0.2470870465040207,0.12975825369358063,3.3321871757507324
2774084016236056,4.2465653216704,73.54886569526,10.174114684339344,-75.670491138501,MV,fog,1,16247.973724007685,0.8958998918533325,0.8307867646217346,0.4716525077819824
193239609283383,16.442716181297,97.600636667113,18.384650264551695,102.8037294944043,MM,fog,1,592.7229613529464,0.22266218066215515,0.10366414487361908,3.941678047180176
838605060406461,-38.684857801033,-62.245177670808,-35.40417649716497,-58.88757431020431,AR,fog,1,470.9578935616001,0.09253118187189102,0.002926558256149292,4.099686622619629
1398766300483374,-20.281888888888,139.05741666667,-19.91257790887399,145.94544799352408,AU,fog,1,720.3967237300371,0.558461606502533,0.44706013798713684,1.9733422994613647
309592324146292,-40.470381504032,175.24679558692,-40.346456535401316,175.56909806071204,NZ,fog,1,30.570672705658293,0.2127712070941925,0.044960200786590576,2.4777002334594727
787330225321281,78.186979979764,14.79210601878,64.65863047095301,-14.580224368761971,SJ,fog,1,1785.3742112710474,0.41356101632118225,0.18262547254562378,2.3331520557403564
481435006457069,41.714515597444,19.778002854189,41.06810533438217,70.00302622841022,AL,fog,1,4129.316147762228,0.24481499195098877,0.05091938376426697,2.7550864219665527
562746315113072,-21.036239487922,55.673092800575,16.017312693079358,-61.74935778157773,RE,fog,1,13433.607196459836,0.514483630657196,0.1360093057155609,1.0783352851867676
251075026766241,42.736773777269,78.935492923137,19.43024947778642,102.35086599665651,KZ,fog,1,3394.817835828283,0.2943221628665924,0.019986361265182495,2.136219024658203
4010096302418176,13.274118,121.232275,14.94888986515214,120.81050393252657,PH,fog,1,191.6996348834865,0.622108519077301,0.3107683062553406,0.980785608291626
385537683018740,8.58587702121514,-10.943586617629483,5.2852155790989945,-0.7236960836931421,SL,fog,1,1186.1108074568872,0.44407859444618225,0.35599228739738464,2.5965490341186523
180372857328994,49.843429916622,73.222888258927,39.9768110451439,-104.80211120983107,KZ,fog,1,10025.66141791056,0.31374818086624146,0.23798683285713196,3.2069129943847656
907851513392138,-18.164645479454,178.22136593468,16.03192421843364,-61.73926576983819,FJ,fog,1,13666.393509678219,0.9931946992874146,0.990972638130188,0.05787438526749611
1131598217344189,54.864195040685,8.7383931888414,53.509393329158534,7.461066590928394,DE,fog,1,172.04461402380147,0.13289809226989746,0.08871860802173615,4.994478225708008
3247097405547891,33.97288015656933,71.60789771722264,34.01933034786884,71.53671967589645,PK,fog,1,8.35075601840847,0.6432802081108093,0.46105486154556274,1.5478256940841675
1063412324270300,-15.431355385415,167.20499794568,-0.8561034032498352,152.2752485926103,VU,fog,1,2304.671790589925,0.9488144516944885,0.8995259404182434,0.21425706148147583
478746096705872,12.1865576631,-0.3910576992899,-15.422130981448905,28.26390872547851,BF,fog,1,4401.179396146575,0.16449519991874695,0.04601692408323288,3.695770502090454
163486722253544,18.376454722061,-65.907019733384,17.139849708189804,-62.24886206874855,PR,fog,1,411.05201148783635,0.48974478244781494,0.1497434675693512,1.55625319480896
1394646127681740,50.27605756468763,-5.022433442071348,53.17712111567753,-1.635001758413024,GB,fog,1,398.0165597740926,0.08981435745954514,0.009395532310009003,4.8703413009643555
311036310426740,10.534375285392,-85.108561963834,-28.580772412425606,29.288467498635136,CR,fog,1,12939.092397652179,0.7709127068519592,0.7470009326934814,1.451104998588562
180655490594869,-4.2955834051727,39.583247618282,3.360050803184668,-76.52200643294242,KE,fog,1,12927.351414950454,0.6198188662528992,0.5465057492256165,2.302234411239624
225040172344104,54.10668466178,-8.5444506137227,54.05298335190693,-8.510774756874895,IE,fog,1,6.362582626200082,0.8666396141052246,0.7457170486450195,0.4839906394481659
590599688583224,62.579080335013,22.030513453623,62.08421283075991,24.959672767931913,FI,fog,1,160.92507605501987,0.3538458049297333,0.0293503999710083,1.8931560516357422
378410597431210,11.755141729610802,11.99142765025279,5.44987894260336,-0.6291459992642253,NG,fog,1,1553.9038939450236,0.14446979761123657,0.08879944682121277,4.22891092300415
769560623930363,13.781555904684,-60.954984062834,13.643391858323824,-60.97047900684151,LC,fog,1,15.454056928295657,0.8208767771720886,0.6497113108634949,0.5157865285873413
191217559525689,10.598613143242,103.76819114404,14.008366622970245,100.76541671113789,KH,fog,1,500.138147911534,0.24664567410945892,0.07688607275485992,3.0247607231140137
960119301406916,8.934567996624,15.810201192055,10.01164102279099,-13.188671513398543,TD,fog,1,3181.815344031116,0.879983127117157,0.8309943675994873,0.7163457274436951
162029952434974,10.416592641005,-6.9267518159549,6.242942997559067,37.597166485626815,CI,fog,1,4916.642111712512,0.29493188858032227,0.04973520338535309,2.1628994941711426
777563772895063,60.262939806644,20.372533414245,59.441524598471716,17.349991407638317,AX,fog,1,191.89770426293606,0.19897125661373138,0.09927938878536224,4.150965690612793
483016122754010,8.2177331232449,-10.640871255174,7.57977453774147,-12.117412868921777,SL,fog,1,177.42361931472598,0.5054776072502136,0.15319722890853882,1.3491787910461426
945669026244322,32.28289364111786,34.89665697754903,32.94680770485698,35.0720475292937,IL,fog,1,75.62943833336561,0.6381720304489136,0.5425845384597778,1.772276520729065
834907740772712,-51.828914124143,-58.391576104278,38.2557812027788,-6.1863585959977865,FK,fog,1,11221.336335880073,0.29937943816185,0.09631980955600739,2.4406299591064453
315786796574792,17.029958580939,-61.837386119134,15.39725323314245,-61.348899552582495,AG,fog,1,188.89146543066613,0.2749871611595154,0.06567101180553436,3.4203290939331055
3935353219835220,5.0624805680856,-52.559930285878,-7.704972964643282,-35.28361449558377,GF,fog,1,2385.0722923367434,0.24503017961978912,0.09729619324207306,3.44694185256958
703624374104706,11.148071748184186,42.461472571281,31.31686862753962,36.67436158457517,DJ,fog,1,2320.3177186299217,0.4974014163017273,0.3650570511817932,2.3482117652893066
552376936150414,45.747934121718,28.392399493234,42.23062469509816,22.566888138661106,MD,fog,1,608.1258763710902,0.9464985132217407,0.9162929654121399,0.30944547057151794
279990610516417,-25.052590421722,25.938389437355,-25.111225749544015,25.87161594147062,BW,fog,1,9.366521525195337,0.9940680265426636,0.9894378185272217,0.04143702611327171
244594784129468,17.181606776437,-25.056350793491,39.78864076697097,68.38693641244008,CV,fog,1,9080.784678061082,0.2142285704612732,0.08691197633743286,3.870185375213623
916296905814911,29.986443376454,35.073653850875,31.094890914026124,35.47524795304669,JO,fog,1,129.1145703555764,0.8594710826873779,0.7833722233772278,0.7092222571372986
160409959286661,13.609489121743,-15.203056960483,9.988590326425925,-0.433222247601436,GM,fog,1,1656.8053271340734,0.9735710024833679,0.9608650207519531,0.1916530430316925
375549574325666,-8.088511666666667,156.78238944444445,-9.581080605810715,159.53267097895883,SB,fog,1,344.7563410668593,0.69207763671875,0.5601940751075745,1.4098186492919922
6504127516293875,-20.153986376711,28.58502890468,41.71766665128544,-88.35376712436349,ZW,fog,1,13692.93282273695,0.042088206857442856,0.0005119964480400085,5.720101356506348
955352585280405,53.073543217589,5.6644949286343,53.05162112389539,5.565807170069473,NL,fog,1,7.030595749678326,0.8060237765312195,0.7586148977279663,1.146691083908081
198798338740227,41.487329996943,45.08669320994,48.48464914178243,44.54214805261042,GE,fog,1,779.2382599400943,0.29826459288597107,0.1447852998971939,3.4145801067352295
747640439246618,6.555528380315,-10.331525634335,18.2752219113107,104.52531528037916,LR,fog,1,12358.833507921941,0.6696012616157532,0.4263511896133423,1.1577610969543457
537333261008423,39.113511978868,117.21046994629,35.831360910991705,115.3420182721296,CN,fog,1,400.4521724200912,0.8820242285728455,0.8554823994636536,0.6461062431335449
5205930492794121,13.596220054527333,-87.36529096486619,13.684447791532365,-87.57050964219755,HN,fog,1,24.248821712192324,0.9998620748519897,0.9998254776000977,0.0018086060881614685
282961036881213,36.025363064061,14.258923344808,36.878431104753176,15.007400717575413,MT,fog,1,116.09945642057282,0.3997252881526947,0.06909048557281494,1.8276758193969727
2898417523733065,12.385310410818,-5.9561351141694,12.439318615932056,-6.012129155379448,ML,fog,1,8.546371227058541,0.9993674159049988,0.9988893270492554,0.005949144717305899
814006309495024,18.427369706947,-64.568261557542,17.143565675462593,-61.95332620120255,VG,fog,1,311.49688582004524,0.9997604489326477,0.9996993541717529,0.002754566725343466
363924908375174,-4.7913317580586,11.855642981142,5.543821453910981,-0.2543406410636544,CG,fog,1,1768.88223016399,0.9803871512413025,0.9676726460456848,0.12007703632116318
520091355848418,69.217861349712,-51.109419049396,63.830650915539486,20.259805428492157,GL,fog,1,3029.027649031432,0.8611393570899963,0.8006908297538757,0.7260454893112183
840734783196696,32.126256113931,44.324859980182,39.75025271313709,64.2410701115854,IQ,fog,1,1977.4190052026956,0.5033190846443176,0.16065636277198792,1.5318480730056763
226163689282727,12.168906318554,-68.967070805139,21.229878318552995,-73.59712664401978,CW,fog,1,1121.4467296336893,0.5924128293991089,0.5360872149467468,2.464296340942383
341214407334376,-19.377102833928,34.400509607794,-15.395323989762884,-48.225163888046424,MZ,fog,1,8693.352399960595,0.580376148223877,0.48929476737976074,2.394430160522461
894968224414635,34.986110625975,32.668982915426,34.91224161072613,32.705156523743426,CY,fog,1,8.850835544878347,0.7380550503730774,0.5665480494499207,0.927381694316864
462694431488011,18.632063011792,-68.389902993932,27.36835878572815,-80.45919559544622,DO,fog,1,1569.8268795281083,0.12247665226459503,0.01803962141275406,3.6680185794830322
857893648147331,-10.905676698416,14.247198141961,15.613566715841488,-88.23045599442503,AO,fog,1,11651.93046522734,0.38011592626571655,0.05687856674194336,2.0759997367858887
382009819762071,39.329365017441,27.62045985936,37.55201761755327,27.81584832510985,TR,fog,1,198.36311962407893,0.3142426013946533,0.058133840560913086,2.127767324447632
271875871339932,11.850545983225,38.038235893261,12.424590482053938,32.24850293186822,ET,fog,1,632.6110796718602,0.998855471611023,0.9981195330619812,0.010351910255849361
525646118616107,-15.637682963249,166.84078278513,-15.589418566757951,170.5226390565417,VU,fog,1,394.3278970208934,0.26974812150001526,0.09011402726173401,3.286151885986328
2982805328705469,64.437207664635,24.181485346398,56.37142894575134,15.67927201489694,FI,fog,1,1009.1465666510825,0.21865437924861908,0.01597610116004944,3.1325273513793945
320116623608771,23.185410152402003,91.17769833999328,23.078170268141466,90.95810877158067,BD,fog,1,25.424097252465014,0.9957594275474548,0.9939441084861755,0.03626866638660431
803534963702486,51.121882315762,3.1082009025971,50.840250983201905,22.249043591792383,BE,fog,1,1336.5544242038627,0.9592160582542419,0.9320775270462036,0.24941377341747284
376395010415901,13.924250043571,-61.056412107275,5.213566426602235,157.91931072680015,LC,fog,1,15217.157524798968,0.9591407775878906,0.9367460012435913,0.2858085632324219
303078421392591,-16.446930463398,-152.24847310031,17.042221907387713,-88.51496242838157,PF,fog,1,7913.324663960235,0.6297886371612549,0.5399767160415649,2.2429637908935547
312172783608841,49.510993358681,6.3452033888591,48.313711004675795,14.345621413960876,LU,fog,1,599.311801111603,0.4049072265625,0.17332157492637634,2.616581916809082
6235880006437043,-3.1366812272296,-79.214143657851,4.515782795731579,-73.92086529484611,EC,fog,1,1034.3713980259954,0.8945527672767639,0.8231844902038574,0.479992151260376
965921670819949,-10.479678823577,105.67386300715,-9.628924401760493,147.5525336046743,CX,fog,1,4582.831383199455,0.5720632076263428,0.47924983501434326,2.279008150100708
925871031561258,-6.2639877158616,107.06741782953,-6.581668190923754,106.77033333486078,ID,fog,1,48.22263776206627,0.6731764674186707,0.5845586061477661,1.247954249382019
1164097447347216,4.8674337462563,31.519362784566,12.624884791438204,-7.833532992560067,SS,fog,1,4404.613821869166,0.7479752898216248,0.6636483669281006,1.1496561765670776
4396227090475829,-1.2678653976589,36.678122304876,5.484111515453734,10.69252059343983,KE,fog,1,2981.858443739498,0.4323286712169647,0.10790291428565979,2.0513339042663574
865652107497194,25.981085501999,50.457665915183,30.07131653775472,31.640508806668755,BH,fog,1,1899.6781619927006,0.25078096985816956,0.09844060242176056,3.0519723892211914
299799271640333,2.1039771270774,45.331583431777,33.965306683945286,10.0498646807225,SO,fog,1,5093.371395615313,0.5417928099632263,0.4857390224933624,2.4398622512817383
461018955189846,14.544694692651,-60.871651329228,-35.427670722380405,173.49223368899186,MQ,fog,1,14148.16896732103,0.6419899463653564,0.6091452240943909,2.1961166858673096
848673612668103,42.673726026337,20.952183058644,41.800213521310326,44.970084688696865,XK,fog,1,1973.013052771279,0.5895705819129944,0.49998849630355835,2.2823188304901123
1416342685418545,-18.613385898721,-174.00201190817,8.93607941874612,-11.878354833860179,TO,fog,1,17807.6267762909,0.3335716128349304,0.23698265850543976,3.1721110343933105
494963678607139,41.553688076193,76.443594560854,37.11911880393086,72.46678663729064,KG,fog,1,599.940256786145,0.47324472665786743,0.3570188879966736,2.1183042526245117
219389349648885,10.15103545444,-0.08621895664982,10.489238397982522,-0.767904183945811,TG,fog,1,83.51919399537819,0.9991728663444519,0.9987918138504028,0.008411598391830921
3089177431309627,15.373065639057,-61.261521114061,15.380221514345601,-61.20966854792976,DM,fog,1,5.616003795206999,0.9823998212814331,0.9673097729682922,0.10048224776983261
267446095163419,-24.410317211088,31.569065250692,-25.35649924872018,32.147320509162604,ZA,fog,1,120.29765126043128,0.8411737680435181,0.7523257732391357,0.6873242855072021
302215634735033,41.271908839255,44.308127758638,43.33740435709849,-72.85165078415342,AM,fog,1,8704.063443070832,0.12510140240192413,0.031785376369953156,4.668765544891357
2667851503513129,17.27324849632742,52.95912218803253,17.488061276709395,52.96359261191123,YE,fog,1,23.890801739388078,0.987594723701477,0.9857680797576904,0.11635082960128784
153409713461640,8.790179318271212,17.833063690255294,9.127056232901984,12.484798079400193,TD,fog,1,588.6323174603093,0.5614650845527649,0.46180787682533264,2.2273995876312256
197648665524336,32.845770012076,3.9393382718177,24.55902011048271,36.64197344929165,DZ,fog,1,3305.030380979065,0.6352634429931641,0.5186790227890015,1.527745008468628
186111083366529,51.38944480684,5.6393438286668,51.36630304630133,6.054111216357966,NL,fog,1,28.90200321165466,0.07531734555959702,0.022717703133821487,4.911026954650879
2778308682433187,46.907087389519,21.768223720096,48.84559151938405,16.607447001113886,RO,fog,1,441.0110322120935,0.13666318356990814,0.07394617795944214,4.182305335998535
937732960392917,57.179863762985,9.5235696942098,57.14582403505634,9.58020051840428,DK,fog,1,5.097652733623175,0.9190667271614075,0.9014211893081665,0.5747049450874329
1146261095856485,7.3615432427089,134.43713448334,16.029036143733915,-61.675959129595206,PW,fog,1,16866.88417817892,0.4022488594055176,0.22296451032161713,1.7810786962509155
481510253092194,55.547652479706,10.237061583967,49.84553090246817,18.75480607034149,DK,fog,1,854.063087874433,0.0962626114487648,0.0006636381149291992,4.737573146820068
373515770750013,52.085212737279,23.57416942403,51.36666022001165,22.608072078213276,PL,fog,1,103.97742377327664,0.47130775451660156,0.26296746730804443,2.154576539993286
509958026699758,8.7996562999047,17.834358755261146,9.223047158505038,12.5178509773709,TD,fog,1,585.7605042484452,0.6511829495429993,0.5227148532867432,1.889515995979309
898715014311013,48.970224789976,9.8639365242088,35.709846446356444,-97.4427871815826,DE,fog,1,8187.929001733766,0.1118583232164383,0.001446068286895752,4.5466532707214355
1199206943853136,-16.678932002412,-60.816984800192,62.283955956147494,9.846377044015409,BO,fog,1,10687.71208347377,0.18624980747699738,0.06180860847234726,3.6268301010131836
498260671492955,-38.013275055456,-73.225185383762,-35.382998993475255,-72.34298479339708,CL,fog,1,302.85974918631,0.4773517847061157,0.3155187964439392,2.0802688598632812
894859321231304,12.227082918058008,-69.07847800166279,16.013639322571475,-61.64465065371966,CW,fog,1,905.2930447325848,0.253518670797348,0.11743682622909546,3.2382378578186035
1389207538112280,-18.237830811581,177.83923612892,4.847152858852956,159.20927953621344,FJ,fog,1,3280.505240425595,0.9781876802444458,0.9660237431526184,0.14429575204849243
853984918525885,16.723203555806,-62.23130997289,10.221045795474762,-75.62386457839352,MS,fog,1,1617.6769890088697,0.2331719696521759,0.10380519926548004,3.9948692321777344
122049223635653,-9.093844554597762,143.20550105803093,9.809676793446787,127.86685737810019,PG,fog,1,2701.9843059784534,0.5418188571929932,0.36275261640548706,1.8758361339569092
503430330798585,15.754797111762,-86.834109918362,15.47312234473971,-87.7455422553495,HN,fog,1,102.50860601578516,0.720285177230835,0.44886311888694763,0.6364524960517883
909387153127451,28.736208967151,48.003263644262,30.091641001199054,31.742269980232017,KW,fog,1,1580.9071318911933,0.9131934642791748,0.8808125853538513,0.44486725330352783
906902016543352,31.331782024306,46.203432956327,24.550534656640362,55.91914277692262,IQ,fog,1,1215.325697400377,0.3437691628932953,0.1543482393026352,2.954810857772827
2928214434172169,1.1206763559822,104.10141369167,1.1192034970312725,104.09908926273343,SG,fog,1,0.30594207184984096,0.6386983394622803,0.5186018347740173,1.8870811462402344
450152016285778,44.280050101707,22.571319099243,44.45306180088201,25.765163832731652,RS,fog,1,254.59378522940253,0.29420527815818787,0.1811959147453308,2.9812140464782715
364335675754039,27.44091865174831,89.6695301948495,-17.35534933124548,-66.15650031927689,BT,fog,1,17295.45844737815,0.8164869546890259,0.7572138905525208,0.9980824589729309
1465192193846342,49.242897458505,-2.1257188472841,49.21948924821232,-2.0961011926520374,JE,fog,1,3.3763771096001243,0.9474560022354126,0.9341750741004944,0.3758895695209503
307943760727803,32.017590561359,35.44667005004,31.80699721271276,35.39991515972108,PS,fog,1,23.829130861096736,0.5101039409637451,0.04553297162055969,0.8555616140365601
460785571683103,37.925916394446,71.433043060589,37.0419512723072,72.4225195340579,TJ,fog,1,131.46664309667642,0.952259361743927,0.9212498068809509,0.2960769832134247
1128725237604299,-29.134916665635,150.74974999676,-24.359973267652453,150.46092652653968,AU,fog,1,531.7226849094831,0.7327187061309814,0.5455837845802307,0.9313778877258301
490647468911155,40.963268605415,72.227703152599,42.950755176596154,71.70929022240901,UZ,fog,1,225.1161540990607,0.43862175941467285,0.34526658058166504,2.479360580444336
333643931662411,5.6383973900144,16.079947991405,-16.701210690039723,-48.72966595346889,CF,fog,1,7541.598566685164,0.599906325340271,0.2983088195323944,1.210976243019104
1227174381045729,47.768093183573,107.23115509769,48.065616315650985,106.91732570197891,MN,fog,1,40.515050406861164,0.3681991696357727,0.19301971793174744,2.2412567138671875
1407497409603690,3.0843020507054,19.86280519181,1.999165674965961,32.19616536470685,CD,fog,1,1375.335229760694,0.7812241315841675,0.6845444440841675,0.9353470802307129
3723636841075361,45.568657163831,14.018918146853,51.341566650953744,22.66747373977281,SI,fog,1,903.7379066111899,0.7226682305335999,0.6927626132965088,1.7597049474716187
165305525550262,8.3525370889256,-10.025850369874,6.881359357722096,-11.361313686909227,GN,fog,1,220.05329928007944,0.8597805500030518,0.7471297979354858,0.5280996561050415
340729614142712,18.491135,53.019456388889,55.10992213694681,8.482366092246163,YE,fog,1,5526.1197907021215,0.4591709077358246,0.29283517599105835,2.8879802227020264
454659182301876,-11.625933853582,43.262174830246,-20.93440663095816,55.40125543979645,KM,fog,1,1656.7996243592534,0.6030093431472778,0.3946853280067444,1.1054224967956543
668193423973890,-24.287426139806,25.329460617088,-24.21673051902128,24.993450198894205,BW,fog,1,34.96052940611747,0.9957140684127808,0.9951295256614685,0.04247114807367325
838630760070492,25.060757368329,105.86456403205,21.449673111726167,101.95795920530384,CN,fog,1,566.057302401574,0.837048351764679,0.7892858386039734,0.9298827052116394
390606075408650,42.986310463262,19.555681585034,40.912721628016385,39.55260706447591,ME,fog,1,1665.6875053156493,0.7662787437438965,0.692831814289093,1.3588913679122925
131134676170300,-12.948481303182872,45.128315287832365,16.03719686330831,-61.80065506188575,YT,fog,1,12181.481775052009,0.5476409196853638,0.34080833196640015,1.2882522344589233
1792656240942534,13.919496365755608,-90.97051612073146,14.445773789736418,-90.34560107326469,GT,fog,1,89.23626424911687,0.8698670268058777,0.7995573878288269,0.5950496792793274
170823461623752,16.241110201764,-89.025642613932,16.782790193743214,-89.2331140617745,BZ,fog,1,64.16478975089277,0.6581562757492065,0.48498648405075073,1.031499981880188
326797512347685,20.477204466217,103.99483406515,21.51340247338179,102.2208931841418,LA,fog,1,217.22789916523425,0.4319664239883423,0.18582481145858765,1.8938289880752563
603719283920573,40.194963555707,44.545682589004,40.315057835683454,44.31851812480279,AM,fog,1,23.450931957860195,0.5538394451141357,0.23107755184173584,1.2288517951965332
307023807471036,48.822446939892,15.635962976885,44.56079761521883,25.625125442661414,AT,fog,1,896.1460057292051,0.4850110709667206,0.3088343143463135,2.234170913696289
1360919617610849,48.744206328516,20.484833979395,32.28854640699579,76.51102086776838,SK,fog,1,4949.559170131509,0.062470756471157074,0.008599720895290375,5.309180736541748
4130359377021158,12.744808419842,-86.016174505038,-8.563098102319604,125.53134426796318,NI,fog,1,16538.78043486008,0.25690287351608276,0.16897788643836975,3.2143759727478027
186509513837116,-9.162518629974178,125.26855431414576,-8.227313666778759,115.15125146538115,TL,fog,1,1116.8689301282177,0.6237297654151917,0.4963555335998535,1.5262728929519653
305027981215954,-18.157704641057,178.42394691893,4.080369635244788,158.15043234754444,FJ,fog,1,3324.6519853492755,0.8711566925048828,0.7963689565658569,0.6645781397819519
156576193076602,-0.78254800116056,36.454570001926,8.027426047462669,38.696333348051354,KE,fog,1,1010.6578811593037,0.9978621602058411,0.9972377419471741,0.020219774916768074
713195779986935,15.71706020536666,-87.91892889999826,4.961211899845456,-72.85193183020695,HN,fog,1,2034.1017602160032,0.3582437336444855,0.013881772756576538,2.257380485534668
211686643757850,18.378333055477,-65.856644722755,5.898293159580628,-55.25465119018164,PR,fog,1,1802.2006808291958,0.3192964792251587,0.20130112767219543,2.751737117767334
1127316044444733,45.524200027704,20.00828632566,45.608784173453095,20.595643754058848,RS,fog,1,46.6803184105305,0.11945508420467377,0.044624827802181244,4.553443431854248
1705161749686063,1.6727266549458,109.85191823171,-25.501796470221688,-48.792468475959744,MY,fog,1,16514.505997338303,0.17643776535987854,0.012086614966392517,3.3767571449279785
1180959432346280,4.2166399722222,-55.441371916667,18.44698717528238,103.74191926657386,SR,fog,1,16616.087470975624,0.6493025422096252,0.5360623598098755,1.6166787147521973
152378826822821,62.297150880353,-6.3605044614883,62.7413275400801,-7.108595155569333,FO,fog,1,62.551691099149345,0.9973664879798889,0.996037483215332,0.02181321755051613
2163885233752606,46.261529486069,41.00615902421,45.86032426934364,40.28700868001414,RU,fog,1,71.19723760439501,0.9302961826324463,0.8981115818023682,0.42594417929649353
828943404645761,-4.2440126883445,39.574345953224,17.376129592809164,-88.43561411628889,KE,fog,1,14172.73147507811,0.400060772895813,0.15677352249622345,2.0060982704162598
145074444769704,19.85141683329288,-70.79678177411726,19.842429213870602,-70.7913840271503,DO,fog,1,1.1478129630506675,0.6134000420570374,0.31558412313461304,1.0588098764419556
167921538557854,32.347416850468,15.10321327924,34.79374456478727,10.782249484292715,LY,fog,1,483.91985330936404,0.31561508774757385,0.10440024733543396,2.3631410598754883
628318788994208,13.152619444444444,-59.56710666666667,13.10499230742546,-59.61074937947852,BB,fog,1,7.098001594742553,0.8105581998825073,0.7742525935173035,1.2459347248077393
842741859611073,16.018956092128,-61.581760537768,16.20731430151612,-61.589702894859926,GP,fog,1,20.961655581749557,0.26096197962760925,0.05701453983783722,2.5595169067382812
310752417096783,66.229694079253,29.133889499018,64.10808960943174,29.51913151196455,FI,fog,1,236.5953549951279,0.5083370804786682,0.2971796989440918,1.3815585374832153
280932113713079,11.564178753638,15.28787472986,8.789941624475286,1.5509450916150251,CM,fog,1,1534.496770453171,0.9037740230560303,0.8743646740913391,0.6917579174041748
306629164189671,31.994107162003,34.880880875532,25.615801520733363,-100.24647545567699,IL,fog,1,12035.032022260904,0.4800172746181488,0.31909018754959106,2.3746750354766846
375713220429607,-20.444336397825,57.719071106087,-33.96564451577409,25.53038018778771,MU,fog,1,3500.2452072138103,0.5699567198753357,0.4343312382698059,1.8756074905395508
935998006944813,2.0128177809748,-157.40717950301,5.009180578450956,100.56542764581789,KI,fog,1,11318.94413435356,0.1524309515953064,0.06307964026927948,4.131425380706787
243279310922728,22.002956746269,59.647583227775,23.60258376386149,57.5351925495695,OM,fog,1,280.20956238464606,0.9562481045722961,0.9435804486274719,0.311323881149292
302369984598824,4.2729453578223,11.366798338452,3.943192789806991,11.03778042305555,CM,fog,1,51.73058666072049,0.4677778482437134,0.043650805950164795,1.0976893901824951
1410294946017903,39.031705816026,125.75630076806,18.54093605679019,73.80847323864616,KP,fog,1,5464.2319840874425,0.3851397633552551,0.265887975692749,3.1400434970855713
557405362093639,36.954042854563,8.9131949083518,35.25981121176277,24.79386919264356,TN,fog,1,1437.3344885912902,0.47941526770591736,0.149643212556839,1.5847572088241577
508273253877668,60.696459628121,23.784802432989,61.83010846884407,29.041272434568402,FI,fog,1,307.87831189117264,0.7499812841415405,0.6310933232307434,1.0670604705810547
822631438351061,41.306291815096,76.061806069928,66.52895162536561,14.447947194041536,KG,fog,1,4626.577757988778,0.6582909226417542,0.47209668159484863,1.4683160781860352
1138310456645189,43.382281881015,16.41157939924,37.04959250521573,136.94180443296497,HR,fog,1,9246.482903688142,0.11126512289047241,0.02559107542037964,4.722231388092041
222871899226271,-15.510435536345,40.349633637766,6.349343126242172,37.309770033647105,MZ,fog,1,2453.6513509286774,0.5825948119163513,0.3940804600715637,1.3634350299835205
653703302135487,21.606686370966,39.215434593079,22.792654998731273,38.25987460301233,SA,fog,1,164.52411576554962,0.7950431108474731,0.5942375659942627,0.5370461344718933
512353726583180,57.378685294191,22.247361108176,56.82997016774892,22.347846874918435,LV,fog,1,61.31535950677551,0.5046880841255188,0.3582392930984497,1.8317975997924805
221188212807394,5.9007667928315,15.424776553249,-16.619963974098795,-48.598815638330926,CF,fog,1,7468.438971892357,0.29814669489860535,0.1600656509399414,3.4015419483184814
319019459840888,18.609369461477,-74.151456712619,18.621167302943842,-74.14985424950406,HT,fog,1,1.3226836020948336,0.22866052389144897,0.0833832323551178,2.740945339202881
3291218371154050,-17.313447180213565,37.46183809351605,6.493307564606351,2.640559957124063,MZ,fog,1,4651.931630884952,0.36880120635032654,0.08914777636528015,2.1099939346313477
584561212946534,-19.59947361892,169.46805368552,13.887673712866684,-60.99286411991855,VU,fog,1,14622.827473624473,0.3798640966415405,0.2687304615974426,3.0598831176757812
304491461128491,-24.913992289767,-56.992001471465,-24.97483317608036,-57.54852978450795,PY,fog,1,56.51682714043835,0.8518269658088684,0.7483891248703003,0.5923876166343689
297816615150376,21.480754782652,-71.133236713743,21.963951838556316,-70.0597203424495,TC,fog,1,123.22295818194898,0.540724515914917,0.13970452547073364,1.0800416469573975
393440354996585,52.70481457742,27.450028836652,50.82422314452146,22.313388386646547,BY,fog,1,410.57070239695713,0.2305176705121994,0.05832093954086304,2.9083075523376465
473720683849376,40.29467551394,43.521641209406,40.266689231454194,43.574992007915114,TR,fog,1,5.492365754165808,0.9780392050743103,0.9579084515571594,0.11772023141384125
454870842476357,28.72600008284,48.263573067355,30.027485285151275,31.691471190079195,KW,fog,1,1610.8731801425854,0.9448046684265137,0.8993130922317505,0.2714901566505432
151442870324225,56.727613998069,9.8232903910496,56.29174142737015,9.48325365214374,DK,fog,1,52.766517423764824,0.3788544535636902,0.30107805132865906,3.411524772644043
3734785956631637,-32.223694448748,147.71777777513,-31.03258171095056,148.67500293033964,AU,fog,1,160.48311316914533,0.8807950019836426,0.8266303539276123,0.5804882049560547
2674396816191889,2.5936083377885,9.8483489898272,7.120443023586297,36.55650432622758,GQ,fog,1,3000.6815598840208,0.9942219853401184,0.9912212491035461,0.04578208178281784
1379450249134838,11.1299017047619,42.37458637619046,14.532740582618707,43.228287791134676,DJ,fog,1,389.5305668031482,0.8462847471237183,0.7684783935546875,0.7746134996414185
275414690944598,-13.67751150128,-71.664754722863,-14.533280742054298,-70.65330104498778,PE,fog,1,144.74981523893163,0.8999220132827759,0.8821666836738586,0.5804730653762817
1234218287109955,-20.82413546364793,164.48620687630458,-16.487202184662276,145.45291550847077,NC,fog,1,2060.8265360196397,0.24813956022262573,0.032538190484046936,2.5786755084991455
302961411491361,46.996007579057,27.801513788055,46.493719672289714,27.843693906185198,RO,fog,1,55.944260669486816,0.9236789345741272,0.8658521771430969,0.357656329870224
948698085931649,49.321417002248,19.543460957034,39.95575412405411,29.761453518191477,SK,fog,1,1315.8918964598793,0.2090691179037094,0.08740919083356857,3.6130471229553223
328279275310503,2.1101448348,45.328888943853,34.81527533444299,10.748486824556062,SO,fog,1,5098.496471651016,0.2975179851055145,0.18070676922798157,2.8976619243621826
3938529579574500,12.745875526918,-6.8748541915599,12.793139928254405,-6.441344458567874,ML,fog,1,47.30470370005655,0.9912416934967041,0.9855697751045227,0.058814022690057755
1194874720960051,12.083080655367,-61.701340518071,14.076558149487122,-60.98688971670353,GD,fog,1,234.78178737978706,0.31909453868865967,0.16979430615901947,2.580794095993042
2660802827398825,16.196727547951927,-16.262142180464767,16.662562190412157,-16.031649100054146,SN,fog,1,57.335905431561606,0.40092042088508606,0.1321696937084198,2.4446182250976562
474318140350732,-30.186929671859,28.721722313277,-2.5045374649509133,32.84476564537197,LS,fog,1,3108.651979675566,0.12284991890192032,0.0008252933621406555,4.055190563201904
131538628927343,23.927591478789,56.89006326826,23.526990751503924,57.389980436920574,OM,fog,1,67.63099662431155,0.7597472667694092,0.6798102855682373,1.0579993724822998
956252018280238,5.6732085786965,16.632589745091,10.03426968176872,-12.993708313107867,CF,fog,1,3297.7087998206453,0.27319473028182983,0.08173200488090515,2.7848262786865234
986557568784559,47.96199867689,3.329329196682,48.9742310875527,0.07176123374494867,FR,fog,1,265.2048593449909,0.37016311287879944,0.22213831543922424,2.6529123783111572
858888201360481,27.431311876486,89.411968800978,-7.260019883787802,109.72078228813865,BT,fog,1,4433.374658311985,0.6082544326782227,0.5350505113601685,2.11582612991333
1122494928228049,-6.2923231452892,176.31516236757,23.16017177062445,89.68233094084242,TV,fog,1,9940.206215577846,0.9882617592811584,0.98381507396698,0.08862853050231934
822289958383794,41.363620514254,46.930408712763,-25.239321007959926,30.92935120828195,AZ,fog,1,7587.399335384495,0.5699917674064636,0.21494132280349731,1.1572983264923096
507580496941067,41.24483557588,71.582892060753,43.926549812809554,18.743055480456345,UZ,fog,1,4261.817446559878,0.28443723917007446,0.03138306736946106,2.198643684387207
850897392160274,15.37337039371,101.11838827961,15.205288702267147,101.69641684497013,TH,fog,1,64.75474107716506,0.8811290860176086,0.8216530680656433,0.6923920512199402
1479666545728283,-2.207944528615442,29.59226081231841,-1.8757700608939014,29.698183122070738,RW,fog,1,38.766247919110185,0.2395753115415573,0.060859307646751404,3.241724967956543
580789552886656,50.678594855093,4.8188742178492,54.239083991496024,19.224061711306177,BE,fog,1,1050.8724181859743,0.22744938731193542,0.016099929809570312,3.50650954246521
795872621134242,21.469950825343,-71.131968567748,21.5296953215272,-72.56333201503148,TC,fog,1,148.23418010061079,0.8786270022392273,0.8069769144058228,0.4677892327308655
537185557301814,21.468632587884,-71.131614335596,21.58598552422437,-70.89753959841562,TC,fog,1,27.504766750220636,0.8521475791931152,0.7188282012939453,0.5165709853172302
533124681034633,9.6221481881675,5.9902728883701,19.487829123272668,-70.74783868388288,NG,fog,1,8272.502593527961,0.26300567388534546,0.0519661009311676,3.020432710647583
459637375114061,16.326241192515,-61.485416089177,56.426923849979836,36.7378164763609,GP,fog,1,8994.714337425165,0.3552721440792084,0.2812506854534149,3.6656525135040283
761065858107101,18.02556598756,-63.076095445477,-33.70513481792012,18.46344281611303,SX,fog,1,10360.210018546777,0.5665012001991272,0.47735854983329773,2.2749502658843994
175886771114688,37.132743072818,71.445580058334,37.07830011323051,72.01846591249698,TJ,fog,1,51.16331852002455,0.999311089515686,0.9991148114204407,0.007796428631991148
3028763490743210,44.505071370572,14.497751817403,39.66392893104247,3.434193495632799,HR,fog,1,1058.5324294137629,0.8925032019615173,0.8622382283210754,0.6164926290512085
4083027895078105,6.922264444172,81.810604007404,16.2197831468016,104.085109889687,LK,fog,1,2634.193776500405,0.18511515855789185,0.005392968654632568,3.2310633659362793
196273232181806,10.57170873112,-61.274575577684,-7.77381381962053,110.41767627934703,TT,fog,1,19051.625505421256,0.47815319895744324,0.3636489510536194,2.1479504108428955
311046543750546,5.8181956657151,-55.229591655912,16.193601085615914,103.90653989197106,SR,fog,1,16659.37009037259,0.636766254901886,0.5675570368766785,2.1123392581939697
1340777496415094,-24.184041937054644,-56.01406804634483,-24.35317666296496,-56.34170517463673,PY,fog,1,38.16727087470462,0.8933366537094116,0.8268253207206726,0.4418148100376129
320265609670289,38.422783933334,-28.447899110035,29.150734007480455,-13.374112830162865,PT,fog,1,1729.2033790870973,0.15766434371471405,0.05405331403017044,4.233058929443359
587462658901340,49.482634783129,7.2198204378864,40.80469352955788,-82.25743598438908,DE,fog,1,6662.348297393895,0.15302503108978271,0.10491304099559784,5.424418926239014
1117419915461502,-13.3507635470948,24.07831798797145,6.352425522862193,37.40074964523898,ZM,fog,1,2639.026727123531,0.5897945165634155,0.3068738579750061,1.3481595516204834
293849812373143,21.729330866875,58.283925067403,24.67952560494007,55.716016490091526,OM,fog,1,420.0760031777755,0.16057519614696503,0.009555160999298096,2.831562042236328
913136816207204,27.685309394915,84.245084160599,23.99847585394227,90.57687656838222,NP,fog,1,754.5013906795155,0.5926519632339478,0.42617517709732056,1.386095643043518
1427947294218129,38.134538979321,20.602291273787,41.4398990176159,13.129223784215613,GR,fog,1,736.3622270265868,0.9418935775756836,0.9099461436271667,0.37753593921661377
950864868999393,51.137636946693,23.395299320308,50.63204236250378,22.34009493095364,PL,fog,1,92.95059670344892,0.4463742673397064,0.053663045167922974,1.4526556730270386
223308666224105,10.524123082769,-2.6530083555487,6.1896245694831595,37.591403383591775,GH,fog,1,4450.479184913204,0.356438547372818,0.03129160404205322,2.288592576980591
202168424910797,63.087501381586,29.619921161522,62.59239761111511,29.7615534473193,FI,fog,1,55.52038487601368,0.4204418957233429,0.19960962235927582,1.7746680974960327
134334415352783,34.771117780932,10.388663407803,34.744603174478506,10.481055986867403,TN,fog,1,8.940565953029191,0.615410566329956,0.26436471939086914,0.8299827575683594
1123967504754624,2.462911169111,9.8411851986574,7.442333757465877,36.327645778520136,GQ,fog,1,2984.821243865453,0.42183393239974976,0.17549699544906616,1.7838211059570312
563150931329907,-16.454467194083,-152.25488087725,14.006766865703002,-61.02191482154321,PF,fog,1,10572.630118903604,0.39136603474617004,0.23560687899589539,2.2465412616729736
527782441730123,19.613317472222,37.21518325,-15.408753717920094,28.357405646612627,SD,fog,1,4012.941262771629,0.554742693901062,0.3942297101020813,2.1029162406921387
874132063313509,2.1211650392132,45.325477296944,33.97711867961068,10.022611212223202,SO,fog,1,5094.298640025831,0.18877331912517548,0.03771361708641052,3.196686267852783
1414690518888723,4.4280699971271,-7.3572366993037,6.497653472669591,2.648206737918387,CI,fog,1,1131.084682913536,0.3204714357852936,0.010657459497451782,2.0937838554382324
1488652064809969,31.757099517069,35.492951999494,25.8533058039492,37.7018571920419,PS,fog,1,690.7955093001519,0.7288086414337158,0.6395348906517029,1.3210783004760742
548267689892757,4.8188638046841,31.553307958678,12.631903846437497,-7.7078953315610095,SS,fog,1,4396.168122919982,0.42676660418510437,0.19022488594055176,1.790379285812378
151479410277523,13.926511407569,-90.820049410327,10.953950219312958,-74.79768889011319,GT,fog,1,1770.4150326673775,0.8792483806610107,0.8375383615493774,0.6331202983856201
282741450237053,40.63918244788,14.689358309553,39.84516715829827,15.947895144580599,IT,fog,1,138.58295604111242,0.5468612909317017,0.4146510362625122,1.9455902576446533
466856821203613,32.362756289357,15.075112091192,34.77010437908076,10.796541586074008,LY,fog,1,478.25593894051633,0.4373646676540375,0.28660935163497925,2.346656560897827
503692787493112,-8.4956747146718,28.873913205907,47.11407382614844,-88.47729249874129,ZM,fog,1,12751.385603865654,0.6157809495925903,0.5280224084854126,2.1335034370422363
129527739201981,50.74400552946,15.089402768176,50.93529060425146,14.74879599490802,CZ,fog,1,32.00670102586505,0.11807716637849808,0.04088550806045532,4.161330223083496
459080448727005,43.398268683651,17.872251876102,42.80986160553826,18.61186207771769,BA,fog,1,88.80370212077912,0.7402212023735046,0.6794027090072632,1.4493640661239624
2599771000325900,10.491317886291,-66.940783689543,4.813454860540517,-1.7861214459586128,VE,fog,1,7197.057378814469,0.2851712107658386,0.012319386005401611,2.7739055156707764
1586218158513391,-35.09726470656671,-71.96444205112698,-35.13233871891082,-72.02426898933234,CL,fog,1,6.694971874643308,0.6270305514335632,0.4895726144313812,1.4046846628189087
790312034924185,6.4665061966066,-73.264673048874,-23.48631949728427,-47.47902864052396,CO,fog,1,4351.274121396275,0.6533904075622559,0.5952574610710144,1.9422650337219238
3828714587227647,-28.982228650362,17.795137519664,-32.80581234512609,18.580641615631787,ZA,fog,1,431.7140919304126,0.9847347736358643,0.9770480990409851,0.11525026708841324
915335685911826,-26.650343222475,31.676701721271,-25.16556506909269,32.413953228251415,SZ,fog,1,180.8173912414062,0.805242121219635,0.6723089218139648,0.8346826434135437
295989332000056,-21.294072972472,55.453451741806,-20.932042515435242,55.38143969343566,RE,fog,1,40.943130387247585,0.9326284527778625,0.8922207355499268,0.3128427267074585
762826894424335,15.953620769688,-61.226106662441,16.02073352980953,-61.663627812232676,GP,fog,1,47.36013771764933,0.4075988531112671,0.07015383243560791,1.175578236579895
748877299000226,37.48624814219,-5.6260757420713,39.26930401199648,33.72365641242343,ES,fog,1,3408.7744418418274,0.3599845767021179,0.06617093086242676,2.200712203979492
995130811306873,23.092040987381,59.032220074214,23.633708594795394,57.537904380674,OM,fog,1,163.99644853730382,0.7903928756713867,0.6420787572860718,0.7923784255981445
173462692069034,50.00493277190843,-109.16881836125964,50.00452373343818,-109.53839617506985,CA,fog,1,26.4128854630157,0.413246750831604,0.29024267196655273,2.3281688690185547
374397180633667,51.090338894144,4.5540810997605,51.082865444154,2.5208971860858114,BE,fog,1,142.0087804247589,0.6028210520744324,0.579623281955719,2.4668045043945312
925791128266982,3.9464155812419,-59.099715656841,40.81468604193415,19.76833428765905,GY,fog,1,8784.732684074475,0.10498308390378952,0.0029407888650894165,4.3043131828308105
1008151256597783,5.4088235841337,-54.080394782482,17.719437261747608,104.8031905472732,SR,fog,1,16552.999876924623,0.15965329110622406,0.07653077691793442,4.525135040283203
183020897030038,12.165472591779,-68.284782803721,-9.413138533661336,147.12138645758492,BQ,fog,1,16138.253011833107,0.44663530588150024,0.29780152440071106,2.5526933670043945
497361505026790,24.459011977771,39.707017834424,25.244860069164265,51.53071144586215,SA,fog,1,1195.7926521809923,0.3783191442489624,0.18161259591579437,2.1798412799835205
312120757154735,47.999359257395,28.38593989914,47.925006509391466,28.46135124208163,MD,fog,1,9.994115552947111,0.9337018728256226,0.8984264135360718,0.3470500111579895
507960406990835,40.602484593203,70.9323931635,40.791911710793215,71.53002560192823,UZ,fog,1,54.60849923945418,0.8040763139724731,0.7402893900871277,1.0524749755859375
1068908920302393,28.118257713069,84.092550077463,20.340926674167857,97.3562953023001,NP,fog,1,1597.1529479434294,0.4753744602203369,0.2959495782852173,2.22636079788208
2455881761214087,9.3112240684333,7.2316171757752,5.2735585670570995,-0.7213280827358648,NG,fog,1,985.2169609919212,0.20996887981891632,0.15002299845218658,4.281395435333252
308361434006892,4.4588854980948,-75.339098450144,18.556889781796915,-96.99329956697802,CO,fog,1,2826.6568638143526,0.20718857645988464,0.10110712051391602,3.1895346641540527
155484156583350,-42.588544997261,171.13273084297,-42.683274043713176,172.84470977849648,NZ,fog,1,140.43827131143814,0.4513038098812103,0.31066784262657166,2.233396053314209
792143884742189,53.499641726189,-10.025130557347,53.49794911292392,-9.907379646161775,IE,fog,1,7.790689673637839,0.9799848794937134,0.9769070148468018,0.1659400314092636
538480140482205,46.417273237497,15.981580762317,44.699675472176004,10.849898963312416,SI,fog,1,442.72018873607095,0.09919949620962143,0.05457615107297897,4.826808929443359
968891463855525,40.418204733364,44.58904057928,47.92514849278491,106.91133235245607,AM,fog,1,4902.728271814789,0.3455043137073517,0.18505926430225372,2.669173240661621
2562980810671463,39.539716862316,22.649912734594,38.30057209649599,33.82633967796219,GR,fog,1,976.0093438565463,0.452055960893631,0.3348371684551239,2.7186291217803955
840569223558585,53.471437474357,30.369358954069,44.53695246414476,40.24688426292158,BY,fog,1,1224.804582344295,0.20140957832336426,0.02764551341533661,2.666063070297241
212713197082595,42.7199422641,21.124316375918,42.5950682160501,21.151786501720114,XK,fog,1,14.065893815538496,0.818103015422821,0.7812427282333374,1.1085256338119507
300368228286972,2.6515753388508,99.632830332947,10.107459791336073,76.2349818312855,ID,fog,1,2713.2516855112126,0.5309521555900574,0.41173312067985535,1.8762695789337158
803382520382829,-28.928078796683,27.877133995547,-29.401057406825267,27.54714025114292,LS,fog,1,61.58462729786221,0.5390987396240234,0.22806915640830994,1.1649813652038574
1251699818583166,9.3253458360703,36.511457430463,7.867804337918367,35.88766235070841,ET,fog,1,175.98441833830645,0.7370052337646484,0.6554136276245117,1.2977468967437744
134346362021204,-20.169316372954,57.574783850557,-35.1075305856631,173.5448948276453,MU,fog,1,10889.377992089883,0.28825876116752625,0.0013208985328674316,2.903621196746826
2659684644176450,15.207410023546576,-14.26851329497232,13.519459743148108,-6.634650444809668,SN,fog,1,843.3902038946964,0.4269860088825226,0.14768001437187195,1.8842805624008179
338266731040151,-27.714887442632,27.237097549584,34.407287153653854,-3.4754581969128613,ZA,fog,1,7626.143749157663,0.39743772149086,0.15449100732803345,2.539412021636963
290719459343271,25.048779030648,-77.341776655437,17.138600527354967,-61.464101734052456,BS,fog,1,1865.0610381942972,0.9831681847572327,0.9809092283248901,0.14718256890773773
592656634965955,46.682736593205,21.206630159237,48.70629078401445,21.544541640208724,HU,fog,1,226.42511150853355,0.26676106452941895,0.045994833111763,2.8158295154571533
327481305476197,3.6341919176295,72.959377283817,1.361009129510076,103.82513746981637,MV,fog,1,3437.8520604140444,0.6179144978523254,0.5114012956619263,2.0593833923339844
511298200008833,41.001835659413,71.969851087691,40.78544369250333,71.9278756565035,UZ,fog,1,24.31899218215448,0.9774963855743408,0.9652960300445557,0.14687098562717438
1048097032779725,43.42241145892943,4.995993425198574,39.17274175101985,-3.0519254461873015,FR,fog,1,821.1586102460166,0.2534986734390259,0.023819193243980408,2.55976939201355
275678077530743,-17.141803188939,177.19494791591,39.89361841779411,15.849211819070806,FJ,fog,1,16911.488838104506,0.12481328099966049,0.034184351563453674,4.466475009918213
292380389132080,14.868771348072,-61.121170377502,14.595752653104428,-61.13477405688982,MQ,fog,1,30.393521714350953,0.9317460060119629,0.8763049840927124,0.30277225375175476
195963679022241,41.444760586953,46.861020646343,40.55002945433923,46.93399212290967,AZ,fog,1,99.67785086791176,0.6899250149726868,0.6062696576118469,1.5719863176345825
967102544034985,16.986811638045,120.77076999861,-33.07117353622887,-71.46326766293681,PH,fog,1,17847.03210390324,0.21253935992717743,0.11337534338235855,3.9350733757019043
132001678913743,-38.053559635768,-63.429009930635,-35.875872850058336,-58.16634387004244,AR,fog,1,526.426356724508,0.12803126871585846,0.041359663009643555,4.737999439239502
4323012444383952,-25.366368202834,-57.609654895019,-25.557800381615017,-54.618215429324806,PY,fog,1,301.07114421100414,0.5455356240272522,0.32433193922042847,1.3836302757263184
1156261378535995,32.32323776884,-64.709264213971,14.614500248535554,-61.08813921957719,BM,fog,1,2003.032716684022,0.6582012176513672,0.5779271125793457,1.656029224395752
1022165461521852,10.726476338495,-14.376868641028,16.46516573385237,73.5485089984883,GN,fog,1,9453.44371091406,0.8666660189628601,0.8135600090026855,0.7809819579124451
193167485884135,44.181071716568,19.719133913291,44.24900166608901,19.963100436168375,RS,fog,1,20.858936195864047,0.5663397908210754,0.34147191047668457,1.7000422477722168
2679866852305147,50.425563977087,60.525062163106,51.67712069968123,53.39598295323883,RU,fog,1,517.1481252905803,0.5086321830749512,0.16963428258895874,1.5315343141555786
924145305018051,45.915356124611,13.677818254528,46.24441937534983,15.228014340176264,SI,fog,1,125.03890188836851,0.10225434601306915,0.050499361008405685,5.240814208984375
3991894140857885,6.396085635246,-10.578195078991,6.321236384378254,-10.527922999987176,LR,fog,1,10.006735543880984,0.8799290060997009,0.7965930700302124,0.5003745555877686
3753076561487105,2.0937663139626,45.333850241529,33.99196985469285,10.015954816069087,SO,fog,1,5098.660427343675,0.9271376729011536,0.9103788733482361,0.48552483320236206
4014259028668392,-23.777002866313,29.535916133115,7.893389531328279,38.707661717161564,ZA,fog,1,3659.794445266467,0.664147675037384,0.54252028465271,1.5407707691192627
1164259444051011,-33.004571460529,-56.45950492044,-33.12965843717018,-58.69321687635295,UY,fog,1,208.60843694719784,0.9106236696243286,0.8727378845214844,0.6107833385467529
427797935584192,-3.381688479243244,-44.524339863567576,-3.1492857123211917,-44.722002594623966,BR,fog,1,33.90164881967298,0.9982956051826477,0.9966524839401245,0.01299194060266018
348228456711934,0.368039651477356,6.712420799552506,6.098052394058485,1.1057452968340782,ST,fog,1,890.5416807219262,0.24369370937347412,0.005209788680076599,2.795576810836792
4037485459669920,4.8556815609205,31.589953699137,-2.5556713272658413,32.74850994883567,SS,fog,1,834.095298435787,0.5758793950080872,0.44689762592315674,1.6581721305847168
157040263028996,18.045966582305,-63.112275507715,-8.268638497483606,-35.96335702353829,MF,fog,1,4176.582420809152,0.530988335609436,0.46448811888694763,2.5547120571136475
1124425647962016,-8.100649444444445,156.82296055555554,-9.529374162669413,159.37990865319995,SB,fog,1,322.7588729750294,0.9198296070098877,0.8426691889762878,0.3041887581348419
190098606266094,55.069795005888,22.812891905378,54.30728322182423,28.12895248911707,LT,fog,1,351.945618260521,0.4364215135574341,0.3610037565231323,3.122042179107666
3863626387049111,15.379540488714,-61.26786022339,15.393181684460728,-61.24799959489163,DM,fog,1,2.614283750184429,0.9942130446434021,0.9902957677841187,0.04129175841808319
807900806500123,19.60787766549,37.220870972767,13.322129355503149,-6.693255847563125,SD,fog,1,4722.067299043508,0.32571905851364136,0.017465025186538696,2.7644600868225098
135555819075899,46.30515446867184,15.555693802754446,48.328477484012616,14.285153446231417,SI,fog,1,244.5126423048195,0.44439697265625,0.30830103158950806,2.636777400970459
152233856857550,11.552312562133,43.119735981314,-6.852471339874924,39.24838328634465,DJ,fog,1,2090.845170799479,0.35745683312416077,0.17315176129341125,2.6154539585113525
319392699542913,1.3294518861992,34.311410798855,1.1479164860096982,34.48258358700792,UG,fog,1,27.741186110310615,0.891605794429779,0.8581341505050659,0.5535719394683838
991289955033112,34.234741855173,35.65948675276,33.92749233926306,35.513009560970616,LB,fog,1,36.731453034888084,0.49201029539108276,0.35205936431884766,2.270224094390869
328520695545965,63.434626046589,-19.024249484436,62.077435479083256,-7.265040898598869,IS,fog,1,616.3355987911995,0.698907732963562,0.5548015236854553,1.2309212684631348
464789361418887,3.807393,113.74682650005,5.2872865513408245,115.55209434875,MY,fog,1,259.0724043549725,0.6896913051605225,0.5904048085212708,1.9019274711608887
1310937239362809,-16.05923501421255,28.45034874273332,-15.568143622293704,28.914875357242877,ZM,fog,1,73.83624101655528,0.6741543412208557,0.5050292015075684,1.13112211227417
1177148709364507,3.9517282399816,-59.127383286379,19.3610583969913,-96.5641442232026,GY,fog,1,4406.576830790906,0.7746685147285461,0.6930088400840759,1.1240843534469604
141607461308537,-22.361528273609,-59.837892878355,40.923317841052075,68.71037308937208,PY,fog,1,14812.209603014182,0.6922429203987122,0.5694044828414917,1.3350790739059448
463077528107904,-4.7878008330033,11.864756923075,5.292748121298533,-3.839436702580687,CG,fog,1,2073.1131121122194,0.5214223861694336,0.05747172236442566,0.7942211627960205
173215948022940,8.5714365537216,-9.8691302343456,6.969549162373583,-11.584760126193528,LR,fog,1,259.7162157181137,0.9734379053115845,0.9631176590919495,0.18452110886573792
3926033430843905,32.171256244263,35.467920604541,32.108526561577605,35.289605015518205,PS,fog,1,18.18052064443003,0.9950946569442749,0.992365300655365,0.042045000940561295
916665025779516,24.524150796485,67.540287646591,24.50526144774544,69.46544076473256,PK,fog,1,194.77987026963308,0.13699252903461456,0.037125878036022186,3.839998960494995
842532369808274,41.215589499727,-7.4506176074975,41.15606282483492,-7.538204441793467,PT,fog,1,9.87591908543967,0.16372384130954742,0.0545009970664978,3.179192543029785
909312326294088,28.050014468342,-14.340539294975,36.6233145327377,-4.526225561121621,ES,fog,1,1324.7261367897102,0.6220399141311646,0.4750417470932007,1.5159224271774292
1207676993015897,10.787243979814,-68.323068119416,5.263540124822204,-0.8395092040752755,VE,fog,1,7442.903480581775,0.7470129728317261,0.6560426354408264,1.258216381072998
317484316498860,51.531648181729,128.20909035955,52.69828271088319,41.37292804527247,RU,fog,1,5552.905338921557,0.6227474212646484,0.2891126275062561,0.9319995045661926
947661819318356,17.121694235905,-24.994762874038,15.955859546850421,-24.913264164530517,CV,fog,1,129.92564846280328,0.975141167640686,0.9518607258796692,0.12676073610782623
3947329925333716,12.679493966294,-6.7269231036328,12.630220248409453,-6.224703390955165,ML,fog,1,54.76245000990799,0.9950990080833435,0.9907383918762207,0.0338396318256855
142131454599179,24.557496611483,35.148695104321,36.23741160395774,-116.69199597811628,EG,fog,1,12637.004926750678,0.12852762639522552,0.001919969916343689,3.7744216918945312
165567675960284,19.612087898208788,-70.1751715983372,21.487159931280196,-104.73900731748662,DO,fog,1,3597.64220114826,0.6207302808761597,0.45656371116638184,1.2271578311920166
1366666657062368,47.544360211205,12.177256693404,46.59959216313901,14.296493704502147,AT,fog,1,191.80914092498475,0.20686309039592743,0.10965203493833542,3.3233001232147217
829244944391118,39.11803685393,-7.7196219014644,39.33225495246529,-6.482334667568635,PT,fog,1,109.2071524711949,0.46911701560020447,0.14760372042655945,1.8712491989135742
298013541938371,41.541448730912,-8.7560397976019,41.26652610134691,-8.235950800798388,PT,fog,1,53.06683740673176,0.4774252474308014,0.2293175905942917,1.5381057262420654
930318810923353,12.290897526921208,-69.09122276531554,41.64261770916045,0.581027063018331,CW,fog,1,7419.741018069144,0.5959664583206177,0.3989327549934387,1.829707384109497
503246924141783,15.602839427825,32.487242561959,23.64330972142026,37.5704840287346,SD,fog,1,1040.2555534992623,0.515052855014801,0.15976926684379578,1.296629786491394
449325599700589,50.12174331487,4.4948783441326,56.19197989968902,15.312577660530975,BE,fog,1,985.7775908821454,0.17316152155399323,0.049263544380664825,3.9620633125305176
467405711031097,17.992572255683,-66.263814308226,22.90777609910237,-81.90291686862548,PR,fog,1,1717.3503666513968,0.3985563814640045,0.21913586556911469,2.9911038875579834
288246882935326,40.557590089793,75.163197454637,-16.463694514057877,-48.52393006420209,KG,fog,1,14015.40316001339,0.12603451311588287,0.0801781415939331,5.584070682525635
505540450790369,22.70995468898,92.098773627243,22.924001386964303,90.4113108323632,BD,fog,1,174.58326235736823,0.6560195684432983,0.4956854581832886,1.2906545400619507
591386078920254,62.107759453888,-6.6834959276139,62.09645270153829,-7.162822082706392,FO,fog,1,24.969904344285567,0.9881834387779236,0.984317421913147,0.0873546302318573
370606561029319,10.210502973191,-0.07341133185964,10.219348019139153,-0.24340464112685797,TG,fog,1,18.628761069710958,0.9919375777244568,0.9866889715194702,0.053071632981300354
439450394288287,50.054284237917,38.880788589348505,50.17426299740907,39.27102448062806,UA,fog,1,30.858492947012117,0.6220912337303162,0.5392398834228516,2.019315481185913
310375324029868,-37.347698548595,-71.82270654997,40.4096376881271,-5.498909133750409,CL,fog,1,10968.013398966898,0.49549877643585205,0.31460851430892944,1.6305515766143799
981591149045969,18.008278271819,-76.772753375805,9.061948057329452,-79.4918756017515,JM,fog,1,1037.2091524125942,0.4446837604045868,0.1482081413269043,1.8296066522598267
538662890462002,22.639099459104,-80.443942528532,22.53326855687658,-79.54623450937798,CU,fog,1,92.91270729887115,0.9730241894721985,0.9574003219604492,0.1725262999534607
481222069768896,22.306404025662,114.25196352132,22.265307075096974,114.1861734213368,HK,fog,1,8.167206569495717,0.9471880197525024,0.9089109897613525,0.2463083416223526
853822608822418,-13.764240001823,34.415945000478,2.7525616562738087,30.751467089735286,MW,fog,1,1880.5248911484393,0.24398553371429443,0.045797258615493774,3.008784532546997
2945544342367414,18.448984494982,-64.550096065019,12.72043823368988,100.90272329628831,VG,fog,1,16199.715952150636,0.33155199885368347,0.04235616326332092,2.167301654815674
733805970633940,26.209879663614,44.103482474166,25.629616371202406,51.376143541393844,SA,fog,1,730.093264043532,0.2320062667131424,0.08179691433906555,3.4946889877319336
2579377392357434,34.360744713034,0.072177953700416,34.47788566369724,-0.9772468668240231,DZ,fog,1,97.13765859485893,0.9854045510292053,0.9782480001449585,0.09384983032941818
321976292610460,2.6050561253904,-76.72716581048,3.6931061003288095,-76.4620018442962,CO,fog,1,124.51599574655994,0.22726023197174072,0.03179924190044403,2.6864173412323
246778030560130,22.378053670525,103.87749530607,-36.81224275572249,-73.04251564759207,VN,fog,1,18382.969992380727,0.5764511227607727,0.5296259522438049,2.846609115600586
132463405538393,51.895041095248,4.7359317785887,52.10979855958098,4.905279712884108,NL,fog,1,26.545065542953523,0.2302984744310379,0.09758031368255615,3.575218677520752
159985626091830,42.085182325218,23.055097885585,43.32966082195952,21.910791408575157,BG,fog,1,167.002578702284,0.730309247970581,0.6053102612495422,1.1464749574661255
740422473321001,35.328722082019,33.504620154232,35.41877009081435,33.86839111643112,CY,fog,1,34.468590374278186,0.33930858969688416,0.08562713861465454,1.6731914281845093
6049840251722845,8.4468470660858,-83.484163463651,9.543466816484267,-82.85516112161609,CR,fog,1,140.14682725513256,0.5887576341629028,0.4777580797672272,1.7890267372131348
138432154861804,35.516834375223,24.116877817233,-16.64539662026646,-48.72565276197998,GR,fog,1,9601.808305416764,0.3861328959465027,0.2454656958580017,2.5125441551208496
171677658627663,18.637934456903466,98.81616605062511,54.70813742387274,25.059322225145053,TH,fog,1,7288.255655336593,0.23388241231441498,0.13608044385910034,4.155876159667969
473447400410020,45.472666923779,13.751881662375,42.15983992762629,21.49912220584266,SI,fog,1,722.0718882589033,0.23125222325325012,0.15446452796459198,3.790395498275757
208370247526297,56.307504479799,9.1351912802156,58.25143609538852,12.36596793130093,DK,fog,1,290.50804478966,0.18769444525241852,0.09839386492967606,4.0920538902282715
1163829564042676,17.629236812387,-63.23181172096,-8.670408183440616,115.10804108191896,BQ,fog,1,19002.85960500881,0.6816506385803223,0.6036295294761658,2.0932424068450928
1180300995725561,32.355451166141,15.079114167989,35.96675077130619,0.5934977624280142,LY,fog,1,1390.413423741257,0.6946312785148621,0.6319809556007385,1.523117184638977
1162905660800863,17.15804609038,-62.622664100026,17.1866461854468,-62.43354297326206,KN,fog,1,20.3419694087396,0.9768970608711243,0.9683290123939514,0.1487778127193451
780194756204466,31.983423754021,34.895586904175,1.350632139348507,103.66528027053711,IL,fog,1,7935.358720836889,0.3662211000919342,0.09607300162315369,2.293858766555786
789897778580281,54.185632103826,28.47319812173,53.97182258218904,27.129572035475405,BY,fog,1,90.81701461967414,0.6424331665039062,0.5934033393859863,2.05086612701416
769108033797400,-13.06839043317,-76.274611371143,17.85558554015177,106.0474073432606,PE,fog,1,19427.5170264246,0.42765694856643677,0.19050802290439606,2.285585641860962
5011086665646025,13.613395452952757,-16.429313461515747,5.453811737994408,-0.5843349056583825,GM,fog,1,1958.620693661535,0.5934013724327087,0.3905830979347229,1.4725794792175293
3772032009586752,-4.0767885530923,29.088814837055,1.8793322059599145,32.64369174865988,BI,fog,1,771.154933966162,0.9082973003387451,0.8893252015113831,0.6842489242553711
971793776898906,-34.758013649475,-55.95646902546,-24.72823976132483,-56.24843661436354,UY,fog,1,1115.6143423093395,0.3795466125011444,0.15660899877548218,2.533428192138672
745163459490620,31.824187546378,35.267560408259,31.575759975269072,35.254421706158745,PS,fog,1,27.651837072934523,0.5613528490066528,0.4560853838920593,2.267120122909546
531383694528931,37.605095136322,48.695122536588,36.27722336727417,50.52956014675142,IR,fog,1,219.94686666763752,0.9537471532821655,0.9377522468566895,0.29584625363349915
355157592673467,1.0703328887576,103.96283377749,1.1019852903345206,104.0703365111332,SG,fog,1,12.45907237548373,0.955305278301239,0.9170957803726196,0.21789157390594482
303575617923017,-9.4382405064784,147.20811425115,-9.280015291636694,146.72226339471902,PG,fog,1,56.13345031057171,0.5074148774147034,0.15792760252952576,1.4500908851623535
1038259080102537,-26.782850103384,31.938656241877,-25.229170399939793,25.136186755893394,SZ,fog,1,701.3125624638512,0.3237778842449188,0.09291481971740723,2.5536952018737793
459158871851075,10.792404464252,-12.298637806325,10.035506889175451,-13.149184296287038,GN,fog,1,125.44219580408054,0.9694623947143555,0.9397732019424438,0.1426374614238739
288005262963881,-21.597843332119,23.667795003616,40.27035330807331,-112.44362543270981,BW,fog,1,15402.960540525362,0.11433596163988113,0.01751714199781418,4.404653072357178
311438013831843,16.840623273889,121.74439328693,19.149075361624536,-96.21944277572554,PH,fog,1,14250.279946548464,0.1105927899479866,0.05456782504916191,4.783775329589844
457187265449390,18.32580535956599,-64.95398969507924,39.890143401390404,15.82266777133345,VI,fog,1,7943.1614060167585,0.5451428294181824,0.41194891929626465,2.331782817840576
327825698973041,39.559288635696525,72.9109157130074,37.12819558832263,72.73234062933574,KG,fog,1,270.7732516775869,0.8045026659965515,0.6454991102218628,0.7020926475524902
1376712112713014,5.1198336159589,-52.65735432583,50.89910113352236,16.588499270174157,GF,fog,1,8120.699041258022,0.09902843832969666,0.027900636196136475,4.850961208343506
524817781855332,-14.010419075563,-171.76031777505,-10.627824210821004,-172.02699704047697,WS,fog,1,377.2410748209054,0.998224675655365,0.9970747232437134,0.015920093283057213
858561451393926,36.701828275673,67.096598041303,24.953864892582565,67.02516685925902,AF,fog,1,1306.3316029968444,0.2280227392911911,0.10399240255355835,3.24021577835083
177928610855949,6.391780060521,2.6237783121974,5.194093106572774,-3.6466857842718614,BJ,fog,1,706.3351116917938,0.9510031938552856,0.9376428723335266,0.304454505443573
747501719832988,-9.89210909998267,38.8967731000014,13.183270967543884,-6.758306212732603,TZ,fog,1,5655.049942196379,0.48090437054634094,0.2368815541267395,1.4703177213668823
488569252193683,12.539996192436,-81.714972968868,14.912710015894993,120.90099810942637,CO,fog,1,16075.812583585073,0.6555349230766296,0.34811046719551086,0.8188181519508362
762294004482937,20.222569995853,-76.036013281341,-9.631126160426689,-36.06730923950627,CU,fog,1,5489.586113624377,0.7235962152481079,0.6757872104644775,1.7654762268066406
526448611961086,7.924136171510359,-11.169831512240096,8.918112015035108,-11.914518623462962,SL,fog,1,137.5692294199284,0.7182891964912415,0.6513606905937195,1.3388283252716064
1359226914447321,10.466207945458,-85.77513112055,13.887854974743579,-90.01217164952295,CR,fog,1,597.306870433733,0.47065308690071106,0.40606069564819336,3.0272984504699707
478165190183611,12.430745089839997,-15.317974157219002,-25.319507441191874,-57.60923974632503,GW,fog,1,6213.4967865991275,0.21832861006259918,0.05470101535320282,3.178379535675049
336533984561274,18.419385888373,-72.877030607553,18.573935486379867,-72.7384654316037,HT,fog,1,22.557341313714296,0.9925249218940735,0.9891452789306641,0.05515590310096741
292195892390772,-13.068772639841,-76.278890129748,-11.84258577036693,-77.08243278888544,PE,fog,1,161.86982511506815,0.7286582589149475,0.6617360711097717,1.3978623151779175
786215532287048,19.827903639239,94.949804250429,21.550160636326872,-104.74948712349507,MM,fog,1,14940.085834303813,0.3707503378391266,0.24953380227088928,2.7534968852996826
4028024750648073,-1.455427434928822,29.883620710338125,-1.3769255771106623,29.765551061105423,RW,fog,1,15.762431601297479,0.7543306350708008,0.661567747592926,1.0206880569458008
481816143100801,26.018200502837,50.622605427635,26.045348555202462,50.6128422228093,BH,fog,1,3.1724238654032275,0.20590808987617493,0.00898781418800354,2.688572406768799
304881227850189,22.470625099054,114.10853488259,22.367971972089858,114.0643970645717,HK,fog,1,12.283113636437466,0.587114155292511,0.40739184617996216,1.1513168811798096
126797393065714,49.84047838484732,15.803297909812008,41.90108578139367,22.409886775366,CZ,fog,1,1019.3619699131966,0.19292953610420227,0.07369989156723022,3.3437228202819824
1211101869349798,-10.507365795363,105.65356096619,35.64047045101395,34.51425784285346,CX,fog,1,9035.063346670448,0.6963048577308655,0.5823789238929749,1.7159241437911987
1357493864625552,2.1640539673148,30.64994870704,1.7325508702283903,30.39579486267144,UG,fog,1,55.67681458744263,0.6747838854789734,0.4664105772972107,1.1791636943817139
934011534098551,12.028286166295,-61.732840110417,14.056020450860341,-60.949872440177806,GD,fog,1,240.8969285485187,0.8966975212097168,0.8269038796424866,0.45160385966300964
500159881489089,7.342259838854188,134.46879110851162,-35.26421970930434,174.04566399218007,PW,fog,1,6294.327661909289,0.6034601926803589,0.5201388597488403,2.1039676666259766
2829740963958043,-2.733735821930212,29.43081567684662,-1.9298048809419195,29.798263428934934,BI,fog,1,98.27373930271878,0.5018035173416138,0.36791402101516724,1.7236108779907227
300848138109718,4.2523717777778,-55.444873805556,-6.2899368866276255,39.28221653874665,SR,fog,1,10580.50748008678,0.2210543155670166,0.04494078457355499,3.123288869857788
2960966407518451,59.940574907434,18.785342625587,45.87281776004157,3.4010313473338223,SE,fog,1,1863.8156669683956,0.4987054765224457,0.43692731857299805,2.867095947265625
220493529416834,14.451610237561,99.415018949546,19.09970588077072,98.96310727738212,TH,fog,1,519.0775659342581,0.41074836254119873,0.01788783073425293,1.5992556810379028
516560806259751,-18.175596732511,178.20009731967,-17.46761668621986,145.56750613816686,FJ,fog,1,3450.822792993774,0.4300231635570526,0.05935147404670715,1.4998449087142944
294110862335495,53.181595920049,5.7480942483866,39.59084349777413,-3.8525041853705866,NL,fog,1,1677.617795966158,0.48576226830482483,0.3100365996360779,2.2261667251586914
244296907493001,65.57013399313,-19.349029020965,65.64123202441176,-19.654129875938807,IS,fog,1,16.088191351816807,0.9996576309204102,0.9993591904640198,0.0032233125530183315
233889245170464,4.8560503387361,31.612436706474,34.66604923694886,-112.39054254331214,SS,fog,1,14226.700566754744,0.2222580462694168,0.034538134932518005,3.353276252746582
1927622730739430,40.369069324101,18.219159988562,37.044011648547,35.94388361880321,IT,fog,1,1578.8658072188748,0.11555220931768417,0.013506144285202026,4.545523643493652
471926114136200,4.5631962676901,114.07349517648,-7.337647776247108,109.75733657666464,BN,fog,1,1407.3134973096526,0.08601003140211105,0.016519278287887573,4.940478324890137
1192683651176123,9.0895860909637,-79.618866004971,-24.037452816586278,-47.4738530532187,PA,fog,1,5074.466912020509,0.4401432275772095,0.30213624238967896,2.440845489501953
1413530045696031,-15.969463833371,168.26130683879,1.1047445863988963,103.97898552207273,VU,fog,1,7303.448501900588,0.44433557987213135,0.12488758563995361,1.6951916217803955
299499428465574,22.36370144725,113.94841256522,22.30568662139762,114.24891147210968,HK,fog,1,31.573269434725205,0.6982210278511047,0.5794032216072083,1.2357732057571411
189606749553432,56.525393057968,10.08101978509,55.5463539337368,11.723175658982894,DK,fog,1,149.18359411802376,0.3583333492279053,0.2554386854171753,3.0432801246643066
1108722216274003,1.3887705484241,173.14385660736,1.51609410772262,155.542049702128,KI,fog,1,1956.6486212794441,0.8455970883369446,0.8023592233657837,0.8544080853462219
240591061153313,9.7075559946148,100.00619099387,14.89929196693452,120.90761710531311,TH,fog,1,2341.5634848072605,0.7283874154090881,0.619072675704956,1.198798418045044
794974811139135,32.804114385981,13.043328230439,34.774159466882786,10.750475635601124,LY,fog,1,304.7486342384786,0.21924737095832825,0.058094322681427,2.957841396331787
1107588656407422,-46.062736055573,169.00760704864,-44.89151267439553,170.8310370013077,NZ,fog,1,192.79489757936375,0.5557920932769775,0.3202928304672241,1.5852556228637695
1279096795825768,54.406755367854,-8.4796165911836,54.051406226855434,-8.591152498528375,IE,fog,1,40.172571044478076,0.45444050431251526,0.14428946375846863,1.4003980159759521
193108499326081,-6.7004249966118,39.206861112601,-33.8499432837594,25.561573923422753,TZ,fog,1,3329.311820692014,0.8438572883605957,0.7949296236038208,0.7736172676086426
291897862594169,27.521924666676,89.820270487386,-7.301077039552842,109.6809017392012,BT,fog,1,4422.4033671398565,0.3225739002227783,0.2435998022556305,3.2399749755859375
123070833137806,5.8145917994639,-55.143095980408,5.846578024203436,-55.27344457316376,SR,fog,1,14.851300815347543,0.9970377683639526,0.9942229390144348,0.021222306415438652
5396405327097940,69.21259125489,-51.103395948712,78.27770759316887,13.871317831217745,GL,fog,1,2105.0932912985977,0.8767389059066772,0.8422713279724121,0.6990212202072144
957601181668431,-51.706042723598,-57.906993308318,35.637385816007,34.4332158702389,FK,fog,1,13181.653351392184,0.2537344694137573,0.10078953206539154,3.3546390533447266
604130717650197,-1.9959688798483,30.050157126173,0.3489636274363891,32.623110153540644,RW,fog,1,387.05584446027103,0.7487330436706543,0.6418928503990173,0.9867070317268372
1941512039367524,30.98571832847058,-7.229221956634584,33.57818080786924,1.8035188037590142,MA,fog,1,896.3538753070707,0.6973427534103394,0.6558325290679932,1.7582753896713257
196243366278308,13.167682777777776,-59.53696416666668,13.190955488582944,-59.610480119615914,BB,fog,1,8.369413351554995,0.7503748536109924,0.6055256128311157,0.9437064528465271
215411967015224,-16.468819194731,-71.941378039278,-13.399166309567093,-76.21455344039875,PE,fog,1,572.0287905269138,0.7031664252281189,0.6642136573791504,2.033851146697998
1450360272005106,15.921467840879,-16.279407687736,6.492911009841044,2.708291781011251,SN,fog,1,2318.6545730816706,0.24062107503414154,0.012613475322723389,3.95662784576416
756714068376834,4.8155110248734,114.77642618053,21.879457381163697,-98.16550446187148,BN,fog,1,15360.112547740557,0.36641594767570496,0.02587786316871643,2.0361814498901367
2918063678449936,8.0011665869234,38.705149393002,8.14181787439533,39.009854569917856,ET,fog,1,37.01264260768371,0.9999849796295166,0.9999701380729675,0.00018398814427200705
1001295333882125,40.63113853803493,-6.0362211199295865,40.92173917811695,-5.722457616334213,ES,fog,1,41.73927158962882,0.51105135679245,0.4361143112182617,2.347703456878662
808035410091724,16.206487661547,77.345926501434,6.686278968106645,-1.555652137846219,IN,fog,1,8619.922330659738,0.903870701789856,0.8527936339378357,0.4738692343235016
268897404930235,57.163975404144,-3.6875044027183,43.501047759444184,-7.793886833207386,GB,fog,1,1546.2469832789807,0.28718680143356323,0.16885502636432648,3.621246337890625
1125401674596218,39.823992064377,42.428897726042,39.722147632768554,41.08465675328977,TR,fog,1,115.43812353580815,0.8739902377128601,0.7494925260543823,0.390946626663208
526674661844363,36.219109563696,44.414746657631,36.105477037325024,50.69518563500812,IQ,fog,1,563.8574252667386,0.6633400917053223,0.45819389820098877,1.2108843326568604
964858007616084,4.2630124849459,73.563178328896,10.206142300991164,-75.62643048740833,MV,fog,1,16242.775599881737,0.9319732189178467,0.893653154373169,0.3874132037162781
5490667957675480,5.2624334865771205,163.0047322024813,3.9001334707012316,156.02405462925424,FM,fog,1,788.4036182600222,0.9998481273651123,0.9997202157974243,0.0016503352671861649
573195574072375,-15.671003834964,-48.191441316741,-16.591281003639633,-48.636920160191295,BR,fog,1,112.85257146252268,0.8553868532180786,0.8173602223396301,0.7950439453125
892381884955306,58.981961021242,24.221882703215,59.83835715654854,16.816341291506937,EE,fog,1,429.48532508512363,0.10660070180892944,0.004604950547218323,4.073410511016846
5416581451690167,8.876751843202419,-64.23554389395768,1.84525962578781,32.28300975767608,VE,fog,1,10691.433723405291,0.37695807218551636,0.17969663441181183,2.030247688293457
482078066336394,-18.636202891772,-174.01936863548,6.09105688767732,37.371742275758415,TO,fog,1,16340.321004587944,0.45731616020202637,0.3090590238571167,2.6658313274383545
329210971927794,5.843070862629,-55.089876855582,5.699033938877685,-0.16440212095846354,SR,fog,1,6073.911072623687,0.5493173599243164,0.39339593052864075,1.8673367500305176
251937010050891,47.507459505795,21.685088460781,52.165427129246446,18.467485769185792,HU,fog,1,566.8798700858853,0.17359569668769836,0.10342872887849808,4.609788417816162
469124120816531,33.256755487161,126.61974805537,21.493358181954896,-104.84537612940429,KR,fog,1,11840.85430031491,0.37226226925849915,0.19864557683467865,2.697391986846924
6544008378958782,42.576053933645,12.422579613177,44.189604517890395,1.4311820024306328,IT,fog,1,905.4644150295387,0.4268152713775635,0.3286844491958618,2.9545490741729736
468826351040628,-32.904700967934,-52.731761718702,-32.43280879761295,-52.85228331582784,UY,fog,1,53.67103377840293,0.9952120780944824,0.993383526802063,0.04602320119738579
458089889154332,49.9716081757907,38.98921274981689,50.168077058966006,39.275475219084285,UA,fog,1,29.911156278772438,0.9836424589157104,0.9803417325019836,0.13469550013542175
913455289198852,10.638477230341,-61.313394324688,10.576370437074583,-61.277670902995446,TT,fog,1,7.933252480919037,0.8525763750076294,0.7593258023262024,0.5940641164779663
391651555234292,4.7891910927864,103.42511490766,5.476579136649878,100.46446904453252,MY,fog,1,336.6773072425079,0.8386034965515137,0.7690029144287109,0.8275151252746582
169873605037737,10.045722702666,-83.299560625022,10.185129370688601,-83.94327693709108,CR,fog,1,72.15022864750622,0.6877848505973816,0.5554131865501404,1.5658023357391357
1032233080991900,39.140834029054616,20.961949886464165,35.587129531241345,34.424486036538156,GR,fog,1,1252.228426234009,0.44378477334976196,0.30280089378356934,2.1001322269439697
375451844456388,-26.804552190115,31.961012436385,-13.829308480862789,-75.99630199439694,SZ,fog,1,11027.517970796818,0.42704761028289795,0.2087424248456955,2.747281551361084
855805948342180,44.525909974035,15.903249699487,44.602500401484114,15.798563789672643,BA,fog,1,11.887466815624625,0.255644828081131,0.10334247350692749,2.784343719482422
139526285635637,13.217826050214152,2.929162678521952,-24.300101050260402,31.717114008022357,NE,fog,1,5213.02533494986,0.9235924482345581,0.8998143076896667,0.5158272385597229
5442759149130487,67.890019179633,20.308537274689,67.4610512373516,21.27389362601637,SE,fog,1,62.749988785223884,0.9722871780395508,0.9520993232727051,0.14790810644626617
3921179927973144,54.246330015747,-4.5628069974706,54.371523461920276,-4.7439232593158245,IM,fog,1,18.21651273445976,0.40277454257011414,0.11450314521789551,1.5540426969528198
469492320924211,38.276346407666,57.98363402764,38.024917945304885,58.08576071825219,TM,fog,1,29.34917463627792,0.8058154582977295,0.7633835673332214,1.0265612602233887
310307137129739,48.189212227502,-106.60069617067,52.12639836888298,-106.75470743851812,US,fog,1,437.93229865632696,0.2682894766330719,0.03737841546535492,3.411715030670166
383397352939199,39.95006776682,140.12870703204,43.24571777102116,143.2569583745072,JP,fog,1,449.3199141057962,0.46747225522994995,0.4129881262779236,2.6012117862701416
1688335251353973,-14.865382426326,35.3053829175,12.328713416502241,-5.453742923346795,MW,fog,1,5411.406723257109,0.7951235771179199,0.7282676696777344,1.187074899673462
368819684557497,9.8821178559993,-84.703514000306,16.993792711565472,-88.47186007162838,CR,fog,1,889.482743004513,0.8843898177146912,0.8598592877388,0.7606199383735657
3142165536067308,8.892556698116664,-64.244099923535,19.475822625962,-70.80646633344692,VE,fog,1,1372.455338192008,0.8002126812934875,0.7588135600090027,1.1634389162063599
916461445802958,18.351592546824,-73.166686920189,40.684318655490266,19.892829977744764,HT,fog,1,8939.671066872434,0.2685399055480957,0.10346291959285736,3.3573455810546875
1438450646526614,11.602056871897,43.143067800469,35.52155502673991,10.958175174863396,DJ,fog,1,4188.095456608639,0.45100313425064087,0.2838588058948517,2.579664945602417
171644361525352,3.2965683888889,-59.645080555556,-29.71108149761006,26.948735502829162,GY,fog,1,9860.887508671127,0.05896246060729027,0.018652044236660004,5.862244606018066
3643623472415985,13.248359768362,-61.267804498546,14.014961020540776,-60.97309623465919,VC,fog,1,90.99691510070703,0.2863031327724457,0.17232313752174377,2.9027702808380127
974847123463445,45.48089676461988,141.9141645369168,38.81364425683619,16.51835502022243,JP,fog,1,9173.958009069018,0.20675121247768402,0.13973790407180786,4.358549118041992
219450919950414,4.2765353097168,73.575427012288,9.990732605625935,76.26594262444804,MV,fog,1,701.2608594791295,0.42325475811958313,0.33917826414108276,2.872002601623535
197777158852668,18.542511750027,-72.425551013845,16.39047408376599,-95.21286563268787,HT,fog,1,2427.1894310800967,0.5769506096839905,0.41544029116630554,1.5906939506530762
1673203299531642,49.085005765367,-1.4823203864636,49.35009596146904,-1.6066468242908007,FR,fog,1,30.828799299875598,0.9550782442092896,0.9282889366149902,0.2813156545162201
1605231949662620,31.431741304615,7.0759601080198,44.87779350436713,-71.76125748330148,DZ,fog,1,6781.419191712132,0.11437787860631943,0.0019736886024475098,5.012048721313477
451593852608237,49.039623298927,17.575489860882,46.471246152733464,4.701606273753049,CZ,fog,1,1002.4559003849338,0.07793046534061432,0.040833327919244766,5.128775119781494
304641044593781,8.0755534487471,-80.948273440388,-20.115656585092125,-40.36122524538178,PA,fog,1,5434.602079812226,0.9359192848205566,0.9070923924446106,0.4250604212284088
537192110996228,33.673060807593,8.992445655067,35.29806778884226,0.1993192356556943,TN,fog,1,825.6258901063997,0.9773808717727661,0.9706383347511292,0.19083020091056824
2874567659528784,10.624021568983,103.55740436843,0.357608427118867,32.5316133185243,KH,fog,1,7927.522750155186,0.6521787643432617,0.6052866578102112,1.7145451307296753
306873294180376,36.543159906681,-95.385746192161,36.09838722206722,-96.8648708341727,US,fog,1,141.44267337695294,0.5068752765655518,0.40937602519989014,2.5978574752807617
474237406957052,38.032230216342,71.296052545699,37.211764794591765,72.47921954230337,TJ,fog,1,138.4959372860605,0.9573279023170471,0.9435847997665405,0.27059438824653625
893270331236297,35.542457911478,34.345047266311,35.56785944467799,34.40226551685037,CY,fog,1,5.896649380514725,0.9966754913330078,0.9955299496650696,0.030390620231628418
394355595015312,-10.420322783141,105.70164382136,38.686761731763404,20.708666225492113,CX,fog,1,10301.03479943452,0.319644957780838,0.08879902958869934,2.89204740524292
1720688194781084,-2.0414077903770145,29.44965968721136,-1.9707934715205175,29.59837421478416,RW,fog,1,18.296647469963418,0.6620977520942688,0.4127108156681061,0.9651791453361511
1072181156643275,18.07465399978,-91.640772999734,-16.507312872452122,-48.38668226330511,MX,fog,1,6099.278450292074,0.6345491409301758,0.5541632771492004,2.273658514022827
4167670343253112,38.101113171443,70.434664027996,38.49809082973611,69.32441502857833,AF,fog,1,106.4653257050357,0.7924394607543945,0.6782636046409607,0.7753923535346985
174020494657037,17.630108574846,-63.232604239636,16.022074777028767,-61.81295778959216,BQ,fog,1,234.09458814743886,0.9890519976615906,0.9832980036735535,0.07587692141532898
841778303361650,4.4129500800509,-7.3568081852969,8.441217000374273,-13.180830026372835,CI,fog,1,783.9554615929222,0.6746515035629272,0.5570493936538696,1.2901341915130615
6128179790541161,55.439905979985,25.277989368239,55.04052115114506,24.32728953666767,LT,fog,1,74.86406767647198,0.7716598510742188,0.6963732242584229,1.0663601160049438
860733724520470,42.906057348904,19.550997884227,43.357006852548906,21.97270821218746,ME,fog,1,202.80616548608492,0.30480921268463135,0.19710367918014526,2.828974723815918
864697561114910,-29.077441505083,27.74348424067,-29.105938539034042,27.829990063037197,LS,fog,1,8.982942803642853,0.46635058522224426,0.2721114754676819,1.4881263971328735
470728414179183,-4.4035085235997,28.875651684315,7.994154071252802,36.04986090116054,BI,fog,1,1591.7556985609278,0.20475639402866364,0.11171801388263702,4.242013454437256
572376240384590,38.710627031317,20.595182002582,38.666966617022084,20.606565690170584,GR,fog,1,4.954336188469628,0.9811164140701294,0.9648241400718689,0.10875982791185379
121312253609017,-2.475605,101.08095666666668,-2.8619428776056486,103.02632634094462,ID,fog,1,220.30911739594578,0.41696467995643616,0.29667723178863525,2.4613656997680664
1443161219370901,-20.998296188116,55.608257838223,-21.040982051120515,55.66363332444336,RE,fog,1,7.45421423893879,0.6738961338996887,0.3920508027076721,0.8585536479949951
935114343986233,14.756132710056,106.17208788727,6.21797677695968,37.18577211463299,LA,fog,1,7577.016991758374,0.2690182030200958,0.037333741784095764,2.2011923789978027
528816851860286,13.929456140067,-90.641111213437,-31.60791843113571,-60.80938943254578,GT,fog,1,5979.884513291852,0.28527209162712097,0.03849723935127258,2.125922679901123
949677732469296,-3.949905939326,29.108488727431,21.363302447204603,102.34918493530323,BI,fog,1,8444.99652981342,0.2720701992511749,0.07040376961231232,2.2096924781799316
535238961691986,-9.012128600000004,125.26142969997224,15.675877685166196,33.59998605298833,TL,fog,1,10453.20724133968,0.5580737590789795,0.47381794452667236,2.057037353515625
785746405666869,-15.233412447604,27.672681901373,-6.111386261506232,35.62907924328746,ZM,fog,1,1335.2566295900433,0.6079818606376648,0.4459185302257538,1.763551950454712
3016818381880651,49.809878371642,-121.45256952608,41.912869590596486,-123.52298217521329,CA,fog,1,892.5268959956578,0.29390949010849,0.04543757438659668,2.555655002593994
381383576502282,45.377597713432,18.296766050051,45.4263916126816,19.992793753880463,HR,fog,1,132.52278683182246,0.5302728414535522,0.4561397135257721,2.467801332473755
610064709949694,39.354018070055,3.189777650907,39.68249941828699,4.48773276477468,ES,fog,1,117.17316747470745,0.6958919167518616,0.5529699325561523,1.255016565322876
172787811514759,35.229088448061,33.767549827448,35.236404410617574,33.73596164066207,CY,fog,1,2.9821222727313974,0.3992270827293396,0.1641790121793747,1.6658077239990234
782110492675930,20.011066718061,-75.671652777958,16.026299978920353,-61.889477571567916,CU,fog,1,1522.5214732611926,0.7883176803588867,0.7051265239715576,1.1476860046386719
400250872119328,11.85196334791822,13.142710363889922,23.139923176549555,72.48349930005753,NG,fog,1,6376.1601310281185,0.17491307854652405,0.06490377336740494,3.6897339820861816
892609551301442,-6.2907747954542,176.31557778615,23.16772747896104,89.66154094855061,TV,fog,1,9942.392974268401,0.5693859457969666,0.34603047370910645,1.3026665449142456
202638525024688,49.252128640765,-2.2302663941837,49.28256671794622,-2.1410408938741923,JE,fog,1,7.3053606583665465,0.18011139333248138,0.0925443172454834,4.293060302734375
482179499657429,35.35863654069,-87.442281622797,35.46501381443122,-87.3299499463091,US,fog,1,15.606059178054263,0.8467455506324768,0.8139439225196838,1.0989599227905273
166409505310564,-9.7930504284381,33.876999664849,-24.535508737197713,-56.26935141549673,MW,fog,1,9571.801539731745,0.3937620520591736,0.10607603192329407,2.234219551086426
839128376686201,-21.379486131927,55.652855746499,32.65092669789342,-16.865756518434676,RE,fog,1,9760.016103983451,0.3323955535888672,0.17353326082229614,3.1130242347717285
173546557995177,6.6979922509375,-57.920196653076,6.76409504570171,-58.09007351306349,GY,fog,1,20.147855738536535,0.9590678811073303,0.9497691988945007,0.30190953612327576
778732033031387,49.481310552598,-2.580607408903,49.53162906107307,-2.04644077577474,GG,fog,1,38.97355165565486,0.9849517941474915,0.9817098379135132,0.13368287682533264
1459021641097176,19.327056989127,-81.381676002568,16.017029998880215,-61.67788132703766,KY,fog,1,2118.4499287641224,0.20751029253005981,0.046887561678886414,3.137648105621338
968337867447613,25.014773599486723,55.87302113372367,24.78771668663728,54.94346392270812,AE,fog,1,97.0927810486965,0.5628191828727722,0.36598265171051025,1.5062168836593628
516599479378641,56.372189487703,27.438134814115,56.55232265775579,26.949297954691975,LV,fog,1,36.09778829801585,0.7956880927085876,0.7663349509239197,1.1741865873336792
826574104989977,0.4096083408951371,9.468790964341348,6.695772918945044,-1.5417403995061143,GA,fog,1,1407.2115716319058,0.5221740007400513,0.36872655153274536,1.8404805660247803
298265468509297,-10.44607449126,105.70171289589,14.136633642292587,-60.915266831321475,CX,fog,1,18504.694832249887,0.4876243770122528,0.28741687536239624,1.7658225297927856
135182671936165,24.97002129251,55.490379135321,25.264269665484523,51.51607723813488,AE,fog,1,401.455190275838,0.4019605815410614,0.15883944928646088,1.944288730621338
369953761725438,-20.697927254597545,164.42307519257272,-21.32414011551488,55.47452380004651,NC,fog,1,10995.42151865665,0.9822680950164795,0.9738646149635315,0.14246302843093872
150605930403453,1.5703799596146,10.84323380127,-16.59674559471282,-48.47422778184566,GQ,fog,1,6810.5313251911775,0.43286317586898804,0.16497570276260376,2.354499340057373
942025196552576,18.04711135987549,-15.94458243190681,17.851418222490736,-15.621918749594034,MR,fog,1,40.478593984893784,0.9548938870429993,0.93757563829422,0.31074047088623047
4245112742269900,-15.204236527253409,13.710121098211696,7.871254563972817,38.113006790777945,AO,fog,1,3716.877705630469,0.4887097477912903,0.2772197723388672,1.4481933116912842
800629050558884,1.5780520325706,10.841365858236,-21.862524143698842,-47.08619857589613,GQ,fog,1,6800.718171738485,0.2702173590660095,0.018061578273773193,2.7421600818634033
329089375465231,-4.7898646188584,11.8559793524,6.387127072138844,2.0931691090852307,CG,fog,1,1648.973653240202,0.33978310227394104,0.20699568092823029,2.606771469116211
2991410527805673,-4.1374600287328,29.078493212922,21.807759917085168,-98.20133748661998,BI,fog,1,14009.878585700695,0.6729394793510437,0.6184926629066467,1.8761533498764038
798429247478749,46.183809459674,20.174482609731,55.79033019889485,21.092443874690677,HU,fog,1,1070.1018905173325,0.44675689935684204,0.34878799319267273,2.6387526988983154
2371116466357575,16.796385002204,107.11609099971,17.744153985037862,105.81650840428694,VN,fog,1,173.6305593057068,0.7633300423622131,0.6835131049156189,1.0504052639007568
468504837703680,49.210225417814,-2.0260057718567,49.74471831506855,0.5185902660794313,JE,fog,1,193.19992448829575,0.3117966055870056,0.17737175524234772,3.274534225463867
544837470219031,25.294971915181225,67.28170930758036,25.062965566571034,67.2950250448723,PK,fog,1,25.832704388410267,0.7168785929679871,0.6097189784049988,1.2578586339950562
962376597848366,-7.8679271311768,35.785662187966,-16.714944350033512,-49.41052704146548,TZ,fog,1,9248.737721154079,0.33320382237434387,0.2796715795993805,3.7045323848724365
284560226710077,22.245356411415,113.94634816993,22.39823634154882,114.19328370499103,HK,fog,1,30.564077806256577,0.6386944651603699,0.4326185882091522,0.9750345945358276
366104118882534,-12.947203981722575,45.1622949013442,6.101164674619674,159.7001113567125,YT,fog,1,12813.016196223609,0.37827765941619873,0.23305512964725494,3.292160987854004
302738837907407,13.971297523146,-60.953783885869,13.885499028754833,-61.00674437763173,LC,fog,1,11.121539200692585,0.5822368860244751,0.33139708638191223,1.0382493734359741
212663677118887,61.377613835646,-149.52560052518,61.222158256837545,-149.7727086787591,US,fog,1,21.746588821355378,0.9064850211143494,0.8677842020988464,0.5403320789337158
298675135079993,35.02573827135,0.1062064724418,34.880684969194036,-1.5313718849495093,DZ,fog,1,150.11223801862832,0.4961536228656769,0.212188720703125,1.4376839399337769
200766568352215,12.2259298372,-69.032711700173,32.36191357667756,-8.616957710989523,CW,fog,1,6516.718596064297,0.49651768803596497,0.29115748405456543,2.086461067199707
522150762114358,-51.767857219423,-59.20385240723,64.32340182519317,-20.65258678147031,FK,fog,1,13330.476421012816,0.6164047718048096,0.4605399966239929,1.3834935426712036
907645580029480,-10.531873592618,105.64908608946,35.65317048009378,35.23312891376667,CX,fog,1,8975.822730157175,0.11390234529972076,0.01001470535993576,4.440945148468018
461637908454191,8.5770592738416,-9.8384949656858,8.665797238765881,-12.05779020030068,LR,fog,1,244.18498929057264,0.19786445796489716,0.017575159668922424,3.3040523529052734
737762176916399,-28.523157809827,26.988610572901,-28.7799386529346,26.786147333787415,ZA,fog,1,34.721252248731254,0.9461896419525146,0.9050950407981873,0.26684826612472534
974044566464626,-8.9232594155592,125.57214462009,8.917854822377018,37.84272715873464,TL,fog,1,9914.389512516484,0.9121208190917969,0.881529688835144,0.5436640381813049
207733560892728,62.969803716081,25.819453012454,62.18196889456933,25.492014829547195,FI,fog,1,89.19349477817543,0.6508607268333435,0.5635931491851807,1.6631724834442139
935214247230705,38.662861546978,21.897000127107,38.577761363156505,21.907654265424924,GR,fog,1,9.507869393913472,0.44059550762176514,0.2491205483675003,1.9799799919128418
308609804241585,45.352253598167,18.741494665616,45.065857034827474,18.84339404386145,HR,fog,1,32.83110062133484,0.8651826977729797,0.8292656540870667,0.8820849061012268
812815579353857,19.970422258885,95.026704859366,16.674164291205024,104.11600300172212,MM,fog,1,1026.8149137098544,0.5601949691772461,0.3845874071121216,1.9240740537643433
955193138582276,42.352822713826,18.93350046301,43.00208938296027,19.340848178542224,ME,fog,1,79.50465046087837,0.32225552201271057,0.17932680249214172,2.9178411960601807
314068633495505,18.384993994121,-64.663491419319,-33.03913805034986,-71.6709350725605,VG,fog,1,5766.382158276534,0.4169125258922577,0.2786623239517212,2.6199193000793457
153100520088504,8.6445550800531,-10.895087890593,6.949616718091404,-11.384216054683149,SL,fog,1,196.02000273687213,0.8986343741416931,0.8508632779121399,0.432138055562973
899516343957294,31.154817998866,35.36251239366,31.338566126389896,35.310385414974114,IL,fog,1,21.024210733452627,0.3153678774833679,0.1633506417274475,2.618469715118408
362016302748290,-10.182357974219284,26.92114281109953,2.0553262724461216,32.752324678522264,CD,fog,1,1506.114715719177,0.42628106474876404,0.31232112646102905,2.7804887294769287
784285982279583,12.468243816564,105.11776238356,10.565076212749954,106.6627945698953,KH,fog,1,270.40665338753104,0.21035140752792358,0.0028759241104125977,3.0447521209716797
741076933253733,55.559361968752,24.218044357931,58.741749977013654,15.760336620663875,LT,fog,1,620.1415871457277,0.15562672913074493,0.041116148233413696,3.928957462310791
588238156406124,13.540014603247103,6.862262541663696,-24.284874931991357,31.734254224561074,NE,fog,1,4998.465674174478,0.527665376663208,0.4177895784378052,2.058091878890991
704583704721230,13.358425346344903,2.9695516051747206,12.701941511935614,3.702638812762515,NE,fog,1,107.86835882903193,0.5500859618186951,0.20720085501670837,1.0892795324325562
743913432954382,12.506491685569,-70.011189878756,-5.1679123932378195,-35.49728262007717,AW,fog,1,4290.690067002129,0.2540881037712097,0.1617482304573059,3.7748422622680664
837216263894683,59.234310100905,25.661811016329,59.82292864150066,13.601966620913206,EE,fog,1,682.213304860458,0.4218107759952545,0.18039284646511078,2.159236431121826
4165344470189392,22.250944346283,113.98372956798,22.384780494910085,114.03773793837537,HK,fog,1,15.885074686765337,0.4402534067630768,0.07052701711654663,1.1453518867492676
123034153486017,8.896413266511479,-64.21983107316368,5.2521632500857836,-0.7924550530935832,VE,fog,1,7003.417069062729,0.6600990891456604,0.5753229260444641,1.8186348676681519
495142175172477,52.064618461934,27.758129879211,53.78507089624365,27.802037234958227,BY,fog,1,191.3282126663293,0.7071964740753174,0.654403030872345,1.7325202226638794
278818637266368,21.668020820761,39.5871724527,23.335859488732787,37.718145433836064,SA,fog,1,266.9356934249195,0.9641900658607483,0.9520328044891357,0.22797426581382751
311313370600056,34.298302972773,35.843733635285,34.082843182348356,35.643709125149385,LB,fog,1,30.20700874664152,0.9567731618881226,0.944706380367279,0.29038748145103455
546356603055282,16.319144026137,-61.319536174119,16.389604949922617,-61.496318096960444,GP,fog,1,20.424408699289547,0.27376773953437805,0.20277056097984314,4.225858211517334
455880318809614,13.212934938654,103.97535020814,22.397913544738945,89.1582856418144,KH,fog,1,1869.6527047845727,0.4974701404571533,0.3668612241744995,2.2474377155303955
561177494854490,65.249274201498,-14.3599477776,64.38658205115739,-20.795274514520923,IS,fog,1,319.06350798598936,0.794372022151947,0.6392103433609009,0.6908653378486633
591338181829945,40.948513592565,47.680340883083,40.5965802706496,47.19771293450522,AZ,fog,1,56.41914654539955,0.9714319109916687,0.9683621525764465,0.2388613224029541
478603033472419,10.605368280525,-61.423503253964,10.666294409186122,-61.43473970568198,TT,fog,1,6.885067441020909,0.8040915727615356,0.7696679830551147,1.1570602655410767
140993104682356,11.492434620243,14.669528720435,51.21466667926087,-1.6361888222543062,CM,fog,1,4657.6404978971805,0.11772250384092331,0.03052958846092224,4.8617262840271
1365904140461073,16.782552049243,-62.177983430902,38.8914383052596,20.8754334711762,MS,fog,1,8256.422747812081,0.25294029712677,0.06237459182739258,2.5917413234710693
184854733517675,66.049214556266,-16.60518565352,65.84684219857961,-16.68953804819843,IS,fog,1,22.82517232227214,0.9466166496276855,0.8972071409225464,0.22363492846488953
484812855999457,11.316364972572,-60.600609669164,14.624213914076288,-61.048426363033336,TT,fog,1,371.00201306607266,0.7938711643218994,0.6598889827728271,0.7248197793960571
198374955275087,31.228889368174,35.249839466257,29.976040271210817,31.681875552211128,IL,fog,1,368.77884718878016,0.48170220851898193,0.1861841082572937,1.964919924736023
493661578655706,21.902623515855,58.249258213784,22.179369863736635,58.482382289417515,OM,fog,1,39.042200069409375,0.6587058901786804,0.4473240375518799,1.1224290132522583
1421342044880216,-33.979765814868,-55.677857234372,-34.124468152145944,-55.86540088018779,UY,fog,1,23.60983094557991,0.8383789658546448,0.7754994034767151,0.9022801518440247
791346968192465,47.64092226916,22.514698705141,47.48991523676151,22.63416609848159,RO,fog,1,19.033875399649347,0.6974644660949707,0.6327719688415527,1.4650092124938965
509490393519441,12.00528480685,15.133921129804,26.865277349362398,70.7702079180112,CM,fog,1,6014.588880027013,0.17036788165569305,0.07031859457492828,4.192946910858154
365265328257309,-16.455863020951,-152.25124408953,50.62929313388538,-2.1680177646319363,PF,fog,1,15374.81685222221,0.20785096287727356,0.12681087851524353,4.280677795410156
373099774078768,15.381551450461,-61.278224581511,15.32958947619363,-61.26468174299828,DM,fog,1,5.957593375015894,0.9997491240501404,0.9996697902679443,0.0027508060447871685
3849748481728507,54.429547030142,-8.350480924746,54.30905228159051,-8.52218663212105,IE,fog,1,17.413523544226948,0.46281975507736206,0.1894468069076538,1.6812224388122559
486814105900044,24.815009873567,55.581561784151,24.523274062813687,55.69655455501394,AE,fog,1,34.45778479351599,0.6701586246490479,0.5209987759590149,1.1419440507888794
553493755814632,25.651486854641,55.817622488275,25.01786823222662,55.27928319433977,AE,fog,1,88.83163336612081,0.8679186105728149,0.8387250900268555,0.8153457641601562
294731518788880,12.182130031336,-68.992602507728,14.605740660169136,-61.02603570678854,CW,fog,1,902.7962183106569,0.5039066076278687,0.3128448724746704,1.7337864637374878
526112418414577,-4.1889057701817,39.593824106105,17.46710328412722,104.39048083301078,KE,fog,1,7502.187641427996,0.8215254545211792,0.7851833701133728,1.135894775390625
1143243902846918,3.9423529755317,73.490255336254,9.984929768106849,76.14578413915724,MV,fog,1,732.9944285706842,0.13114656507968903,0.03018173575401306,4.136910438537598
1222724854903474,-15.992638795519348,27.473549745213845,-15.891031356131915,28.317183242046543,ZM,fog,1,90.90477865136522,0.3009795546531677,0.1785363405942917,3.2580692768096924
814962436102418,17.246826160842,-88.964928894179,17.028560302976402,-88.4066124541587,BZ,fog,1,64.09789397232576,0.9750754237174988,0.9701822996139526,0.19702473282814026
2588410498130022,8.6681322733063,15.915175571704,6.488843727515426,2.6688519254071696,TD,fog,1,1479.8833585283821,0.7580771446228027,0.5898784399032593,0.9892757534980774
757152124922572,40.280135692488,20.032560201339,40.15130651267285,20.1837505714751,AL,fog,1,19.23577752878923,0.5989176630973816,0.4074811339378357,1.5158292055130005
3729075633885792,52.879324916405,14.84215981606,53.41990222384295,14.70113364032409,PL,fog,1,60.8406780987485,0.21987585723400116,0.1120511069893837,3.599388599395752
193255762642321,-25.463140138686,31.530813486271,-25.22992453662638,25.79420268064452,SZ,fog,1,577.0146146875713,0.5682233572006226,0.18277311325073242,1.0017176866531372
158748456176634,18.003107984756,-76.750140742066,18.33523745971222,-65.99633919872747,JM,fog,1,1136.5825208504543,0.9226312637329102,0.8981850743293762,0.4772273600101471
487059602744422,22.483846298693,88.311807710332,18.547409040781904,73.8978898052657,IN,fog,1,1562.74509964824,0.29538869857788086,0.16227349638938904,2.353217124938965
187972779810965,37.223202382218,126.95228008609,37.19217924079433,126.97272500884014,KR,fog,1,3.8959221394054766,0.9432204961776733,0.8913163542747498,0.23867467045783997
325108962571033,-14.007024453392,-171.59812253095,-7.262480723525765,109.69204913082089,WS,fog,1,8600.695503254225,0.510642945766449,0.29107239842414856,2.0603320598602295
506599274036580,54.629530708934,-8.6760286174409,32.39442263963809,76.56330494060597,IE,fog,1,6836.552062686833,0.19534099102020264,0.09894973784685135,4.001941204071045
507218187079443,37.843340581126,68.830014881381,39.58640419484523,36.770126857079944,TJ,fog,1,2773.5926328317555,0.8942601084709167,0.8703047633171082,0.7041028738021851
153324916692555,5.5180289616018,-6.5822215976398,18.299712689706308,102.90840469726577,CI,fog,1,11849.588678547607,0.4003119468688965,0.3262392282485962,3.4438323974609375
771731993706945,41.928551334201536,19.551310678151587,41.410001384713375,22.257591173762748,AL,fog,1,232.05502900629835,0.771257221698761,0.6849788427352905,1.087645411491394
486481489451262,49.966660340065,17.026531427218,49.55042334271695,10.150509303468228,CZ,fog,1,495.9117926191613,0.16730301082134247,0.03646239638328552,4.086177349090576
2949034095418835,3.9465097772644,-59.099420704396,38.29874371125581,-105.56734589404796,GY,fog,1,6050.705422997743,0.11144039779901505,0.0019263401627540588,4.419624328613281
372845630827843,-27.768029274082,-64.271302066744,45.110465036900656,37.46114741365277,AR,fog,1,13031.712357456523,0.3799319863319397,0.2777087986469269,2.9201455116271973
804236390516614,24.360035161271,90.528148543285,22.89338294843469,90.51482216655333,BD,fog,1,163.08993543447218,0.3918876051902771,0.11980542540550232,2.030042886734009
1165449024229030,11.127732358514072,42.37283796780444,13.620007866827244,40.91381263689374,DJ,fog,1,319.2295345113894,0.9835220575332642,0.9756409525871277,0.1286492496728897
465682694540312,47.092368215581565,15.033271683507603,47.176743600925164,14.50925450129075,AT,fog,1,40.73364546804811,0.6030152440071106,0.5417383313179016,2.2266178131103516
1414034302297531,5.9652601827551,-10.011148216804,49.99753001603573,-84.80617904307023,LR,fog,1,8415.541945898678,0.1453734189271927,0.023313216865062714,4.678340435028076
164124928906484,17.026658655636,-88.957499025099,32.39673451741091,-83.38931657205657,BZ,fog,1,1798.3695573685943,0.12275725603103638,0.036005519330501556,4.425124645233154
265373079006579,12.19339030343679,-4.128458023871779,11.376637257066827,-3.992271649219792,BF,fog,1,92.02065591086709,0.5909531116485596,0.4568948745727539,2.0214312076568604
211403467484458,-24.160264772744977,47.3486048183456,-28.259244589402506,-56.52153240054309,MG,fog,1,10000.352926760947,0.3206944763660431,0.24113893508911133,3.5077855587005615
4252117868180040,-31.701164589216,28.774388216841,-29.626395052241442,27.529499515463815,ZA,fog,1,259.6123911249569,0.2560203969478607,0.004140317440032959,2.229012966156006
1185546705230006,60.068284515535,20.263657107897,60.70120695774613,15.251757030179078,AX,fog,1,284.1736613110468,0.1637449562549591,0.08284920454025269,3.7342424392700195
307549670912816,47.805455809752,29.008339682994,46.741629341245265,29.810749439818615,MD,fog,1,132.88115962675192,0.49170729517936707,0.31680816411972046,1.68120276927948
1150240562161074,1.3857279016312,173.14547646453,-9.646273131712752,-35.770414802501556,KI,fog,1,16688.53524289481,0.3933379352092743,0.2668297588825226,2.5577738285064697
1926367507521003,-34.006516340223,-62.239283065807,-32.898917819059,-60.76212618700319,AR,fog,1,184.24764543400886,0.8102161884307861,0.7119329571723938,0.847455620765686
174862464516382,18.026136330252,-63.051721834115,34.78270734941794,32.4340439216249,SX,fog,1,9357.414752042996,0.3262251019477844,0.15912920236587524,2.8543083667755127
238608201397184,13.394898337011,-15.796480495355,5.946628077207118,0.5383208704191476,GM,fog,1,1971.3989130749137,0.4338250160217285,0.32699471712112427,2.4142634868621826
168171301893400,-21.306913177085,47.234054757271,7.313590500230664,38.32708212523288,MG,fog,1,3327.646724144345,0.3970269560813904,0.1287481188774109,1.81156587600708
143601257800230,6.1813662366503,-10.476370028512,5.829949938301553,10.374726443687214,LR,fog,1,2305.997236367934,0.18226568400859833,0.012174680829048157,2.7124762535095215
1426576467702919,42.716570546448,19.37002352769,47.203014191154416,14.629099088217684,ME,fog,1,622.6515228439944,0.1098882183432579,0.046529099345207214,4.700169563293457
582527629366762,13.909926027264,-60.995742963827,13.831481716796889,-60.94561661797641,LC,fog,1,10.264776260477532,0.9617898464202881,0.9292463064193726,0.18646834790706635
789178535042815,10.848339859199,-14.344376628968,10.402614095963628,-14.649801120297557,GN,fog,1,59.75457395607175,0.9999312162399292,0.9999108910560608,0.0009284697589464486
770818833619667,46.189989851656,27.550790956761,46.22644281307597,27.50644907121435,RO,fog,1,5.29837690531491,0.9107021689414978,0.8959750533103943,0.5666748881340027
771812706865289,18.810877831997,-72.868700352417,18.716806282260517,-72.18366165172786,HT,fog,1,72.87895886407104,0.999517560005188,0.9991504549980164,0.004628416616469622
1979924955729830,0.4210184118848502,9.466164114756396,32.8717920044461,13.22277431579179,GA,fog,1,3629.7314039675525,0.23231321573257446,0.026252955198287964,2.8383865356445312
1215125515585698,-29.72467996101,27.401763312517,-32.560957003858455,19.170960073736776,LS,fog,1,844.1047628620237,0.31494054198265076,0.05995789170265198,1.955154299736023
525797611782911,33.53278970091,10.187082947953,33.519585193011196,10.22113249164211,TN,fog,1,3.48105500707018,0.7861289381980896,0.7448017001152039,1.0550082921981812
981736889296495,15.18213389856,106.76109629686,-35.12640918314405,173.55100802518953,LA,fog,1,8981.230107727686,0.23144087195396423,0.017968744039535522,3.2195446491241455
290546622610201,0.90650801653382,111.91071699724,18.842829020034234,103.97735107815569,MY,fog,1,2173.9970303981804,0.779707133769989,0.7456115484237671,1.4621905088424683
925069178226405,-33.684138890591,120.78000000686,-33.27452752356519,136.37501466260395,AU,fog,1,1445.7205222636098,0.6564210653305054,0.44228821992874146,1.2021042108535767
841753896415038,-6.3002644508667,176.31963764015,2.898736429981908,153.03446165694183,TV,fog,1,2780.242870839597,0.16495606303215027,0.06408023834228516,4.552534580230713
645048966783670,42.89641826045616,17.56617896330491,37.83701343713508,22.28790546412215,BA,fog,1,690.0380817859682,0.423033207654953,0.19071468710899353,2.104860305786133
2157623727878098,42.203008413762,12.652366039877,42.23031704136324,12.622222869977364,IT,fog,1,3.922101988588243,0.8964954018592834,0.8622403144836426,0.6979548335075378
491154428864902,34.78133892235,10.662689207895,35.52609118832797,10.902368874505544,TN,fog,1,85.63140600390976,0.5894680619239807,0.27683207392692566,1.035603642463684
5023711767716996,27.43539864879576,89.6844986785493,51.33388287791552,86.98751720717506,BT,fog,1,2667.032876906761,0.09216620028018951,0.0021794959902763367,4.753765106201172
502661524102239,25.24288508,105.72866675,17.50341967768909,-93.88408889597213,CN,fog,1,14809.170524280738,0.1324755996465683,0.025605015456676483,3.6392953395843506
768051953908267,24.417738719697,124.24306124209,43.27434172564995,143.47625384908943,JP,fog,1,2733.989572579734,0.1882849484682083,0.09023553133010864,4.136465549468994
2634487660183183,15.505396860363,-61.465808232581,15.573192724996272,-61.40859002573587,DM,fog,1,9.716192460274614,0.2894517779350281,0.09914378821849823,2.322716236114502
777370986311883,69.771194043132,-50.45379669083,58.96172072375488,5.941636519058997,GL,fog,1,2834.578824801947,0.21443572640419006,0.08268503844738007,3.855006217956543
214018630224328,-30.195842567793,28.141370668784,36.25433853582236,50.545607738286,LS,fog,1,7750.279126574984,0.807641327381134,0.7824702262878418,1.377143383026123
898244168080774,48.39779130109938,69.97859259537432,38.92531400424014,-104.72239867679825,KZ,fog,1,10291.121786411684,0.2131068855524063,0.06828172504901886,3.8999907970428467
4492529727427156,-28.146082771307,-51.513579498292,-28.338929816940908,-51.13692703096458,BR,fog,1,42.6747465164575,0.5532248020172119,0.3408917188644409,1.5578159093856812
285348029668834,24.497433158551,56.506035667282,24.65295847722027,56.0651700742567,OM,fog,1,47.81807931894395,0.4376338720321655,0.20350080728530884,1.7291895151138306
171014971604854,50.702549851864,3.6582481425115,51.0973955981686,3.4882243950387872,BE,fog,1,45.49505648268116,0.37461522221565247,0.2217099666595459,2.759817600250244
4840639372618820,-14.92550912288379,13.489538311090364,38.67679594800442,16.430712557214086,AO,fog,1,5968.16577063255,0.27878230810165405,0.21017399430274963,3.617347002029419
206149904648055,26.21207915528,44.093256403165,25.60756022840661,51.37924215163351,SA,fog,1,731.7236920163245,0.7547783255577087,0.5870705246925354,0.8563928604125977
204252138180851,-21.559664995251,23.773974999472,34.39843541756494,9.868590537892075,BW,fog,1,6393.633234023504,0.23518669605255127,0.10045066475868225,3.3554763793945312
920871192081755,-20.154762249788,28.582363111001,-25.96576076210557,32.62634680988678,ZW,fog,1,767.1093105503528,0.33176589012145996,0.087013378739357,2.3596935272216797
219966586218279,47.029132462966,15.932431980783,45.83384682605236,3.3064093469343607,AT,fog,1,975.6221433445138,0.7430769205093384,0.6893674731254578,1.478102445602417
135549215221893,2.4175748743344,9.8423648123313,8.110455019924157,35.22953783810465,GQ,fog,1,2880.0594223994563,0.9757163524627686,0.9715389609336853,0.19244346022605896
376262240365585,11.737844217402,-84.258740123025,11.769875209996169,-84.01706229823417,NI,fog,1,26.54984582813656,0.9629281163215637,0.9443167448043823,0.2182869017124176
171728951493255,49.507376607171,105.95258746284,47.92665406700587,106.90889724019655,MN,fog,1,189.24893922698146,0.2923051416873932,0.15290609002113342,3.6793746948242188
253978489850814,48.281270225581,27.973739010266,48.25982040870549,27.23396169153724,MD,fog,1,54.804784218840645,0.3777429163455963,0.19972673058509827,2.5909669399261475
300413981460892,28.731055900238,48.000514767945,30.048246892788804,31.76074247663621,KW,fog,1,1578.845431429902,0.3646965026855469,0.12589670717716217,1.8751840591430664
1184530975332530,-14.802947311274,-42.709531402229,-13.385986396474072,-44.063580961253514,BR,fog,1,214.82188444426492,0.42498278617858887,0.22708414494991302,1.6061437129974365
1266617723756139,-2.7425780868466467,29.42359642013631,-2.3720315739573365,29.275442237531735,BI,fog,1,44.36811415319847,0.6831743717193604,0.5908920764923096,1.2406291961669922
473474263980538,21.715223057868,59.471278053944,22.141255622933258,59.62068178337114,OM,fog,1,49.81633337489624,0.9827625751495361,0.9739375114440918,0.12548336386680603
1249815355421012,41.352986665751,46.933972599593,41.66853094547969,46.554221724625805,AZ,fog,1,47.23275896731368,0.8741189241409302,0.751257598400116,0.40327349305152893
228708892356879,48.677696253977,17.636842304644,48.74818810870533,17.427800064251347,SK,fog,1,17.224277679718014,0.08892553299665451,0.012756206095218658,3.958432674407959
573918251034517,24.9108887387342,90.79494731880273,22.031950570412,88.30613387896403,BD,fog,1,408.5260952209255,0.658012330532074,0.46840137243270874,1.1085805892944336
2964997383812126,2.6098453233173,9.8422664516346,7.194078096117209,36.476166997745956,GQ,fog,1,2993.437016665582,0.3728778064250946,0.1388026624917984,2.02028226852417
216212559884926,39.033844678159,125.75376577506,51.50044886969406,46.045643131186424,KP,fog,1,6071.364607142875,0.29304781556129456,0.1842637062072754,3.4166290760040283
305136647878220,12.193469016038,-61.616092049056,12.714905626826763,100.90576668725146,GD,fog,1,16640.41306122102,0.24071301519870758,0.1072942465543747,3.4556517601013184
1425023424516398,-16.694601299289,-60.803490901407,-16.592446120757035,-48.55615382126029,BO,fog,1,1304.6323728357377,0.33528944849967957,0.2191358208656311,3.212775945663452
454775888919551,46.828024824521,7.8088947836121,46.89730638046618,7.454497629162852,CH,fog,1,28.02425976708388,0.41059616208076477,0.10750901699066162,1.7877025604248047
861104217828929,17.113853213721,-25.242018334352,15.178800672191592,-24.926672352477535,CV,fog,1,217.78797635644582,0.9974086880683899,0.9962863922119141,0.024920323863625526
1051007365779921,6.813554100014411,158.2040012,6.908665038385311,162.2323267009563,FM,fog,1,444.84595609833605,0.9999897480010986,0.9999845623970032,0.00014682540495414287
1334507140366814,-23.48982047010992,35.38536972552172,5.228110324862598,-0.8899821446796429,MZ,fog,1,5067.667344832887,0.42648714780807495,0.2092600166797638,1.7717208862304688
3912389445490209,49.325970928935,17.226098099604,48.56015167176728,12.277253765109212,CZ,fog,1,371.2537183457744,0.1982894092798233,0.061851441860198975,3.8222436904907227
265194928674974,13.23781099507,-59.544998005588,-16.46705790222171,-48.530927019630155,BB,fog,1,3517.798381513499,0.18492594361305237,0.004810541868209839,3.427567720413208
130827665729646,41.660012138201,21.174396481341,43.30454136078116,22.14484689330442,MK,fog,1,199.42570143243583,0.3213748633861542,0.08435161411762238,2.235822916030884
382514279656400,17.169493550421,-62.549673737704,14.015582118054045,-60.97643307654228,KN,fog,1,389.06613380680875,0.8502390384674072,0.7846945524215698,0.6398845911026001
490566595325309,32.35061764629,15.101938149737,36.7584805609029,10.141616412273198,LY,fog,1,668.0516054335909,0.510063648223877,0.3870498836040497,1.9208004474639893
177150824328343,-14.845732355681,35.25013351485,7.633037178902005,37.92648441074737,MW,fog,1,2516.8812154930647,0.466951847076416,0.15966415405273438,1.696298599243164
337754307681723,22.908438446718,90.804919962877,22.977749095377536,90.83817132666162,BD,fog,1,8.425616982933052,0.9810850620269775,0.9694452881813049,0.1212555468082428
288297272916728,-17.786629070676,177.44305087069,16.747199843459903,-88.53835141433144,FJ,fog,1,10979.20121886106,0.6820043921470642,0.6167112588882446,1.84696626663208
485752159242168,60.005211059817,20.384442671458,60.1151643179928,20.082921973176397,AX,fog,1,20.723952647586728,0.34666842222213745,0.02385854721069336,2.3787801265716553
495377298477425,41.941602973878,34.631294266421,41.85908701661755,34.84709123895163,TR,fog,1,20.0790505608951,0.8709605932235718,0.8087570667266846,0.6925286650657654
2890584101196635,41.681667019865,21.147788358398,42.71253931647605,21.381558630608552,MK,fog,1,116.23398115137708,0.3678709864616394,0.2612210214138031,2.987046957015991
401731674144754,23.355590466277,121.32187991241,24.896350840117375,121.36789125972416,TW,fog,1,171.38834812284298,0.21519216895103455,0.020591557025909424,2.7879955768585205
1169142930166538,20.834467782196,-75.727264614924,14.811174330146715,-90.24623393402828,CU,fog,1,1675.3395868216498,0.2340831607580185,0.14279210567474365,4.351966857910156
306207777612908,-13.800621344179,-171.85935966246,-17.556642057508306,145.65773966705137,WS,fog,1,4558.260167529112,0.8032206892967224,0.7620127201080322,1.0874429941177368
2665542867084280,15.44922162275011,-15.809327283661323,15.75634762455158,-16.263108134893507,SN,fog,1,59.39788370043735,0.8428991436958313,0.7903510928153992,0.7723811268806458
473236960624282,-11.390300678508,43.342774487865,6.7638909618449885,157.5260068294578,KM,fog,1,12783.442481202137,0.19709894061088562,0.01906341314315796,3.5293169021606445
175640891118270,58.3416314331,22.123379209424,58.254337805073924,22.544013191089185,EE,fog,1,26.426125439073306,0.9841543436050415,0.9756640195846558,0.1105867326259613
940728323368212,5.5203195797668,16.760305199775,-16.64015647077784,-48.725918336075935,CF,fog,1,7605.59151226957,0.8809714317321777,0.8626774549484253,0.8054288029670715
159670792680757,4.8671591384211,31.498747958114,8.894179441931646,-11.932461749845155,SS,fog,1,4812.63779090939,0.15516166388988495,0.005579113960266113,3.2376351356506348
490425192372401,-42.289566526657,-73.549884623054,-35.03257927425773,173.51067314422576,CL,fog,1,9047.162263777655,0.4476928412914276,0.36970436573028564,2.869946002960205
140927168065220,14.884255893398,-24.355900858541,30.54469231427471,-9.372036933940425,CV,fog,1,2317.296604388252,0.4033915400505066,0.2561083436012268,2.4535512924194336
2148319455305366,12.658976107053,-1.5012029355804,12.609919325170303,-6.519693686543142,BF,fog,1,544.5372082042786,0.9963529109954834,0.9946109652519226,0.029958151280879974
950272148968894,-12.972416512525884,45.15611771647966,-12.927812918623477,45.132699940865955,YT,fog,1,5.571222510864895,0.6477990746498108,0.4146481156349182,1.1829859018325806
153355823412892,49.184810534933,-2.0480987436129,53.008559594087984,-2.2782685377713334,JE,fog,1,425.48455895904056,0.2917514741420746,0.05326724052429199,2.9695804119110107
363513025083758,47.047992478928,8.7799077721095,46.931952435093145,9.661849165004284,CH,fog,1,68.12701980345453,0.5514636635780334,0.44632071256637573,1.9376356601715088
512297363276315,31.456330474142,35.250774430442,37.14074685830739,72.71910569756183,PS,fog,1,3476.3275861949232,0.4259117543697357,0.16025975346565247,2.374605417251587
456622292570371,17.562683786778276,52.54996407813734,-19.88376722286067,-43.980388286218,YE,fog,1,11320.275264715889,0.7364879846572876,0.6397368311882019,1.3266679048538208
4527359417278295,12.574854908472,-70.042613806787,5.175525609370253,-1.1409067569675164,AW,fog,1,7596.022329751643,0.38780006766319275,0.2886291742324829,3.1193301677703857
537629581307027,13.181351944444442,-59.52259444444445,13.85591510580814,-60.9399448491785,BB,fog,1,170.60767281203155,0.3249601721763611,0.017920762300491333,1.562713384628296
795129897807041,35.163207188355,-6.1437231591152,51.91243512610486,-8.582775345279284,MA,fog,1,1872.5028179901858,0.06149247661232948,0.006256997585296631,5.596436977386475
351777130251541,39.481253041447,46.278721306968,40.254930577689905,-112.30577504868629,AM,fog,1,10886.413586512866,0.37125712633132935,0.17324088513851166,2.489046573638916
808281843784947,-9.017975593206083,125.18936083216094,-8.424075522114743,126.94595411610378,TL,fog,1,204.04694572656462,0.7219335436820984,0.5071890950202942,0.7762305736541748
571640328046013,9.496515810605342,138.0909467705742,-35.25773633225326,174.06837342545657,FM,fog,1,6247.534109850497,0.372009813785553,0.08997181057929993,2.5051369667053223
1596718320725210,6.820059002595853,158.1889075956807,7.515864727089859,158.06680666427536,FM,fog,1,78.53400447268635,0.999997615814209,0.9999968409538269,4.038354745716788e-05
909068383276012,51.71872582063,71.017642467242,-16.466743221774102,-48.58905175061281,KZ,fog,1,13461.935287403132,0.47322532534599304,0.3031098544597626,2.831075429916382
201271568510246,11.498181689874,104.89298318393,21.925746187243625,96.12470949805964,KH,fog,1,1487.6872685287292,0.6107019186019897,0.41916579008102417,1.363552451133728
865101847550557,14.337966085705,-11.307015681085,-15.446886304337687,28.399476533695836,ML,fog,1,5478.686536359928,0.6063510179519653,0.5057414174079895,2.047779083251953
273645621106204,11.400246031697,15.323762439617,47.048742399810756,-118.71986293969013,TD,fog,1,12080.584265394195,0.28448182344436646,0.04946929216384888,3.3924708366394043
816784312848146,47.27419583333333,110.70045194444444,38.704172562193435,33.81726152279203,MN,fog,1,6069.452896408223,0.25455713272094727,0.05595700442790985,2.7176127433776855
205051911255970,15.898719949045,108.34769045302,19.458901612487555,105.36442714132671,VN,fog,1,506.5222456603607,0.43969354033470154,0.2412692755460739,2.504533052444458
1197452254025430,60.290261118231,20.017018951216,56.909173715294514,22.36239685193463,AX,fog,1,399.6974052356693,0.0732516422867775,0.0001514330506324768,4.001217365264893
524857088520171,40.969687102424,47.506671390525,10.801301397171025,-1.0735585003088897,AZ,fog,1,5799.220068467827,0.5302296876907349,0.4192046821117401,2.541003704071045
585468982429325,56.863557681775,25.533807915732,56.70020886254501,24.3696772378433,LV,fog,1,73.20200537574777,0.25239577889442444,0.02107091248035431,2.765523910522461
223293895846479,40.460441929706,49.654367032421,41.08451508849154,28.2253892916082,AZ,fog,1,1801.3006591789724,0.2584058344364166,0.12331002950668335,3.070704698562622
983815092358003,45.845665401276,-1.1566237774946,35.067171756471495,33.36448559766444,FR,fog,1,3126.772255295938,0.21404096484184265,0.05102229118347168,3.213444232940674
495004361712254,16.705985016912,-62.221856779895,-32.65969230063065,19.08586172110427,MS,fog,1,10219.512576795381,0.28460052609443665,0.23046498000621796,4.281912803649902
1116467962190839,49.234789455854,-2.1566386309068,51.466633677968424,-2.085044435218145,JE,fog,1,248.22170216710984,0.264070063829422,0.07907839119434357,3.0721888542175293
799261197806429,13.04112461881004,7.584578150427974,13.126609494443839,-6.731471477366762,NG,fog,1,1550.3677367347248,0.541944146156311,0.33125123381614685,1.5510127544403076
375892980333603,53.800018986142,19.066495869964,51.380999517987924,22.54052508515685,PL,fog,1,356.88103275194453,0.4473602771759033,0.2855514585971832,2.2813637256622314
216735996617694,-51.729168266578,-59.221494505424,64.28209357532054,-20.6418213064886,FK,fog,1,13322.884776813973,0.9985024929046631,0.9977647662162781,0.015112784691154957
122836676470530,19.317250203375,-81.382868299519,17.23450805632662,-89.09764631594776,KY,fog,1,846.7388035823074,0.9614711403846741,0.9280984401702881,0.1943306028842926
864991334054817,22.630694715979,75.815649968185,5.180674681642395,-3.311899841968741,IN,fog,1,8671.755663184404,0.6946831345558167,0.6342809200286865,1.8526439666748047
303472461226103,30.448379399773,-91.249052345819,27.891211890831038,-82.58777969793444,US,fog,1,887.4121530360896,0.2668379247188568,0.007122695446014404,2.604685068130493
751120052245249,18.306901319254,-66.036105758042,17.50986767453498,96.84985540367224,PR,fog,1,15614.658726055477,0.35522696375846863,0.11676570773124695,2.8912301063537598
618094669584037,1.0592725919843,104.01250864856,1.1158163405546433,104.08873642171645,SG,fog,1,10.55226096233137,0.9943209886550903,0.9901605248451233,0.04428756982088089
204293011757830,15.079993126144066,39.21687884094408,-14.27196934041234,40.305933092771305,ER,fog,1,3265.9856630265726,0.5385610461235046,0.34717822074890137,1.9090516567230225
2928508607437195,37.840107608369,68.802462308142,40.22619063333586,69.66330807193758,TJ,fog,1,275.53784489987675,0.5495449900627136,0.2799980044364929,1.2077804803848267
1371451869918489,3.6333328691599,72.957712473483,6.875665580607308,-58.23899424594995,MV,fog,1,14473.834307515022,0.10539951175451279,0.004059441387653351,4.252165794372559
215955796651386,14.063525259413,-83.397823687399,-5.750772994166153,-35.287840634803494,NI,fog,1,5746.323378493322,0.7854361534118652,0.7569411993026733,1.367081880569458
137850255541406,24.545211603122045,88.5941532347436,23.698192647342708,90.31963516963287,BD,fog,1,198.8297742193653,0.4511775076389313,0.15345501899719238,1.374882698059082
300676795037037,47.54022479277,18.649560765963,29.77731095445895,-98.41419926586501,HU,fog,1,9370.664278543083,0.26771825551986694,0.20451989769935608,4.281208038330078
758419548202670,56.459896994613,24.509987996003,56.82949014602653,21.467403279553064,LV,fog,1,190.48653961391557,0.40849295258522034,0.08469536900520325,1.8885161876678467
234036278489604,30.859288137504,35.983036655163,30.11791214499151,31.657401264926133,JO,fog,1,422.57035799530297,0.7514722347259521,0.5924485921859741,0.9669944047927856
1877580812408950,8.2904185166376,-13.160532748623,8.286448943037101,-13.153775920489236,SL,fog,1,0.8646325194450202,0.957802951335907,0.942024290561676,0.258497416973114
508516997178857,-20.44017415751,57.716929198138,14.605520146336506,-60.990871998953224,MU,fog,1,13518.542325043318,0.5953434109687805,0.4829641580581665,1.5562076568603516
2476936639119646,-17.187994442004,145.88923082343,-17.394710824705367,145.86221358462905,AU,fog,1,23.164096196978594,0.9473753571510315,0.8949407339096069,0.20793846249580383
170299241727097,29.609911657314345,104.99307446089506,30.157712670218988,105.1694408096775,CN,fog,1,63.24137225944318,0.9754371047019958,0.9645130038261414,0.18922299146652222
297845861929140,19.00823988924,101.48346297652,18.538693087493005,-96.80352351487521,LA,fog,1,15387.312258007154,0.9284077882766724,0.8941295742988586,0.3661515712738037
322702535907825,20.283683791944,105.67522750563,43.29942949531626,-5.776002811915964,VN,fog,1,10083.370094598187,0.17878325283527374,0.05821441113948822,4.207366943359375
787272635685450,4.323621691762423,18.511948154254057,4.164879817611627,18.832503025337104,CF,fog,1,39.687636653147905,0.8105733394622803,0.7249854803085327,1.0779469013214111
173788081866624,59.75612769558473,-127.47179840177547,49.730139862950836,-99.91479314947226,CA,fog,1,2067.737560140992,0.3946022689342499,0.29906389117240906,2.850494384765625
233747548461554,9.3263006266193,2.619361832951,5.387619752218318,-0.6619581181277224,BJ,fog,1,568.0667193665629,0.6838883757591248,0.4572175145149231,1.1725581884384155
765041667535640,-33.099247370966,-56.459447149244,-26.92851938500904,-49.8366196636486,UY,fog,1,936.2337272958839,0.4125552177429199,0.28635913133621216,2.5428521633148193
296876208707767,35.337232736933,0.33737085013529,35.41303666670929,0.15898299952387043,DZ,fog,1,18.23834401921784,0.3100922405719757,0.058297544717788696,2.6378204822540283
5220870694689924,13.010537169214352,-15.781125774925767,13.427292561639401,-7.1605777499033145,SN,fog,1,934.2641382874095,0.957159161567688,0.9500435590744019,0.3098684847354889
490774565689974,13.06406278563,-1.087121270677,12.463448947468294,-1.9070033437179201,BF,fog,1,111.2018975336221,0.9102708101272583,0.8860583901405334,0.511205792427063
218599310068075,-21.24302439442,55.333436310069,-21.28312295563793,55.55496280703014,RE,fog,1,23.384766964742358,0.37218645215034485,0.019196420907974243,1.3787190914154053
174969884519406,46.737187807587,8.3987859932934,46.65611982156918,12.453329125677227,CH,fog,1,309.31377260292743,0.18855877220630646,0.06855609267950058,3.130103588104248
581849006299222,-16.292466257509595,167.67474403169504,-9.475232528565103,159.53851698585623,VU,fog,1,1162.4547030282808,0.4289470613002777,0.2536413371562958,2.223254680633545
514194699740537,49.025633194136,19.779030185528,49.08911419402252,20.14091332522916,SK,fog,1,27.29751635136883,0.17025978863239288,0.0690472275018692,3.668020248413086
1636152166570934,13.748349438255,109.21278035386,15.975868637859541,108.26194002380893,VN,fog,1,267.93892150594303,0.5222746133804321,0.3150002956390381,1.6066615581512451
810831549638249,38.371680067627,71.17919493021,37.16478952251532,71.97918042455588,AF,fog,1,151.5049062004721,0.9973502159118652,0.9961143136024475,0.02454908937215805
126986893262506,9.535228699145444,138.11777436553538,5.977346001476806,158.24312313182483,FM,fog,1,2251.8011932888076,0.9977450966835022,0.9971747994422913,0.021915771067142487
355702972637605,13.535688328213,-8.1000075739741,12.624727987156634,-6.085663208678918,ML,fog,1,240.53841283613693,0.9980515241622925,0.9974334836006165,0.01886315643787384
939211946839909,40.900998111452,76.418995914539,-17.91635286537187,-66.66635433268468,KG,fog,1,15671.28777741802,0.26324763894081116,0.22609063982963562,4.821664810180664
211629123827045,6.1356720399309,-3.8436536027728,6.722181581005451,-1.5983452912560927,CI,fog,1,256.5241520819069,0.9596402645111084,0.9479748606681824,0.3046763837337494
696540331416062,44.87397500000002,15.571799722222226,44.61085921254402,16.750609639022677,HR,fog,1,97.5893883500507,0.2822025418281555,0.13111697137355804,2.6488635540008545
942512046483923,57.98102591119,22.153417844629,41.944383572036244,-2.924721985111167,EE,fog,1,2501.3924424233314,0.49626386165618896,0.1492573320865631,1.6343421936035156
1794577467377638,2.2867934802243,111.96866392671,-27.059036389902808,-49.60703259514148,MY,fog,1,16632.949516722874,0.17150931060314178,0.10131977498531342,4.513573169708252
569520134014537,45.631513310144,14.917895762855,44.103362835605346,19.99208974941458,SI,fog,1,434.3906731492674,0.25895845890045166,0.14281634986400604,3.8606204986572266
759618951395520,13.918783401918,-90.820453412238,14.553810777656192,-91.52176660175274,GT,fog,1,103.43810621557886,0.36058077216148376,0.18981240689754486,2.308638572692871
317414069756073,8.849591446096811,17.846700004099304,8.96778957016126,12.403888391711803,TD,fog,1,598.0509087793087,0.44253721833229065,0.07189315557479858,1.492453932762146
310132177165029,32.35614104026,15.078246874263,35.99360370361004,0.5445304775297929,LY,fog,1,1395.26208704523,0.6249634623527527,0.5644627809524536,1.7092441320419312
378106816842746,47.677672060857,2.1491709666626,48.82315833940625,2.197575731056961,FR,fog,1,127.42266769960041,0.19690540432929993,0.08535904437303543,4.199265480041504
974285533334788,1.987119011826,-157.37182088346,16.858693101822652,-88.49623427157502,KI,fog,1,7697.09207956187,0.15977561473846436,0.048275306820869446,4.285665512084961
186014066630410,-0.26584500006505,29.929660585315,-0.08779885530182117,29.64854428997714,UG,fog,1,37.00068367015228,0.4957530200481415,0.43834224343299866,3.0040767192840576
2045346162308378,6.372858133743794,2.3062901826009594,7.455732440298288,38.28968210805097,BJ,fog,1,3972.850175404021,0.6884616613388062,0.6145134568214417,1.6838359832763672
1172091903236601,49.476195621557,-2.5778975923381,49.53917581598331,-2.0694743711801076,GG,fog,1,37.372112830982104,0.6843732595443726,0.6271277070045471,1.7186036109924316
1148818178927460,38.977689066483,-8.2445481523452,41.52522701299201,2.136275688139912,PT,fog,1,924.7013789495791,0.20404726266860962,0.0706498920917511,3.4121055603027344
1222613584876307,17.370666616194,-62.748620435823,-35.019909242081084,173.35280268222462,KN,fog,1,14165.19725015688,0.1754300743341446,0.05317789316177368,3.768345594406128
2874363389509925,1.1429664809873,33.846541381524,7.112745984634088,-11.442912331830833,UG,fog,1,5063.537174177494,0.730888307094574,0.6516947150230408,1.2752840518951416
472676697278023,-11.651270507603,43.263829479505,-12.768008473477925,45.196448760650185,KM,fog,1,243.9941611528618,0.5337899923324585,0.21221601963043213,1.2756659984588623
229441082274343,16.133435457207,-61.769410665445,35.677070100260714,138.55917327706342,GP,fog,1,13868.973948827164,0.5677000880241394,0.509216845035553,2.3188233375549316
588131552889375,-30.701177534770288,-55.134334723553735,-27.87855951163911,-50.14620838022891,BR,fog,1,576.5330947779522,0.12273680418729782,0.020254798233509064,3.78490948677063
282418593597680,-15.111719223373,167.09145508574,2.878598031544495,154.05039986711571,VU,fog,1,2462.2799206964023,0.9936568140983582,0.9910999536514282,0.04806315153837204
979772486214909,34.1336148881033,136.00098041765338,34.259433260929335,135.536759688192,JP,fog,1,44.928536607991646,0.5232906937599182,0.41624605655670166,2.0720181465148926
3774979212627875,-14.866355003204,34.792262380462,13.579864136274535,79.2645422037305,MW,fog,1,5826.333026778157,0.2673310935497284,0.13807401061058044,3.3627920150756836
426972879607348,-17.525550986516745,-149.84053510202472,4.45579749445585,156.82344205555768,PF,fog,1,6340.774228149675,0.5674909949302673,0.47442275285720825,2.097681999206543
1689362237932062,13.800606381009,-88.316570230116,14.166241172557841,-89.12395307895984,SV,fog,1,96.13635735235364,0.21411079168319702,0.0443289577960968,3.163090229034424
1166613090443646,50.253231893566,106.33993531955,47.718508175605024,106.85838008048835,MN,fog,1,284.3740285564621,0.21732208132743835,0.04966607689857483,3.351036548614502
420134173638637,-10.810393821363714,31.731146261210167,-12.042176493925858,30.493676644363546,ZM,fog,1,192.22430458098785,0.9978232383728027,0.996942400932312,0.02139965444803238
474713760445897,34.526350993866,69.196344342811,37.92174439816719,32.584557481038395,AF,fog,1,3284.6615298873726,0.827678918838501,0.7788083553314209,1.0260041952133179
506851794060092,43.177582319251,19.311856309232,46.75551681850457,25.540248771042247,ME,fog,1,630.8383613616065,0.6563029289245605,0.5735469460487366,1.7401314973831177
2995572500661892,38.898518256485,16.523049856494,39.330500511838565,16.385307599610677,IT,fog,1,49.48239343227403,0.576224148273468,0.5350403785705566,2.3556911945343018
115961117883320,28.43217928695932,36.51346701072073,13.483972252444232,42.36662448303811,SA,fog,1,1768.93339216629,0.43222224712371826,0.24316371977329254,1.543731927871704
1007571866714652,55.571514078836,10.350650482308,55.56922662859065,10.244836945513839,DK,fog,1,6.657241070450266,0.21923910081386566,0.10625342279672623,3.2863636016845703
1174895919599539,20.052558993471,103.35914721659,18.374154119523006,104.65370646368892,LA,fog,1,230.88091176642075,0.6839646697044373,0.5525162816047668,1.263750672340393
912812452874701,-11.627287351809,43.262280127651,-21.040496728785175,55.275848505704,KM,fog,1,1653.4199176479237,0.5880503058433533,0.36534935235977173,1.3273041248321533
173416451344450,35.019561811666,33.986374163354,34.90544378250453,33.6191407858721,CY,fog,1,35.78996977491328,0.7353169322013855,0.6905179023742676,1.3062008619308472
1449896788674967,-5.4217682185916,141.29314063475,46.423915989345545,-121.68899761708975,PG,fog,1,10981.604117164961,0.10051479190587997,0.054380375891923904,5.117841720581055
232511111978904,-34.065025583843,-55.656389079107,-34.16527250663445,-55.55753454247381,UY,fog,1,14.390056501556284,0.9932237863540649,0.9891521334648132,0.05407058075070381
1109815899545804,24.996104447036725,51.03225264110503,25.675204542150475,51.36127677504479,QA,fog,1,82.435009103222,0.8202926516532898,0.7136600613594055,0.6520391702651978
736517197023313,6.5599786208778,-4.9915528001493,21.952417197004543,88.62433256281824,CI,fog,1,10105.681348387538,0.9205423593521118,0.9005484580993652,0.5330325365066528
456214902348496,19.610685333333,37.215206138889,12.634067847718422,-7.995897193843268,SD,fog,1,4877.5776525492765,0.4820098280906677,0.2979987859725952,2.078375816345215
345208620288312,19.224700165467,-69.390303678979,-35.26059646824713,174.06515110611855,DO,fog,1,13601.334145882627,0.35426414012908936,0.24316388368606567,3.1173555850982666
1468811220266965,7.362390601198927,134.50483736055023,34.80342715212812,134.4371277319652,PW,fog,1,3051.311907648291,0.38153982162475586,0.07741355895996094,2.643075942993164
308427384185327,35.884648502247,14.544820145722,35.89715582543366,14.420060933344358,MT,fog,1,11.324391106196455,0.43255987763404846,0.09637609124183655,1.335377812385559
395740224747116,6.5139480425193,2.6483266181429,6.196440112815468,1.1924896568027616,BJ,fog,1,164.7148038338929,0.9686087369918823,0.9456155300140381,0.18008899688720703
1432327937141676,13.459201505715,-14.688767601582,-25.312438766551132,32.425085958763404,GM,fog,1,6680.563737235422,0.7471323609352112,0.7026751637458801,1.5528340339660645
1797066053813454,45.212729270223,20.36112097384,43.81310289071458,5.26798155963563,RS,fog,1,1205.039153879122,0.21410812437534332,0.054214611649513245,4.042836666107178
4182076221831792,70.667211583155,25.389289533957,38.94164630392446,33.960076714726725,NO,fog,1,3562.407947191127,0.20369605720043182,0.08850928395986557,3.7823598384857178
3450481218541153,25.63903018538021,51.51003081357617,25.61222098908749,51.35294136018356,QA,fog,1,16.029069764209844,0.9617561101913452,0.9335822463035583,0.2130623459815979
881754115706919,18.443691037533,-64.642920411564,37.995589082844695,23.751283781934884,VG,fog,1,8622.378000568398,0.23831583559513092,0.13119718432426453,3.545881748199463
512504643106571,-51.848040759038,-58.223206369416,38.6955302296033,33.834612458790716,FK,fog,1,13409.358222840976,0.1041385680437088,0.0014227032661437988,4.205760478973389
172855664661959,10.37149331328,-12.099479736597,10.167901186383142,-13.73115620609967,GN,fog,1,179.95680350394966,0.9881876111030579,0.9805648922920227,0.07704218477010727
833358057538383,78.076451987378,14.16217603674,65.64129348094514,-23.51083282719349,SJ,fog,1,1835.7393846963826,0.9436506628990173,0.8893797397613525,0.23445813357830048
214810390166469,3.5846135120697,23.723674547511,43.86956249052679,12.929222890298176,CD,fog,1,4603.511291468135,0.6137635111808777,0.5786794424057007,2.717226982116699
562840304708452,46.225408646208,15.611350197474,46.526492767738155,14.458114405819012,SI,fog,1,94.59311375406482,0.17089931666851044,0.029570624232292175,3.2899272441864014
817268602327565,-5.9419482354293,29.161401435445,-10.12519538502304,28.083540132096154,CD,fog,1,480.049424844859,0.7303327322006226,0.6816341280937195,1.6357487440109253
1034524170413490,21.467073188908,-71.131572461898,21.649757381076945,-71.50455280543623,TC,fog,1,43.59415962335762,0.9111496806144714,0.8346520662307739,0.37438321113586426
1856356164529190,14.123830049658,99.400519963042,17.930018060121398,105.33928210017335,TH,fog,1,762.7226909147253,0.24790064990520477,0.07622680068016052,3.6490166187286377
478137076746783,18.362805634492,-88.435381772096,17.34032150047253,-88.46561381702368,BZ,fog,1,113.74006490423322,0.9981744289398193,0.9976620078086853,0.019502654671669006
498318618261034,41.404988775836,21.780395818511,39.98270928508343,29.400565184199646,MK,fog,1,661.3772414167547,0.12524017691612244,0.026760689914226532,4.552690505981445
2934584883419749,40.95347805494,47.883005000971,44.02290513260567,43.17144215524218,AZ,fog,1,515.3434513682984,0.9132423996925354,0.835360586643219,0.35879436135292053
928316151288980,7.1879551740757,2.0018755441177,6.547600984665304,2.7392002406027203,BJ,fog,1,108.14652099830515,0.7987017035484314,0.6687990427017212,0.7805617451667786
684315855630498,-29.405735807316,27.816853497845,-29.39363593835088,27.534856268750577,LS,fog,1,27.351545727822288,0.9543229937553406,0.936063826084137,0.2707204818725586
186849946625100,14.753512333683,-61.142985518229,17.633702105219093,97.32052941377593,MQ,fog,1,15708.53448774751,0.1902737021446228,0.09082454442977905,3.513166666030884
963176671141156,18.09268978577508,-15.935383158508005,17.805800057627607,-15.761549492522462,MR,fog,1,36.82112525838625,0.9697104096412659,0.9435040354728699,0.16043825447559357
300283158416232,38.131370007974,13.274583161259,39.75729573102594,2.7304479235046832,IT,fog,1,929.0459546514402,0.9108526110649109,0.863848865032196,0.4948961138725281
1247260492372230,-2.4010827279028115,29.579609392792413,-2.2722679568744937,29.619681687765564,RW,fog,1,14.999517238159148,0.9644984006881714,0.9519507884979248,0.23814068734645844
4176262119093022,14.688978023377,-91.548589043217,14.695077999224083,-91.54805300984165,GT,fog,1,0.680732349006473,0.6368257999420166,0.35030829906463623,1.0371490716934204
2762253127421121,2.0297128301047,45.335734728401,33.171103194634206,-7.742075539353223,SO,fog,1,6509.388238795935,0.3044429421424866,0.2219289094209671,4.296947002410889
225659908904821,25.948880833757,50.588428667013,25.8912375544304,50.206812186603855,BH,fog,1,38.69965222337971,0.8943203687667847,0.8758154511451721,0.6519631147384644
149923280750483,7.361847187159381,134.51969303436232,5.210478231927247,155.70058365445144,PW,fog,1,2352.934151870404,0.974022388458252,0.968833863735199,0.22134190797805786
190898982868748,55.795733000622,26.378530002305,56.51042490484267,27.52125553951511,LT,fog,1,106.41243142861357,0.27666059136390686,0.18750770390033722,3.0580549240112305
186306836702993,38.679684725081,-3.0625683543611,37.70476271447176,-5.281723909509903,ES,fog,1,222.16984639309248,0.27635031938552856,0.13137520849704742,3.1707963943481445
1146877169153705,18.59342674547,-68.388033766711,21.101481893033416,-101.60568579788074,DO,fog,1,3479.2603123127433,0.08311405032873154,0.006305769085884094,4.5128350257873535
950737242436239,10.385183082561,-0.78958324298512,10.371144223679153,-0.9091813383541417,GH,fog,1,13.173952610619388,0.9999148845672607,0.9998391270637512,0.0009527339716441929
301977051516569,58.706895821146,13.896556360307,58.15782102077582,13.74766404912162,SE,fog,1,61.6664117857398,0.7278116345405579,0.6302227973937988,1.2001562118530273
898624280682585,49.458533172147,-2.5981886348273,49.31199064229734,-2.2817738994066032,GG,fog,1,28.1085263102686,0.8844849467277527,0.8311320543289185,0.6625888347625732
469891447444920,16.804499980025383,53.27984729115688,43.319888927048915,76.3287325077902,YE,fog,1,3663.043216401887,0.44976457953453064,0.32326799631118774,2.3238797187805176
530606458102780,11.557031237126,43.092310521315,34.67500741844179,11.122881302814726,DJ,fog,1,4126.265125732656,0.8798981308937073,0.8205136656761169,0.6444056034088135
310840073886034,-0.84581588834853,-80.17844601219,-1.1879372184390953,-80.67331721609615,EC,fog,1,66.88970098699875,0.9072916507720947,0.8440427780151367,0.4564945101737976
477881999969065,24.946444828187,56.186213387143,22.990466477106306,57.71575632927028,AE,fog,1,267.3065333737093,0.6065222024917603,0.4672944247722626,1.595356822013855
494687355014866,15.351932577531,-61.256287052693,15.36886561342509,-61.21401142478373,DM,fog,1,4.908412490941128,0.9855949878692627,0.9766661524772644,0.09196288883686066
1443285099355563,16.555627302292,96.198597103646,6.509719633314526,2.7352819739561243,MM,fog,1,10168.28109447356,0.39956414699554443,0.28708523511886597,2.8842287063598633
4104851466266998,50.070544187764,5.8458119238789,53.0663843543104,6.270332708587302,LU,fog,1,334.4102282159144,0.5586207509040833,0.501999020576477,2.800020694732666
1896496400517870,13.223609624878,-61.268552428199,14.002881224009991,-61.01398607261881,VC,fog,1,90.91347496656203,0.9017373919487,0.8683104515075684,0.63890141248703
1077942902611364,51.861118010498,-1.6602529488605,52.012030357975476,-2.0671229885166933,GB,fog,1,32.551707917407654,0.14232370257377625,0.013554871082305908,3.6950294971466064
1365414380506403,21.476737171908,-71.132920671407,21.646808067946264,-71.89472540232934,TC,fog,1,81.01890367110353,0.7512295246124268,0.5258458256721497,0.6734598875045776
275646330919906,47.355981665822,13.66278897535,60.47401261935542,15.642355227830905,AT,fog,1,1464.2409661588658,0.22106778621673584,0.039425358176231384,3.4059247970581055
4085345498214305,54.3204660444997,-4.449369579381132,50.68598930285187,-2.105045601497879,IM,fog,1,434.1089081281482,0.24750544130802155,0.16355887055397034,3.7834701538085938
319387202956018,36.746376386627,71.926086394726,37.00134252956301,71.94943087301769,TJ,fog,1,28.426885395026574,0.961268424987793,0.9471510648727417,0.23893249034881592
192500316060760,8.5018456161549,-10.886196315338,9.11898540771451,1.4136042247636502,SL,fog,1,1353.2105299745658,0.7040936946868896,0.6321028470993042,1.3097814321517944
469096650835409,78.165866991509,14.615773975551,62.301494212419335,-7.429732505287825,SJ,fog,1,1919.7883045304015,0.7651692628860474,0.6776339411735535,1.1218262910842896
204485121341585,12.133472243206,-68.277416893276,-8.16335881902204,-35.48630093054459,BQ,fog,1,4269.848257337425,0.6582769155502319,0.5693272948265076,1.6465821266174316
142251097914946,62.221882069575,-7.0387447331054,62.73808125648237,-7.18582802522023,FO,fog,1,57.89401321679466,0.9851589798927307,0.9710814952850342,0.08195439726114273
5522870664422058,42.480681608263,24.806056880296,41.458133347134755,22.07413165351429,BG,fog,1,252.84612469512817,0.946253776550293,0.9049375653266907,0.26058170199394226
911536296350418,13.531493241774,2.048401634304,-16.552300562137066,-48.643423417747364,NE,fog,1,6495.736953534579,0.3435315489768982,0.052271634340286255,2.377281665802002
217953836457406,10.205301098661,-14.000220074778,15.683861850135582,73.7104625260757,GN,fog,1,9460.586491491864,0.3626003563404083,0.1819014847278595,2.494317054748535
2915873148627226,47.806436500583,28.717659500757,48.16509299589604,28.236103105448745,MD,fog,1,53.61835472039929,0.5145924091339111,0.10197162628173828,1.018880009651184
1383220612042284,40.713663160769,75.04503308282,17.027762026676466,54.58710010505313,KG,fog,1,3284.193835685278,0.22153623402118683,0.14493270218372345,4.059808731079102
966259830868758,43.623138586006,18.908434254799,43.28143538123651,-5.761591670487068,BA,fog,1,1984.4187497006678,0.646640419960022,0.6059784293174744,1.9487289190292358
216904886576725,-17.609749712456,168.24322430001,-2.4477412488951655,150.88716139838917,VU,fog,1,2535.744953513885,0.9384825229644775,0.9061759114265442,0.34878796339035034
1083924499211873,-15.604998425967928,-54.3918257160871,-23.886504411073233,29.51068011160557,BR,fog,1,8708.630940212539,0.5100985169410706,0.3188403844833374,1.893731951713562
515495726108152,-21.626125276138,46.991186348236,5.5417329145189145,-73.46075034054792,MG,fog,1,13376.758863926434,0.3553319275379181,0.19611790776252747,2.6550559997558594
995843031248300,0.35769064003091,6.56005755347,16.04301228954337,-61.63595969865199,ST,fog,1,7670.285717994684,0.48902958631515503,0.25951892137527466,1.6902706623077393
868028680411287,33.75473452141,35.539565617947,33.87849854013703,35.534709750089704,LB,fog,1,13.769240618777655,0.9757990837097168,0.9675840735435486,0.1862422376871109
497044088003103,39.80104505168,3.0309963190024,37.13286592296363,-8.564308688639,ES,fog,1,1051.3099121288296,0.2601824104785919,0.0522991418838501,2.82930588722229
763955694314654,46.724388793399,10.079801957807,46.92532303253686,10.459936768085447,CH,fog,1,36.546799206234354,0.3758717179298401,0.1381753534078598,1.8983570337295532
933520784110620,12.510164810275,-70.009077685586,33.50970601755852,-7.578865999579937,AW,fog,1,6698.67647755094,0.5898725986480713,0.4189353883266449,1.5811747312545776
4220821467968709,8.70139122196,80.590505170341,8.315565662967273,81.09727738502202,LK,fog,1,70.33080517048727,0.9927559494972229,0.990649938583374,0.0665137767791748
472361870697782,26.020756253761,50.623130115609,25.901216670371166,50.174350318796186,BH,fog,1,46.79407548497668,0.6066142916679382,0.44553256034851074,1.5263590812683105
658902925214070,22.641060199825,-79.087651499584,23.21177622549287,-82.09058126290604,CU,fog,1,314.0058650958797,0.7175371050834656,0.5700695514678955,1.0073312520980835
1183079165486550,-5.70834515155,34.761777557018,7.908044314637447,38.57938351744185,TZ,fog,1,1572.1645065521955,0.88050776720047,0.8395332098007202,0.69969642162323
296065025397911,34.897985568931,32.528909790104,34.811773754686456,32.443595338034484,CY,fog,1,12.349029436172405,0.4960085153579712,0.2730046808719635,1.8114172220230103
298824355069041,42.200225487404,21.258956694741,42.820393054822446,22.071277867478003,XK,fog,1,95.85769202535177,0.5209771394729614,0.44435107707977295,2.4947056770324707
111691027649131,-22.530138328473,-59.8361857055,-28.583837862101902,-56.58495755835362,PY,fog,1,747.8759700982305,0.4600057005882263,0.08031073212623596,1.396450161933899
752480212123625,49.471066330606,-2.5339439207361,50.79394253404583,1.7465282357552074,GG,fog,1,338.640035190703,0.45485588908195496,0.2351493388414383,1.8969416618347168
1074377829753053,-6.7022282025878,-76.214917225524,10.52660960674821,-84.60853667876204,PE,fog,1,2129.2422184365464,0.5890795588493347,0.47628533840179443,1.6704528331756592
525641785107823,50.160224002237,6.1091880533415,50.616099787536434,12.993046889947541,LU,fog,1,490.48340885539864,0.18741053342819214,0.12072049826383591,4.116170883178711
226167275508563,15.49826792628,-61.465568794916,-20.2029446723817,-40.419247239397606,DM,fog,1,4587.732994330531,0.41307368874549866,0.19179955124855042,2.081200122833252
148887153873411,5.2121780980173,-52.75060936262,-37.58979670350988,144.94196237745288,GF,fog,1,15992.550701106185,0.27283698320388794,0.10407140851020813,3.1501331329345703
303850827922633,-34.01092105809,-55.839634214304,-34.0867140512002,-55.886695505129524,UY,fog,1,9.477723800786501,0.9191747903823853,0.8748800158500671,0.4620908796787262
311706737236449,50.868855073513,8.8221774508729,49.53845062967742,9.524464544881665,DE,fog,1,156.1480131839233,0.20485416054725647,0.013574644923210144,3.3266520500183105
1416886515315835,8.139352166375,34.375065339482,-27.58230599046031,-55.66596979126542,ET,fog,1,10429.507869176112,0.5052604675292969,0.36826643347740173,1.9249402284622192
178330404153531,-21.691747493695,-64.656846311167,-12.650034953631614,-76.09873879326221,BO,fog,1,1576.087221874993,0.2050759643316269,0.0072959959506988525,2.4409234523773193
218036349822435,41.14963208511,20.008913305496,43.28501637800159,22.013037951368776,AL,fog,1,289.1474473168893,0.3738633692264557,0.30335119366645813,3.3802411556243896
2882903775325778,69.217437476679,-51.098566140502,66.23404811614576,23.74366718544369,GL,fog,1,2973.593768552224,0.6994126439094543,0.6477348208427429,2.006864070892334
459460818448144,27.426607200988,89.643491444303,36.20233577769534,-84.05391276504427,BT,fog,1,12909.124633284959,0.11070505529642105,0.024461224675178528,4.259377479553223
309590514053514,-21.85770610861,165.95185481884,-35.027308168364655,173.35787772279232,NC,fog,1,1632.2573972937244,0.4438514709472656,0.15122905373573303,1.8926854133605957
179548807357974,23.005385103705,120.43121323661,23.974240519634222,120.92099378595894,TW,fog,1,118.74698557255151,0.568766713142395,0.3789079487323761,1.5073188543319702
528726041469936,3.6332857552313,72.958318596822,1.3540670884947783,103.84358764795898,MV,fog,1,3440.071769113366,0.3331165015697479,0.07433944940567017,2.3836638927459717
568831498116619,24.732585867741577,121.74077955053384,24.739228994377214,121.81024843128782,TW,fog,1,7.054606163549232,0.7820788025856018,0.6268426179885864,0.7365431785583496
871486690248300,-19.804021310365,-63.993881510197,-17.339110366248082,-66.1272847920645,BO,fog,1,354.51185311100465,0.7044014930725098,0.5942144393920898,1.4323921203613281
380042953234728,-19.161161992074,-64.572161532541,-37.42270096261074,147.3411819877803,BO,fog,1,12891.203077316213,0.23627667129039764,0.13652579486370087,4.218522548675537
368884091223603,35.755508707073,53.366090359346,37.50234775670933,72.51517191156094,IR,fog,1,1716.779867386089,0.2715623378753662,0.13823479413986206,2.8775794506073
512716496579771,12.164080960014,-68.283956526724,-7.342454779455159,109.69813929721359,BQ,fog,1,19435.158555015536,0.20110534131526947,0.08445581048727036,3.7915451526641846
485436899323868,65.609323761209,-37.633778515025,60.6158296479643,6.986597329607794,GL,fog,1,2258.8157965384403,0.4888050854206085,0.16791710257530212,1.5668787956237793
172629294662585,48.532451875231,17.496813301999,45.912798787242906,18.478014362904222,SK,fog,1,300.5616731674373,0.09212180972099304,0.007276259362697601,4.114326477050781
506770377649958,-12.679904697999794,45.08466359942028,-12.809339111312173,45.14676766883368,YT,fog,1,15.890559054476812,0.814298152923584,0.6936522722244263,0.738311767578125
265103101980958,14.721827633666,-60.947724527678,45.1018335358887,3.9704260520931625,MQ,fog,1,6894.538532783792,0.15196196734905243,0.07538875192403793,4.127824783325195
517013032790983,42.403345896483,44.64336095767,41.80585287129924,44.885484391914325,GE,fog,1,69.3758533116988,0.45763126015663147,0.11992469429969788,1.7885029315948486
825755764959780,20.340364998941,-87.352869999803,19.410485155617877,-70.64195206667131,MX,fog,1,1749.7952836160455,0.9371966123580933,0.9290801286697388,0.4815613329410553
3799534356839064,60.209940286403,20.246918494907,48.22939648107158,4.472687419993257,AX,fog,1,1672.1396325402688,0.4651928246021271,0.36361992359161377,2.7738707065582275
134126825414739,38.270282754345,61.711075339758,38.75047220822255,58.501277146423,TM,fog,1,284.3250658300945,0.529476523399353,0.19760793447494507,1.3752713203430176
1397623030665407,14.493780516069648,-88.97344682800627,14.444465521929288,-89.18020670406325,HN,fog,1,22.926869315823623,0.5451819896697998,0.36243754625320435,1.8594629764556885
170949221611851,33.305143801504,126.28817369339,12.335461922631866,102.40190372789351,KR,fog,1,3363.581246706741,0.10841213911771774,0.010705776512622833,4.61629056930542
978428179365285,33.705735440434,51.794214966505,40.300465866242135,28.47231010359594,IR,fog,1,2189.132937120562,0.22324760258197784,0.11305680125951767,3.905961036682129
333013904838174,32.340904308709,15.105537141291,36.395059760225976,44.35513623500935,LY,fog,1,2711.564746322728,0.2982575595378876,0.08059221506118774,2.4545884132385254
248513507027667,5.6150523860158,16.240852825971,-16.63084953743105,-48.52982150329594,CF,fog,1,7534.8310093814225,0.2953817546367645,0.20183925330638885,3.77103328704834
237495388152862,-11.621236170917,43.26262853229,14.237501059689823,-90.81948561696034,KM,fog,1,15037.797184319897,0.27266404032707214,0.20624041557312012,4.017273426055908
3042776155952353,18.400872724367,-88.464242712832,17.247081570075856,-88.90840907641065,BZ,fog,1,136.63977198248432,0.4037145972251892,0.1511838734149933,2.0520565509796143
487380732512751,4.8184532,114.77786780001,18.552423736790992,-97.30589822318397,BN,fog,1,15643.488177286357,0.14504072070121765,0.013490483164787292,4.115418910980225
290265362649999,26.177525761353,50.383620514714,24.44030296499766,54.617745247269205,BH,fog,1,467.36622460607305,0.43979203701019287,0.27091166377067566,2.2904441356658936
482049282914438,7.5885792292079,134.59098074356,9.62535085257407,-83.78618057662312,PW,fog,1,15353.56969702648,0.7704998850822449,0.6361112594604492,1.1187630891799927
225571855612889,46.763350531273,-81.597671294692,46.808813455254445,-81.15515499687746,CA,fog,1,34.069331563916634,0.4974989891052246,0.07267838716506958,1.1093567609786987
4804926129529176,15.24531506432567,-14.593708973874378,35.00888045492295,10.2723083818773,SN,fog,1,3312.707925957926,0.34120050072669983,0.10411691665649414,2.4793927669525146
369883598351184,-20.367575551703407,57.57618979619237,1.6033458252152595,110.4286267975041,MU,fog,1,6250.2287482065185,0.18963393568992615,0.004780754446983337,3.9578378200531006
4121896524538487,24.635513307941,-76.169569569,39.37797274867053,-6.485512774731139,BS,fog,1,6609.673074227148,0.1418929547071457,0.03800202161073685,4.514654636383057
3863471930446023,-17.111944610128667,15.757158787596603,8.221285440952334,38.84550935838449,AO,fog,1,3791.655949399557,0.9523653984069824,0.9317765235900879,0.2961849272251129
300728688257104,30.395743312589,35.487349115709,30.34955345456609,35.257192853579085,JO,fog,1,22.669297853387487,0.9881891012191772,0.98404860496521,0.08852005749940872
1126228627789114,50.981438273289,3.9109549608118,54.79017514929265,17.809428012802176,BE,fog,1,1021.8901276350633,0.4711369276046753,0.3976609706878662,3.4558346271514893
549637092752676,-14.934793656692474,13.483762083058584,-8.920218739049496,13.30836749065896,AO,fog,1,669.0621005199041,0.6612375378608704,0.344635009765625,0.7296473979949951
1003284990411465,12.059176169795167,-15.322303903822672,26.85770354003895,70.7555522405547,GW,fog,1,9022.090484492286,0.12529166042804718,0.021030403673648834,4.181276321411133
549574962737771,14.061193852760738,-84.04279947361962,17.807033036771983,-94.49125286435745,NI,fog,1,1191.9538839792651,0.305324912071228,0.0920293927192688,2.418813467025757
542559790066195,33.009983226586,35.680040403337,-33.06456584821142,-71.0154331096866,SY,fog,1,13336.935105738828,0.2706882059574127,0.19711709022521973,3.9020869731903076
265445685298888,13.004017262133,109.35894392193,21.689801402584905,106.69417971959322,VN,fog,1,1006.2767621288332,0.3599146902561188,0.19547031819820404,2.233759880065918
1444159855929152,12.212140324895,-61.65046673147,12.289592874316018,-61.531808236936364,GD,fog,1,15.5055252997321,0.9503024816513062,0.940568208694458,0.3660896122455597
378257181042695,0.4223981532159322,9.46341740514976,5.568179886700066,-53.155472718087644,GA,fog,1,6973.4253918840595,0.7806999087333679,0.7057614326477051,1.047627568244934
136200968757362,15.043474943211962,-3.1134483369205417,6.503706705035562,2.627842413177907,ML,fog,1,1137.6279823434868,0.262386292219162,0.09179151058197021,2.3742165565490723
533142534351766,-9.8840552815116,33.911477956503,7.300010089903769,38.73774409712128,MW,fog,1,1984.1301729022528,0.29813459515571594,0.09824584424495697,2.4754040241241455
522728752252154,41.038602463059,19.563694296348,40.9101968520484,19.549355118394597,AL,fog,1,14.328710269062501,0.7891156673431396,0.6977654099464417,0.8530043959617615
758888101326263,31.637988555726,73.231186805001,31.257628715296264,72.80989732017488,PK,fog,1,58.188747742170975,0.9918017983436584,0.9884927868843079,0.06970729678869247
305757657709496,1.0675572904673,103.9646409699,1.119829178123285,104.10669016659261,SG,fog,1,16.827937523624843,0.28774821758270264,0.18348202109336853,3.2901902198791504
223281329232117,12.507939003947,-70.014398687436,33.516514661940946,-7.591999889911623,AW,fog,1,6698.144380040189,0.6064997911453247,0.38999927043914795,1.5898104906082153
353672373022082,41.381628312913,22.307214335612,-23.883930273892545,-46.54641172246594,MK,fog,1,10135.969670830369,0.4230822026729584,0.3830087184906006,3.5736382007598877
855868761633795,18.030052213813,-63.078616758552,16.01535236242728,-61.678319978033656,SX,fog,1,268.9803505977714,0.5126112699508667,0.3099876046180725,1.777334213256836
510341753682172,18.547859996816,-68.613997996337,27.743843064323656,-80.44424122927744,DO,fog,1,1582.0879060827604,0.18927539885044098,0.014117062091827393,3.274750232696533
3864898026890576,49.490894517019,-2.5725344431006,63.33719336363172,-20.39726676767103,GG,fog,1,1876.2227141151716,0.4038963317871094,0.34209442138671875,3.4540581703186035
307754797548858,34.712695715026,-3.8563324324235,34.43357094381242,-3.705976171144946,MA,fog,1,33.9532438049456,0.9911680221557617,0.9887677431106567,0.07409515976905823
446821260679124,-9.024115630183084,125.29622320893388,-8.584713544203767,126.4177750678496,TL,fog,1,132.57288759886075,0.5889219045639038,0.5202817916870117,2.067902088165283
947185652683658,-2.3270469336559,-78.929168380573,-2.336761750077932,-78.76839782340146,EC,fog,1,17.89470112081252,0.9783047437667847,0.9607058167457581,0.12475226819515228
2947290612262244,-11.652155080814,43.263890007029,-20.931546858706934,55.53232074962979,KM,fog,1,1665.5245283208299,0.35645484924316406,0.11091044545173645,1.8215415477752686
2932426006995864,12.349827079376,105.09907855331,11.00542471938818,106.93857345077289,KH,fog,1,249.93778995273564,0.7880103588104248,0.6537834405899048,0.8770890235900879
271753411301610,-18.657738465691,-174.02787918873,17.008015298226812,-88.61431343472327,TO,fog,1,10142.169833952299,0.7562982439994812,0.7163254022598267,1.571689248085022
478264666827999,61.472372240129,-6.7939711372832,61.66632313313499,-6.772416183469274,FO,fog,1,21.596522579022928,0.9994186162948608,0.9990525245666504,0.005422823131084442
1101915547131650,-35.411992228208355,-71.29963328046824,-34.8847643010412,-71.8178420044182,CL,fog,1,75.2112534100693,0.557267963886261,0.3428713083267212,1.227088212966919
3920872697958453,60.225200988406,20.059664271851,60.21586315306416,20.07501456336506,AX,fog,1,1.3404378587056616,0.9444384574890137,0.9293814897537231,0.3775447607040405
480958303108322,18.02673753942373,-15.984917957529673,17.40123167843123,-15.469012297262914,MR,fog,1,88.45223629126198,0.9620475172996521,0.9466257095336914,0.27879565954208374
477439253471149,2.1909112658474,25.247273616721,6.367622127684745,37.561855852277866,CD,fog,1,1442.0155049049959,0.2677876949310303,0.04347310960292816,2.053292751312256
2503535586463255,5.369009126207446,163.01297824070343,2.7796392621737676,155.56803460864742,FM,fog,1,874.4354594796216,0.9998660087585449,0.9997847676277161,0.0014919763198122382
699303201033596,25.12900987620192,33.08865526570508,-25.813894187356514,32.59133638530697,EG,fog,1,5664.844366694255,0.991814136505127,0.9876862168312073,0.06326326727867126
1109009986288059,-8.6876105869135,120.2374852281,-7.329137616702714,109.75192161107253,ID,fog,1,1164.350887604975,0.6557374596595764,0.4927157759666443,1.4260635375976562
945361122882179,12.134119747509,-68.278230013563,32.63070665495947,35.187151488424746,BQ,fog,1,10507.402947957562,0.44721508026123047,0.2985920310020447,2.6739776134490967
1086140081896052,17.025256612863,-61.868698580061,17.121070448660248,-61.995236407223864,AG,fog,1,17.158621318023346,0.9998476505279541,0.999700129032135,0.0015208881814032793
2896487987274330,-8.6384264591615,125.60292428532,21.46612817019621,101.99970903165644,TL,fog,1,4224.088569755175,0.837482213973999,0.7589367032051086,0.7086150646209717
2579869142308862,10.34358900767,-61.458152299031,9.05488116105822,-79.45758060335851,TT,fog,1,1977.7562124967696,0.36798495054244995,0.16645310819149017,1.8709166049957275
267083508462188,52.899440738443,8.4141554815178,50.43867637236364,3.897322708703075,DE,fog,1,414.4668858709377,0.07040951400995255,0.02066182717680931,4.789555072784424
135893315238976,8.7909434146234,-78.181606800432,9.211344379538417,-78.86120892151278,PA,fog,1,88.06809238978458,0.3461349308490753,0.18833526968955994,2.8397555351257324
150017570480103,41.50666060749,21.935799073836,34.48653657086572,-95.76846341823291,MK,fog,1,9444.510821536693,0.08880597352981567,0.01341690868139267,5.563238143920898
869032447374518,45.14353499999999,14.845183055555555,44.6756064277002,15.044411302575364,HR,fog,1,54.34523815583382,0.6927629113197327,0.5518195629119873,1.13801109790802
919042368661061,-35.376055559767,146.26475,-36.26302987706333,149.05976363390522,AU,fog,1,270.60775988581014,0.47489404678344727,0.1879570186138153,1.8934520483016968
985915661813386,-23.393263453848,44.397761247232,-25.31164684534237,32.180388957149546,MG,fog,1,1255.4000211844598,0.6223628520965576,0.443279892206192,1.7273794412612915
670850541182018,26.0204034,51.064903400000006,25.624107496182354,51.12062696000303,QA,fog,1,44.41766295663289,0.6625367999076843,0.39162951707839966,1.0302162170410156
358677975646602,18.32970950933104,-64.95126838918696,15.174085335148964,-61.40325843981679,VI,fog,1,515.5481358444648,0.38149452209472656,0.1227494478225708,1.8045600652694702
468571217849628,27.519976313624777,114.13899685380947,27.571470650663013,113.5797434911745,CN,fog,1,55.433312403179045,0.9567625522613525,0.9338923096656799,0.29965901374816895
166033172108272,39.547581612083,46.441663046559,13.134805221859299,77.82293172046842,AM,fog,1,4248.5575713941025,0.2977220118045807,0.0012280046939849854,2.67879581451416
494503958271926,65.59525777881,-23.774501108369,65.78273113489685,-23.645563151791407,IS,fog,1,21.665600026278245,0.9631417393684387,0.9404188990592957,0.21756088733673096
912539252641876,-6.3006910051682,176.31917767142,0.41385004012693793,150.96707811764867,TV,fog,1,2910.9910888483687,0.3200095295906067,0.19414487481117249,3.8287105560302734
528519191857396,31.419084991343,35.033717818153,31.524766765871558,34.88911060799917,PS,fog,1,18.060236450685395,0.8376560211181641,0.756810188293457,0.6857266426086426
2693852350916149,-22.134506991871,166.34104640683,-34.47277996623588,150.3434578870225,NC,fog,1,2076.967948658864,0.5451521873474121,0.47037556767463684,2.4855830669403076
943976513021626,17.310149834096,-62.711002505143,17.3000474580976,-62.4945811703513,KN,fog,1,23.003081786453862,0.9820631742477417,0.9641326665878296,0.08997282385826111
314603156759488,27.431221771339,89.646958499505,5.812355288029692,-73.64540255317162,BT,fog,1,15905.486755680839,0.21490278840065002,0.05572700500488281,3.404205322265625
142911821192377,18.124397901175595,-15.95930487738458,34.8215224378777,10.78352819827766,MR,fog,1,3227.7658756432097,0.6854747533798218,0.43428534269332886,0.9734628200531006
995608364307407,62.231154398192,-7.0203744109078,62.08875387639426,-7.077054696543569,FO,fog,1,16.105449284262026,0.8885398507118225,0.8122852444648743,0.5060328841209412
920634065161187,49.245509981929,-2.1382669508349,49.197775467032784,-2.1047330403487723,JE,fog,1,5.839891780414171,0.9991664886474609,0.9989396333694458,0.009285753592848778
314870496880636,28.628362975198,48.038775336392,30.08378434701273,31.741549626283184,KW,fog,1,1586.3743471492116,0.3403536379337311,0.04190993309020996,1.757077693939209
137727984953777,-6.2967650470378,176.31787733981,23.172078557558404,89.67379614357851,TV,fog,1,9941.707317139098,0.7522025108337402,0.6899612545967102,1.3067829608917236
970870010403579,1.3869451851245,173.14684137479,-0.7402363838997957,152.9674230228144,KI,fog,1,2256.1169656625743,0.9751942157745361,0.9686099886894226,0.1885811686515808
319746332831620,37.296859809574,-5.7125450742042,39.963023807649364,-5.002008512840348,ES,fog,1,302.81721378542943,0.6339285969734192,0.3775172233581543,1.0516911745071411
3035810213314122,55.003356832716,24.139338741958,55.032949463895505,24.330059442563247,LT,fog,1,12.59583457703921,0.2879470884799957,0.11468590795993805,2.8223934173583984
288447642774684,-6.1571269966165,107.04394801454,-7.059648890208519,110.451354864716,ID,fog,1,389.5142189348894,0.3756987154483795,0.06638908386230469,1.5955547094345093
829997677895262,12.323432189112,-1.5533388682237,12.43240552190302,-1.046540517802219,BF,fog,1,56.36142274683881,0.9614601135253906,0.9449039697647095,0.2150641232728958
106381768201986,11.974525625543,39.044869566531,13.128806463102697,41.68954006941922,ET,fog,1,314.4282282414733,0.878155529499054,0.756351888179779,0.37102454900741577
305230294414376,18.451313183212,-64.558514994681,14.59950227151244,-61.162507559381694,VG,fog,1,560.7459110744209,0.9008870720863342,0.8577360510826111,0.4589449167251587
883910462466493,-15.648621030725534,39.34163432285212,5.946688059986203,0.5700474015233931,MZ,fog,1,4897.85004314018,0.7165523171424866,0.6726816296577454,2.006566286087036
492194012125902,46.117642,18.110710999899,47.9788392794361,18.893809827284226,HU,fog,1,215.28955164816895,0.37920480966567993,0.29390639066696167,3.2957839965820312
1573490059506418,18.338429999176,-64.899272406242,14.030985307829573,100.88376320062626,VI,fog,1,16092.902469237853,0.3605443239212036,0.20898188650608063,2.9981765747070312
766495730715953,44.706372569218,18.069343447503,39.92097229041523,29.834236134140397,BA,fog,1,1102.5259310076403,0.21334457397460938,0.07608310878276825,3.314516305923462
781285156083286,32.087994573877,-8.2233968662806,31.876482799581698,-8.269645933537795,MA,fog,1,23.92013093224296,0.9993616938591003,0.9992631673812866,0.007291262038052082
745256106153583,52.344707039659,45.336839122968,53.85726668537112,45.01183895320434,RU,fog,1,169.582259829527,0.2734174132347107,0.08888441324234009,2.589783191680908
1117334568775680,18.337748404316,-64.915702992028,17.01702686705716,-61.90235935668943,VI,fog,1,351.394028916565,0.7550628185272217,0.677879273891449,1.4260165691375732
306286164527539,33.350146257859,126.25399959043,-25.39414396227772,-51.387545212777745,KR,fog,1,19101.467975635314,0.14563500881195068,0.06351186335086823,4.3785810470581055
336794264546437,4.9054666559617,-52.301588003183,13.881837753845623,-89.70556746038369,GF,fog,1,4216.5880270445405,0.3309366703033447,0.11600814759731293,2.40175461769104
153474173412155,38.399164295663,71.058858396182,32.31383264709617,77.37146383283526,AF,fog,1,885.8352315040104,0.9758617281913757,0.9597676396369934,0.1405911147594452
350521240549818,31.321208568090835,27.27841709921041,34.75508384064556,10.536669359154386,EG,fog,1,1604.4956891976406,0.6793040633201599,0.48141348361968994,1.1895995140075684
218975556246226,7.8821057071516,-74.834139978895,-27.410564063422264,-59.048097644888756,CO,fog,1,4276.5170624925495,0.43253132700920105,0.3263791799545288,3.157572031021118
1259603784501134,31.292411220432,35.534796522034,35.68747527024994,51.134076057314076,JO,fog,1,1524.8408748604406,0.46790429949760437,0.23688486218452454,1.6716629266738892
4309223739108363,2.1266240352603,45.323364966483,34.00284263319517,10.009598131028781,SO,fog,1,5096.352088454391,0.4853360652923584,0.26356279850006104,1.9473292827606201
259978149147748,40.965992824636,70.990742663385,45.667327349465296,-80.17904927988282,UZ,fog,1,9964.992289618245,0.14475058019161224,0.06635084748268127,4.936795234680176
764847514207415,29.990268063885,35.075916116471,30.34490360243696,35.068983617493984,JO,fog,1,39.439303987036,0.5506555438041687,0.4475764036178589,2.4246912002563477
248250033759700,29.80888569787,-8.8927590395819,35.63071198778687,34.41278254406291,MA,fog,1,4069.8371617934713,0.2718559801578522,0.08619914948940277,2.7762575149536133
454143095650719,4.754477618596,115.1672935653,4.888869033124659,114.89755466748406,BN,fog,1,33.41514532720054,0.8095963001251221,0.7665038108825684,1.0961930751800537
779725396245876,17.150242379267,95.997861485963,16.89526815501316,96.16074425912048,MM,fog,1,33.22269576019235,0.34916332364082336,0.1631590723991394,3.0784754753112793
580468796254927,1.0529367558583,104.00979134276,1.1141396799413892,104.08651566394683,SG,fog,1,10.912020967376131,0.9915581941604614,0.9843631982803345,0.053949832916259766
996366924230321,9.4509927129863,-5.632989557206,5.690309010843424,-0.13447988831814173,CI,fog,1,736.2408682063467,0.5231581330299377,0.33426088094711304,1.9835807085037231
167430881975593,48.946219066106,17.372135047934,53.050351958622585,6.286331761851689,CZ,fog,1,898.6285778704669,0.22723358869552612,0.1479630470275879,3.6792397499084473
1287753361619391,41.902938185448,12.402760733592,37.01403170044013,15.259497739034126,VA,fog,1,596.288039467721,0.3447231650352478,0.22335925698280334,2.895052433013916
631066277884886,8.81662211291624,-82.90477256073295,9.058302596695627,-79.48985546878546,PA,fog,1,376.0708383382919,0.5751422643661499,0.2924882769584656,1.3283181190490723
1770786233100996,69.218294531367,-51.091665910743,78.30696302575527,13.319406653169366,GL,fog,1,2091.542667639271,0.26624423265457153,0.09485213458538055,3.0856881141662598
239943934683187,68.81413122743538,15.673939453479123,64.40168404465555,-21.69376723979195,NO,fog,1,1690.8406684028362,0.9364634156227112,0.895734965801239,0.3667231798171997
481611806279393,19.322225516792,-81.380605067753,26.687459089991187,-77.81421110057255,KY,fog,1,896.4807743534252,0.9356179237365723,0.9162763357162476,0.4209077060222626
3800949300034619,38.343949995952,57.117059018247,36.450210709457785,50.49243152279989,TM,fog,1,621.7585880548951,0.20922806859016418,0.007767722010612488,2.271273374557495
823233711883166,29.068560075854,48.084048261556,30.307904806098186,31.701049796255116,KW,fog,1,1587.179436271288,0.8950048089027405,0.8554296493530273,0.586610734462738
450038362963389,38.978830137822,-7.2812361854766,37.65698570912922,-8.33222650949054,PT,fog,1,173.23317715603434,0.2728870213031769,0.07735972106456757,2.5430362224578857
297933462444738,13.662316404789827,-16.430340101173016,11.275419086446105,-3.0593191013386756,GM,fog,1,1475.5135167349067,0.6722007393836975,0.46035394072532654,1.0671043395996094
949917125580796,18.251570400358,-62.984528794394,41.1856839170573,-8.674168688302231,AI,fog,1,5720.972262143971,0.2049405425786972,0.1398545652627945,4.515861511230469
313078556837128,55.266055994786,11.315098206416,53.30940679481842,5.93762910828369,DK,fog,1,411.11980521969076,0.5600466728210449,0.43741750717163086,2.4427108764648438
210766354219144,-26.628804736334,31.659445474276,-24.792894688277084,28.27551495133661,SZ,fog,1,395.71217878055796,0.4467138946056366,0.07569631934165955,1.6122143268585205
520708829313842,54.68692259669,9.0074931788196,53.164072497281836,8.000757373385586,DE,fog,1,181.7057221887954,0.14309526979923248,0.06588348746299744,4.24718713760376
992154464938892,-17.65251068093,177.40709100849,39.154093012605344,20.85334249486294,FJ,fog,1,16722.44332438505,0.19418224692344666,0.07911419868469238,4.647019863128662
150289013771703,50.348577719861,-4.6628826388904,50.12295389543482,-5.621448103943005,GB,fog,1,72.64555466443603,0.32240745425224304,0.02578866481781006,2.565444231033325
1423738521294950,17.182641732455,-88.332789645282,18.58084852935054,98.73093482697757,BZ,fog,1,15964.042645403348,0.10315553098917007,0.015767723321914673,4.026165962219238
1155605118288528,14.706942793316,-61.143095527488,14.664025168016883,-61.03580582567623,MQ,fog,1,12.488135237428795,0.6033082008361816,0.3756117522716522,1.4844928979873657
2986698694926936,78.215334468879,15.012641390148,78.26867107952053,14.48004899615693,SJ,fog,1,13.446585718133905,0.8047762513160706,0.728814423084259,0.8765406608581543
2083829008422694,58.379655829272,6.1151443597417,68.49802448188913,15.232974977312809,NO,fog,1,1209.999828578777,0.2872507870197296,0.09064221382141113,2.954500675201416
155652916570780,42.348418071723,20.818276988414,40.92586390719084,9.122779103677095,XK,fog,1,983.9043882018882,0.2427142709493637,0.121152862906456,3.4400413036346436
845707173409060,13.15145888888889,-59.57003805555556,15.332170550706577,-61.374958625212855,BB,fog,1,310.8612499525149,0.3800564110279083,0.13067737221717834,1.7677090167999268
792307658322895,52.913640031191,6.8640509875213,54.389109552634906,28.218400490481596,NL,fog,1,1411.366199356895,0.38575243949890137,0.24532270431518555,2.7371325492858887
463829391356731,7.1956119778003,124.23640602451,6.021655795975799,37.35207689667379,PH,fog,1,9581.85828220949,0.23910434544086456,0.13194669783115387,2.9846384525299072
190327429484222,18.406063827426,-66.173016157195,18.398856701416488,-66.02382981116304,PR,fog,1,15.76084325284552,0.9525598883628845,0.9299330711364746,0.3136007487773895
964385794363812,38.838166509572,140.96848476449,39.17517716366512,140.65278019815733,JP,fog,1,46.35110247166386,0.33312657475471497,0.19107280671596527,2.9522547721862793
992350614846774,12.919375038455,-85.248546579532,9.106654149442234,-79.45058472383562,NI,fog,1,761.6009072052219,0.9052760004997253,0.8591304421424866,0.5580151081085205
2898111640459899,32.288702684025,-64.767038528517,24.514885814129787,124.17969240234349,BM,fog,1,13627.824974714105,0.29239678382873535,0.19928774237632751,3.114572048187256
156853596375003,19.653051191999,98.633327646919,18.725575550946992,99.05492913491597,TH,fog,1,112.23257435935831,0.3369608223438263,0.17744837701320648,2.2519021034240723
353101693221406,-16.097698333830845,28.68442044328358,-15.605250248999031,29.24441159773727,ZW,fog,1,81.15679616372155,0.9139283895492554,0.8985717296600342,0.6099583506584167
