id,true_lat,true_lon,pred_lat,pred_lon,country,corruption_type,severity,error_km,top1_score,margin,entropy
1198015930637035,47.58736244394304,13.72243335782696,46.68651207104554,13.693012514504737,AT,jpeg,1,100.19470575628614,0.22079364955425262,0.055291637778282166,3.4285666942596436
2627501530880734,-21.690540312924,165.67395409726,35.786768013465995,140.68476392077457,NC,jpeg,1,6911.386153769676,0.34454628825187683,0.20804479718208313,3.2386295795440674
464312504633961,25.061219179854,-77.474052344488,60.45680498501136,22.878712047706696,BS,jpeg,1,8144.70288424556,0.14872398972511292,0.06616751849651337,4.431158065795898
1640910792965420,14.05090975535,-83.408252576108,-22.438135208793454,-44.29437057282585,NI,jpeg,1,5883.646775305593,0.1721007376909256,0.03592304885387421,3.7662715911865234
784509382269632,39.054295235447,125.75444015475,56.841123407592136,60.17708823121926,KP,jpeg,1,5040.016989223745,0.25074824690818787,0.0743451714515686,2.8098464012145996
1203580403446328,59.403162352068,5.3346943684814,-41.234231918967374,174.77647020641143,NO,jpeg,1,17866.321144178106,0.12381551414728165,0.003039233386516571,4.502503871917725
529318031569520,35.884852698,14.543835095527,36.05303745179888,14.254630923857638,MT,jpeg,1,32.04875204705495,0.5877078175544739,0.2763984501361847,0.9708842635154724
579627393601024,31.161290071016406,27.62620232776423,34.39631578029585,-0.3663544982394145,EG,jpeg,1,2633.1456103899536,0.26803508400917053,0.113975390791893,3.5635478496551514
493287055050730,18.529699440908,-73.82906994801,18.407847176021974,-74.0343619297936,HT,jpeg,1,25.54177466151231,0.967231810092926,0.9391781687736511,0.1724996417760849
194636675718395,15.711283292961,-86.911458774945,-1.4451900935732929,-78.14638294830507,HN,jpeg,1,2137.1167861882477,0.8754338622093201,0.7735031247138977,0.48014673590660095
324862519056205,19.31841800221,-81.382583014952,27.978817179434458,-82.77657226160143,KY,jpeg,1,973.3726297291306,0.353965699672699,0.1878601461648941,2.8443379402160645
312497683776326,-3.5385285661184,29.342796802632,14.72799513480124,106.40225739994037,BI,jpeg,1,8721.584060001398,0.09546899050474167,0.034613434225320816,5.08286190032959
524249899215869,-20.36057432562562,57.57448506856856,-20.252957660084363,57.6661594527148,MU,jpeg,1,15.316399874229393,0.3575892448425293,0.12861162424087524,2.1098389625549316
762407414666903,18.261799133186,-66.040383948361,9.986158107547373,-84.16610098645207,PR,jpeg,1,2158.066058366103,0.8162163496017456,0.8004137277603149,1.2392946481704712
1162773017520174,6.3181766455254,37.510104406035,6.158117532371489,37.40240244014781,ET,jpeg,1,21.412362295077898,0.4031437635421753,0.20220860838890076,1.6928770542144775
3356357477800408,-13.862024739384,-171.85937431059,-12.893345459700738,-172.2131221957544,WS,jpeg,1,114.30789654542188,0.977439284324646,0.969794511795044,0.1759866327047348
487479689165720,-0.79790097222466,-77.201507380967,2.3303518823000826,-77.98607994803078,EC,jpeg,1,358.6145332579442,0.620466411113739,0.41392308473587036,1.2704856395721436
255694192945304,0.23852452895088,109.87510053714,6.485420169297155,-1.420459961575991,ID,jpeg,1,12356.384101047766,0.8095025420188904,0.7553601861000061,1.001214623451233
810188746588631,46.29075689375,10.078154998184,45.94120320662174,6.054710618492627,CH,jpeg,1,312.52011111423644,0.14336588978767395,0.002142295241355896,3.6073179244995117
152336490235316,6.1412981189533,-10.222955468447,15.57738946079432,-88.16247044063556,LR,jpeg,1,8536.55055609678,0.33822932839393616,0.22892197966575623,2.8883867263793945
1128248694323507,4.9712879947102,-52.440325961909,5.185525737233369,-52.76905414810793,GF,jpeg,1,43.5102165241782,0.5063760876655579,0.39247629046440125,2.63607120513916
319600276196154,17.249258189479,-62.655520880016,17.203113654158955,-62.578700614611826,KN,jpeg,1,9.638177515199315,0.3880915641784668,0.25769153237342834,2.7335267066955566
227605128698501,30.534718182782,35.557018519973,30.4687420479408,35.33559872427214,JO,jpeg,1,22.44629076860533,0.2187555581331253,0.09826954454183578,3.6814124584198
469353001013618,-4.8497851046353,11.90522368749,3.8813274247481657,10.220365309793252,CG,jpeg,1,988.7309731650715,0.3982727825641632,0.060297220945358276,2.12507963180542
312137333614311,50.147457733865,106.21881807879,56.02668390179203,93.63957198913037,MN,jpeg,1,1061.7923464201485,0.2408771961927414,0.03841358423233032,3.3641021251678467
417436926432877,-9.466630277777776,160.38180111111112,-9.871234954298934,159.318068814082,SB,jpeg,1,124.97965663634432,0.9837327599525452,0.9793781042098999,0.14001823961734772
521833368998076,33.828288106674,35.578984207651,33.92114248038101,35.56783072825531,LB,jpeg,1,10.376153408581127,0.5220078229904175,0.05996301770210266,0.8032999038696289
804138920493771,-0.43494769438863,-76.201325946671,2.9407223844089008,101.72656679114144,EC,jpeg,1,19653.60708066986,0.7373334765434265,0.6216475963592529,1.1806373596191406
302261168190071,-13.859325484052,-171.70998038915,9.980135021874231,-84.6286730746718,WS,jpeg,1,9961.833715201186,0.5982760190963745,0.5134403705596924,2.5656626224517822
1226452984452730,18.570054722222,52.82152305555601,34.15816315538572,-116.18834861878061,YE,jpeg,1,14037.576729980408,0.5957594513893127,0.45952895283699036,2.2033698558807373
321769825972532,56.815207379952,13.937240092613,58.66921675354409,15.32392561764202,SE,jpeg,1,221.96395680394443,0.2896069288253784,0.21456176042556763,3.664691209793091
773469050698883,0.4364979004820079,9.440864620026538,21.671312683618652,105.02129238744388,GA,jpeg,1,10566.062874817913,0.40400978922843933,0.11908629536628723,2.4120736122131348
333032548339836,51.706235270322,-9.7173149835356,51.8348536416186,-9.86918598870936,IE,jpeg,1,17.712774202824466,0.9924024343490601,0.9895246028900146,0.07078296691179276
321482029535925,44.652229350002,21.162756330018,36.59577659585726,-95.41866706674506,RS,jpeg,1,8961.723452774397,0.2521641254425049,0.14950472116470337,3.7767679691314697
832510974027702,-17.456552891966,-65.728142843828,-17.57066443604554,-66.16328989806559,BO,jpeg,1,47.856002419748116,0.5045902132987976,0.2755638062953949,1.466875433921814
109891514526025,48.213328182129,28.09057650588,46.6967922388835,29.220610685175554,UA,jpeg,1,188.82044592812568,0.7076988816261292,0.5871173143386841,1.1404187679290771
2942639579308445,34.805369127435,127.95898406217,42.63521932255234,23.4050735724666,KR,jpeg,1,8497.42517702709,0.14064496755599976,0.08054648339748383,4.809453010559082
370894024357836,15.425447150296,-61.271269855519,15.574859629785678,-61.413530403736566,DM,jpeg,1,22.547299454344696,0.8726940751075745,0.7807127237319946,0.5877565741539001
788101518532706,11.258356617235,-60.564806768225,14.115185639825238,-60.93408341651866,TT,jpeg,1,320.18016683065537,0.9600461721420288,0.944607138633728,0.2333393692970276
3872288566218352,50.796778330451,21.153443346433,51.2102158588984,14.98111680457074,PL,jpeg,1,434.19895358727297,0.254166841506958,0.006808072328567505,2.9962685108184814
1002859423856924,17.09712846732,-24.97047664313,35.61502707771587,34.3832751002118,CV,jpeg,1,6164.572329061779,0.35184037685394287,0.16727398335933685,3.0120692253112793
238160651412928,-46.337650900733,167.79026062048,-36.13912415002478,174.41063643418642,NZ,jpeg,1,1260.8012731602842,0.2613855302333832,0.025858283042907715,2.6053104400634766
2563203020654329,54.32142990519237,-4.456551481932205,50.850202531005465,-4.20408272829534,IM,jpeg,1,386.35884618978594,0.10814332962036133,0.004633791744709015,3.887913703918457
732194144134616,9.3458958330497,-79.823967302875,41.032725015627,-75.70054572644209,PA,jpeg,1,3546.7143187514425,0.4764415919780731,0.42746028304100037,3.1880176067352295
476322813419625,17.628516606198,-63.231308396649,17.16364183657242,-62.51952342475392,BQ,jpeg,1,91.52200945335817,0.38832807540893555,0.24629582464694977,2.088526487350464
1136304350214402,-39.328969954559,174.63690058405,-39.445000727221654,174.78981930990898,NZ,jpeg,1,18.416579754029247,0.5067800283432007,0.08957350254058838,1.1094162464141846
486828262519306,14.646929324615,-60.975801183717,14.786481188543465,-60.96638690002405,MQ,jpeg,1,15.550455105130169,0.5389772653579712,0.1026308536529541,0.7926216125488281
1387937924894828,47.907557209354,107.17858480002,39.594873391651696,-111.82951883284439,MN,jpeg,1,9551.11065433454,0.31634828448295593,0.0931730568408966,3.1252639293670654
944100506347413,4.8670503980303,31.542952103365,24.86579960686592,46.702706365620394,SS,jpeg,1,2750.5938232287276,0.39243024587631226,0.06757470965385437,1.9764080047607422
225738692700446,69.2342740620203,17.971246283328018,69.42876782170057,18.51552038453172,NO,jpeg,1,30.397513347680473,0.6881721615791321,0.6416417956352234,2.045438766479492
138012564971418,-17.546030537707,-149.57580216474,-20.904440446152446,55.4341493803001,PF,jpeg,1,14944.279499838181,0.6847495436668396,0.5848100185394287,1.4920562505722046
1349102025473123,60.210439476288,20.246196471172,59.485340485138984,17.453237756960377,AX,jpeg,1,175.58006756947444,0.13845233619213104,0.05055387318134308,4.36517858505249
481515363098541,8.3835270285271,-82.196719096621,-0.2475769518257966,-79.21838490850081,PA,jpeg,1,1014.8925423915884,0.908148467540741,0.8629696369171143,0.44826698303222656
208681127527124,49.241162571487,-2.1218631166228,49.23550631727559,-2.1073646413697307,JE,jpeg,1,1.2261893488886826,0.9595438838005066,0.9494114518165588,0.29937562346458435
496883494997876,12.508559533613,-70.010590958509,44.900807020430484,-67.57151017186445,AW,jpeg,1,3609.2973092930847,0.6528398394584656,0.3852088451385498,1.2333827018737793
1258448591563623,-8.614371141011388,35.602892240053215,-26.8481794142547,-55.04046950613232,TZ,jpeg,1,9639.469611767923,0.3512434661388397,0.028754621744155884,2.718520164489746
849655245900069,5.9311045328258,15.65109465938,66.31803275338477,22.460499959980325,CF,jpeg,1,6735.352797793682,0.29447245597839355,0.1881944239139557,3.4969887733459473
1448430112350839,11.026769583975025,-8.632346605323722,12.752843920942667,-8.329991458225797,GN,jpeg,1,194.72969001522847,0.31188780069351196,0.04137611389160156,3.2711758613586426
711741309997504,-35.434392939173,-67.582981443437,43.29039183082547,21.904747828993294,AR,jpeg,1,12575.500933208576,0.49460217356681824,0.24335935711860657,1.9533625841140747
330646891800305,14.870259800656,-24.373949477736,-8.006085609920678,110.79047862323606,CV,jpeg,1,15077.795943166204,0.13133010268211365,0.012821204960346222,4.592287063598633
844947319428707,12.572384044567,-70.044602664275,18.390945005452107,-72.71723328295481,AW,jpeg,1,707.4877787588911,0.5573347210884094,0.4821818172931671,2.6059141159057617
1424082877926694,39.063764515107,125.77381801639,42.90694693049552,143.14159632654938,KP,jpeg,1,1515.9971501663126,0.43261656165122986,0.11647135019302368,2.2472290992736816
262049738998529,15.746495092756,-86.857367093038,1.357033730592128,103.69510402763362,HN,jpeg,1,17787.63580209041,0.5287299156188965,0.4372100234031677,2.1428849697113037
2941932222749741,8.8904169624644,80.720461103422,17.193351576449146,79.26328383551215,LK,jpeg,1,936.6141907777305,0.5856364369392395,0.5188663601875305,2.7046689987182617
2957416491247002,22.534707236092,-79.367474703615,24.80749711699268,-80.8473160738063,CU,jpeg,1,294.23848350704765,0.18089880049228668,0.06585899740457535,3.7821216583251953
1339793246404338,78.178055846086,15.902100697497,67.947392541295,19.92649002335547,SJ,jpeg,1,1144.3812211986676,0.4149946868419647,0.12115713953971863,2.2512423992156982
742849163058043,7.9945228460384,126.06338592216,-6.299451182101006,106.16001351294479,PH,jpeg,1,2719.875557762049,0.43997451663017273,0.3633855879306793,2.8871753215789795
487902825754300,18.349709806038,-64.886627593059,-33.175800711778585,151.4877269553982,VI,jpeg,1,16043.625622626154,0.3526741862297058,0.22963836789131165,3.075072765350342
188819323085799,41.434692972264,43.314083402676,40.75675563043564,44.444483100666766,GE,jpeg,1,121.05784078512517,0.466291218996048,0.11386337876319885,1.369524598121643
449823653747421,53.88835461402647,-122.76729722632489,49.10289525484839,-122.8113346958777,CA,jpeg,1,532.1275060799637,0.762596607208252,0.636856734752655,1.0023860931396484
227770655816183,49.479739351354,-2.5890746408905,52.257501607889765,-6.455388158193549,GG,jpeg,1,410.9989862213293,0.21190723776817322,0.03978520631790161,2.924664258956909
216079839905055,19.324976978962,-81.381549997813,26.083029643046746,-80.21951522269423,KY,jpeg,1,760.8398546450256,0.2357451468706131,0.15149950981140137,3.693218946456909
828630294440097,3.9058095275261,11.829761470611,2.59367383637929,-76.39726227343115,CM,jpeg,1,9791.408416719869,0.2700120806694031,0.046185120940208435,3.038896083831787
860118858181209,-20.177979,57.661693,-20.17309856281591,57.47347885306487,MU,jpeg,1,19.651788854838685,0.7616255283355713,0.5311905145645142,0.5943366289138794
114507540681851,35.729256605436,128.41830771074,-6.120275925072822,106.19514507879298,KR,jpeg,1,5200.470764235918,0.5049707889556885,0.3102838695049286,1.7266408205032349
661381454786146,-18.972548731094268,29.805283361910963,38.42754330123045,-120.87296328700728,ZW,jpeg,1,16456.15032212572,0.1653473675251007,0.11912989616394043,4.976735591888428
222747492577837,61.352664593679,27.429725107498,65.59497371077553,21.996548304072405,FI,jpeg,1,542.9962232490418,0.2835102081298828,0.13365662097930908,3.199744701385498
138806294926443,38.717835758735,58.495184798492,38.634394686611856,58.39838676111528,TM,jpeg,1,12.517771742646646,0.7941021919250488,0.7646927833557129,1.457980990409851
135421499385396,13.275246919086468,2.911011286873044,12.329418668171511,-3.3496532503560483,NE,jpeg,1,686.9213539736105,0.6095225214958191,0.5155049562454224,2.240753412246704
517034622643483,-9.0920015075631,160.82242285539,24.810406204192308,46.70936554164273,SB,jpeg,1,12856.916872036365,0.10744568705558777,0.01133643090724945,4.73531436920166
2526299567665760,35.829307962213,14.558295593658,36.056294292443766,14.258142347507839,MT,jpeg,1,36.97528416053011,0.9651183485984802,0.949553370475769,0.21853430569171906
281947363629492,78.231350087799,15.142395905188,65.75802805624171,-23.380709699833993,SJ,jpeg,1,1849.2281955904018,0.5253878235816956,0.21765053272247314,1.3127813339233398
309954333906145,40.335258934887,19.990673334292,40.42746496951848,19.83819352988677,AL,jpeg,1,16.49027778297564,0.27021074295043945,0.006956279277801514,2.7094061374664307
163258222377928,-8.7192284268616,160.86453616743,-8.258510917393227,159.07060369404854,SB,jpeg,1,203.83287031430572,0.269490122795105,0.04501630365848541,2.7761974334716797
497041608993768,7.354967160960991,134.4972694391149,-5.644718448626309,-42.013725363435384,PW,jpeg,1,19585.276444091916,0.2529289424419403,0.09426799416542053,3.3815410137176514
325055798982586,-10.203132697528,31.216979658259,-0.06914313988258411,34.687992527866236,ZM,jpeg,1,1190.4462464571752,0.34154221415519714,0.10149379074573517,2.5986814498901367
361816321938390,12.57472666996,-70.041979864956,18.43285418087771,-69.67912140743441,AW,jpeg,1,652.5520992612799,0.5062183141708374,0.3802269697189331,2.4832096099853516
1145510005966861,18.05148025828786,-15.896397560721027,47.95029632260405,106.90629192030889,MR,jpeg,1,10741.125651828032,0.3494153618812561,0.0374433696269989,2.7888729572296143
262345932212210,15.140006372867152,39.26672870985676,-6.785774536376196,39.07917474490769,ER,jpeg,1,2438.1232195100765,0.5112751126289368,0.32937881350517273,2.5083353519439697
901986960835723,13.278551582622178,2.917996515380901,12.407728492241173,-2.938063717190745,NE,jpeg,1,642.194943436907,0.9775102734565735,0.9717861413955688,0.18490679562091827
317050140097070,43.4276581353825,24.38127115862344,42.26852232660757,-79.34628805852856,BG,jpeg,1,7832.2425739884475,0.14717423915863037,0.023765943944454193,4.733792781829834
994714827967018,22.682567905302,39.11769149111,24.83579219821748,46.720068572437505,SA,jpeg,1,809.7427040154688,0.43495646119117737,0.1255510151386261,2.1366143226623535
145209974249665,16.762668175828,-62.220769939941,14.791520871446565,-61.021486905290026,MS,jpeg,1,253.9826263458697,0.3193552792072296,0.022579282522201538,1.6346296072006226
763480160945552,3.114388438698,31.177872023014,-13.013957392031676,28.36741508958574,UG,jpeg,1,1820.0350172439998,0.35113391280174255,0.17618611454963684,2.398852586746216
4405163029511350,43.682079175037,23.978223195064,43.53425671704167,24.215883943312026,BG,jpeg,1,25.225385271567117,0.38485509157180786,0.2215331345796585,2.989818572998047
326659798812032,12.410385336248002,-16.110049424682003,15.86882233139892,73.79220394931635,GW,jpeg,1,9622.708836020562,0.7336115837097168,0.6644505262374878,1.2803977727890015
895631547651467,12.080356238018,-61.704118318475,14.661738242209099,-61.02716093300008,GD,jpeg,1,296.2298409694813,0.30611443519592285,0.12214222550392151,2.2103874683380127
953292548822411,18.0817933464398,-15.894888251115804,21.099137575857558,-101.60964557742618,MR,jpeg,1,8867.43581097352,0.6682064533233643,0.6357535123825073,2.1590676307678223
1179673359141283,-27.440457092686,31.884625638401,-16.88910225735598,-48.539498627937895,SZ,jpeg,1,8231.662090097538,0.20771099627017975,0.07828317582607269,3.6502468585968018
1391570534555001,12.121586777999,-61.634729332904,14.608937303260399,-61.10016260898135,GD,jpeg,1,282.5610561867087,0.4611971378326416,0.1998993456363678,1.3720875978469849
1931718050309638,42.316673318457,42.610766550542,32.13095140857212,-81.38467368604405,GE,jpeg,1,9956.915656773745,0.5851484537124634,0.5529516339302063,2.9601757526397705
1441784959495240,18.614866388889,52.371751388889,17.419870003852328,54.07125654342871,YE,jpeg,1,223.4953415035972,0.22885291278362274,0.010048016905784607,3.616452932357788
1092193684624091,13.222041768155,-61.27004985443,13.998161391111777,-61.00233978578287,VC,jpeg,1,91.02109001607987,0.44890713691711426,0.21653367578983307,2.1856629848480225
545855749735091,44.933679619312,10.542218724088,44.84595210671915,11.73789493395715,IT,jpeg,1,94.69556658468235,0.910469114780426,0.88547682762146,0.5530734658241272
2774084016236056,4.2465653216704,73.54886569526,16.3074656355215,-61.48695658843616,MV,jpeg,1,14569.638419914909,0.42931556701660156,0.3672514855861664,2.8750357627868652
193239609283383,16.442716181297,97.600636667113,-41.24406299151824,174.8314914667925,MM,jpeg,1,10180.967437785413,0.43285006284713745,0.2670489549636841,3.226198196411133
838605060406461,-38.684857801033,-62.245177670808,-36.79690916168647,-59.102984015391705,AR,jpeg,1,346.9650076108702,0.6064366698265076,0.35398438572883606,1.2008789777755737
1398766300483374,-20.281888888888,139.05741666667,-18.91306393316005,133.31237505010208,AU,jpeg,1,620.7165501038621,0.5187318921089172,0.33758020401000977,1.4680595397949219
309592324146292,-40.470381504032,175.24679558692,-40.37509001552543,175.46553440304305,NZ,jpeg,1,21.333759101605047,0.5256639719009399,0.394406795501709,1.8278374671936035
787330225321281,78.186979979764,14.79210601878,64.52097083805536,-14.566431080095514,SJ,jpeg,1,1799.4076054244583,0.6235602498054504,0.5095620155334473,1.8302406072616577
481435006457069,41.714515597444,19.778002854189,44.61145948086451,4.573355599254446,AL,jpeg,1,1272.4701955385156,0.30370616912841797,0.04400089383125305,2.9189236164093018
562746315113072,-21.036239487922,55.673092800575,14.787951923179127,-61.07491192148368,RE,jpeg,1,13327.066948521351,0.6695031523704529,0.4419645667076111,1.0166770219802856
251075026766241,42.736773777269,78.935492923137,43.115862726123204,79.43750257239165,KZ,jpeg,1,58.71536079286505,0.8430529832839966,0.7773153781890869,0.8534829616546631
4010096302418176,13.274118,121.232275,14.919239727041965,120.80639108566007,PH,jpeg,1,188.6066951079978,0.855209231376648,0.8020175695419312,0.6968216896057129
385537683018740,8.58587702121514,-10.943586617629483,5.266727465090582,-0.7541352964215572,SL,jpeg,1,1183.5756319164698,0.44327762722969055,0.29612642526626587,2.4822816848754883
180372857328994,49.843429916622,73.222888258927,52.04054558172661,77.27223249077416,KZ,jpeg,1,374.3076980155967,0.23358891904354095,0.10144971311092377,3.3033084869384766
907851513392138,-18.164645479454,178.22136593468,16.019950151748926,-61.701129398501074,FJ,jpeg,1,13670.119708588489,0.3737504482269287,0.24542103707790375,3.2279224395751953
1131598217344189,54.864195040685,8.7383931888414,55.3491385832022,10.467095343685653,DE,jpeg,1,122.46652232380427,0.5372213125228882,0.48725780844688416,2.7674012184143066
3247097405547891,33.97288015656933,71.60789771722264,34.02656804052197,71.52481052259772,PK,jpeg,1,9.711083046269897,0.9471536874771118,0.9118106365203857,0.3010707199573517
1063412324270300,-15.431355385415,167.20499794568,-16.23568432134167,175.4427007768426,VU,jpeg,1,885.6983675558045,0.9767624735832214,0.9607937335968018,0.1411510556936264
478746096705872,12.1865576631,-0.3910576992899,38.40489260681577,-121.00763733125146,BF,jpeg,1,11676.47238187162,0.10510849207639694,0.017824776470661163,4.9952392578125
163486722253544,18.376454722061,-65.907019733384,27.197985534476487,-80.24413090239692,PR,jpeg,1,1764.7124347630186,0.41151806712150574,0.22127006947994232,2.317040205001831
1394646127681740,50.27605756468763,-5.022433442071348,56.01489958756737,12.242359873029416,GB,jpeg,1,1311.3289686076344,0.20237529277801514,0.044713541865348816,3.951862096786499
311036310426740,10.534375285392,-85.108561963834,10.68451162561602,-85.34379091564175,CR,jpeg,1,30.653900798335023,0.9699589014053345,0.9664883017539978,0.268363893032074
180655490594869,-4.2955834051727,39.583247618282,9.98712296171437,-84.78118594060795,KE,jpeg,1,13850.910826245405,0.4685269594192505,0.3660702109336853,2.9034602642059326
225040172344104,54.10668466178,-8.5444506137227,54.06002606421535,-8.524734434826936,IE,jpeg,1,5.345214492303596,0.7818988561630249,0.6375545263290405,0.696984052658081
590599688583224,62.579080335013,22.030513453623,60.35810133243517,22.968516918439917,FI,jpeg,1,251.92936261725913,0.1900540143251419,0.05352960526943207,2.91190242767334
378410597431210,11.755141729610802,11.99142765025279,12.64352475175976,-8.001862987949561,NG,jpeg,1,2174.6718780745805,0.28291594982147217,0.1293027400970459,3.4712719917297363
769560623930363,13.781555904684,-60.954984062834,13.833085313926622,-60.90294541145988,LC,jpeg,1,8.025361730941635,0.6949017643928528,0.39216673374176025,0.6329398155212402
191217559525689,10.598613143242,103.76819114404,27.641456778082837,68.14066154622166,KH,jpeg,1,4172.47314708546,0.1129109114408493,0.05722346156835556,4.977201461791992
960119301406916,8.934567996624,15.810201192055,12.624611855661847,-2.9080901899755287,TD,jpeg,1,2084.7146717594383,0.4694332480430603,0.37801653146743774,2.9330050945281982
162029952434974,10.416592641005,-6.9267518159549,17.202133915324335,102.59080826620234,CI,jpeg,1,11686.02424017599,0.678774893283844,0.6145416498184204,1.749976396560669
777563772895063,60.262939806644,20.372533414245,59.902915936368885,17.92766337633305,AX,jpeg,1,141.3645617198969,0.40357327461242676,0.10912343859672546,1.837767481803894
483016122754010,8.2177331232449,-10.640871255174,8.599935593177449,-13.115186304985896,SL,jpeg,1,275.47063824328444,0.7373970150947571,0.6837814450263977,1.443861722946167
945669026244322,32.28289364111786,34.89665697754903,-43.51243535680693,172.60037417106398,IL,jpeg,1,16146.562715684788,0.3093135952949524,0.06366731226444244,2.6038169860839844
834907740772712,-51.828914124143,-58.391576104278,38.70307182938275,-98.24327209225082,FK,jpeg,1,10782.375687089247,0.31868645548820496,0.027820944786071777,2.340786933898926
315786796574792,17.029958580939,-61.837386119134,10.379219487287346,-84.7825835100753,AG,jpeg,1,2584.235874179975,0.40488141775131226,0.2650996446609497,2.602344036102295
3935353219835220,5.0624805680856,-52.559930285878,5.024687197282163,-52.6318322979378,GF,jpeg,1,9.004922562398747,0.9876497387886047,0.9861472249031067,0.1266702264547348
703624374104706,11.148071748184186,42.461472571281,40.33228612301412,44.01734948534201,DJ,jpeg,1,3248.73747340552,0.14504584670066833,0.0783056989312172,5.119742393493652
552376936150414,45.747934121718,28.392399493234,42.23659156250161,22.6564179054203,MD,jpeg,1,602.2181242285309,0.7064986824989319,0.630290150642395,1.515540599822998
279990610516417,-25.052590421722,25.938389437355,-32.25244168969767,138.51803704167295,BW,jpeg,1,10442.374964789135,0.26140695810317993,0.06553927063941956,3.0641939640045166
244594784129468,17.181606776437,-25.056350793491,63.750039203828,-19.122906071371855,CV,jpeg,1,5198.0043870310565,0.26624345779418945,0.21754802763462067,4.263636589050293
916296905814911,29.986443376454,35.073653850875,31.09022552817463,35.36360910705386,JO,jpeg,1,125.83703538559364,0.9737831354141235,0.9644408822059631,0.1858752816915512
160409959286661,13.609489121743,-15.203056960483,52.216520509650046,26.76763814436225,GM,jpeg,1,5676.0547040795,0.9873247146606445,0.9858039617538452,0.12500126659870148
375549574325666,-8.088511666666667,156.78238944444445,-9.565517269075826,159.61208504611446,SB,jpeg,1,351.62347337286195,0.30243930220603943,0.14582081139087677,3.067628860473633
6504127516293875,-20.153986376711,28.58502890468,-33.90845780603051,20.68157041405276,ZW,jpeg,1,1716.5368148081468,0.12538912892341614,0.007869154214859009,5.14447021484375
955352585280405,53.073543217589,5.6644949286343,56.28410491980428,10.486410760707074,NL,jpeg,1,472.5783410747273,0.2789548933506012,0.2151910960674286,3.707767963409424
198798338740227,41.487329996943,45.08669320994,36.09217566259156,139.3023247167942,GE,jpeg,1,7758.373518042984,0.5276272296905518,0.49036356806755066,2.8155736923217773
747640439246618,6.555528380315,-10.331525634335,17.28860765279932,102.56680813633051,LR,jpeg,1,12184.993321010284,0.6212636232376099,0.5112655758857727,1.9253525733947754
537333261008423,39.113511978868,117.21046994629,39.90054124080263,116.44996012795288,CN,jpeg,1,109.15775019384597,0.7978030443191528,0.7470045685768127,1.080695390701294
5205930492794121,13.596220054527333,-87.36529096486619,13.746801878163925,-87.08208825974394,HN,jpeg,1,34.88015201613423,0.9985194802284241,0.9980506300926208,0.015278700739145279
282961036881213,36.025363064061,14.258923344808,36.08346728636317,14.225267350234391,MT,jpeg,1,7.13422334870681,0.4060612916946411,0.15456032752990723,1.993241310119629
2898417523733065,12.385310410818,-5.9561351141694,12.413695271820163,-5.724144854669436,ML,jpeg,1,25.391353143477176,0.9998258948326111,0.999763548374176,0.0022288719192147255
814006309495024,18.427369706947,-64.568261557542,18.639810660512214,-64.28392319131532,VG,jpeg,1,38.16607772199299,0.6560017466545105,0.5146437287330627,1.1394646167755127
363924908375174,-4.7913317580586,11.855642981142,5.57773293337621,-0.21129587805953606,CG,jpeg,1,1767.6974280986165,0.9546302556991577,0.9247180223464966,0.2746118903160095
520091355848418,69.217861349712,-51.109419049396,69.70197831703645,20.01257420270996,GL,jpeg,1,2618.7824365990796,0.5957220196723938,0.4057786762714386,1.6123522520065308
840734783196696,32.126256113931,44.324859980182,24.8732314623019,67.16081913005296,IQ,jpeg,1,2366.947245510076,0.4280828833580017,0.14548471570014954,1.6254841089248657
226163689282727,12.168906318554,-68.967070805139,21.112767135680684,-74.47873331157629,CW,jpeg,1,1154.5339984165842,0.9179612398147583,0.9047941565513611,0.6167042851448059
341214407334376,-19.377102833928,34.400509607794,-15.396939584474897,-48.20809165954762,MZ,jpeg,1,8691.55022485494,0.2264803946018219,0.10797470808029175,3.9391374588012695
894968224414635,34.986110625975,32.668982915426,34.9339356631446,32.77435404332789,CY,jpeg,1,11.218999182879532,0.7587842345237732,0.6403554677963257,0.932984471321106
462694431488011,18.632063011792,-68.389902993932,-17.009163009761963,145.48544633884404,DO,jpeg,1,16429.715565302784,0.10173585265874863,0.0031906291842460632,4.554442405700684
857893648147331,-10.905676698416,14.247198141961,14.281497106915172,-90.82909600752176,AO,jpeg,1,11909.944210627978,0.37040773034095764,0.25689178705215454,2.9405574798583984
382009819762071,39.329365017441,27.62045985936,39.413393677535964,-8.419252357890587,TR,jpeg,1,3076.9591966023004,0.7579740285873413,0.729132354259491,1.6113072633743286
271875871339932,11.850545983225,38.038235893261,5.532670891195747,-73.65299543207442,ET,jpeg,1,12219.393770106713,0.4838637709617615,0.221292644739151,1.7922903299331665
525646118616107,-15.637682963249,166.84078278513,-16.111480951994974,173.81287576963075,VU,jpeg,1,747.5167772966936,0.9949601888656616,0.9938616156578064,0.051145244389772415
2982805328705469,64.437207664635,24.181485346398,54.616668216155496,25.010486900164146,FI,jpeg,1,1092.9706168524308,0.192361980676651,0.07922707498073578,3.9005916118621826
320116623608771,23.185410152402003,91.17769833999328,23.952206442819588,90.52044397931311,BD,jpeg,1,108.429887805522,0.9049229025840759,0.8691615462303162,0.590561032295227
803534963702486,51.121882315762,3.1082009025971,50.9500273667654,3.1809257288904083,BE,jpeg,1,19.774418380306603,0.1008017286658287,0.00748695433139801,4.411197185516357
376395010415901,13.924250043571,-61.056412107275,13.910681787728297,-60.94131551333347,LC,jpeg,1,12.51372694219226,0.9304428100585938,0.9119738340377808,0.470784068107605
303078421392591,-16.446930463398,-152.24847310031,13.19699201996746,-59.61170924027466,PF,jpeg,1,10694.35581483019,0.9183794260025024,0.8615479469299316,0.4225389063358307
312172783608841,49.510993358681,6.3452033888591,49.39911839563102,9.123031738499314,LU,jpeg,1,201.1594641012829,0.6256359815597534,0.5579794645309448,2.0673317909240723
6235880006437043,-3.1366812272296,-79.214143657851,4.4760898356284,-73.86487945040626,EC,jpeg,1,1034.3093159338027,0.28350821137428284,0.061139822006225586,2.2783706188201904
965921670819949,-10.479678823577,105.67386300715,-36.233452871737754,174.637735205017,CX,jpeg,1,7439.757131609214,0.4064083397388458,0.21410627663135529,2.7657485008239746
925871031561258,-6.2639877158616,107.06741782953,-6.313052716089083,106.78474896558353,ID,jpeg,1,31.715007045563606,0.6498879790306091,0.39826467633247375,0.9975242614746094
1164097447347216,4.8674337462563,31.519362784566,24.953985270408563,46.69179946137301,SS,jpeg,1,2759.0319524350275,0.4366419017314911,0.2739664316177368,2.490682363510132
4396227090475829,-1.2678653976589,36.678122304876,40.97314136876572,-75.90458459080769,KE,jpeg,1,11977.991691467842,0.04510421305894852,0.00896226242184639,5.772839546203613
865652107497194,25.981085501999,50.457665915183,16.26516766415915,-16.352101991780856,BH,jpeg,1,6944.1562731731065,0.24581275880336761,0.1616782248020172,4.265041828155518
299799271640333,2.1039771270774,45.331583431777,20.978520549701084,-74.36260316356488,SO,jpeg,1,12974.736477268289,0.3067447543144226,0.17384032905101776,3.0049448013305664
461018955189846,14.544694692651,-60.871651329228,11.725124375140574,76.41667598106885,MQ,jpeg,1,14476.704972198693,0.34124642610549927,0.28000396490097046,3.6914174556732178
848673612668103,42.673726026337,20.952183058644,40.68140643781314,44.48907602763318,XK,jpeg,1,1960.8623727441343,0.2528059184551239,0.05121070146560669,3.049576759338379
1416342685418545,-18.613385898721,-174.00201190817,-12.30861920118535,26.419139725959738,TO,jpeg,1,15911.91475327588,0.15252365171909332,0.06254798918962479,4.529722690582275
494963678607139,41.553688076193,76.443594560854,44.65185248501453,6.9193223237984,KG,jpeg,1,5479.333737367716,0.13238534331321716,0.02499038726091385,3.8628838062286377
219389349648885,10.15103545444,-0.08621895664982,10.309569664699946,-0.22254334943620063,TG,jpeg,1,23.093022133282545,0.9998689889907837,0.9998112320899963,0.0015377211384475231
3089177431309627,15.373065639057,-61.261521114061,18.64941613451885,-74.09766006754634,DM,jpeg,1,1412.182549533253,0.9915995597839355,0.9902632236480713,0.08513345569372177
267446095163419,-24.410317211088,31.569065250692,-24.497536429417455,31.143506383205548,ZA,jpeg,1,44.15338859269706,0.5645200610160828,0.40999019145965576,2.2715861797332764
302215634735033,41.271908839255,44.308127758638,-38.87445868861426,177.93288526084396,AM,jpeg,1,16107.113614558028,0.057058561593294144,0.005759771913290024,5.402125358581543
2667851503513129,17.27324849632742,52.95912218803253,17.39817592223986,53.22306151545316,YE,jpeg,1,31.270417069912963,0.8739338517189026,0.8429096937179565,0.8642624616622925
153409713461640,8.790179318271212,17.833063690255294,-12.029979075104084,30.209906917028746,TD,jpeg,1,2689.099249766847,0.18660077452659607,0.04915530979633331,3.694584846496582
197648665524336,32.845770012076,3.9393382718177,-29.65361358101448,27.60667472923454,DZ,jpeg,1,7383.334109570044,0.09576299041509628,0.056555602699518204,5.371236801147461
186111083366529,51.38944480684,5.6393438286668,53.46292552837417,6.791815271202589,NL,jpeg,1,243.43444034079891,0.2876131236553192,0.2124919593334198,3.405874729156494
2778308682433187,46.907087389519,21.768223720096,44.96055190948593,26.02831860689129,RO,jpeg,1,394.10458858266736,0.15267618000507355,0.01587998867034912,3.892756938934326
937732960392917,57.179863762985,9.5235696942098,57.18510615109729,9.549105642932398,DK,jpeg,1,1.6455984882235204,0.8034651875495911,0.7303014397621155,0.9773836731910706
1146261095856485,7.3615432427089,134.43713448334,-17.377759411725247,177.785727439755,PW,jpeg,1,5499.437399048242,0.7180479764938354,0.45470282435417175,0.7152417302131653
481510253092194,55.547652479706,10.237061583967,55.24309349139764,10.478388393237097,DK,jpeg,1,37.13628815241544,0.07495826482772827,0.0014751255512237549,4.57045316696167
373515770750013,52.085212737279,23.57416942403,51.20900477890462,13.648788033187346,PL,jpeg,1,691.1555597793597,0.39847883582115173,0.32262375950813293,3.1346445083618164
509958026699758,8.7996562999047,17.834358755261146,35.91213506737524,-95.29308932497938,TD,jpeg,1,11451.06735136465,0.3769366443157196,0.1768999695777893,3.1352550983428955
898715014311013,48.970224789976,9.8639365242088,29.677730051892294,-98.5156654222431,DE,jpeg,1,8765.832090856404,0.36829105019569397,0.16478964686393738,2.6196608543395996
1199206943853136,-16.678932002412,-60.816984800192,-14.88648652032865,-49.273984511646816,BO,jpeg,1,1250.8974002970074,0.2242286652326584,0.023362264037132263,3.0552990436553955
498260671492955,-38.013275055456,-73.225185383762,49.08425744258402,-124.5839582800416,CL,jpeg,1,10922.740814320548,0.25552764534950256,0.14683318138122559,3.597748041152954
894859321231304,12.227082918058008,-69.07847800166279,12.19096086073418,-68.52535641026273,CW,jpeg,1,60.24727483082922,0.4354049861431122,0.2986088991165161,2.508167266845703
1389207538112280,-18.237830811581,177.83923612892,11.21366063939827,-60.68816250439472,FJ,jpeg,1,13696.894540126073,0.42216041684150696,0.22906258702278137,2.6573450565338135
853984918525885,16.723203555806,-62.23130997289,21.332100958391475,-72.59170981583345,MS,jpeg,1,1203.1299224674183,0.9005383849143982,0.8852289319038391,0.7487152814865112
122049223635653,-9.093844554597762,143.20550105803093,18.55101084330017,98.76755911548571,PG,jpeg,1,5762.25465910263,0.844633936882019,0.8265061974525452,1.2209206819534302
503430330798585,15.754797111762,-86.834109918362,15.456888303406036,-88.02783598851961,HN,jpeg,1,132.06463295254733,0.6569008231163025,0.3267607092857361,0.7187100648880005
909387153127451,28.736208967151,48.003263644262,29.42595344899238,47.702833629070305,KW,jpeg,1,82.06466342028669,0.36594268679618835,0.017326384782791138,1.3814257383346558
906902016543352,31.331782024306,46.203432956327,24.854993680174807,46.67281114773307,IQ,jpeg,1,721.6534259612764,0.3691309094429016,0.24543388187885284,3.5848841667175293
2928214434172169,1.1206763559822,104.10141369167,2.8297606210105086,101.84417002931053,SG,jpeg,1,314.697073690378,0.9473823308944702,0.9047907590866089,0.24449434876441956
450152016285778,44.280050101707,22.571319099243,44.141147518392835,15.43444260735464,RS,jpeg,1,568.8570166881186,0.3851162791252136,0.20639662444591522,2.9922213554382324
364335675754039,27.44091865174831,89.6695301948495,40.751598580289816,48.833296088579566,BT,jpeg,1,3997.9658894554304,0.3958245813846588,0.22996999323368073,2.639754056930542
1465192193846342,49.242897458505,-2.1257188472841,49.17476041071679,-2.0679596392362583,JE,jpeg,1,8.660746611666065,0.906916618347168,0.8602770566940308,0.5173871517181396
307943760727803,32.017590561359,35.44667005004,32.08948499680483,35.34021823168231,PS,jpeg,1,12.82800544993298,0.9869385957717896,0.982277512550354,0.10165682435035706
460785571683103,37.925916394446,71.433043060589,35.77880927910209,51.445305820592246,TJ,jpeg,1,1790.8737646018872,0.21139343082904816,0.05241222679615021,3.772038221359253
1128725237604299,-29.134916665635,150.74974999676,-26.87785726121556,149.46537049516826,AU,jpeg,1,280.8611202063841,0.753487229347229,0.695435643196106,1.2671409845352173
490647468911155,40.963268605415,72.227703152599,47.03306180261272,28.812358686308187,UZ,jpeg,1,3491.25009230061,0.8595269918441772,0.8412231802940369,1.0356066226959229
333643931662411,5.6383973900144,16.079947991405,-32.861291246799794,151.28958109320726,CF,jpeg,1,14486.748779938616,0.5563649535179138,0.3997310400009155,2.2775347232818604
1227174381045729,47.768093183573,107.23115509769,65.65038719307644,21.969255764237815,MN,jpeg,1,5090.130508102852,0.2742597758769989,0.010712414979934692,2.6836397647857666
1407497409603690,3.0843020507054,19.86280519181,0.32096012935811585,25.76045907989799,CD,jpeg,1,723.8857281827069,0.40211546421051025,0.15925481915473938,2.1961450576782227
3723636841075361,45.568657163831,14.018918146853,46.24449269204483,15.784133365758956,SI,jpeg,1,155.8838646698543,0.19977717101573944,0.04997308552265167,4.076467037200928
165305525550262,8.3525370889256,-10.025850369874,-9.459186490706909,-62.945352856189565,GN,jpeg,1,6185.606402372292,0.23938173055648804,0.10299420356750488,3.5203518867492676
340729614142712,18.491135,53.019456388889,34.15275998110467,-116.1648170770277,YE,jpeg,1,14050.34187483323,0.1516801416873932,0.06970144063234329,4.882477283477783
454659182301876,-11.625933853582,43.262174830246,-20.918175128379435,55.54479088215918,KM,jpeg,1,1667.6968558530734,0.8288348913192749,0.7736252546310425,0.7844489216804504
668193423973890,-24.287426139806,25.329460617088,-17.499623994301015,19.617213574913496,BW,jpeg,1,959.7806275285743,0.4008338749408722,0.007486194372177124,1.9865845441818237
838630760070492,25.060757368329,105.86456403205,25.206177494815186,105.99198694713353,CN,jpeg,1,20.639950743740165,0.8542291522026062,0.7284284830093384,0.5210030674934387
390606075408650,42.986310463262,19.555681585034,42.206163958841046,21.304221222163477,ME,jpeg,1,167.35824983911354,0.2154533714056015,0.066232830286026,3.396458148956299
131134676170300,-12.948481303182872,45.128315287832365,16.02827940168826,-61.66972451865909,YT,jpeg,1,12167.493999603614,0.6273976564407349,0.4342110753059387,1.5671824216842651
1792656240942534,13.919496365755608,-90.97051612073146,14.207435280649968,-90.80891882648714,GT,jpeg,1,36.454387804372345,0.9494472146034241,0.9263890981674194,0.3349129855632782
170823461623752,16.241110201764,-89.025642613932,21.213431354266376,-98.31665233985379,BZ,jpeg,1,1123.374670914258,0.2798800766468048,0.07538707554340363,2.885777711868286
326797512347685,20.477204466217,103.99483406515,20.543450878091676,104.06639538221114,LA,jpeg,1,10.478866088195256,0.2921859920024872,0.04328171908855438,2.3854598999023438
603719283920573,40.194963555707,44.545682589004,40.42710270881146,44.58905681986028,AM,jpeg,1,26.073377698911777,0.9694008231163025,0.9402000308036804,0.14654439687728882
307023807471036,48.822446939892,15.635962976885,49.37000399057214,16.44026778831599,AT,jpeg,1,84.47646947494206,0.3437606990337372,0.30685365200042725,3.9883415699005127
1360919617610849,48.744206328516,20.484833979395,40.636077621988555,-82.4054548809006,SK,jpeg,1,7538.195486439739,0.2204105257987976,0.1472201943397522,4.209056377410889
4130359377021158,12.744808419842,-86.016174505038,24.42984793657862,124.24783236546523,NI,jpeg,1,14734.87157232205,0.31657326221466064,0.18723610043525696,2.596184015274048
186509513837116,-9.162518629974178,125.26855431414576,-7.140941137747933,108.46619243101907,TL,jpeg,1,1862.835839504622,0.7034599781036377,0.5668125748634338,1.3569049835205078
305027981215954,-18.157704641057,178.42394691893,-17.15249303105669,177.78837918468975,FJ,jpeg,1,130.4932069681777,0.18633496761322021,0.0347711443901062,3.728644847869873
156576193076602,-0.78254800116056,36.454570001926,-17.031994011604986,-48.55332319491095,KE,jpeg,1,9451.320119489,0.3388579785823822,0.14609640836715698,2.7528810501098633
713195779986935,15.71706020536666,-87.91892889999826,16.940568236049685,-99.95277832638429,HN,jpeg,1,1291.0992186362537,0.3013308644294739,0.12644228339195251,3.356983184814453
211686643757850,18.378333055477,-65.856644722755,6.781531861066783,-58.154939112732826,PR,jpeg,1,1535.7874729802072,0.462013840675354,0.2246655374765396,1.3779226541519165
1127316044444733,45.524200027704,20.00828632566,50.56634035981524,16.75223164338891,RS,jpeg,1,610.5256950534822,0.16195526719093323,0.05142286419868469,4.270040512084961
1705161749686063,1.6727266549458,109.85191823171,-6.118381166600737,106.12792665535656,MY,jpeg,1,959.9359724669193,0.20788849890232086,0.14572343230247498,4.068585395812988
1180959432346280,4.2166399722222,-55.441371916667,-27.011155301989444,-55.06615871964628,SR,jpeg,1,3472.606522557542,0.5922566056251526,0.519920289516449,2.227079153060913
152378826822821,62.297150880353,-6.3605044614883,62.16528037258488,-6.9960119340626195,FO,jpeg,1,36.040798591648944,0.5753486752510071,0.3086523413658142,1.1238493919372559
2163885233752606,46.261529486069,41.00615902421,45.97546598796662,40.70288481491214,RU,jpeg,1,39.47411580743452,0.8929128050804138,0.8801917433738708,0.8415756821632385
828943404645761,-4.2440126883445,39.574345953224,17.162222939491684,79.28639602930023,KE,jpeg,1,4967.149473670145,0.8467668294906616,0.803838312625885,1.0235775709152222
145074444769704,19.85141683329288,-70.79678177411726,19.836756771738322,-70.84101965834334,DO,jpeg,1,4.905694530335098,0.8214009404182434,0.7285648584365845,1.0294584035873413
167921538557854,32.347416850468,15.10321327924,35.63720675317407,-0.5660083708805865,LY,jpeg,1,1488.3642674999971,0.6558181047439575,0.5289111733436584,1.5420854091644287
628318788994208,13.152619444444444,-59.56710666666667,13.17402806833241,-59.622857318838555,BB,jpeg,1,6.4887521619612265,0.9915552735328674,0.9890187382698059,0.07859773933887482
842741859611073,16.018956092128,-61.581760537768,-7.078327594744773,108.90408723820548,GP,jpeg,1,18579.770539610498,0.3253922462463379,0.18082545697689056,3.137300729751587
310752417096783,66.229694079253,29.133889499018,63.78423819785034,17.501211368623405,FI,jpeg,1,609.1836413062387,0.21256618201732635,0.0737796425819397,3.4224517345428467
280932113713079,11.564178753638,15.28787472986,9.156350334507446,1.233705519716097,CM,jpeg,1,1560.1686374128099,0.8294783234596252,0.7951205968856812,1.2056305408477783
306629164189671,31.994107162003,34.880880875532,25.07447803241299,121.51002220044624,IL,jpeg,1,8267.685903181668,0.45482251048088074,0.08781510591506958,1.8005321025848389
375713220429607,-20.444336397825,57.719071106087,-33.67097790300726,-70.93872898050134,MU,jpeg,1,11905.151012887678,0.1521153748035431,0.045359186828136444,3.9563708305358887
935998006944813,2.0128177809748,-157.40717950301,21.06781699496855,-74.60811842222684,KI,jpeg,1,9180.019835445184,0.3205052614212036,0.1084790825843811,3.0632781982421875
243279310922728,22.002956746269,59.647583227775,23.526406724743765,57.58072464956193,OM,jpeg,1,271.2972481415061,0.21992062032222748,0.0788736641407013,4.014571666717529
302369984598824,4.2729453578223,11.366798338452,4.299989532665514,11.5473087880581,CM,jpeg,1,20.24034090757316,0.805366039276123,0.7803758978843689,1.3845382928848267
1410294946017903,39.031705816026,125.75630076806,18.537895966079212,73.81360062256476,KP,jpeg,1,5463.993630600891,0.30571967363357544,0.24623803794384003,3.688617467880249
557405362093639,36.954042854563,8.9131949083518,37.891820469024886,23.938486393226434,TN,jpeg,1,1329.4960521688008,0.47376060485839844,0.28652065992355347,1.8104827404022217
508273253877668,60.696459628121,23.784802432989,61.06356790201901,25.7432652361547,FI,jpeg,1,113.56066410565283,0.2436141073703766,0.13933660089969635,3.8882553577423096
822631438351061,41.306291815096,76.061806069928,53.67403875036875,23.83077173953672,KG,jpeg,1,4053.328181436427,0.19350865483283997,0.12102743238210678,4.318425178527832
1138310456645189,43.382281881015,16.41157939924,42.36395848730569,8.637150895271061,HR,jpeg,1,643.3307942357397,0.20104806125164032,0.010862886905670166,3.9258875846862793
222871899226271,-15.510435536345,40.349633637766,-15.366044504488348,40.37039376019594,MZ,jpeg,1,16.20900621304116,0.9518454074859619,0.919007420539856,0.26541391015052795
653703302135487,21.606686370966,39.215434593079,24.823663473893923,46.731593800739205,SA,jpeg,1,847.0801246361602,0.7556341290473938,0.7097176909446716,1.3065420389175415
512353726583180,57.378685294191,22.247361108176,56.83376167557136,23.512638047799726,LV,jpeg,1,97.51454208029512,0.49211183190345764,0.3443681299686432,2.4380264282226562
221188212807394,5.9007667928315,15.424776553249,-7.017714904126024,108.7114141849434,CF,jpeg,1,10448.517771138682,0.5123299360275269,0.4255117177963257,2.6909337043762207
319019459840888,18.609369461477,-74.151456712619,18.685836159567838,-74.11894036465684,HT,jpeg,1,9.166921590689972,0.43328526616096497,0.32768622040748596,2.6717753410339355
3291218371154050,-17.313447180213565,37.46183809351605,-17.235894190192063,36.2294032451516,MZ,jpeg,1,131.14250106718666,0.5659853219985962,0.31578996777534485,1.657500147819519
584561212946534,-19.59947361892,169.46805368552,15.170969739159343,120.51415435028481,VU,jpeg,1,6603.2544518483855,0.10260149836540222,0.03235749900341034,4.299362659454346
304491461128491,-24.913992289767,-56.992001471465,-24.939139281949693,-57.63867827460661,PY,jpeg,1,65.26879471656696,0.9157243371009827,0.8951587080955505,0.6462160348892212
297816615150376,21.480754782652,-71.133236713743,21.739585161100102,-71.36887960967655,TC,jpeg,1,37.7062314954904,0.8502824902534485,0.7105258703231812,0.4786868095397949
393440354996585,52.70481457742,27.450028836652,52.12202235042078,26.38393363553201,BY,jpeg,1,97.09517727431634,0.932786226272583,0.905834436416626,0.45265448093414307
473720683849376,40.29467551394,43.521641209406,40.342364967023904,43.45561714422032,TR,jpeg,1,7.710600615838817,0.999763548374176,0.9997325539588928,0.003246268257498741
454870842476357,28.72600008284,48.263573067355,29.003829663625194,48.124595583950445,KW,jpeg,1,33.727600211342406,0.72447270154953,0.5213903188705444,0.9555374383926392
151442870324225,56.727613998069,9.8232903910496,59.419463799551046,16.373817885110334,DK,jpeg,1,487.45368261587043,0.4025607705116272,0.35492607951164246,3.294752597808838
3734785956631637,-32.223694448748,147.71777777513,-32.272542768007945,148.65588359822195,AU,jpeg,1,88.38866876953279,0.6364403367042542,0.5480188131332397,1.5472333431243896
2674396816191889,2.5936083377885,9.8483489898272,11.326772479105045,-84.77135771002695,GQ,jpeg,1,10453.907458948715,0.2900996208190918,0.0790410190820694,2.3025171756744385
1379450249134838,11.1299017047619,42.37458637619046,44.94743036746495,-69.0017622623788,DJ,jpeg,1,10753.05219906596,0.41518887877464294,0.3594703674316406,3.418220043182373
275414690944598,-13.67751150128,-71.664754722863,-1.6355228467395047,-78.62203454575015,PE,jpeg,1,1542.2389561376494,0.3096168637275696,0.10110704600811005,1.9540678262710571
1234218287109955,-20.82413546364793,164.48620687630458,-16.523142313567835,145.47117125225188,NC,jpeg,1,2057.8296761415395,0.1943795531988144,0.06894749402999878,3.3317384719848633
302961411491361,46.996007579057,27.801513788055,46.891394952691364,27.803744074142095,RO,jpeg,1,11.633625424830834,0.9634280800819397,0.9494991898536682,0.21894600987434387
948698085931649,49.321417002248,19.543460957034,44.874699037027604,15.990537837384677,SK,jpeg,1,562.7052154259271,0.34566932916641235,0.20060719549655914,3.1097545623779297
328279275310503,2.1101448348,45.328888943853,21.081542494454848,-101.66833588555438,SO,jpeg,1,15594.057992293596,0.15507018566131592,0.06831169128417969,3.7768266201019287
3938529579574500,12.745875526918,-6.8748541915599,12.485940334814867,-1.9474609652054242,ML,jpeg,1,535.4449749131506,0.5275575518608093,0.0828700065612793,0.8753730654716492
1194874720960051,12.083080655367,-61.701340518071,14.678755071297267,-61.11045524093079,GD,jpeg,1,295.61763862615175,0.8485493659973145,0.7467871904373169,0.6877089142799377
2660802827398825,16.196727547951927,-16.262142180464767,13.01443886513502,80.17913968541092,SN,jpeg,1,10276.157302361109,0.19897688925266266,0.1632387638092041,5.1079912185668945
474318140350732,-30.186929671859,28.721722313277,-16.602074623907075,-68.84319600203486,LS,jpeg,1,9786.963501856191,0.9804091453552246,0.9769506454467773,0.18209393322467804
131538628927343,23.927591478789,56.89006326826,24.31685951814584,56.64114975552058,OM,jpeg,1,50.11657961304262,0.41543400287628174,0.24662640690803528,2.6470630168914795
956252018280238,5.6732085786965,16.632589745091,40.75582587296854,8.930044876225407,CF,jpeg,1,3975.7758097243736,0.8629699349403381,0.802408754825592,0.8308750987052917
986557568784559,47.96199867689,3.329329196682,47.91704339031799,3.4823768534349497,FR,jpeg,1,12.448440119694402,0.1640608012676239,0.04289425164461136,3.7035791873931885
858888201360481,27.431311876486,89.411968800978,-1.638419911275704,29.30720380731718,BT,jpeg,1,7182.573011848315,0.1877773106098175,0.08102922886610031,3.467231512069702
1122494928228049,-6.2923231452892,176.31516236757,23.060420571207967,89.68810397812467,TV,jpeg,1,9938.247755911254,0.5420563220977783,0.21578633785247803,1.3371163606643677
822289958383794,41.363620514254,46.930408712763,40.5158336449933,46.60578551475792,AZ,jpeg,1,98.13365546906334,0.4179995357990265,0.3366302251815796,3.269062042236328
507580496941067,41.24483557588,71.582892060753,44.145132790242876,26.342340600820275,UZ,jpeg,1,3664.58738560559,0.18244872987270355,0.021589010953903198,3.493011474609375
850897392160274,15.37337039371,101.11838827961,-24.86882730765091,-48.28959926810844,TH,jpeg,1,16660.31668761693,0.29513466358184814,0.15571334958076477,3.8259689807891846
1479666545728283,-2.207944528615442,29.59226081231841,-1.917066741604171,29.860110839369796,RW,jpeg,1,43.95512279351464,0.9268823862075806,0.8671215772628784,0.34230533242225647
580789552886656,50.678594855093,4.8188742178492,47.57594300040656,20.81018569860295,BE,jpeg,1,1210.8986868328902,0.10916195064783096,0.015400126576423645,4.457223892211914
795872621134242,21.469950825343,-71.131968567748,21.46577711225691,-73.15015809572937,TC,jpeg,1,208.84244080414592,0.692302405834198,0.5309438705444336,0.8417932391166687
537185557301814,21.468632587884,-71.131614335596,26.51619838269671,-78.68365773634531,TC,jpeg,1,950.1869377777165,0.9866698384284973,0.9784717559814453,0.08358589559793472
533124681034633,9.6221481881675,5.9902728883701,-6.828782740312421,39.23805056320097,NG,jpeg,1,4112.281441095606,0.18512246012687683,0.006440639495849609,3.183464288711548
459637375114061,16.326241192515,-61.485416089177,43.567282702711935,11.207078502333149,GP,jpeg,1,7381.554559239831,0.3860827386379242,0.3302721381187439,3.77687931060791
761065858107101,18.02556598756,-63.076095445477,-12.964518199719338,-74.96189890181914,SX,jpeg,1,3684.4030278010464,0.22669203579425812,0.09582215547561646,3.775944948196411
175886771114688,37.132743072818,71.445580058334,37.14224574250986,71.82525237233385,TJ,jpeg,1,33.67199576958564,0.8398354053497314,0.7966932058334351,0.8636693954467773
3028763490743210,44.505071370572,14.497751817403,40.82075559858651,17.053705047366904,HR,jpeg,1,459.8447694573582,0.23184552788734436,0.11315885186195374,3.1320958137512207
4083027895078105,6.922264444172,81.810604007404,17.221838699486057,79.62511923312168,LK,jpeg,1,1169.5815834313596,0.9946982860565186,0.9937593340873718,0.054414018988609314
196273232181806,10.57170873112,-61.274575577684,-6.943388346375025,109.4248681429712,TT,jpeg,1,18916.419578649427,0.08755422383546829,0.04881785064935684,5.362880229949951
311046543750546,5.8181956657151,-55.229591655912,8.488915043457856,-82.4773030359523,SR,jpeg,1,3020.1237122929256,0.689312756061554,0.5265932679176331,1.3196425437927246
1340777496415094,-24.184041937054644,-56.01406804634483,-24.32576055460936,-56.28031804385752,PY,jpeg,1,31.255536138998576,0.9919043183326721,0.9905344843864441,0.08169294893741608
320265609670289,38.422783933334,-28.447899110035,-41.2434570057788,174.82219203234146,PT,jpeg,1,18009.694680120705,0.5962933301925659,0.5587092638015747,2.357881546020508
587462658901340,49.482634783129,7.2198204378864,47.304307266289946,6.240484832189681,DE,jpeg,1,252.77562405215403,0.42824408411979675,0.31552761793136597,3.392336845397949
1117419915461502,-13.3507635470948,24.07831798797145,-13.079951680300516,25.19570310273768,ZM,jpeg,1,124.6489987925878,0.9606500864028931,0.928232729434967,0.2093852162361145
293849812373143,21.729330866875,58.283925067403,25.056874203255568,46.598748977258836,OM,jpeg,1,1248.0499311116419,0.151737779378891,0.08770658075809479,4.744318962097168
913136816207204,27.685309394915,84.245084160599,23.81999678136424,90.38816805381956,NP,jpeg,1,750.2882501553277,0.21984778344631195,0.0017857551574707031,3.5483272075653076
1427947294218129,38.134538979321,20.602291273787,41.40830819045721,13.172143199151122,GR,jpeg,1,731.5673425585386,0.45177146792411804,0.3137388229370117,2.808448553085327
950864868999393,51.137636946693,23.395299320308,53.9944738725383,15.968994006115192,PL,jpeg,1,593.5598355003737,0.224085733294487,0.15408271551132202,4.271440029144287
223308666224105,10.524123082769,-2.6530083555487,8.693196707053737,-0.0367601507963857,GH,jpeg,1,351.7293174719572,0.44802772998809814,0.3067184090614319,2.288261890411377
202168424910797,63.087501381586,29.619921161522,65.58704557032047,21.979058446881513,FI,jpeg,1,460.6217314158521,0.2839321792125702,0.07368013262748718,2.293210983276367
134334415352783,34.771117780932,10.388663407803,38.62034953787203,-7.7898176258774,TN,jpeg,1,1673.1773652960032,0.12931334972381592,0.009625628590583801,4.111577033996582
1123967504754624,2.462911169111,9.8411851986574,42.79360399149263,140.77679285111432,GQ,jpeg,1,12989.57745781518,0.14013253152370453,0.05281269550323486,4.198972225189209
563150931329907,-16.454467194083,-152.25488087725,18.320950532613796,-73.04841054600924,PF,jpeg,1,9487.991320911091,0.5655514597892761,0.4496700167655945,1.7898354530334473
527782441730123,19.613317472222,37.21518325,16.39322088338001,80.58917509054719,SD,jpeg,1,4588.987696230077,0.1234835535287857,0.012927591800689697,4.430558681488037
874132063313509,2.1211650392132,45.325477296944,21.039557362636994,-101.93014582070526,SO,jpeg,1,15618.56474557764,0.14367368817329407,0.08111251890659332,4.6559224128723145
1414690518888723,4.4280699971271,-7.3572366993037,6.389701141368977,2.22725335865213,CI,jpeg,1,1083.1275005234718,0.2864040434360504,0.07973332703113556,2.30057692527771
1488652064809969,31.757099517069,35.492951999494,24.9202666714969,38.623372160355515,PS,jpeg,1,819.5031657947926,0.7380472421646118,0.6029553413391113,1.2168716192245483
548267689892757,4.8188638046841,31.553307958678,12.540704687631315,-1.2809012252993572,SS,jpeg,1,3705.9181461738776,0.5646006464958191,0.4091096520423889,2.3433640003204346
151479410277523,13.926511407569,-90.820049410327,10.990816450633526,-74.80185094337557,GT,jpeg,1,1769.0935668097604,0.5045744776725769,0.33186644315719604,1.6871161460876465
282741450237053,40.63918244788,14.689358309553,40.653732790028585,44.68606061618152,IT,jpeg,1,2518.333598481904,0.6603701710700989,0.4294449985027313,1.2110669612884521
466856821203613,32.362756289357,15.075112091192,35.66914643671048,-0.5918803879002922,LY,jpeg,1,1488.2247584092606,0.2317049205303192,0.04221844673156738,3.087951183319092
503692787493112,-8.4956747146718,28.873913205907,-2.381621153377302,29.592705145634895,ZM,jpeg,1,684.4873948253467,0.15461891889572144,0.030605703592300415,4.187327861785889
129527739201981,50.74400552946,15.089402768176,49.20524607711081,16.62446130449197,CZ,jpeg,1,203.27929443271668,0.42189082503318787,0.25393927097320557,2.364579200744629
459080448727005,43.398268683651,17.872251876102,45.652524058850084,10.855996534824683,BA,jpeg,1,609.8042073499375,0.2126138061285019,0.05842190980911255,3.350992202758789
2599771000325900,10.491317886291,-66.940783689543,-17.37480874438236,-66.1959314239874,VE,jpeg,1,3099.65258699596,0.4327627718448639,0.22721506655216217,1.812767505645752
1586218158513391,-35.09726470656671,-71.96444205112698,-35.087180153878506,-72.01207100785794,CL,jpeg,1,4.476149107953126,0.8808883428573608,0.8090543150901794,0.5393157601356506
790312034924185,6.4665061966066,-73.264673048874,-22.814368454747253,-45.63544826608183,CO,jpeg,1,4430.470646212712,0.7829326391220093,0.6018525958061218,0.7312701940536499
3828714587227647,-28.982228650362,17.795137519664,-16.50547491047129,-68.2136017507722,ZA,jpeg,1,8750.434502105232,0.42511245608329773,0.3453260362148285,2.9909536838531494
915335685911826,-26.650343222475,31.676701721271,-17.001213056543452,-48.436249096386966,SZ,jpeg,1,8213.366069786174,0.6993203163146973,0.5684871077537537,1.5034379959106445
295989332000056,-21.294072972472,55.453451741806,-20.919211058793913,55.38025187416596,RE,jpeg,1,42.36874290669813,0.6841081976890564,0.4568527340888977,0.9862145185470581
762826894424335,15.953620769688,-61.226106662441,14.243059910371013,-60.87897420910911,GP,jpeg,1,193.82183031458243,0.7627474665641785,0.562954306602478,0.7163280248641968
748877299000226,37.48624814219,-5.6260757420713,42.60059800807203,26.736223105522875,ES,jpeg,1,2795.0485384586746,0.754159688949585,0.5388713479042053,0.7054620385169983
995130811306873,23.092040987381,59.032220074214,23.579316400750905,58.424728653055986,OM,jpeg,1,82.35732992233082,0.34622135758399963,0.1269160509109497,2.266669273376465
173462692069034,50.00493277190843,-109.16881836125964,50.01666383129672,-109.44306780086836,CA,jpeg,1,19.640852459440136,0.6050599217414856,0.2669107913970947,0.8795255422592163
374397180633667,51.090338894144,4.5540810997605,53.36990145450766,-6.420693350613161,BE,jpeg,1,788.3008237073635,0.2426581233739853,0.13648837804794312,3.2317538261413574
925791128266982,3.9464155812419,-59.099715656841,-16.651508226933064,-41.16202288670032,GY,jpeg,1,3021.7593563300557,0.26555928587913513,0.12379038333892822,3.0157387256622314
1008151256597783,5.4088235841337,-54.080394782482,54.26165066505566,-8.473620442063664,SR,jpeg,1,6793.842713865892,0.10287872701883316,0.009248018264770508,4.506856441497803
183020897030038,12.165472591779,-68.284782803721,6.71721384364473,-1.5866883283986477,BQ,jpeg,1,7325.2516841395445,0.32866233587265015,0.2238008975982666,3.3254194259643555
497361505026790,24.459011977771,39.707017834424,24.36564480865958,54.68538354381811,SA,jpeg,1,1515.9056894737596,0.39578285813331604,0.18220457434654236,2.0818700790405273
312120757154735,47.999359257395,28.38593989914,47.031816146225275,28.89746012691714,MD,jpeg,1,114.2378135813647,0.7460651397705078,0.6771872639656067,1.1874984502792358
507960406990835,40.602484593203,70.9323931635,40.69804882079746,70.71170114142528,UZ,jpeg,1,21.437367628333146,0.3467506468296051,0.27246367931365967,3.781395673751831
1068908920302393,28.118257713069,84.092550077463,27.701416184741458,85.9859358532119,NP,jpeg,1,191.73091688581613,0.288455992937088,0.10017752647399902,2.9682483673095703
2455881761214087,9.3112240684333,7.2316171757752,24.46027152408786,67.76705263472594,NG,jpeg,1,6606.524891934875,0.38493481278419495,0.23075686395168304,3.5083117485046387
308361434006892,4.4588854980948,-75.339098450144,9.865399577131376,-84.21373007724723,CO,jpeg,1,1148.6091453061536,0.4539831876754761,0.33354198932647705,2.7054412364959717
155484156583350,-42.588544997261,171.13273084297,-42.683795515161265,172.90245340618193,NZ,jpeg,1,145.1523672538253,0.20648321509361267,0.09573334455490112,3.062074899673462
792143884742189,53.499641726189,-10.025130557347,53.48279055760486,-9.96717908743205,IE,jpeg,1,4.267182614583945,0.43737128376960754,0.10499799251556396,1.9711203575134277
538480140482205,46.417273237497,15.981580762317,44.8240929056155,11.759119556594342,SI,jpeg,1,373.0477266265425,0.1698642522096634,0.08561448752880096,4.299948692321777
968891463855525,40.418204733364,44.58904057928,40.31826525615461,44.387873256003914,AM,jpeg,1,20.345700254502624,0.5785530805587769,0.3879103660583496,1.9669257402420044
2562980810671463,39.539716862316,22.649912734594,42.3254912439346,22.708703736553364,GR,jpeg,1,309.80332135640765,0.34257808327674866,0.11925716698169708,2.6553072929382324
840569223558585,53.471437474357,30.369358954069,55.54045728349251,38.841705752818655,BY,jpeg,1,592.909999098513,0.5916861295700073,0.4357548654079437,2.051161766052246
212713197082595,42.7199422641,21.124316375918,42.611098336228785,21.150107387020537,XK,jpeg,1,12.285233258897318,0.7302017211914062,0.6544121503829956,1.559658169746399
300368228286972,2.6515753388508,99.632830332947,-7.113614049273425,108.89431757014185,ID,jpeg,1,1495.1287442949804,0.40943413972854614,0.24512913823127747,2.7379565238952637
803382520382829,-28.928078796683,27.877133995547,-29.302908519481548,27.503852967300634,LS,jpeg,1,55.24569827532597,0.645371675491333,0.4874814748764038,1.3852405548095703
1251699818583166,9.3253458360703,36.511457430463,-15.133744262948479,-48.76518453677443,ET,jpeg,1,9777.282811266798,0.32740941643714905,0.24236710369586945,3.7346749305725098
134346362021204,-20.169316372954,57.574783850557,-17.114316072814418,-65.9514942099596,MU,jpeg,1,12587.852675632925,0.36321401596069336,0.19718240201473236,3.323784589767456
2659684644176450,15.207410023546576,-14.26851329497232,12.35445671062383,-6.036854990620717,SN,jpeg,1,943.7344735340629,0.3602665066719055,0.12558719515800476,2.8088042736053467
338266731040151,-27.714887442632,27.237097549584,-27.649866655086804,27.247723169384688,ZA,jpeg,1,7.3052943829062915,0.8807093501091003,0.8206183314323425,0.5639382004737854
290719459343271,25.048779030648,-77.341776655437,9.970243275818277,-84.65711756077897,BS,jpeg,1,1846.172953326341,0.14120998978614807,0.021487712860107422,4.166138648986816
592656634965955,46.682736593205,21.206630159237,54.502097724298324,16.679428462339303,HU,jpeg,1,925.8601025373001,0.16688810288906097,0.03300519287586212,3.440300703048706
327481305476197,3.6341919176295,72.959377283817,25.74765012287127,-80.22648274438387,MV,jpeg,1,15653.924560271918,0.9059922099113464,0.8933880925178528,0.6823319792747498
511298200008833,41.001835659413,71.969851087691,40.96696084974566,71.79965392555475,UZ,jpeg,1,14.80326158170377,0.9902564287185669,0.9878320097923279,0.09209083020687103
1048097032779725,43.42241145892943,4.995993425198574,43.768452712295456,6.121998941206429,FR,jpeg,1,98.5026427986558,0.4527747333049774,0.21419081091880798,1.8086439371109009
275678077530743,-17.141803188939,177.19494791591,-17.447418562495848,178.08373259417687,FJ,jpeg,1,100.29276914280514,0.8195863962173462,0.7679438591003418,1.0311293601989746
292380389132080,14.868771348072,-61.121170377502,14.610397238737189,-61.02359736565769,MQ,jpeg,1,30.585956516552283,0.4224712550640106,0.0243319571018219,1.227898359298706
195963679022241,41.444760586953,46.861020646343,40.54830595130061,46.676502786906866,AZ,jpeg,1,100.87679961969366,0.5766478776931763,0.5182669758796692,2.3764350414276123
967102544034985,16.986811638045,120.77076999861,34.89952707302938,32.47237541713621,PH,jpeg,1,8786.776053080574,0.7685196995735168,0.5915542244911194,0.918832004070282
132001678913743,-38.053559635768,-63.429009930635,-43.370894230666885,172.48061886235314,AR,jpeg,1,9353.631010401998,0.4250957667827606,0.31975752115249634,3.3133697509765625
4323012444383952,-25.366368202834,-57.609654895019,-25.51476803521344,-54.64133675082941,PY,jpeg,1,298.50641254966735,0.7619775533676147,0.5572913289070129,0.667573869228363
1156261378535995,32.32323776884,-64.709264213971,14.629757988438694,-61.08007229109356,BM,jpeg,1,2001.51168708314,0.6205561757087708,0.5144138932228088,1.35039484500885
1022165461521852,10.726476338495,-14.376868641028,17.291506622210512,102.66284043096576,GN,jpeg,1,12430.14047718393,0.2210368812084198,0.152299702167511,4.524081230163574
193167485884135,44.181071716568,19.719133913291,44.24508314602114,19.852623836575738,RS,jpeg,1,12.80043774553098,0.6521937847137451,0.6095337271690369,1.9641015529632568
2679866852305147,50.425563977087,60.525062163106,54.06656995096555,61.58049293834051,RU,jpeg,1,411.17564015625396,0.7404829859733582,0.5625941157341003,0.9196321964263916
924145305018051,45.915356124611,13.677818254528,46.70236111282138,15.810682294333853,SI,jpeg,1,185.72451491437698,0.1283789575099945,0.0641641616821289,4.909468650817871
3991894140857885,6.396085635246,-10.578195078991,6.389527262064398,-10.599964163511876,LR,jpeg,1,2.5136699623142444,0.818009078502655,0.754181444644928,0.7953514456748962
3753076561487105,2.0937663139626,45.333850241529,17.02175924166546,54.183280696363724,SO,jpeg,1,1921.2147472206618,0.22967612743377686,0.11465244740247726,3.985649824142456
4014259028668392,-23.777002866313,29.535916133115,-26.801217508566317,26.840721367251007,ZA,jpeg,1,431.82934572402354,0.15052835643291473,0.06795763224363327,4.731572151184082
1164259444051011,-33.004571460529,-56.45950492044,36.29647569785515,-120.18189321409716,UY,jpeg,1,10155.42356425539,0.16006067395210266,0.015665575861930847,3.473196029663086
427797935584192,-3.381688479243244,-44.524339863567576,-2.628670457928565,-45.46343970915501,BR,jpeg,1,133.7350913860093,0.9991205334663391,0.998945415019989,0.009558279998600483
348228456711934,0.368039651477356,6.712420799552506,6.082178133864779,1.0972560240952192,ST,jpeg,1,889.9434478027413,0.0832059234380722,0.0007000938057899475,4.760688781738281
4037485459669920,4.8556815609205,31.589953699137,19.641548613971594,-72.15941106807333,SS,jpeg,1,11255.23553491958,0.24975059926509857,0.12194694578647614,3.251891613006592
157040263028996,18.045966582305,-63.112275507715,-12.953523971227513,-38.43245581567806,MF,jpeg,1,4383.115479342977,0.9793901443481445,0.97662752866745,0.18719403445720673
1124425647962016,-8.100649444444445,156.82296055555554,17.304015673157977,-88.5040073802095,SB,jpeg,1,12885.23206992776,0.8251358270645142,0.6580297350883484,0.5117610096931458
190098606266094,55.069795005888,22.812891905378,56.54224510960369,27.085540124317912,LT,jpeg,1,313.1223658245604,0.967625081539154,0.9606373906135559,0.2902992367744446
3863626387049111,15.379540488714,-61.26786022339,18.663546388991577,-74.1095319984247,DM,jpeg,1,1412.8963102101532,0.9843906760215759,0.9800769090652466,0.13418884575366974
807900806500123,19.60787766549,37.220870972767,30.364436487010952,-9.509190541159144,SD,jpeg,1,4824.198200831907,0.7376909852027893,0.689588189125061,1.604996919631958
135555819075899,46.30515446867184,15.555693802754446,46.670418720535466,15.718418651998423,SI,jpeg,1,42.48318532633603,0.2879280149936676,0.04100409150123596,3.161400079727173
152233856857550,11.552312562133,43.119735981314,21.917264801409853,-98.11135610363856,DJ,jpeg,1,14381.954890343959,0.2497670203447342,0.09034545719623566,3.282930612564087
319392699542913,1.3294518861992,34.311410798855,-2.0085653414190823,29.984488940582036,UG,jpeg,1,607.6032793581458,0.3754498064517975,0.1689891368150711,3.027590036392212
991289955033112,34.234741855173,35.65948675276,40.505955873443725,-3.473301159570612,LB,jpeg,1,3498.1114659398245,0.27718663215637207,0.006447881460189819,2.620037317276001
328520695545965,63.434626046589,-19.024249484436,64.38836020981876,-20.780145480137787,IS,jpeg,1,136.44090542556214,0.6521995067596436,0.47301337122917175,1.27848219871521
464789361418887,3.807393,113.74682650005,5.2572993876518455,115.52214803920585,MY,jpeg,1,254.39450702333536,0.7750629782676697,0.7205304503440857,1.0418373346328735
1310937239362809,-16.05923501421255,28.45034874273332,-15.68243873329829,28.229908652525538,ZM,jpeg,1,48.07620940244948,0.7744988799095154,0.6922387480735779,0.9426686763763428
1177148709364507,3.9517282399816,-59.127383286379,-27.381460549966544,-58.10980570349935,GY,jpeg,1,3485.80285315225,0.45755502581596375,0.19155895709991455,1.9492764472961426
141607461308537,-22.361528273609,-59.837892878355,-32.78431389362075,27.37894245085501,PY,jpeg,1,8438.760204356706,0.19302456080913544,0.0889093279838562,4.258277416229248
463077528107904,-4.7878008330033,11.864756923075,6.457383017981715,2.600807875177776,CG,jpeg,1,1618.949082556636,0.3437608480453491,0.023156195878982544,2.212277889251709
173215948022940,8.5714365537216,-9.8691302343456,7.902247646983813,-11.116995098403962,LR,jpeg,1,156.1883087164165,0.7072817087173462,0.6694062352180481,1.5336471796035767
3926033430843905,32.171256244263,35.467920604541,32.12041964695211,35.290990624635114,PS,jpeg,1,17.59066783214998,0.8233515024185181,0.7492289543151855,0.9722880125045776
916665025779516,24.524150796485,67.540287646591,24.598873385761983,67.58514336552717,PK,jpeg,1,9.466508083172496,0.4759388566017151,0.40184471011161804,2.6185641288757324
842532369808274,41.215589499727,-7.4506176074975,37.27285754322731,-8.44223725330021,PT,jpeg,1,446.6411435059143,0.22352154552936554,0.07490216195583344,3.2705307006835938
909312326294088,28.050014468342,-14.340539294975,28.031563553407103,-17.20746615975121,ES,jpeg,1,281.36722609482723,0.2578333616256714,0.04641708731651306,2.9116556644439697
1207676993015897,10.787243979814,-68.323068119416,16.73350662110984,-93.12697819101554,VE,jpeg,1,2756.7462144003985,0.5548660159111023,0.49632418155670166,2.504619836807251
317484316498860,51.531648181729,128.20909035955,56.692228712897595,60.496655014357984,RU,jpeg,1,4267.8149324128435,0.2695766091346741,0.15145772695541382,3.4350595474243164
947661819318356,17.121694235905,-24.994762874038,16.223286187591118,-25.875241147181068,CV,jpeg,1,137.02480362555121,0.9933388829231262,0.9916743040084839,0.0609736442565918
3947329925333716,12.679493966294,-6.7269231036328,12.346676392504383,-6.754279178309003,ML,jpeg,1,37.126579004180435,0.8960667848587036,0.8136293888092041,0.4545450210571289
142131454599179,24.557496611483,35.148695104321,34.5261370703574,-118.19854168723793,EG,jpeg,1,12868.810219610434,0.06781364232301712,0.014911506325006485,5.42628288269043
165567675960284,19.612087898208788,-70.1751715983372,19.598088291894506,-70.70412676640802,DO,jpeg,1,55.42920546967821,0.5334309339523315,0.36472004652023315,1.3782836198806763
1366666657062368,47.544360211205,12.177256693404,44.183154412842114,10.485402236128266,AT,jpeg,1,396.0167375626705,0.10673268884420395,0.013715371489524841,3.749358654022217
829244944391118,39.11803685393,-7.7196219014644,37.26013776168518,-121.87013719734699,PT,jpeg,1,9181.185395017845,0.06897392123937607,0.010821443051099777,5.010880947113037
298013541938371,41.541448730912,-8.7560397976019,38.59084019146862,-122.90314466558856,PT,jpeg,1,8891.19552402416,0.10689996927976608,0.03410021960735321,4.305961608886719
930318810923353,12.290897526921208,-69.09122276531554,42.80054740877214,10.44375850008119,CW,jpeg,1,8233.622359331493,0.2632594406604767,0.1291889250278473,4.094315052032471
503246924141783,15.602839427825,32.487242561959,24.818962983177286,46.744748480770106,SD,jpeg,1,1804.295002351184,0.9469680190086365,0.8998927474021912,0.2419145107269287
449325599700589,50.12174331487,4.4948783441326,44.864934932246285,8.314650557587637,BE,jpeg,1,650.9654554420046,0.1669536530971527,0.012057691812515259,4.229500770568848
467405711031097,17.992572255683,-66.263814308226,-21.283247783806623,55.37815956722404,PR,jpeg,1,13926.393720236276,0.10252196341753006,0.03007369488477707,4.765588760375977
288246882935326,40.557590089793,75.163197454637,54.996869820618286,60.8918767704292,KG,jpeg,1,1919.3353794177115,0.15763966739177704,0.08429964631795883,4.845988750457764
505540450790369,22.70995468898,92.098773627243,24.228620068972273,91.52946338484406,BD,jpeg,1,178.57177938680687,0.8481934666633606,0.7565712928771973,0.7324389815330505
591386078920254,62.107759453888,-6.6834959276139,62.10740582389013,-6.93623076578479,FO,jpeg,1,13.146916335761128,0.8963437080383301,0.8564632534980774,0.5530319213867188
370606561029319,10.210502973191,-0.07341133185964,10.155887681358658,-0.13154903771268567,TG,jpeg,1,8.795775054471378,0.9996709823608398,0.9995184540748596,0.0034111058339476585
439450394288287,50.054284237917,38.880788589348505,46.57099128410264,39.49589005187558,UA,jpeg,1,389.98251819450763,0.43858572840690613,0.08218395709991455,1.8191711902618408
310375324029868,-37.347698548595,-71.82270654997,49.56200214560089,15.502568121210457,CL,jpeg,1,12893.600537592185,0.11343923211097717,0.012506179511547089,4.246642112731934
981591149045969,18.008278271819,-76.772753375805,9.967106916046598,-84.18197198078681,JM,jpeg,1,1198.8683388355548,0.27866870164871216,0.032320499420166016,2.7407374382019043
538662890462002,22.639099459104,-80.443942528532,22.73398883279232,-81.46650020903819,CU,jpeg,1,105.43490962740027,0.8548277616500854,0.7452148199081421,0.6659886837005615
481222069768896,22.306404025662,114.25196352132,22.252802401994376,114.19263624995368,HK,jpeg,1,8.53158877758893,0.9621819257736206,0.9390690922737122,0.1964835822582245
853822608822418,-13.764240001823,34.415945000478,-12.869934643754968,28.215459056198636,MW,jpeg,1,678.2274899514524,0.14441828429698944,0.008170023560523987,4.048372268676758
2945544342367414,18.448984494982,-64.550096065019,14.299695863982848,-60.89791337677072,VG,jpeg,1,603.8190015559508,0.7370334267616272,0.6346071362495422,1.0527137517929077
733805970633940,26.209879663614,44.103482474166,24.874939438122865,46.729332202302835,SA,jpeg,1,302.3733128198571,0.46397700905799866,0.3773277997970581,2.985672950744629
2579377392357434,34.360744713034,0.072177953700416,34.536018669504344,-0.7460922425229087,DZ,jpeg,1,77.52122080490292,0.7008567452430725,0.5696122646331787,1.4533756971359253
321976292610460,2.6050561253904,-76.72716581048,2.5568729097443703,-76.61775259062144,CO,jpeg,1,13.28237196029219,0.9714453220367432,0.9620478749275208,0.1960364729166031
246778030560130,22.378053670525,103.87749530607,-17.365601396241683,-65.80208988690774,VN,jpeg,1,18800.99425815874,0.15207158029079437,0.033488474786281586,4.100408554077148
132463405538393,51.895041095248,4.7359317785887,53.181520832843646,6.378768855122253,NL,jpeg,1,181.12083432750475,0.18490785360336304,0.06824332475662231,3.446216583251953
159985626091830,42.085182325218,23.055097885585,41.68245553468581,20.602031640240117,BG,jpeg,1,207.946887675592,0.3017794191837311,0.06732915341854095,2.0017435550689697
740422473321001,35.328722082019,33.504620154232,35.308631408002014,33.74287773287018,CY,jpeg,1,21.732091488206574,0.4682353734970093,0.33892759680747986,2.369257926940918
6049840251722845,8.4468470660858,-83.484163463651,9.586116692867758,-82.92388977957889,CR,jpeg,1,140.83271841414805,0.577156126499176,0.3721606135368347,1.4097176790237427
138432154861804,35.516834375223,24.116877817233,-16.756135501195015,-48.76690195108289,GR,jpeg,1,9612.947779652426,0.2740824818611145,0.0644053965806961,3.1879076957702637
171677658627663,18.637934456903466,98.81616605062511,18.727779942188523,99.02726023819343,TH,jpeg,1,24.376942554007268,0.393506795167923,0.2448510229587555,2.5385093688964844
473447400410020,45.472666923779,13.751881662375,44.45916445371501,8.91441710040168,SI,jpeg,1,396.84196900312514,0.1870986372232437,0.08604821562767029,3.7348079681396484
208370247526297,56.307504479799,9.1351912802156,55.262385296597124,10.4745702368317,DK,jpeg,1,143.23654868470294,0.28685805201530457,0.17029115557670593,3.6286826133728027
1163829564042676,17.629236812387,-63.23181172096,-20.16768364200967,57.48846164941024,BQ,jpeg,1,13805.308509223367,0.23613502085208893,0.07504409551620483,4.277832508087158
1180300995725561,32.355451166141,15.079114167989,-8.891521320475244,13.26203046588808,LY,jpeg,1,4590.508006133123,0.19957184791564941,0.042405664920806885,2.9974400997161865
1162905660800863,17.15804609038,-62.622664100026,17.174562951464203,-62.50168407237974,KN,jpeg,1,12.983643588917424,0.43970003724098206,0.07748538255691528,1.2117234468460083
780194756204466,31.983423754021,34.895586904175,24.818242983091448,120.97107244783297,IL,jpeg,1,8232.535067477505,0.20576252043247223,0.1129184439778328,3.883665084838867
789897778580281,54.185632103826,28.47319812173,55.66653327865324,37.88368881945829,BY,jpeg,1,622.88396917159,0.2220449149608612,0.08576761186122894,3.748500108718872
769108033797400,-13.06839043317,-76.274611371143,-17.02950196728804,-67.31198920507882,PE,jpeg,1,1058.1468939256838,0.15604983270168304,0.02091801166534424,4.4682698249816895
5011086665646025,13.613395452952757,-16.429313461515747,12.449479473422793,-1.9933103032949782,GM,jpeg,1,1568.9746449625927,0.3518298268318176,0.25592079758644104,2.735741138458252
3772032009586752,-4.0767885530923,29.088814837055,-17.816731188301677,35.88878861572516,BI,jpeg,1,1697.7480079133557,0.15064048767089844,0.0009934455156326294,4.09171724319458
971793776898906,-34.758013649475,-55.95646902546,-34.2117467354069,-55.76000015920551,UY,jpeg,1,63.35506701800715,0.2814781069755554,0.17367038130760193,3.234477996826172
745163459490620,31.824187546378,35.267560408259,31.575596281121932,35.25332803028663,PS,jpeg,1,27.674861736137064,0.16411936283111572,0.06764665991067886,4.0930376052856445
531383694528931,37.605095136322,48.695122536588,36.465784894791696,51.17821377712696,IR,jpeg,1,254.20660587689923,0.4070984423160553,0.16700883209705353,1.8567355871200562
355157592673467,1.0703328887576,103.96283377749,1.079144089894954,104.03221930224066,SG,jpeg,1,7.775932502897608,0.7056547403335571,0.5879770517349243,1.6143486499786377
303575617923017,-9.4382405064784,147.20811425115,4.908186744600529,-52.46609002110342,PG,jpeg,1,17787.59723411077,0.5647952556610107,0.46076932549476624,2.0414533615112305
1038259080102537,-26.782850103384,31.938656241877,40.520904436165544,45.900458050490556,SZ,jpeg,1,7621.673780484083,0.7449385523796082,0.680267333984375,1.5636441707611084
459158871851075,10.792404464252,-12.298637806325,16.375813140786313,73.84302682133138,GN,jpeg,1,9265.486357871996,0.6897050142288208,0.5461599826812744,1.5035303831100464
288005262963881,-21.597843332119,23.667795003616,-17.648782742282297,18.777794971597817,BW,jpeg,1,674.5161035483118,0.7503944635391235,0.7298624515533447,1.9764935970306396
311438013831843,16.840623273889,121.74439328693,14.09587757195096,-60.978414803707885,PH,jpeg,1,16562.139120625226,0.31954243779182434,0.2517080008983612,3.560607433319092
457187265449390,18.32580535956599,-64.95398969507924,37.76464219646929,-25.636454042387097,VI,jpeg,1,4377.07590451275,0.26010680198669434,0.10308973491191864,3.2612316608428955
327825698973041,39.559288635696525,72.9109157130074,-17.179549894254844,-66.24848885956199,KG,jpeg,1,15365.932879012946,0.4123989939689636,0.13238447904586792,1.4879471063613892
1376712112713014,5.1198336159589,-52.65735432583,5.070699817154826,-52.737929173605394,GF,jpeg,1,10.463689163970006,0.43328189849853516,0.3574085235595703,3.236860752105713
524817781855332,-14.010419075563,-171.76031777505,-11.630811273028968,-172.11072926329436,WS,jpeg,1,267.31353082272096,0.8661537170410156,0.8205353021621704,0.8405457735061646
858561451393926,36.701828275673,67.096598041303,30.37942322042849,-9.510816694234132,AF,jpeg,1,6944.624826088838,0.4542653262615204,0.2190980315208435,2.444044828414917
177928610855949,6.391780060521,2.6237783121974,6.536108185525588,-1.4292874992052893,BJ,jpeg,1,448.1015053747895,0.17037849128246307,0.016478419303894043,4.038555145263672
747501719832988,-9.89210909998267,38.8967731000014,12.312825740358953,-5.8184128270923505,TZ,jpeg,1,5522.033122707221,0.3865928649902344,0.037214070558547974,1.8039212226867676
488569252193683,12.539996192436,-81.714972968868,14.899127689683032,120.92019553573564,CO,jpeg,1,16075.62673641963,0.5586549639701843,0.4707685112953186,1.9491465091705322
762294004482937,20.222569995853,-76.036013281341,44.392605071102665,-79.19642340408859,CU,jpeg,1,2703.409465209621,0.6464599967002869,0.5756158828735352,2.0935986042022705
526448611961086,7.924136171510359,-11.169831512240096,7.901713931978551,-11.174735940255324,SL,jpeg,1,2.5510800601832795,0.6088858246803284,0.4227987825870514,1.5491716861724854
1359226914447321,10.466207945458,-85.77513112055,10.39651027466556,-85.59493371279694,CR,jpeg,1,21.175089226982593,0.7832775712013245,0.7044039368629456,0.9267011284828186
478165190183611,12.430745089839997,-15.317974157219002,12.394080046771684,-13.894408331546197,GW,jpeg,1,154.6468713701115,0.3920331299304962,0.15212693810462952,2.231280565261841
336533984561274,18.419385888373,-72.877030607553,18.48202459893901,-72.46321319064721,HT,jpeg,1,44.20129439650859,0.9989417195320129,0.9980303645133972,0.009270629845559597
292195892390772,-13.068772639841,-76.278890129748,-17.019795395137347,-67.3420138657316,PE,jpeg,1,1055.187548735547,0.1451837569475174,0.04215526580810547,3.9906654357910156
786215532287048,19.827903639239,94.949804250429,20.034604694651417,94.84158285273267,MM,jpeg,1,25.617383538635327,0.4584537148475647,0.22432927787303925,1.7938191890716553
4028024750648073,-1.455427434928822,29.883620710338125,-1.3880246858331433,29.771680493097474,RW,jpeg,1,14.526172389182278,0.5640445947647095,0.23436656594276428,1.1129014492034912
481816143100801,26.018200502837,50.622605427635,26.034169740370388,50.61362649837149,BH,jpeg,1,1.989475071752192,0.4502928555011749,0.20617416501045227,1.5252100229263306
304881227850189,22.470625099054,114.10853488259,22.37746942070226,114.19508374418241,HK,jpeg,1,13.654224151122259,0.5289649367332458,0.1638762652873993,1.2287476062774658
126797393065714,49.84047838484732,15.803297909812008,49.273332425687585,22.644919853377218,CZ,jpeg,1,497.32955237190765,0.2475726455450058,0.09785094857215881,3.26171612739563
1211101869349798,-10.507365795363,105.65356096619,21.2384439180991,-73.0790707862092,CX,jpeg,1,18814.19858139154,0.169500932097435,0.03979821503162384,3.712002754211426
1357493864625552,2.1640539673148,30.64994870704,2.1165870782245673,30.84000491949466,UG,jpeg,1,21.76811747604714,0.7350231409072876,0.6268730163574219,1.2618540525436401
934011534098551,12.028286166295,-61.732840110417,14.595268110193029,-61.02657783825634,GD,jpeg,1,295.487120381599,0.4689698815345764,0.12105599045753479,1.0981897115707397
500159881489089,7.342259838854188,134.46879110851162,29.18363629967516,-81.02321124056397,PW,jpeg,1,14454.61392879122,0.6550723910331726,0.6044326424598694,2.047466516494751
2829740963958043,-2.733735821930212,29.43081567684662,-2.0671424116013717,29.608333180830584,BI,jpeg,1,76.70061314270892,0.5685608983039856,0.37916600704193115,1.2816954851150513
300848138109718,4.2523717777778,-55.444873805556,11.200542328749917,103.87708524122382,SR,jpeg,1,17153.75235485377,0.38013917207717896,0.334520161151886,3.7971839904785156
2960966407518451,59.940574907434,18.785342625587,58.496415332189585,15.15832369672269,SE,jpeg,1,261.448572042169,0.28592246770858765,0.213391974568367,3.398402214050293
220493529416834,14.451610237561,99.415018949546,18.465978056409515,99.78035955298087,TH,jpeg,1,448.073404981698,0.5036309957504272,0.27938389778137207,1.825069546699524
516560806259751,-18.175596732511,178.20009731967,-28.946105510604777,153.25071407891048,FJ,jpeg,1,2802.565998201469,0.5800299644470215,0.2594365179538727,1.3897693157196045
294110862335495,53.181595920049,5.7480942483866,44.32755146042678,24.001058339364914,NL,jpeg,1,1653.4152635758323,0.7531251907348633,0.7074108123779297,1.582524299621582
244296907493001,65.57013399313,-19.349029020965,66.27880562796261,-16.653179581770306,IS,jpeg,1,145.45828490845633,0.7243613004684448,0.5862408876419067,1.0505092144012451
233889245170464,4.8560503387361,31.612436706474,12.289523364097485,76.59105834217266,SS,jpeg,1,5007.450301089325,0.5707525610923767,0.3926132023334503,2.14268159866333
1927622730739430,40.369069324101,18.219159988562,51.90349202362562,-0.20834812193053615,IT,jpeg,1,1903.4191293166737,0.09677772223949432,0.04657872021198273,4.926942348480225
471926114136200,4.5631962676901,114.07349517648,1.4130806627789199,103.83220157644973,BN,jpeg,1,1189.8115200603468,0.6742761135101318,0.5434140563011169,1.5454423427581787
1192683651176123,9.0895860909637,-79.618866004971,-33.139138792718526,151.43701889340164,PA,jpeg,1,14155.82484760796,0.9586014151573181,0.9475529193878174,0.35903340578079224
1413530045696031,-15.969463833371,168.26130683879,-4.083168094200774,-73.5716835584598,VU,jpeg,1,12861.189812259265,0.5083881616592407,0.30200842022895813,2.000929594039917
299499428465574,22.36370144725,113.94841256522,22.25920184114521,113.85069931236511,HK,jpeg,1,15.364199080597597,0.5666933655738831,0.241012305021286,1.1178032159805298
189606749553432,56.525393057968,10.08101978509,56.31251169214947,10.442776567555546,DK,jpeg,1,32.48632034016411,0.20112252235412598,0.10991085320711136,3.6485660076141357
1108722216274003,1.3887705484241,173.14385660736,-8.848912680887649,159.1880070145081,KI,jpeg,1,1920.2436967734957,0.8842993974685669,0.8621320128440857,0.8531633019447327
240591061153313,9.7075559946148,100.00619099387,19.900938470633054,99.83781583087347,TH,jpeg,1,1133.5964799886826,0.4878201484680176,0.3036954998970032,1.914787769317627
794974811139135,32.804114385981,13.043328230439,-17.357893168653273,-66.19503094093709,LY,jpeg,1,10082.926222809278,0.3176191747188568,0.07173790037631989,3.2304508686065674
1107588656407422,-46.062736055573,169.00760704864,-43.327649963930845,172.5402413983949,NZ,jpeg,1,412.7883618162,0.4429175555706024,0.29350733757019043,1.9361330270767212
1279096795825768,54.406755367854,-8.4796165911836,54.286477938849615,-8.536918611080866,IE,jpeg,1,13.880330302026756,0.7050094604492188,0.4515945017337799,0.7728021144866943
193108499326081,-6.7004249966118,39.206861112601,-17.524444912597925,-65.9363578657019,TZ,jpeg,1,11370.307953403444,0.330797016620636,0.12111996114253998,2.3828747272491455
291897862594169,27.521924666676,89.820270487386,18.369333205410467,-73.33248035160071,BT,jpeg,1,14599.02863908044,0.7526338696479797,0.7058602571487427,1.4609663486480713
123070833137806,5.8145917994639,-55.143095980408,5.85979479914249,-55.1739759013447,SR,jpeg,1,6.077204651908674,0.9585378170013428,0.9179037809371948,0.17741620540618896
5396405327097940,69.21259125489,-51.103395948712,66.84907275291934,14.099030846821893,GL,jpeg,1,2595.7816808800994,0.7511914968490601,0.58977210521698,0.9191514849662781
957601181668431,-51.706042723598,-57.906993308318,37.513390598095775,24.332189071478027,FK,jpeg,1,12709.821998744832,0.12295279651880264,0.06040186434984207,4.573909282684326
604130717650197,-1.9959688798483,30.050157126173,-1.9841348968667811,29.900253946551963,RW,jpeg,1,16.710310806465486,0.4493950307369232,0.11967551708221436,1.2467201948165894
1941512039367524,30.98571832847058,-7.229221956634584,-17.037119931656093,-67.3873923022848,MA,jpeg,1,8351.374014156789,0.43547898530960083,0.3151593804359436,2.8571784496307373
196243366278308,13.167682777777776,-59.53696416666668,13.201315530624981,-59.65228988058334,BB,jpeg,1,13.03366904751538,0.9999905824661255,0.9999872446060181,0.00015008385526016355
215411967015224,-16.468819194731,-71.941378039278,-31.481793315333018,-68.79858087027493,PE,jpeg,1,1699.35523646122,0.49811387062072754,0.3025844097137451,2.2896780967712402
1450360272005106,15.921467840879,-16.279407687736,40.16916531051112,-86.20659462468282,SN,jpeg,1,7181.657393141089,0.8194221258163452,0.7649509906768799,1.1443984508514404
756714068376834,4.8155110248734,114.77642618053,4.894904218014004,114.92695555540008,BN,jpeg,1,18.87042040987389,0.6150636672973633,0.5230567455291748,2.0825116634368896
2918063678449936,8.0011665869234,38.705149393002,8.297459607866008,38.96961826198538,ET,jpeg,1,43.96458452933981,0.9672927856445312,0.9616909027099609,0.29789504408836365
1001295333882125,40.63113853803493,-6.0362211199295865,38.91642983552284,-1.9213011401246534,ES,jpeg,1,399.9679571902219,0.2503555715084076,0.10271352529525757,3.1344451904296875
808035410091724,16.206487661547,77.345926501434,7.385187911336063,3.8543197500354056,IN,jpeg,1,8023.050780825904,0.6310819983482361,0.5745412707328796,1.9135839939117432
268897404930235,57.163975404144,-3.6875044027183,57.9566832896251,15.982215966629806,GB,jpeg,1,1172.350738000277,0.34346312284469604,0.22964802384376526,3.0704331398010254
1125401674596218,39.823992064377,42.428897726042,39.7859083458819,41.0771599658356,TR,jpeg,1,115.54612542353858,0.9532694220542908,0.9137336015701294,0.21750999987125397
526674661844363,36.219109563696,44.414746657631,36.71467770485784,-4.785999885485204,IQ,jpeg,1,4350.043387618254,0.38385602831840515,0.2936753034591675,2.9962215423583984
964858007616084,4.2630124849459,73.563178328896,10.123063520607872,-75.82506632411639,MV,jpeg,1,16266.395406060346,0.4066964089870453,0.004607796669006348,2.0617380142211914
5490667957675480,5.2624334865771205,163.0047322024813,-9.37146473743777,159.27877356383516,FM,jpeg,1,1678.7861651720352,0.7696195840835571,0.5625474452972412,0.6621812582015991
573195574072375,-15.671003834964,-48.191441316741,-15.823433225794474,-47.89900718018127,BR,jpeg,1,35.59168840067241,0.8021891117095947,0.7273765802383423,0.9069031476974487
892381884955306,58.981961021242,24.221882703215,56.8727844826655,30.780528881345457,EE,jpeg,1,452.43893062944716,0.8312926292419434,0.8051925897598267,1.0947668552398682
5416581451690167,8.876751843202419,-64.23554389395768,-7.413536495108506,-35.44476980744906,VE,jpeg,1,3668.6360162507094,0.3959309756755829,0.19248437881469727,2.655210494995117
482078066336394,-18.636202891772,-174.01936863548,-2.3798405092430457,29.49948994881895,TO,jpeg,1,16539.269656811284,0.2195141762495041,0.10104433447122574,3.7110109329223633
329210971927794,5.843070862629,-55.089876855582,63.10183243215126,15.978979765489843,SR,jpeg,1,8484.406924290968,0.08397112786769867,0.006351403892040253,4.585744380950928
251937010050891,47.507459505795,21.685088460781,12.178855261903937,-86.6539501005201,HU,jpeg,1,10340.235486243855,0.26174890995025635,0.03195226192474365,3.24336576461792
469124120816531,33.256755487161,126.61974805537,-29.79390995669311,30.890468837085294,KR,jpeg,1,12251.18192780559,0.3345676064491272,0.14834949374198914,2.70801043510437
6544008378958782,42.576053933645,12.422579613177,41.41533856397297,13.971054523554248,IT,jpeg,1,181.7434353423151,0.4207797944545746,0.13932713866233826,2.4641687870025635
468826351040628,-32.904700967934,-52.731761718702,-32.54289619827086,-52.75122376262261,UY,jpeg,1,40.27202851527931,0.732197642326355,0.6795864701271057,1.6759902238845825
458089889154332,49.9716081757907,38.98921274981689,50.050929510320856,39.127789143536766,UA,jpeg,1,13.260914628948543,0.9947547912597656,0.9929803013801575,0.04515847936272621
913455289198852,10.638477230341,-61.313394324688,13.192221287813691,-59.67264636509313,TT,jpeg,1,335.4036697311093,0.6707227230072021,0.5087792277336121,1.6899627447128296
391651555234292,4.7891910927864,103.42511490766,2.86153574144224,101.85722185203586,MY,jpeg,1,276.045014090819,0.9792129397392273,0.9614158272743225,0.11841908097267151
169873605037737,10.045722702666,-83.299560625022,10.132592261967908,-83.6545431579388,CR,jpeg,1,40.04434600193364,0.5247998833656311,0.3785592317581177,1.8729631900787354
1032233080991900,39.140834029054616,20.961949886464165,34.67784753274986,32.9758125049292,GR,jpeg,1,1176.5031619604515,0.6411717534065247,0.597345232963562,1.9407941102981567
375451844456388,-26.804552190115,31.961012436385,-17.553293552756124,-65.96323967320438,SZ,jpeg,1,9888.512971888462,0.3298356831073761,0.1635681837797165,2.669157028198242
855805948342180,44.525909974035,15.903249699487,54.97005316175503,37.676283230023564,BA,jpeg,1,1934.840181261438,0.5546205639839172,0.4974023401737213,2.572627544403076
139526285635637,13.217826050214152,2.929162678521952,31.602733683260755,-84.20079110843416,NE,jpeg,1,8975.15777276838,0.13763263821601868,0.01445845514535904,4.173749923706055
5442759149130487,67.890019179633,20.308537274689,67.55146746018039,21.17779305915854,SE,jpeg,1,52.53473461585742,0.8346220850944519,0.6941174268722534,0.6022555828094482
3921179927973144,54.246330015747,-4.5628069974706,54.27813843111598,-4.733580207506955,IM,jpeg,1,11.641398763221037,0.49390292167663574,0.1975681185722351,1.5244710445404053
469492320924211,38.276346407666,57.98363402764,41.20393991663507,69.12460075277058,TM,jpeg,1,1005.7963371452629,0.11301656067371368,0.005761668086051941,4.2054314613342285
310307137129739,48.189212227502,-106.60069617067,38.64824181686878,-99.9025131962054,US,jpeg,1,1189.763961119418,0.30268919467926025,0.19151432812213898,3.718721866607666
383397352939199,39.95006776682,140.12870703204,39.95529568749692,140.050398606428,JP,jpeg,1,6.700217157892173,0.7460787296295166,0.6027806401252747,1.1729977130889893
1688335251353973,-14.865382426326,35.3053829175,11.5154324828693,-86.09682684555914,MW,jpeg,1,13677.30377473264,0.5803388953208923,0.536595344543457,2.728471517562866
368819684557497,9.8821178559993,-84.703514000306,9.867780608511767,-84.20838231942939,CR,jpeg,1,54.26385999369353,0.45738717913627625,0.1887248456478119,1.752792477607727
3142165536067308,8.892556698116664,-64.244099923535,35.920033575113045,-95.08529395461247,VE,jpeg,1,4331.5226113252165,0.35869744420051575,0.06907233595848083,2.7443182468414307
916461445802958,18.351592546824,-73.166686920189,-9.18349605828174,125.56571720619866,HT,jpeg,1,17752.390018220663,0.26680299639701843,0.09079839289188385,3.6592841148376465
1438450646526614,11.602056871897,43.143067800469,13.047958477824448,80.25579065944568,DJ,jpeg,1,4031.374681081536,0.27161508798599243,0.20326972007751465,4.327945232391357
171644361525352,3.2965683888889,-59.645080555556,63.24140267139732,18.569325331424473,GY,jpeg,1,9092.365395431203,0.5382660031318665,0.5068498253822327,3.295682430267334
3643623472415985,13.248359768362,-61.267804498546,18.573141619326957,98.70049146573706,VC,jpeg,1,15850.740854039834,0.17957890033721924,0.10382847487926483,4.145527362823486
974847123463445,45.48089676461988,141.9141645369168,45.417836923561616,142.01629715082294,JP,jpeg,1,10.613303439036526,0.6831989884376526,0.65120929479599,2.174696207046509
219450919950414,4.2765353097168,73.575427012288,31.1491796672788,130.82487655459536,MV,jpeg,1,6669.714127353048,0.1487533152103424,0.08261916786432266,4.858778476715088
197777158852668,18.542511750027,-72.425551013845,27.701527487543927,85.34403363862417,HT,jpeg,1,14343.109992700784,0.47597774863243103,0.1282467544078827,1.5851953029632568
1673203299531642,49.085005765367,-1.4823203864636,49.322910987683755,-1.5570277476059227,FR,jpeg,1,27.00490352171931,0.9163792729377747,0.9056645035743713,0.6816156506538391
1605231949662620,31.431741304615,7.0759601080198,33.867239726752516,-83.58011837984205,DZ,jpeg,1,8182.932301357195,0.07621000707149506,0.009047076106071472,5.089568614959717
451593852608237,49.039623298927,17.575489860882,51.36455502543183,10.36862655126832,CZ,jpeg,1,574.0588075915747,0.0900057852268219,0.020404808223247528,4.646190166473389
304641044593781,8.0755534487471,-80.948273440388,9.89779604959736,-84.16306590975955,PA,jpeg,1,407.0753453495509,0.3739563822746277,0.28021401166915894,3.149909019470215
537192110996228,33.673060807593,8.992445655067,-37.85444516749832,146.5981721631501,TN,jpeg,1,16194.603095013454,0.14108818769454956,0.01796737313270569,4.385732650756836
2874567659528784,10.624021568983,103.55740436843,11.275190506840644,104.07840046272409,KH,jpeg,1,92.07460040680935,0.5757003426551819,0.4497033357620239,2.15401029586792
306873294180376,36.543159906681,-95.385746192161,38.24733248678698,-91.13512356142894,US,jpeg,1,420.54463157099156,0.27133506536483765,0.15437814593315125,3.9332947731018066
474237406957052,38.032230216342,71.296052545699,37.34522389944887,71.99865395741065,TJ,jpeg,1,98.27399267889425,0.9322307109832764,0.9060455560684204,0.47249990701675415
893270331236297,35.542457911478,34.345047266311,35.48603141305525,34.37100004284713,CY,jpeg,1,6.69962790485389,0.2752659022808075,0.06640592217445374,3.273568868637085
394355595015312,-10.420322783141,105.70164382136,-33.83960811382022,22.88738253055643,CX,jpeg,1,8705.809563491845,0.5152195692062378,0.41686829924583435,2.3543660640716553
1720688194781084,-2.0414077903770145,29.44965968721136,-2.085928552545055,29.520088836665455,RW,jpeg,1,9.260562250361728,0.4767896234989166,0.13444414734840393,1.2633072137832642
1072181156643275,18.07465399978,-91.640772999734,31.88516667010056,-85.51060049374796,MX,jpeg,1,1654.3576087503557,0.1803830862045288,0.05235736072063446,4.211562156677246
4167670343253112,38.101113171443,70.434664027996,38.32390833732523,70.99182262036017,AF,jpeg,1,54.619289534604526,0.6997503042221069,0.5483814477920532,1.0245074033737183
174020494657037,17.630108574846,-63.232604239636,16.009722548926668,-61.719681077409106,BQ,jpeg,1,241.64738074973644,0.8326166868209839,0.7578392028808594,0.7648298144340515
841778303361650,4.4129500800509,-7.3568081852969,15.807692224314971,73.7416504925454,CI,jpeg,1,8923.040441675652,0.4974602162837982,0.22481784224510193,1.646379828453064
6128179790541161,55.439905979985,25.277989368239,53.80982594784191,30.310096566372106,LT,jpeg,1,371.0718543566203,0.44352734088897705,0.28182661533355713,2.3313026428222656
860733724520470,42.906057348904,19.550997884227,42.821373658042354,22.157129236121023,ME,jpeg,1,212.60753724219597,0.7298212647438049,0.6938465237617493,1.6557557582855225
864697561114910,-29.077441505083,27.74348424067,40.411673590740314,47.05698473861822,LS,jpeg,1,7979.762080612631,0.7155796885490417,0.6313728094100952,1.4567655324935913
470728414179183,-4.4035085235997,28.875651684315,35.70470871673766,-95.18106815216595,BI,jpeg,1,13330.288121352934,0.39912134408950806,0.29727721214294434,3.3202972412109375
572376240384590,38.710627031317,20.595182002582,38.653970334931856,20.708305810197785,GR,jpeg,1,11.666527775882988,0.9888584613800049,0.9860662817955017,0.0951632633805275
121312253609017,-2.475605,101.08095666666668,-6.299143591854126,106.17913297933207,ID,jpeg,1,707.1934661291268,0.28197014331817627,0.18688926100730896,3.350454807281494
1443161219370901,-20.998296188116,55.608257838223,14.61651993999833,-60.979028277199774,RE,jpeg,1,13304.78093989408,0.9628573656082153,0.9480994939804077,0.2750524878501892
935114343986233,14.756132710056,106.17208788727,14.726297169853037,106.36088687982625,LA,jpeg,1,20.571757820445935,0.6838058829307556,0.5459213256835938,1.631925106048584
528816851860286,13.929456140067,-90.641111213437,15.570662737779529,-61.4213362030211,GT,jpeg,1,3144.926256161639,0.5035580396652222,0.3890576958656311,2.1045193672180176
949677732469296,-3.949905939326,29.108488727431,-3.0297582786027673,29.233456464356266,BI,jpeg,1,103.2515667475283,0.8896830677986145,0.8655732870101929,0.730475664138794
535238961691986,-9.012128600000004,125.26142969997224,-6.5987259730743695,-79.02746928764806,TL,jpeg,1,16812.141260781293,0.5936431884765625,0.5324373245239258,2.345679759979248
785746405666869,-15.233412447604,27.672681901373,29.93615664064918,-97.1574002299126,ZM,jpeg,1,14176.661825219155,0.22429457306861877,0.09862254559993744,3.7042107582092285
3016818381880651,49.809878371642,-121.45256952608,47.756555018664294,-121.59801286400236,CA,jpeg,1,228.56755165910778,0.2455763965845108,0.11996449530124664,2.870542526245117
381383576502282,45.377597713432,18.296766050051,46.49855067217757,28.8097657937733,HR,jpeg,1,821.8216785221701,0.20141908526420593,0.009071826934814453,3.7718522548675537
610064709949694,39.354018070055,3.189777650907,40.23299117808526,0.06609707840097562,ES,jpeg,1,284.1924828144227,0.38178256154060364,0.2860651910305023,2.503683567047119
172787811514759,35.229088448061,33.767549827448,34.67789250506384,32.95976090199614,CY,jpeg,1,95.79256157092253,0.8883199691772461,0.8444818258285522,0.6824478507041931
782110492675930,20.011066718061,-75.671652777958,53.44051545411832,-7.563231714115467,CU,jpeg,1,6792.0420249439385,0.20227621495723724,0.07861709594726562,3.458052158355713
400250872119328,11.85196334791822,13.142710363889922,23.138838285382775,72.44599622242232,NG,jpeg,1,6372.324552593162,0.819549560546875,0.7561602592468262,1.0355998277664185
892609551301442,-6.2907747954542,176.31557778615,23.089573948225205,89.66340377350542,TV,jpeg,1,9941.130108773836,0.6058042049407959,0.5252686738967896,2.0388832092285156
202638525024688,49.252128640765,-2.2302663941837,43.876927414515066,3.4234304757466916,JE,jpeg,1,737.1467785121376,0.32670122385025024,0.18983706831932068,3.3873157501220703
482179499657429,35.35863654069,-87.442281622797,40.23190769995797,-76.66325026130836,US,jpeg,1,1090.0273818032406,0.864858090877533,0.8449193239212036,0.9078100919723511
166409505310564,-9.7930504284381,33.876999664849,35.933847174444324,-95.29505236169337,MW,jpeg,1,14137.684030349077,0.057724375277757645,0.0010355636477470398,5.166411399841309
839128376686201,-21.379486131927,55.652855746499,51.311936660073584,0.7904541878271293,RE,jpeg,1,9685.956658437904,0.27872905135154724,0.09524646401405334,2.4285941123962402
173546557995177,6.6979922509375,-57.920196653076,6.7730999496798905,-58.07415891499368,GY,jpeg,1,18.942165382092465,0.6951053142547607,0.5332773923873901,1.0011446475982666
778732033031387,49.481310552598,-2.580607408903,50.60583204662754,-1.2489758116469774,GG,jpeg,1,157.08576142091542,0.2971828281879425,0.00960502028465271,2.7321112155914307
1459021641097176,19.327056989127,-81.381676002568,26.733236997751508,-78.2735784638878,KY,jpeg,1,882.6901275203111,0.3057803809642792,0.11628910899162292,2.590804100036621
968337867447613,25.014773599486723,55.87302113372367,24.83652171253946,54.979461275768664,AE,jpeg,1,92.25859928921987,0.27423009276390076,0.08877544105052948,2.9951229095458984
516599479378641,56.372189487703,27.438134814115,56.50787359417458,26.963258469679147,LV,jpeg,1,32.85887677282454,0.6672365069389343,0.4507943391799927,1.2661454677581787
826574104989977,0.4096083408951371,9.468790964341348,32.800446443839554,-97.37459564329744,GA,jpeg,1,11549.553655042839,0.3578742742538452,0.16779111325740814,2.8747475147247314
298265468509297,-10.44607449126,105.70171289589,14.114006708255618,-60.916925577578596,CX,jpeg,1,18505.48602369264,0.9843971133232117,0.9692832231521606,0.08421017229557037
135182671936165,24.97002129251,55.490379135321,24.216108058854136,55.663692338812744,AE,jpeg,1,85.64316784037261,0.3189198672771454,0.13611724972724915,2.5567264556884766
369953761725438,-20.697927254597545,164.42307519257272,-21.291974774625142,55.45411259058836,NC,jpeg,1,10998.906884173972,0.24617768824100494,0.07644164562225342,3.661064386367798
150605930403453,1.5703799596146,10.84323380127,-16.604376556505695,-48.44873459342864,GQ,jpeg,1,6808.034131677057,0.685454249382019,0.6533969044685364,2.073962450027466
942025196552576,18.04711135987549,-15.94458243190681,17.54518916649478,-15.699157625803918,MR,jpeg,1,61.56347378063227,0.44888386130332947,0.1070215106010437,2.101780891418457
4245112742269900,-15.204236527253409,13.710121098211696,42.517692828773306,28.00943894293468,AO,jpeg,1,6583.111487252257,0.3597877323627472,0.258792906999588,3.82055401802063
800629050558884,1.5780520325706,10.841365858236,3.9174352400089814,9.933157097253392,GQ,jpeg,1,278.9983789923635,0.7760311961174011,0.7070251107215881,1.3442480564117432
329089375465231,-4.7898646188584,11.8559793524,12.870898950472615,77.52733005614382,CG,jpeg,1,7513.01620761102,0.05702846497297287,0.009713850915431976,5.368801116943359
2991410527805673,-4.1374600287328,29.078493212922,30.600376788608955,-83.23321472569707,BI,jpeg,1,12371.89281147515,0.08940260112285614,0.0107465460896492,4.915008544921875
798429247478749,46.183809459674,20.174482609731,52.102615477282505,20.89254364397572,HU,jpeg,1,660.2013673092985,0.24241331219673157,0.0324825793504715,2.744333267211914
2371116466357575,16.796385002204,107.11609099971,17.35032183662443,106.64692115819248,VN,jpeg,1,79.25244037389979,0.33370479941368103,0.16982358694076538,2.697007179260254
468504837703680,49.210225417814,-2.0260057718567,52.14370922144313,-2.299139357625946,JE,jpeg,1,326.75512196888394,0.5439987182617188,0.4625343978404999,2.5179786682128906
544837470219031,25.294971915181225,67.28170930758036,25.08780788909921,67.36465297211566,PK,jpeg,1,24.500805548358013,0.9725208282470703,0.9655401706695557,0.24621157348155975
962376597848366,-7.8679271311768,35.785662187966,-6.786793277398135,39.080307380196984,TZ,jpeg,1,382.7205080968273,0.08493610471487045,0.012336969375610352,4.894340515136719
284560226710077,22.245356411415,113.94634816993,22.394632242302862,114.18811965771508,HK,jpeg,1,29.900026100942092,0.7581037282943726,0.6229865550994873,1.0049400329589844
366104118882534,-12.947203981722575,45.1622949013442,43.5249500168991,141.55781558507687,YT,jpeg,1,11505.837951768925,0.5878319144248962,0.3960040211677551,1.8228594064712524
302738837907407,13.971297523146,-60.953783885869,14.012868117723242,-60.96225249997013,LC,jpeg,1,4.711882959840183,0.9057139754295349,0.8313735723495483,0.4302331507205963
212663677118887,61.377613835646,-149.52560052518,32.534586637067925,-84.91623293344007,US,jpeg,1,5539.192596863133,0.4059179723262787,0.3344249427318573,3.142073392868042
298675135079993,35.02573827135,0.1062064724418,35.54688075283998,0.060668590499486016,DZ,jpeg,1,58.095617358181435,0.5834313035011292,0.24384117126464844,0.9980587363243103
200766568352215,12.2259298372,-69.032711700173,33.05643340170492,-16.34569166574856,CW,jpeg,1,5811.3684900045355,0.6816560626029968,0.5395104885101318,1.2789957523345947
522150762114358,-51.767857219423,-59.20385240723,64.29635742494736,-20.655107094691136,FK,jpeg,1,13327.728980496637,0.327029824256897,0.09302355349063873,2.614553213119507
907645580029480,-10.531873592618,105.64908608946,37.62232624354908,-8.994920332968537,CX,jpeg,1,12883.834853368595,0.38454946875572205,0.33215975761413574,3.9375967979431152
461637908454191,8.5770592738416,-9.8384949656858,8.870733853597656,-12.077498784940534,LR,jpeg,1,248.24204947225934,0.29451635479927063,0.062181293964385986,2.271237850189209
737762176916399,-28.523157809827,26.988610572901,-28.915994740621624,26.443057215108617,ZA,jpeg,1,68.83532296879207,0.7521558403968811,0.6960975527763367,1.2568598985671997
974044566464626,-8.9232594155592,125.57214462009,-2.005060362663058,29.77577012464826,TL,jpeg,1,10609.113462351484,0.4618421494960785,0.2959734797477722,2.2005021572113037
207733560892728,62.969803716081,25.819453012454,62.22166700325765,25.38389921602656,FI,jpeg,1,86.1233157487277,0.9508909583091736,0.938205897808075,0.3092861771583557
935214247230705,38.662861546978,21.897000127107,38.58822999998796,21.855722303623505,GR,jpeg,1,9.04022242446769,0.9624669551849365,0.9527633190155029,0.2896069288253784
308609804241585,45.352253598167,18.741494665616,45.45622979181719,18.730402260788853,HR,jpeg,1,11.594011613771125,0.44297486543655396,0.24738992750644684,2.4650344848632812
812815579353857,19.970422258885,95.026704859366,35.93224716227451,-95.05612515305958,MM,jpeg,1,13708.993917850641,0.4485788643360138,0.327988862991333,2.9823083877563477
955193138582276,42.352822713826,18.93350046301,44.00343110445621,17.460458624701733,ME,jpeg,1,218.97394152560244,0.32224327325820923,0.1815815567970276,3.0450944900512695
314068633495505,18.384993994121,-64.663491419319,37.80991333593696,23.92719622310176,VG,jpeg,1,8647.909917809178,0.3248182237148285,0.07133102416992188,2.628998041152954
153100520088504,8.6445550800531,-10.895087890593,10.139830347095371,-13.100899520177933,SL,jpeg,1,293.59605675615677,0.826213538646698,0.758654773235321,0.7448805570602417
899516343957294,31.154817998866,35.36251239366,30.88369522196343,35.14926943286141,IL,jpeg,1,36.35653112477601,0.7860184907913208,0.6340922713279724,0.885027289390564
362016302748290,-10.182357974219284,26.92114281109953,1.8562894276569215,32.644412149667055,CD,jpeg,1,1480.9819416648618,0.5894375443458557,0.5432085394859314,2.5861799716949463
784285982279583,12.468243816564,105.11776238356,17.241304235604634,99.52311021382928,KH,jpeg,1,801.861174288547,0.4759173095226288,0.36115241050720215,2.7059500217437744
741076933253733,55.559361968752,24.218044357931,56.72603823735604,24.330705681723014,LT,jpeg,1,129.91603889566437,0.5998820066452026,0.4964700937271118,1.9533727169036865
588238156406124,13.540014603247103,6.862262541663696,33.88306437594799,-83.66542075625087,NE,jpeg,1,9221.335891494362,0.4336718022823334,0.20986028015613556,2.75500226020813
704583704721230,13.358425346344903,2.9695516051747206,12.796530393165943,-2.3329540035583007,NE,jpeg,1,577.6956076550945,0.696580708026886,0.43128302693367004,0.8467676043510437
743913432954382,12.506491685569,-70.011189878756,-32.044386987300854,115.7996086921848,AW,jpeg,1,17762.9672585761,0.6068829298019409,0.35817021131515503,1.47507643699646
837216263894683,59.234310100905,25.661811016329,45.897794467855505,4.259946639404161,EE,jpeg,1,2053.8808974332874,0.2605244219303131,0.04069037735462189,3.690079689025879
4165344470189392,22.250944346283,113.98372956798,22.382576981806046,114.203063940562,HK,jpeg,1,26.893990283332855,0.6248105764389038,0.28904637694358826,0.8347077369689941
123034153486017,8.896413266511479,-64.21983107316368,5.2303995639746255,-0.8053588155725768,VE,jpeg,1,7002.308563067545,0.19323335587978363,0.14718137681484222,4.669454574584961
495142175172477,52.064618461934,27.758129879211,52.150474283649345,26.31559113254183,BY,jpeg,1,98.97632549636361,0.6312581896781921,0.566569447517395,2.0141162872314453
278818637266368,21.668020820761,39.5871724527,23.47485111808481,37.64031142402564,SA,jpeg,1,283.40603889498726,0.9982497096061707,0.9979789853096008,0.020136533305048943
311313370600056,34.298302972773,35.843733635285,33.32762515250568,35.30775781269954,LB,jpeg,1,118.75044770560864,0.9436826109886169,0.8876563310623169,0.21911194920539856
546356603055282,16.319144026137,-61.319536174119,43.541942466219744,10.980402456686365,GP,jpeg,1,7350.453006029669,0.17985981702804565,0.09493375569581985,4.700356483459473
455880318809614,13.212934938654,103.97535020814,21.67414023458549,105.70686864136054,KH,jpeg,1,958.5640351015322,0.1789710372686386,0.06349862366914749,3.7991881370544434
561177494854490,65.249274201498,-14.3599477776,64.65281206897288,-20.91285031971198,IS,jpeg,1,315.3984802421307,0.5776901245117188,0.15807479619979858,0.7008197903633118
591338181829945,40.948513592565,47.680340883083,40.48236721320061,46.73240106992488,AZ,jpeg,1,95.23371504124236,0.8097694516181946,0.7780130505561829,1.2375431060791016
478603033472419,10.605368280525,-61.423503253964,10.634745265953901,-61.35774143373006,TT,jpeg,1,7.894635717662713,0.9512309432029724,0.9291804432868958,0.3380521237850189
140993104682356,11.492434620243,14.669528720435,34.36813831190532,-84.24079648221384,CM,jpeg,1,10089.184635471522,0.06351815909147263,0.009196486324071884,5.197442054748535
1365904140461073,16.782552049243,-62.177983430902,16.929230144165693,-61.84832345727385,MS,jpeg,1,38.68762451101405,0.2776557207107544,0.04299551248550415,2.1068055629730225
184854733517675,66.049214556266,-16.60518565352,66.28415934623824,-16.63040975767611,IS,jpeg,1,26.149240386515803,0.9942493438720703,0.9909389019012451,0.043486904352903366
484812855999457,11.316364972572,-60.600609669164,14.122953803033422,-60.887353695946835,TT,jpeg,1,313.62408042612793,0.8002023100852966,0.658780574798584,0.7094627618789673
198374955275087,31.228889368174,35.249839466257,31.12976502979746,35.333627469240724,IL,jpeg,1,13.60235278483543,0.1480541080236435,0.07242652773857117,4.508687973022461
493661578655706,21.902623515855,58.249258213784,22.23803144635694,58.669762745087084,OM,jpeg,1,57.171614929496606,0.62375408411026,0.5570604801177979,2.5494585037231445
1421342044880216,-33.979765814868,-55.677857234372,-34.101630132230596,-55.80670329404235,UY,jpeg,1,18.015670327713096,0.8893864750862122,0.807208240032196,0.48197513818740845
791346968192465,47.64092226916,22.514698705141,47.5135147044758,22.562889815717664,RO,jpeg,1,14.620993347732828,0.7315134406089783,0.6238423585891724,1.2614984512329102
509490393519441,12.00528480685,15.133921129804,-0.08718048425983886,29.861210988067157,CM,jpeg,1,2109.617646955393,0.2412562221288681,0.06559473276138306,3.7785401344299316
365265328257309,-16.455863020951,-152.25124408953,-41.27951151730284,174.75184657261238,PF,jpeg,1,4190.704628702239,0.4536559283733368,0.41322845220565796,3.3809261322021484
373099774078768,15.381551450461,-61.278224581511,18.645805957497824,-74.10903357758068,DM,jpeg,1,1411.2733378992496,0.9193483591079712,0.8668994307518005,0.41422024369239807
3849748481728507,54.429547030142,-8.350480924746,54.48768598042255,-8.454841009451652,IE,jpeg,1,9.343154711995862,0.7348854541778564,0.5113489031791687,0.7771068215370178
486814105900044,24.815009873567,55.581561784151,24.512673157124652,55.75786716745919,AE,jpeg,1,38.04723649875002,0.974469780921936,0.9672496318817139,0.17979201674461365
553493755814632,25.651486854641,55.817622488275,25.246134548895075,55.889402591861206,AE,jpeg,1,45.645683789116525,0.24515044689178467,0.1116008311510086,3.299394130706787
294731518788880,12.182130031336,-68.992602507728,34.7910640185317,32.471348299567225,CW,jpeg,1,10256.97957736186,0.48017388582229614,0.37435200810432434,2.304018497467041
526112418414577,-4.1889057701817,39.593824106105,54.3513347967683,18.740458991558835,KE,jpeg,1,6790.066978835569,0.12276197969913483,0.011117391288280487,4.43581485748291
1143243902846918,3.9423529755317,73.490255336254,65.42460611091508,21.480810096556244,MV,jpeg,1,7946.352427829108,0.3105909824371338,0.15794503688812256,3.5456318855285645
1222724854903474,-15.992638795519348,27.473549745213845,55.156104249240485,61.27422846977787,ZM,jpeg,1,8527.140515518284,0.20923085510730743,0.10777147114276886,4.075606346130371
814962436102418,17.246826160842,-88.964928894179,31.861051256033367,-85.65056334970616,BZ,jpeg,1,1658.940712236421,0.751770555973053,0.6185246706008911,1.194993495941162
2588410498130022,8.6681322733063,15.915175571704,6.074743842308779,-0.05569130363786598,TD,jpeg,1,1784.4049820263958,0.1290377825498581,0.00990702211856842,3.9173336029052734
757152124922572,40.280135692488,20.032560201339,37.7990077075241,-3.4242757413174996,AL,jpeg,1,2038.4990818389886,0.7145774364471436,0.6155074834823608,1.3017688989639282
3729075633885792,52.879324916405,14.84215981606,51.312895517328855,14.60861140874365,PL,jpeg,1,174.907863218913,0.27034562826156616,0.1554735004901886,3.74314546585083
193255762642321,-25.463140138686,31.530813486271,-25.31018041422393,31.291641011382602,SZ,jpeg,1,29.43743859862721,0.6533945202827454,0.5056313276290894,1.5056663751602173
158748456176634,18.003107984756,-76.750140742066,14.629558998874703,-91.68805098664872,JM,jpeg,1,1637.0326276035478,0.18000514805316925,0.015618950128555298,3.8116517066955566
487059602744422,22.483846298693,88.311807710332,9.996483151066425,76.3051380482604,IN,jpeg,1,1887.4324047482162,0.6562329530715942,0.5576536655426025,1.4172308444976807
187972779810965,37.223202382218,126.95228008609,35.38179242737106,129.1352749780971,KR,jpeg,1,283.1659354654515,0.693984866142273,0.42180004715919495,0.7277424335479736
325108962571033,-14.007024453392,-171.59812253095,61.18794730036681,35.48097370099733,WS,jpeg,1,14336.815776079458,0.16591592133045197,0.10468973964452744,4.440435886383057
506599274036580,54.629530708934,-8.6760286174409,50.55550351619378,-4.698762403459454,IE,jpeg,1,526.4902742996638,0.47887441515922546,0.3051225543022156,2.253425121307373
507218187079443,37.843340581126,68.830014881381,39.49087016622928,36.51368063075857,TJ,jpeg,1,2796.6401040758947,0.6975715756416321,0.42600053548812866,0.8167529106140137
153324916692555,5.5180289616018,-6.5822215976398,8.627663642099638,-13.173657902728896,CI,jpeg,1,805.2727042452245,0.6357194781303406,0.46770042181015015,1.893983244895935
771731993706945,41.928551334201536,19.551310678151587,41.954659282569985,19.413285121694432,AL,jpeg,1,11.77939344442286,0.675982654094696,0.511949896812439,1.4653393030166626
486481489451262,49.966660340065,17.026531427218,50.655114098919654,6.690637849566879,CZ,jpeg,1,737.3382276808468,0.18814897537231445,0.04457010328769684,3.4266350269317627
2949034095418835,3.9465097772644,-59.099420704396,-14.600777326437797,29.833217487599477,GY,jpeg,1,10003.504378346708,0.44534531235694885,0.18671032786369324,2.0414857864379883
372845630827843,-27.768029274082,-64.271302066744,43.25379592716124,13.408075781429496,AR,jpeg,1,11171.813839502174,0.2720603346824646,0.0023212730884552,3.0755906105041504
804236390516614,24.360035161271,90.528148543285,24.828159207488195,90.5180048178871,BD,jpeg,1,52.06312167441309,0.9969973564147949,0.9954003095626831,0.02549981325864792
1165449024229030,11.127732358514072,42.37283796780444,42.800532127692044,-72.96200955781984,DJ,jpeg,1,11140.741479542248,0.19178497791290283,0.07421328127384186,4.1292314529418945
465682694540312,47.092368215581565,15.033271683507603,47.27181996887463,15.766229164498414,AT,jpeg,1,58.87802143481002,0.18150636553764343,0.0016675442457199097,3.556715488433838
1414034302297531,5.9652601827551,-10.011148216804,-33.18523893593791,151.46194445910024,LR,jpeg,1,16433.720969992293,0.6991046071052551,0.6463544964790344,2.114363431930542
164124928906484,17.026658655636,-88.957499025099,31.75498443919205,-83.34833635294973,BZ,jpeg,1,1732.587547247005,0.480112761259079,0.35358908772468567,2.7175710201263428
265373079006579,12.19339030343679,-4.128458023871779,12.458920584348453,-3.0562172604200297,BF,jpeg,1,120.16300976080342,0.5296170115470886,0.2511383593082428,1.5322240591049194
211403467484458,-24.160264772744977,47.3486048183456,19.091546121962708,99.01169812262064,MG,jpeg,1,7379.156148894219,0.33135664463043213,0.23928499221801758,3.815483331680298
4252117868180040,-31.701164589216,28.774388216841,-30.95172020568732,29.37678475113097,ZA,jpeg,1,101.086483988007,0.4541219174861908,0.37739136815071106,2.84295654296875
1185546705230006,60.068284515535,20.263657107897,57.90240079232015,16.451729521181104,AX,jpeg,1,325.0149320344327,0.19923771917819977,0.0071482062339782715,2.9481194019317627
307549670912816,47.805455809752,29.008339682994,46.9469363554634,28.81027312839552,MD,jpeg,1,96.62091703081497,0.2421928495168686,0.13095024228096008,2.9163801670074463
1150240562161074,1.3857279016312,173.14547646453,21.26217625272646,-74.3653343041738,KI,jpeg,1,12269.300869504097,0.4174577593803406,0.2543201744556427,2.731924057006836
1926367507521003,-34.006516340223,-62.239283065807,-31.39453623357097,-60.795693918053686,AR,jpeg,1,320.30233059735446,0.7360936999320984,0.648603081703186,1.3981817960739136
174862464516382,18.026136330252,-63.051721834115,13.181820154148886,-59.608070889169284,SX,jpeg,1,652.7414732956439,0.22102178633213043,0.05136801302433014,3.612243890762329
238608201397184,13.394898337011,-15.796480495355,52.13129932135855,26.259965450282206,GM,jpeg,1,5696.016617753745,0.9905062317848206,0.9874624013900757,0.08251356333494186
168171301893400,-21.306913177085,47.234054757271,-2.6604231745264753,29.529199225453226,MG,jpeg,1,2822.9435329417042,0.5777485370635986,0.5164362192153931,2.555803060531616
143601257800230,6.1813662366503,-10.476370028512,5.462348422778831,100.58976173730578,LR,jpeg,1,12254.934439293136,0.8060561418533325,0.7063913345336914,0.9760343432426453
1426576467702919,42.716570546448,19.37002352769,44.65006510750977,10.896525148289204,ME,jpeg,1,714.0924014883294,0.2238493114709854,0.04051594436168671,3.418795585632324
582527629366762,13.909926027264,-60.995742963827,13.921195258332522,-60.95224713676259,LC,jpeg,1,4.8589293549165244,0.4633246660232544,0.09415227174758911,1.718366026878357
789178535042815,10.848339859199,-14.344376628968,10.224715949210372,-14.168704222826511,GN,jpeg,1,71.95397039869077,0.9939579963684082,0.9930483102798462,0.05948096141219139
770818833619667,46.189989851656,27.550790956761,46.22896489506137,27.502496899397286,RO,jpeg,1,5.708960974860659,0.9988614320755005,0.99851393699646,0.011391334235668182
771812706865289,18.810877831997,-72.868700352417,18.658728559430603,-72.14739289482178,HT,jpeg,1,77.8173288475636,0.987478494644165,0.9791853427886963,0.08277639001607895
1979924955729830,0.4210184118848502,9.466164114756396,7.402680210702885,3.927375235522567,GA,jpeg,1,989.8257458705724,0.19009257853031158,0.0066987574100494385,3.242875099182129
1215125515585698,-29.72467996101,27.401763312517,-30.391580896834355,27.61962849939868,LS,jpeg,1,77.06323803830652,0.7106583714485168,0.6062231063842773,1.141183614730835
525797611782911,33.53278970091,10.187082947953,35.38420261706277,9.027040418684269,TN,jpeg,1,231.71311166706616,0.7052202820777893,0.5303972959518433,1.151066541671753
981736889296495,15.18213389856,106.76109629686,18.563463244467933,98.50464960375436,LA,jpeg,1,955.4177144167608,0.2574605643749237,0.1389467418193817,3.369441509246826
290546622610201,0.90650801653382,111.91071699724,18.826551463525885,103.89363857630461,MY,jpeg,1,2176.000269899666,0.24844710528850555,0.16225594282150269,4.289366245269775
925069178226405,-33.684138890591,120.78000000686,-32.83155287706312,117.37873978582817,AU,jpeg,1,330.1414184952003,0.13172543048858643,0.011232025921344757,4.304396629333496
841753896415038,-6.3002644508667,176.31963764015,-3.099190059345286,-48.5053465836489,TV,jpeg,1,14929.922530396418,0.10651762038469315,0.024008817970752716,4.767467975616455
645048966783670,42.89641826045616,17.56617896330491,42.86189154136541,17.843596655224236,BA,jpeg,1,22.928407567395464,0.7720884084701538,0.6918371915817261,0.9696382284164429
2157623727878098,42.203008413762,12.652366039877,44.96675037822065,7.684206810945703,IT,jpeg,1,504.3858024619491,0.4438602924346924,0.2096053957939148,2.2276132106781006
491154428864902,34.78133892235,10.662689207895,34.73329937991683,10.726972744188204,TN,jpeg,1,7.938634799226354,0.5054566264152527,0.33580493927001953,2.0980417728424072
5023711767716996,27.43539864879576,89.6844986785493,51.34909146625003,86.9418129917488,BT,jpeg,1,2669.0436924074547,0.2925548255443573,0.19902905821800232,4.028719902038574
502661524102239,25.24288508,105.72866675,18.773764483366627,-97.08767206528202,CN,jpeg,1,14533.425559193405,0.5247573256492615,0.4399429261684418,2.4456229209899902
768051953908267,24.417738719697,124.24306124209,38.07661445744786,140.8030460675864,JP,jpeg,1,2180.7341385765894,0.5085466504096985,0.3651121258735657,2.31640625
2634487660183183,15.505396860363,-61.465808232581,15.582961296867017,-61.407037108973576,DM,jpeg,1,10.678324680174693,0.8194923400878906,0.7254269123077393,0.797402560710907
777370986311883,69.771194043132,-50.45379669083,58.94566265850569,6.027261525628993,GL,jpeg,1,2839.1908239671293,0.8967463374137878,0.8584628701210022,0.6408214569091797
214018630224328,-30.195842567793,28.141370668784,40.440976633816305,45.85407859768063,LS,jpeg,1,8063.868391520471,0.2725464105606079,0.1524595320224762,3.033334493637085
898244168080774,48.39779130109938,69.97859259537432,41.31284113466354,-105.57158968964966,KZ,jpeg,1,10030.142187528483,0.3506055772304535,0.28578680753707886,3.706902027130127
4492529727427156,-28.146082771307,-51.513579498292,-28.13304028943095,-51.099193622740614,BR,jpeg,1,40.65715389125035,0.6601531505584717,0.583193838596344,1.7394648790359497
285348029668834,24.497433158551,56.506035667282,24.67904504922529,56.148852639262145,OM,jpeg,1,41.37795578034512,0.20018801093101501,0.023377761244773865,3.1372716426849365
171014971604854,50.702549851864,3.6582481425115,51.46157836166998,3.8837480482501614,BE,jpeg,1,85.85734126505862,0.4266887605190277,0.2854171395301819,2.555262804031372
4840639372618820,-14.92550912288379,13.489538311090364,39.835903116311194,35.58249252882445,AO,jpeg,1,6504.870687023081,0.37017983198165894,0.20883427560329437,2.632477283477783
206149904648055,26.21207915528,44.093256403165,24.850159568999185,46.7231497215407,SA,jpeg,1,304.23021194594236,0.5754830837249756,0.513228714466095,2.348069190979004
204252138180851,-21.559664995251,23.773974999472,35.05748593993937,-114.73432038771674,BW,jpeg,1,15721.02416073911,0.35127148032188416,0.24383443593978882,3.3185033798217773
920871192081755,-20.154762249788,28.582363111001,-25.970030028891575,32.65593263500521,ZW,jpeg,1,769.1389750540148,0.9439658522605896,0.9362995028495789,0.468357115983963
219966586218279,47.029132462966,15.932431980783,49.90516248475742,10.87976078330008,AT,jpeg,1,490.7684262720769,0.1104014664888382,0.01128862053155899,4.01140832901001
135549215221893,2.4175748743344,9.8423648123313,21.018957533847754,-97.98149027816727,GQ,jpeg,1,11751.585796741347,0.6609983444213867,0.5982545614242554,1.9403924942016602
376262240365585,11.737844217402,-84.258740123025,11.714988409409559,-86.08865794143435,NI,jpeg,1,199.246697859567,0.5019953846931458,0.13417145609855652,1.1727306842803955
171728951493255,49.507376607171,105.95258746284,47.90267641913574,106.79151991020562,MN,jpeg,1,188.75254736875618,0.45741745829582214,0.09976562857627869,1.6287716627120972
253978489850814,48.281270225581,27.973739010266,47.03043261051129,28.829593938943432,MD,jpeg,1,153.1453162107627,0.4096314311027527,0.25071579217910767,1.903713583946228
300413981460892,28.731055900238,48.000514767945,29.437381698679083,47.673930542833936,KW,jpeg,1,84.70904485944429,0.6498423218727112,0.5094166994094849,1.293588399887085
1184530975332530,-14.802947311274,-42.709531402229,-13.895662211818546,-49.42959567114533,BR,jpeg,1,730.8869742270626,0.5824862122535706,0.3591262698173523,1.2949659824371338
1266617723756139,-2.7425780868466467,29.42359642013631,-1.6451981019023467,29.867137200217503,BI,jpeg,1,131.5994153499074,0.4495945870876312,0.25649505853652954,1.6443462371826172
473474263980538,21.715223057868,59.471278053944,22.131420174974835,59.59567309868678,OM,jpeg,1,48.025005084657096,0.836427628993988,0.7437442541122437,0.8294200897216797
1249815355421012,41.352986665751,46.933972599593,40.62801103495046,46.65029450494134,AZ,jpeg,1,84.0561078152437,0.969420850276947,0.9502857327461243,0.19533419609069824
228708892356879,48.677696253977,17.636842304644,48.2255463465035,16.1777442183189,SK,jpeg,1,118.77199955675675,0.30134889483451843,0.15763717889785767,3.0226497650146484
573918251034517,24.9108887387342,90.79494731880273,9.719651784613445,76.3888851900523,BD,jpeg,1,2274.4707906312315,0.18976855278015137,0.08160188049077988,3.7518351078033447
2964997383812126,2.6098453233173,9.8422664516346,-6.678147861657989,106.16298164505864,GQ,jpeg,1,10738.809639155892,0.4970649480819702,0.21092331409454346,1.758305311203003
216212559884926,39.033844678159,125.75376577506,53.68246716437296,23.827452872935577,KP,jpeg,1,7299.513812752477,0.3843691349029541,0.2617768347263336,2.810509204864502
305136647878220,12.193469016038,-61.616092049056,13.86803169458174,-60.98087710146977,GD,jpeg,1,198.51060424441854,0.3910713791847229,0.10541439056396484,1.357714295387268
1425023424516398,-16.694601299289,-60.803490901407,-13.691469682214189,-49.47121289603079,BO,jpeg,1,1260.77025556588,0.25413432717323303,0.0028536617755889893,2.7718024253845215
454775888919551,46.828024824521,7.8088947836121,46.903476574472045,7.472789749495534,CH,jpeg,1,26.8945020632797,0.518063485622406,0.31465521454811096,1.5832637548446655
861104217828929,17.113853213721,-25.242018334352,15.163039800179451,-26.30720007934329,CV,jpeg,1,244.94439217189597,0.9910549521446228,0.9899394512176514,0.09034561365842819
1051007365779921,6.813554100014411,158.2040012,7.179646105096751,160.83773575382003,FM,jpeg,1,293.51281571556575,0.9990818500518799,0.9983170628547668,0.008066195994615555
1334507140366814,-23.48982047010992,35.38536972552172,-24.523249557963055,35.16109574472654,MZ,jpeg,1,117.14834042971438,0.8222699165344238,0.7682689428329468,1.22481107711792
3912389445490209,49.325970928935,17.226098099604,50.94216280328071,13.886361582553523,CZ,jpeg,1,298.212001886337,0.2661494016647339,0.21868225932121277,4.2023234367370605
265194928674974,13.23781099507,-59.544998005588,13.14683802494557,-59.357833460178774,BB,jpeg,1,22.647239331344622,0.956680417060852,0.9426965713500977,0.3413030803203583
130827665729646,41.660012138201,21.174396481341,42.80733634590045,27.023448672220272,MK,jpeg,1,498.0457005222722,0.3486398160457611,0.24937710165977478,2.801429271697998
382514279656400,17.169493550421,-62.549673737704,17.132984980073502,-62.246802670953834,KN,jpeg,1,32.43511249121531,0.9503844380378723,0.9030941724777222,0.2099229246377945
490566595325309,32.35061764629,15.101938149737,34.74877537731512,32.46581053127558,LY,jpeg,1,1628.9304505967507,0.3591293394565582,0.1046542227268219,2.46379017829895
177150824328343,-14.845732355681,35.25013351485,-14.483236700159948,30.72502018955473,MW,jpeg,1,488.4357489867022,0.9497852921485901,0.9362513422966003,0.3154277205467224
337754307681723,22.908438446718,90.804919962877,23.407543399444393,90.99492310510493,BD,jpeg,1,58.79922608494631,0.4901215136051178,0.1778278350830078,1.4889163970947266
288297272916728,-17.786629070676,177.44305087069,-38.53934779934187,145.66479358167095,FJ,jpeg,1,3843.6170656695335,0.14248904585838318,0.04384472221136093,4.99203634262085
485752159242168,60.005211059817,20.384442671458,60.17231532689892,20.11429510130577,AX,jpeg,1,23.86699646984829,0.20888492465019226,0.12510544061660767,4.111189842224121
495377298477425,41.941602973878,34.631294266421,41.89452244062461,34.68297007813264,TR,jpeg,1,6.759274502182584,0.2671143710613251,0.04629342257976532,2.814032554626465
2890584101196635,41.681667019865,21.147788358398,40.19204296594124,46.57925274097856,MK,jpeg,1,2134.8815039992073,0.37739187479019165,0.1778162121772766,2.4392518997192383
401731674144754,23.355590466277,121.32187991241,24.588251159599444,120.93790018832917,TW,jpeg,1,142.5095229927597,0.3577200174331665,0.2624395489692688,3.2221457958221436
1169142930166538,20.834467782196,-75.727264614924,44.0221230598833,-92.45428121456989,CU,jpeg,1,3005.3905680852945,0.08714058250188828,0.021375589072704315,5.135779857635498
306207777612908,-13.800621344179,-171.85935966246,-13.872553356110247,-171.8430941493409,WS,jpeg,1,8.188998267958707,0.8637934327125549,0.7829357981681824,0.5972772836685181
2665542867084280,15.44922162275011,-15.809327283661323,12.602467471566325,-1.8735616434288198,SN,jpeg,1,1535.957267635086,0.48916199803352356,0.23009097576141357,1.3330906629562378
473236960624282,-11.390300678508,43.342774487865,-8.577112538810567,115.963550796738,KM,jpeg,1,7939.1048348101685,0.5883450508117676,0.26415306329727173,1.300346851348877
175640891118270,58.3416314331,22.123379209424,57.381590805981354,25.593776202375942,EE,jpeg,1,231.3403291027095,0.3128041923046112,0.1963883936405182,2.884192943572998
940728323368212,5.5203195797668,16.760305199775,-32.86873653721246,151.54670085481072,CF,jpeg,1,14441.787448601459,0.6702679395675659,0.6129066944122314,2.008297920227051
159670792680757,4.8671591384211,31.498747958114,17.243225807234435,79.19726313663614,SS,jpeg,1,5367.430430210817,0.11835026741027832,0.02247951179742813,5.175597190856934
490425192372401,-42.289566526657,-73.549884623054,43.26982836790518,-2.3731987384873254,CL,jpeg,1,11864.90411224587,0.19730542600154877,0.05151569843292236,4.281838893890381
140927168065220,14.884255893398,-24.355900858541,27.9965673250453,-15.82089759214985,CV,jpeg,1,1703.229532405439,0.5645617842674255,0.4493633508682251,1.8895279169082642
2148319455305366,12.658976107053,-1.5012029355804,12.154064462633404,-2.9160916709071563,BF,jpeg,1,163.58966047410283,0.7847722768783569,0.7141373753547668,0.9158598184585571
950272148968894,-12.972416512525884,45.15611771647966,18.321815944286453,-72.99090790796656,YT,jpeg,1,13394.706239505404,0.37557321786880493,0.2192370444536209,2.587493419647217
153355823412892,49.184810534933,-2.0480987436129,53.0102535195903,-2.198749683398538,JE,jpeg,1,425.4996474558799,0.22504915297031403,0.06492818892002106,3.1996476650238037
363513025083758,47.047992478928,8.7799077721095,46.91963601589288,9.680050815827814,CH,jpeg,1,69.75807062145324,0.9052116274833679,0.8773376941680908,0.5772631764411926
512297363276315,31.456330474142,35.250774430442,31.51512487067863,35.161938648326796,PS,jpeg,1,10.663024936855924,0.8380002379417419,0.7924432158470154,0.9550142288208008
456622292570371,17.562683786778276,52.54996407813734,-23.53450116147785,-46.75964074153208,YE,jpeg,1,11695.722854995121,0.19169490039348602,0.032965704798698425,3.78589129447937
4527359417278295,12.574854908472,-70.042613806787,25.402349843783277,55.49985343588848,AW,jpeg,1,12762.808953065742,0.09204073250293732,0.02939663827419281,5.28223991394043
537629581307027,13.181351944444442,-59.52259444444445,13.17772572766711,-59.634189117188996,BB,jpeg,1,12.088645912593538,0.9996993541717529,0.9996539950370789,0.003995118662714958
795129897807041,35.163207188355,-6.1437231591152,-34.10944716212724,150.64493148966673,MA,jpeg,1,17893.090778667185,0.2626939117908478,0.15993759036064148,3.9526844024658203
351777130251541,39.481253041447,46.278721306968,39.57892668950354,46.095183715037734,AM,jpeg,1,19.124097488217863,0.4399496912956238,0.30012738704681396,2.8851242065429688
808281843784947,-9.017975593206083,125.18936083216094,-8.498849918273324,126.87496084151908,TL,jpeg,1,194.02917532435114,0.6368386745452881,0.5181647539138794,1.427846908569336
571640328046013,9.496515810605342,138.0909467705742,28.866503963261437,-81.19204115353017,FM,jpeg,1,14019.439468573477,0.66855388879776,0.5891066789627075,1.5999367237091064
1596718320725210,6.820059002595853,158.1889075956807,6.316127171415668,156.29850095913088,FM,jpeg,1,216.2105322302231,0.7670761346817017,0.6786988377571106,1.2897685766220093
909068383276012,51.71872582063,71.017642467242,-17.52603376728828,-65.87218982822375,KZ,jpeg,1,14665.220379093014,0.15422993898391724,0.1178918331861496,5.050958633422852
201271568510246,11.498181689874,104.89298318393,21.94639364288952,96.21613369046187,KH,jpeg,1,1483.3805783045455,0.14925698935985565,0.0688180923461914,4.248493671417236
865101847550557,14.337966085705,-11.307015681085,17.172382911387864,79.46767884771079,ML,jpeg,1,9621.224334197092,0.5288034677505493,0.40624603629112244,2.2122364044189453
273645621106204,11.400246031697,15.323762439617,17.226241346995668,79.217747755167,TD,jpeg,1,6886.380123027567,0.13942904770374298,0.06887690722942352,5.252447605133057
816784312848146,47.27419583333333,110.70045194444444,-16.86147406925469,-68.70597530555058,MN,jpeg,1,16632.90793315733,0.9875288009643555,0.9816933870315552,0.10543309152126312
205051911255970,15.898719949045,108.34769045302,24.208009793139137,91.5470778391,VN,jpeg,1,1980.6856138747962,0.6083207726478577,0.43169575929641724,1.5370979309082031
1197452254025430,60.290261118231,20.017018951216,60.22672151909151,20.059737896547208,AX,jpeg,1,7.447898793994668,0.3393297791481018,0.10441692173480988,2.0609707832336426
524857088520171,40.969687102424,47.506671390525,10.744362677388676,-1.5554485605977981,AZ,jpeg,1,5841.414311689355,0.5232511162757874,0.44804930686950684,2.9960014820098877
585468982429325,56.863557681775,25.533807915732,56.70702802081033,24.261570494043625,LV,jpeg,1,79.42150583685397,0.3755282759666443,0.2391909658908844,2.6162192821502686
223293895846479,40.460441929706,49.654367032421,40.498686058348845,-3.4857631511180514,AZ,jpeg,1,4423.492576525431,0.2387949526309967,0.09730364382266998,3.19571590423584
983815092358003,45.845665401276,-1.1566237774946,63.69922973000797,14.713705051388493,FR,jpeg,1,2216.7005608479117,0.12462308257818222,0.053119122982025146,4.334649085998535
495004361712254,16.705985016912,-62.221856779895,38.756396749793026,-78.65844487469002,MS,jpeg,1,2926.6654531192758,0.5277819633483887,0.49337804317474365,3.146318197250366
1116467962190839,49.234789455854,-2.1566386309068,51.612588188434366,-2.3768129696650213,JE,jpeg,1,264.85848291200045,0.2661685347557068,0.05925095081329346,2.42033052444458
799261197806429,13.04112461881004,7.584578150427974,12.43694038926644,-2.932370470704043,NG,jpeg,1,1142.5379348103675,0.8769630193710327,0.8434138298034668,0.6564465165138245
375892980333603,53.800018986142,19.066495869964,56.36798451839324,26.94917095382828,PL,jpeg,1,576.7707762222818,0.9347808361053467,0.9182466268539429,0.4280368685722351
216735996617694,-51.729168266578,-59.221494505424,64.27224122455247,-20.56637255891935,FK,jpeg,1,13323.526350067035,0.9984501600265503,0.9980544447898865,0.016696076840162277
122836676470530,19.317250203375,-81.382868299519,17.330597355776405,-88.55984697988241,KY,jpeg,1,789.0332145048015,0.45322513580322266,0.1441851556301117,1.2328920364379883
864991334054817,22.630694715979,75.815649968185,19.8863784237218,99.84483099311413,IN,jpeg,1,2505.9744021172955,0.08653771132230759,0.016751594841480255,4.603602886199951
303472461226103,30.448379399773,-91.249052345819,30.233774744799632,-92.97507018126024,US,jpeg,1,167.34556615326133,0.3368944525718689,0.06087881326675415,2.233661651611328
751120052245249,18.306901319254,-66.036105758042,17.396038366269224,96.84286708908913,PR,jpeg,1,15625.705078645684,0.6997343301773071,0.6294659376144409,1.835246205329895
618094669584037,1.0592725919843,104.01250864856,1.068921077159976,104.04301455588202,SG,jpeg,1,3.5571649763931066,0.9951496720314026,0.992841899394989,0.044101133942604065
204293011757830,15.079993126144066,39.21687884094408,-6.225376850894326,35.81597270060834,ER,jpeg,1,2398.515567963993,0.15322260558605194,0.02828635275363922,3.828897476196289
2928508607437195,37.840107608369,68.802462308142,33.327615965878614,129.98660349615318,TJ,jpeg,1,5456.679597506994,0.1110183522105217,0.040187299251556396,4.492639541625977
1371451869918489,3.6333328691599,72.957712473483,45.37275203703124,12.271133018301915,MV,jpeg,1,7466.60060205456,0.13543131947517395,0.019279256463050842,4.334259033203125
215955796651386,14.063525259413,-83.397823687399,24.54368110062013,124.30124975845993,NI,jpeg,1,14774.339888295684,0.5511261224746704,0.3735666275024414,1.8533766269683838
137850255541406,24.545211603122045,88.5941532347436,13.08613784742564,79.4974469848642,BD,jpeg,1,1592.4670695520215,0.17382001876831055,0.025165140628814697,2.987778663635254
300676795037037,47.54022479277,18.649560765963,51.23237187812407,0.520093293733862,HU,jpeg,1,1370.863907941839,0.1744968295097351,0.03544268012046814,4.213006496429443
758419548202670,56.459896994613,24.509987996003,56.61007028006604,24.301633692859035,LV,jpeg,1,21.025015928130035,0.35218551754951477,0.10477034747600555,2.024897575378418
234036278489604,30.859288137504,35.983036655163,30.44448954528232,35.48056639799393,JO,jpeg,1,66.61581275395595,0.6427188515663147,0.5175366401672363,1.7370938062667847
1877580812408950,8.2904185166376,-13.160532748623,8.284997733131814,-13.163412636395636,SL,jpeg,1,0.6809844958384762,0.8144605159759521,0.6605751514434814,0.6567996740341187
508516997178857,-20.44017415751,57.716929198138,-20.279067321266922,57.44374563818915,MU,jpeg,1,33.64474295358629,0.8222357630729675,0.7331043481826782,0.7331119775772095
2476936639119646,-17.187994442004,145.88923082343,-17.27438365299545,145.73130821943482,AU,jpeg,1,19.32814976853816,0.8170549273490906,0.6346017122268677,0.48032045364379883
170299241727097,29.609911657314345,104.99307446089506,-22.354967589018365,-51.04138503361846,CN,jpeg,1,17493.2262044245,0.18336406350135803,0.0727628767490387,4.143985271453857
297845861929140,19.00823988924,101.48346297652,20.965774340281484,105.6805304225202,LA,jpeg,1,489.5904976917173,0.19784769415855408,0.02594316005706787,2.8893380165100098
322702535907825,20.283683791944,105.67522750563,54.34544707164831,13.06732506075783,VN,jpeg,1,8352.889091868774,0.3667399287223816,0.32325640320777893,3.9946577548980713
787272635685450,4.323621691762423,18.511948154254057,26.823272029032392,68.14858971765044,CF,jpeg,1,5825.18152963847,0.567689836025238,0.4346212148666382,2.320763349533081
173788081866624,59.75612769558473,-127.47179840177547,45.181558470159324,-68.76355536389468,CA,jpeg,1,4129.448791930663,0.40622249245643616,0.3478672206401825,3.3539905548095703
233747548461554,9.3263006266193,2.619361832951,6.3820782174972654,2.417898901357794,BJ,jpeg,1,328.1336797599234,0.528374433517456,0.47569531202316284,2.883350133895874
765041667535640,-33.099247370966,-56.459447149244,-27.015311115062193,-51.250839995526206,UY,jpeg,1,841.681323972093,0.11718030273914337,0.047784119844436646,4.571404933929443
296876208707767,35.337232736933,0.33737085013529,35.476977481413165,0.09918025543121446,DZ,jpeg,1,26.598223591198643,0.25879546999931335,6.908178329467773e-05,2.2989723682403564
5220870694689924,13.010537169214352,-15.781125774925767,6.043720282235336,0.4361305697864393,SN,jpeg,1,1938.5631809998051,0.39297401905059814,0.30755236744880676,3.103734016418457
490774565689974,13.06406278563,-1.087121270677,12.367178681739203,-1.8287858972663356,BF,jpeg,1,111.69726660014369,0.9984849095344543,0.9980229139328003,0.015587732195854187
218599310068075,-21.24302439442,55.333436310069,-20.90455070299547,55.427939676914335,RE,jpeg,1,38.89289763776474,0.624222993850708,0.2842130959033966,0.7921707630157471
174969884519406,46.737187807587,8.3987859932934,47.23324867615224,13.691831536547381,CH,jpeg,1,405.1979062159228,0.4020361602306366,0.2446649968624115,2.3225696086883545
581849006299222,-16.292466257509595,167.67474403169504,-8.918867501756043,158.54530552091975,VU,jpeg,1,1285.3132958601725,0.9053691029548645,0.878414511680603,0.6857851147651672
514194699740537,49.025633194136,19.779030185528,45.419968849043215,25.799940328563423,SK,jpeg,1,605.868254868485,0.18057185411453247,0.004568412899971008,3.522585868835449
1636152166570934,13.748349438255,109.21278035386,11.225432276970515,105.42514403516898,VN,jpeg,1,497.74922284785293,0.5876525044441223,0.24342858791351318,1.0234949588775635
810831549638249,38.371680067627,71.17919493021,37.476836331428,71.38916798585909,AF,jpeg,1,101.19212487894296,0.8832682371139526,0.8012428283691406,0.4743243455886841
126986893262506,9.535228699145444,138.11777436553538,16.3607037019093,121.05395578877022,FM,jpeg,1,1997.3630704689456,0.5507012605667114,0.45115816593170166,2.2317798137664795
355702972637605,13.535688328213,-8.1000075739741,12.407346165010162,-6.19714499034179,ML,jpeg,1,241.35851929190676,0.5990155339241028,0.5073164701461792,2.1876769065856934
939211946839909,40.900998111452,76.418995914539,-17.533648792262532,-66.51209380318261,KG,jpeg,1,15629.958775879644,0.2347237765789032,0.18020933866500854,4.7930121421813965
211629123827045,6.1356720399309,-3.8436536027728,3.9131804776511063,10.105382020099757,CI,jpeg,1,1564.6135674199863,0.6477043032646179,0.5073003768920898,1.297355055809021
696540331416062,44.87397500000002,15.571799722222226,57.18270387431254,15.293894191090747,HR,jpeg,1,1368.8032145431644,0.23663906753063202,0.047413185238838196,3.324676275253296
942512046483923,57.98102591119,22.153417844629,44.893958284469846,4.807354309476084,EE,jpeg,1,1876.3057743685008,0.4337051212787628,0.3202807307243347,3.163306713104248
1794577467377638,2.2867934802243,111.96866392671,-25.22913681091763,-48.76398398083983,MY,jpeg,1,16733.7267838333,0.3403834402561188,0.11206600069999695,2.287991523742676
569520134014537,45.631513310144,14.917895762855,47.67564333623983,18.497971813049965,SI,jpeg,1,355.36142469794004,0.12597183883190155,0.029108405113220215,4.37958288192749
759618951395520,13.918783401918,-90.820453412238,9.87537074876868,-84.1765263384817,GT,jpeg,1,851.1537390996752,0.33787718415260315,0.1836700439453125,2.283445119857788
317414069756073,8.849591446096811,17.846700004099304,12.583891417122592,-6.126122322333068,TD,jpeg,1,2650.7014093672524,0.570526123046875,0.4848290681838989,2.29813814163208
310132177165029,32.35614104026,15.078246874263,35.044525193030985,1.1890167702767085,LY,jpeg,1,1317.9758191183628,0.14841404557228088,0.01515968143939972,2.9083633422851562
378106816842746,47.677672060857,2.1491709666626,47.76946483425797,5.596158706976625,FR,jpeg,1,258.02122603758903,0.3762255907058716,0.302412748336792,3.557807445526123
974285533334788,1.987119011826,-157.37182088346,26.516922390286535,-78.3243821397648,KI,jpeg,1,8819.56526580044,0.8698673844337463,0.8256502747535706,0.7078856229782104
186014066630410,-0.26584500006505,29.929660585315,54.50818928649766,8.91156228173366,UG,jpeg,1,6387.093894468248,0.6181086897850037,0.5041017532348633,2.348048686981201
2045346162308378,6.372858133743794,2.3062901826009594,-24.848545309314673,-48.02181093460896,BJ,jpeg,1,6455.7146074099355,0.09377744793891907,0.017151765525341034,4.533359527587891
1172091903236601,49.476195621557,-2.5778975923381,53.25007508958491,-2.1535858805495987,GG,jpeg,1,420.66689427826924,0.4104484021663666,0.24005313217639923,2.48146915435791
1148818178927460,38.977689066483,-8.2445481523452,43.63755716643417,6.296344485524621,PT,jpeg,1,1318.1331586846663,0.19844353199005127,0.03819039463996887,3.1973073482513428
1222613584876307,17.370666616194,-62.748620435823,14.095021473517606,-60.97536013205702,KN,jpeg,1,410.70102157177257,0.3272002637386322,0.1062728762626648,2.0178720951080322
2874363389509925,1.1429664809873,33.846541381524,1.068441414792531,34.04479893215994,UG,jpeg,1,23.54745213004494,0.9947966933250427,0.9907302260398865,0.041340772062540054
472676697278023,-11.651270507603,43.263829479505,-20.255707699647157,57.483689028899605,KM,jpeg,1,1794.5281491974258,0.39546844363212585,0.09065881371498108,1.4389311075210571
229441082274343,16.133435457207,-61.769410665445,4.948472224970573,114.95599040498878,GP,jpeg,1,17643.362944846616,0.9685111045837402,0.949857234954834,0.1983833909034729
588131552889375,-30.701177534770288,-55.134334723553735,20.910171424556186,-156.60607463845264,BR,jpeg,1,12231.087242844327,0.14212603867053986,0.02001471072435379,4.049591064453125
282418593597680,-15.111719223373,167.09145508574,-17.43828693184335,145.75095164454578,VU,jpeg,1,2291.2728556162,0.5719568729400635,0.16800537705421448,0.8205575942993164
979772486214909,34.1336148881033,136.00098041765338,33.91765270960097,135.90264656376914,JP,jpeg,1,25.666897090051574,0.9570843577384949,0.9350242614746094,0.25663813948631287
3774979212627875,-14.866355003204,34.792262380462,21.063581335195995,-101.58624939159971,MW,jpeg,1,15363.936487167308,0.597172200679779,0.4221547245979309,1.367958664894104
426972879607348,-17.525550986516745,-149.84053510202472,35.30667958957569,133.53887440815006,PF,jpeg,1,9969.110641525755,0.3491235673427582,0.2011997401714325,2.7818078994750977
1689362237932062,13.800606381009,-88.316570230116,13.815064374951548,-88.32084556203786,SV,jpeg,1,1.6726277861234549,0.3003775477409363,0.026146233081817627,1.9321593046188354
1166613090443646,50.253231893566,106.33993531955,38.93960335046078,-109.88369963729097,MN,jpeg,1,9484.291564118343,0.3103519678115845,0.23048599064350128,3.8697853088378906
420134173638637,-10.810393821363714,31.731146261210167,-12.120502969960807,30.42816061647489,ZM,jpeg,1,203.42874473114588,0.34561508893966675,0.2411816120147705,3.217325210571289
474713760445897,34.526350993866,69.196344342811,37.92104102985641,32.27697097130875,AF,jpeg,1,3311.553522086699,0.2760300040245056,0.0952700823545456,3.6911063194274902
506851794060092,43.177582319251,19.311856309232,45.407429385838164,4.602499529827356,ME,jpeg,1,1194.891367067383,0.25388407707214355,0.1255718469619751,3.469877004623413
2995572500661892,38.898518256485,16.523049856494,41.35449651985985,13.324138348511736,IT,jpeg,1,385.367778448745,0.23198193311691284,0.06702904403209686,3.3576858043670654
115961117883320,28.43217928695932,36.51346701072073,24.807943128230782,46.712778361892944,SA,jpeg,1,1090.5215795285744,0.8550003170967102,0.7921671867370605,0.8148596882820129
1007571866714652,55.571514078836,10.350650482308,55.57692735020277,10.3742187562924,DK,jpeg,1,1.5991736052506669,0.2674010694026947,0.20190860331058502,3.811279535293579
1174895919599539,20.052558993471,103.35914721659,16.829241300201357,99.01857185017863,LA,jpeg,1,581.394888859973,0.4810868203639984,0.303838312625885,2.3142123222351074
912812452874701,-11.627287351809,43.262280127651,-20.91271775817002,55.58096870558063,KM,jpeg,1,1670.2600794205928,0.44023728370666504,0.2277151346206665,1.6475015878677368
173416451344450,35.019561811666,33.986374163354,34.72924987831919,32.46161360882705,CY,jpeg,1,142.7915812945129,0.8763036727905273,0.830476701259613,0.6227318644523621
1449896788674967,-5.4217682185916,141.29314063475,9.007543540952932,-83.06536687023895,PG,jpeg,1,15108.365894551589,0.42739900946617126,0.21238084137439728,2.5073297023773193
232511111978904,-34.065025583843,-55.656389079107,35.55535435622769,-95.03916894615489,UY,jpeg,1,8755.881969532467,0.17451950907707214,0.03610120713710785,3.6040663719177246
1109815899545804,24.996104447036725,51.03225264110503,25.24460274166183,55.5371659006748,QA,jpeg,1,454.36450154760587,0.1590963453054428,0.021065741777420044,4.006640911102295
736517197023313,6.5599786208778,-4.9915528001493,-6.283146363995207,106.24488511315614,CI,jpeg,1,12423.494964911548,0.8484581112861633,0.8153713941574097,1.1282036304473877
456214902348496,19.610685333333,37.215206138889,32.07294871954299,-112.17340309118595,SD,jpeg,1,13408.053289554455,0.09666266292333603,0.0455964170396328,5.126199722290039
345208620288312,19.224700165467,-69.390303678979,19.269039898917647,-69.46166882552123,DO,jpeg,1,8.96867033328743,0.8230611681938171,0.7812466621398926,1.195651888847351
1468811220266965,7.362390601198927,134.50483736055023,34.80066119888506,134.429950511082,PW,jpeg,1,3051.006103823373,0.6343597173690796,0.5575913786888123,2.120119571685791
308427384185327,35.884648502247,14.544820145722,35.89865880620261,14.416735275803816,MT,jpeg,1,11.642839393623275,0.8031426668167114,0.705417275428772,0.8382672071456909
395740224747116,6.5139480425193,2.6483266181429,6.497104470403748,2.596419761255275,BJ,jpeg,1,6.0327132352726975,0.30767983198165894,0.05342179536819458,2.054020404815674
1432327937141676,13.459201505715,-14.688767601582,52.149410726510034,26.508521558713586,GM,jpeg,1,5642.290875570834,0.25424906611442566,0.19377881288528442,4.4851884841918945
1797066053813454,45.212729270223,20.36112097384,49.365400491899884,9.134190072041847,RS,jpeg,1,963.1132033228334,0.10645480453968048,0.010300710797309875,4.51904821395874
4182076221831792,70.667211583155,25.389289533957,65.28018087302512,21.479045830552977,NO,jpeg,1,620.496321075614,0.35756951570510864,0.20966048538684845,2.9443318843841553
3450481218541153,25.63903018538021,51.51003081357617,24.836107482289325,46.69163208029706,QA,jpeg,1,492.76296138081335,0.8062236309051514,0.7185319662094116,1.0190200805664062
881754115706919,18.443691037533,-64.642920411564,15.597325930018362,-61.406445497309186,VG,jpeg,1,467.49934120873274,0.8015205264091492,0.7500609755516052,1.3324490785598755
512504643106571,-51.848040759038,-58.223206369416,-38.67012434952258,-176.42573219855714,FK,jpeg,1,8309.255043719899,0.15821637213230133,0.08019804954528809,4.052429676055908
172855664661959,10.37149331328,-12.099479736597,9.995871813502568,-13.843491748078232,GN,jpeg,1,195.3860213661029,0.8520007133483887,0.7542721033096313,0.733228862285614
833358057538383,78.076451987378,14.16217603674,65.58069466691794,-23.476314376891118,SJ,jpeg,1,1841.0756040185183,0.9913540482521057,0.989488422870636,0.0779498815536499
214810390166469,3.5846135120697,23.723674547511,49.10867588333755,-0.5043041255350613,CD,jpeg,1,5557.456712964351,0.19122621417045593,0.046412304043769836,4.2878618240356445
562840304708452,46.225408646208,15.611350197474,46.53505138355983,14.508317436880368,SI,jpeg,1,91.34958267110554,0.21813996136188507,0.100521519780159,3.4620566368103027
817268602327565,-5.9419482354293,29.161401435445,-27.454823217417324,-55.89246289226253,CD,jpeg,1,9216.619184818095,0.3077458143234253,0.25432276725769043,4.387879371643066
1034524170413490,21.467073188908,-71.131572461898,21.456088510975068,-72.59165566360747,TC,jpeg,1,151.10112352947093,0.904995322227478,0.837315022945404,0.41401904821395874
1856356164529190,14.123830049658,99.400519963042,47.675880897031156,18.860835863381517,TH,jpeg,1,8148.067694561911,0.11823710054159164,0.008410125970840454,3.961448907852173
478137076746783,18.362805634492,-88.435381772096,17.510047402454013,-88.48437093650473,BZ,jpeg,1,94.96390970782389,0.9790094494819641,0.9697672128677368,0.15268200635910034
498318618261034,41.404988775836,21.780395818511,40.805950852167236,8.731462062814304,MK,jpeg,1,1094.299501795697,0.1436477154493332,0.07515423744916916,5.006867408752441
2934584883419749,40.95347805494,47.883005000971,40.792326954960714,48.660666525755005,AZ,jpeg,1,67.79758234115356,0.9743212461471558,0.9648643732070923,0.22093527019023895
928316151288980,7.1879551740757,2.0018755441177,6.5296562063698005,2.634037284783595,BJ,jpeg,1,101.13739259852362,0.4023473858833313,0.22157453000545502,2.2733395099639893
684315855630498,-29.405735807316,27.816853497845,-33.85956046826696,19.594200139989855,LS,jpeg,1,922.144320093806,0.3641573190689087,0.22710750997066498,2.355794668197632
186849946625100,14.753512333683,-61.142985518229,16.181929498634624,-61.60775311732764,MQ,jpeg,1,166.45875727601404,0.1501820832490921,0.01123376190662384,3.078439712524414
963176671141156,18.09268978577508,-15.935383158508005,24.81346860561979,46.696347172276226,MR,jpeg,1,6471.476387875035,0.864707350730896,0.7838888168334961,0.7567916512489319
300283158416232,38.131370007974,13.274583161259,33.90484099857303,35.60417271489355,IT,jpeg,1,2057.064158330229,0.5603268146514893,0.45185232162475586,1.9679608345031738
1247260492372230,-2.4010827279028115,29.579609392792413,-2.2315128038322074,29.581718536630294,RW,jpeg,1,18.85677136908918,0.9915841817855835,0.9889746308326721,0.06708167493343353
4176262119093022,14.688978023377,-91.548589043217,14.6528658278462,-91.5784951646609,GT,jpeg,1,5.1452113148128005,0.530597984790802,0.25528091192245483,1.4298067092895508
2762253127421121,2.0297128301047,45.335734728401,26.842874142799587,68.15430734734939,SO,jpeg,1,3678.491117883129,0.2505542039871216,0.10560621321201324,4.192034721374512
225659908904821,25.948880833757,50.588428667013,26.04868965366557,50.537200586604406,BH,jpeg,1,12.222263257448718,0.7196927666664124,0.6181957721710205,1.229486107826233
149923280750483,7.361847187159381,134.51969303436232,9.994140562018227,-84.20901900349749,PW,jpeg,1,15312.273383618072,0.981056272983551,0.9752381443977356,0.15656934678554535
190898982868748,55.795733000622,26.378530002305,55.82980079477389,26.20673552523256,LT,jpeg,1,11.382620086526988,0.7201606035232544,0.6264625191688538,1.371764898300171
186306836702993,38.679684725081,-3.0625683543611,38.63548685482333,-2.771849488171155,ES,jpeg,1,25.71745042457347,0.4085586965084076,0.20905286073684692,2.3645639419555664
1146877169153705,18.59342674547,-68.388033766711,18.494812026488713,-69.75259696567369,DO,jpeg,1,144.27136249388082,0.7073774337768555,0.6881129145622253,1.971997618675232
950737242436239,10.385183082561,-0.78958324298512,10.366719723626836,-0.5545193662688733,GH,jpeg,1,25.79231960871836,0.9990635514259338,0.9988866448402405,0.010777616873383522
301977051516569,58.706895821146,13.896556360307,58.68811392979207,14.430410911094063,SE,jpeg,1,30.91240570613474,0.162425234913826,0.0403948575258255,3.337358236312866
898624280682585,49.458533172147,-2.5981886348273,51.7919721713766,-4.865069484204527,GG,jpeg,1,304.7493531957843,0.21932457387447357,0.06251862645149231,3.2542502880096436
469891447444920,16.804499980025383,53.27984729115688,30.937668353409215,35.34105649562285,YE,jpeg,1,2401.1614689272833,0.5661494731903076,0.423953652381897,2.064279556274414
530606458102780,11.557031237126,43.092310521315,35.016509445447966,10.737992311590153,DJ,jpeg,1,4175.849289298459,0.10784348100423813,0.019283637404441833,4.307321071624756
310840073886034,-0.84581588834853,-80.17844601219,-1.1014191380347136,-80.66601634945395,EC,jpeg,1,61.20660293339236,0.290783554315567,0.059319183230400085,2.4433250427246094
477881999969065,24.946444828187,56.186213387143,23.043972881314172,57.77987747316802,AE,jpeg,1,266.376819788093,0.24429205060005188,0.16605836153030396,4.087008953094482
494687355014866,15.351932577531,-61.256287052693,15.398769407470416,-61.18775562612411,DM,jpeg,1,9.006155609237874,0.5608687996864319,0.3585311770439148,1.4931557178497314
1443285099355563,16.555627302292,96.198597103646,-17.49518199490379,146.1183152622674,MM,jpeg,1,6649.918710521355,0.3817225396633148,0.12610861659049988,2.5271430015563965
4104851466266998,50.070544187764,5.8458119238789,48.475635709079995,-123.38918452608787,LU,jpeg,1,8033.074198997854,0.16307170689105988,0.001019790768623352,3.6977810859680176
1896496400517870,13.223609624878,-61.268552428199,13.981838931522942,-61.01090985511172,VC,jpeg,1,88.79028722856813,0.3982488512992859,0.15233944356441498,2.579660654067993
1077942902611364,51.861118010498,-1.6602529488605,51.719654699298374,-1.3625838973275868,GB,jpeg,1,25.818303364407747,0.5282829403877258,0.47317343950271606,2.5833892822265625
1365414380506403,21.476737171908,-71.132920671407,17.234916954710158,-62.440595082085174,TC,jpeg,1,1026.332671699965,0.5115754008293152,0.1476963460445404,1.0758683681488037
275646330919906,47.355981665822,13.66278897535,65.41737693192334,21.323588376871125,AT,jpeg,1,2059.3968348319304,0.4025367498397827,0.2395336925983429,2.3713042736053467
4085345498214305,54.3204660444997,-4.449369579381132,51.22209148336514,0.49673776243275636,IM,jpeg,1,478.74879710990535,0.2840406000614166,0.18000558018684387,3.289397716522217
319387202956018,36.746376386627,71.926086394726,37.05565363282264,71.84716057523023,TJ,jpeg,1,35.0988477438052,0.7426743507385254,0.676496148109436,1.1522341966629028
192500316060760,8.5018456161549,-10.886196315338,8.48339420992136,-12.134619513200995,SL,jpeg,1,137.31143747235572,0.6238747835159302,0.47016167640686035,1.9479542970657349
469096650835409,78.165866991509,14.615773975551,62.392539884013765,-7.196359665829604,SJ,jpeg,1,1906.8915991093218,0.22855596244335175,0.06850898265838623,3.4568710327148438
204485121341585,12.133472243206,-68.277416893276,24.763084407596864,120.9589037505189,BQ,jpeg,1,15791.748586860847,0.1091223657131195,0.011286303400993347,3.790462017059326
142251097914946,62.221882069575,-7.0387447331054,61.67341347669675,-6.930024811690829,FO,jpeg,1,61.251319329175445,0.6764461994171143,0.5756166577339172,1.496023178100586
5522870664422058,42.480681608263,24.806056880296,42.1956837862434,24.93049280080554,BG,jpeg,1,33.29989578968881,0.4652385413646698,0.34771522879600525,2.2333555221557617
911536296350418,13.531493241774,2.048401634304,10.651900798753708,-1.5212296394652738,NE,jpeg,1,503.11362411413637,0.11467524617910385,0.03455165773630142,3.847996711730957
217953836457406,10.205301098661,-14.000220074778,6.470890298433916,-1.4530335027780126,GN,jpeg,1,1441.2334681849522,0.8248106241226196,0.7718733549118042,0.9617968797683716
2915873148627226,47.806436500583,28.717659500757,46.67845473169816,28.528387983351237,MD,jpeg,1,126.23693529564616,0.6517606973648071,0.45581042766571045,1.3608113527297974
1383220612042284,40.713663160769,75.04503308282,26.72009088913229,67.5712882804953,KG,jpeg,1,1700.951088332681,0.13852886855602264,0.047516219317913055,4.7422075271606445
966259830868758,43.623138586006,18.908434254799,42.797116105936205,22.085126221785455,BA,jpeg,1,273.32377088806317,0.2283981889486313,0.0904134213924408,3.3376498222351074
216904886576725,-17.609749712456,168.24322430001,65.60150899057872,22.02785553624018,VU,jpeg,1,14129.224755121084,0.23031973838806152,0.10117332637310028,3.8364620208740234
1083924499211873,-15.604998425967928,-54.3918257160871,-31.000426226140547,114.9534854188814,BR,jpeg,1,14709.132502069437,0.16349652409553528,0.02844114601612091,4.12900972366333
515495726108152,-21.626125276138,46.991186348236,-17.563879278925945,-65.91986462700453,MG,jpeg,1,11511.066375079516,0.4267326891422272,0.07664135098457336,1.5508058071136475
995843031248300,0.35769064003091,6.56005755347,14.0319470179697,-61.039694884094516,ST,jpeg,1,7584.578182305025,0.9022524952888489,0.8617537021636963,0.5277663469314575
868028680411287,33.75473452141,35.539565617947,37.221527972066355,-3.503205732418173,LB,jpeg,1,3530.8896517489165,0.5383281707763672,0.4107276201248169,2.0029284954071045
497044088003103,39.80104505168,3.0309963190024,39.68531075123576,2.8057396696070573,ES,jpeg,1,23.163258181882874,0.9305946230888367,0.9025818109512329,0.488934189081192
763955694314654,46.724388793399,10.079801957807,46.44998985597434,10.394097037570079,CH,jpeg,1,38.83076094232008,0.25111502408981323,0.0991881787776947,2.8806233406066895
933520784110620,12.510164810275,-70.009077685586,29.92893268720187,-95.35643943280373,AW,jpeg,1,3249.91570950331,0.3668651580810547,0.30139726400375366,3.9710161685943604
4220821467968709,8.70139122196,80.590505170341,8.271154848633039,81.47538514597059,LK,jpeg,1,108.43983165406524,0.9959378242492676,0.9944251775741577,0.03746023774147034
472361870697782,26.020756253761,50.623130115609,26.054692396433598,50.5316776263799,BH,jpeg,1,9.885509567286014,0.8650647401809692,0.8347086310386658,0.784273624420166
658902925214070,22.641060199825,-79.087651499584,23.11867244351983,-82.04877821336608,CU,jpeg,1,307.9639227260809,0.3831821382045746,0.22301910817623138,2.901510000228882
1183079165486550,-5.70834515155,34.761777557018,-6.127237590857248,35.79799636716331,TZ,jpeg,1,123.711602451744,0.536935567855835,0.5077136754989624,3.2003979682922363
296065025397911,34.897985568931,32.528909790104,34.89243420824395,32.411125187085055,CY,jpeg,1,10.759917151357008,0.7541016340255737,0.5227819681167603,0.6502417325973511
298824355069041,42.200225487404,21.258956694741,40.76025291858185,39.358932465059496,XK,jpeg,1,1513.4235367822585,0.3576938211917877,0.13632303476333618,2.2694294452667236
111691027649131,-22.530138328473,-59.8361857055,-24.525842066949757,-56.56041161315839,PY,jpeg,1,400.9449406185307,0.3473958969116211,0.28089311718940735,3.873429298400879
752480212123625,49.471066330606,-2.5339439207361,49.493676687871954,-2.1441046179554477,GG,jpeg,1,28.274481952358684,0.680471658706665,0.61290043592453,1.796408772468567
1074377829753053,-6.7022282025878,-76.214917225524,10.4337695123077,-84.55698014453529,PE,jpeg,1,2117.490496442274,0.6831093430519104,0.5694224834442139,1.422478437423706
525641785107823,50.160224002237,6.1091880533415,49.375092847732006,9.153880913502652,LU,jpeg,1,235.42982127408197,0.5229606032371521,0.43538498878479004,2.451059103012085
226167275508563,15.49826792628,-61.465568794916,15.585864734838713,-61.42371445754476,DM,jpeg,1,10.722798777732025,0.7474650144577026,0.5885149836540222,0.9113320708274841
148887153873411,5.2121780980173,-52.75060936262,-38.34661433083774,147.3187609014027,GF,jpeg,1,15809.93939182256,0.3274325728416443,0.1916620135307312,2.7689924240112305
303850827922633,-34.01092105809,-55.839634214304,-36.898684178897625,141.7480252887588,UY,jpeg,1,11922.530048903332,0.8574550747871399,0.8407543301582336,1.090863823890686
311706737236449,50.868855073513,8.8221774508729,51.918074844970725,9.560260805817364,DE,jpeg,1,127.41038982822967,0.17561864852905273,0.060184843838214874,4.130509853363037
1416886515315835,8.139352166375,34.375065339482,-13.582623022624569,-49.51485053592138,ET,jpeg,1,9566.50887393122,0.8281636834144592,0.8002670407295227,1.1560190916061401
178330404153531,-21.691747493695,-64.656846311167,6.964919717896817,-73.08004193202189,BO,jpeg,1,3316.2410996658336,0.22640474140644073,0.008971184492111206,2.016747236251831
218036349822435,41.14963208511,20.008913305496,43.90303966391164,11.19012828791801,AL,jpeg,1,784.325848783055,0.3396263122558594,0.024204641580581665,2.2809853553771973
2882903775325778,69.217437476679,-51.098566140502,60.809411190379414,11.206096104673751,GL,jpeg,1,2922.377671174146,0.14919322729110718,0.07527747005224228,4.696413993835449
459460818448144,27.426607200988,89.643491444303,43.984763155393956,42.95186336524587,BT,jpeg,1,4527.469146443378,0.31547656655311584,0.05553841590881348,2.7680397033691406
309590514053514,-21.85770610861,165.95185481884,5.572202377414276,-73.14402288844924,NC,jpeg,1,13421.494046551225,0.1672690510749817,0.023554891347885132,3.820042848587036
179548807357974,23.005385103705,120.43121323661,24.69579246059502,120.98240185542605,TW,jpeg,1,196.14429530501388,0.4245126247406006,0.2438766360282898,2.2792000770568848
528726041469936,3.6332857552313,72.958318596822,1.2514540326019514,103.83729313973349,MV,jpeg,1,3440.3484560388165,0.681278645992279,0.5818855166435242,1.5338116884231567
568831498116619,24.732585867741577,121.74077955053384,24.72084105359961,121.81502521915348,TW,jpeg,1,7.6116709568853205,0.8535691499710083,0.7624653577804565,0.583548367023468
871486690248300,-19.804021310365,-63.993881510197,-17.343174125276548,-66.1436490689668,BO,jpeg,1,355.25836859453693,0.6324087977409363,0.5358683466911316,1.9097312688827515
380042953234728,-19.161161992074,-64.572161532541,-24.19772405484529,28.98288419774078,BO,jpeg,1,9490.22417321241,0.44088682532310486,0.11993807554244995,1.6033449172973633
368884091223603,35.755508707073,53.366090359346,32.25342542577535,51.24199949763071,IR,jpeg,1,435.83326504697726,0.19558942317962646,0.11279305070638657,3.5698792934417725
512716496579771,12.164080960014,-68.283956526724,12.8349369285327,100.8819418577716,BQ,jpeg,1,16989.327277479897,0.3534373939037323,0.1532481610774994,3.117011308670044
485436899323868,65.609323761209,-37.633778515025,64.71090979121362,-14.427566833025473,GL,jpeg,1,1082.3350171095913,0.9003559350967407,0.8301540613174438,0.4516034424304962
172629294662585,48.532451875231,17.496813301999,47.663662435653706,18.48536705875491,SK,jpeg,1,121.33151361276686,0.4247521162033081,0.16760534048080444,2.476469039916992
506770377649958,-12.679904697999794,45.08466359942028,18.404669677781147,-72.74789388741347,YT,jpeg,1,13354.482571311677,0.7785681486129761,0.7216004133224487,1.1847667694091797
265103101980958,14.721827633666,-60.947724527678,-28.61078769345783,153.30512035872437,MQ,jpeg,1,16171.836944695438,0.37159281969070435,0.2945064306259155,3.517122507095337
517013032790983,42.403345896483,44.64336095767,44.629860498858754,6.737153058140814,GE,jpeg,1,3039.0051351267066,0.7253201007843018,0.6369383931159973,1.4261949062347412
825755764959780,20.340364998941,-87.352869999803,18.467592693740364,-69.73466033181191,MX,jpeg,1,1858.5601541100427,0.6282443404197693,0.5081605315208435,1.4203071594238281
3799534356839064,60.209940286403,20.246918494907,60.246576937724896,19.908938100072994,AX,jpeg,1,19.10051147439472,0.2236924171447754,0.07062560319900513,3.0303146839141846
134126825414739,38.270282754345,61.711075339758,37.24293304038442,59.99135324055901,TM,jpeg,1,189.4851273647838,0.8232623934745789,0.7393667101860046,0.8261774778366089
1397623030665407,14.493780516069648,-88.97344682800627,14.417829238856868,-89.15552999370566,HN,jpeg,1,21.34734180229585,0.5792985558509827,0.4663867652416229,2.34818959236145
170949221611851,33.305143801504,126.28817369339,35.68653975102427,129.40726888910245,KR,jpeg,1,389.60292646072486,0.46228674054145813,0.14779728651046753,2.014491558074951
978428179365285,33.705735440434,51.794214966505,44.63747330123857,4.724286026720434,IR,jpeg,1,4172.631362324573,0.15908043086528778,0.09459012001752853,4.406644344329834
333013904838174,32.340904308709,15.105537141291,33.86993019674546,-5.6306816638683586,LY,jpeg,1,1935.6396415937772,0.46528664231300354,0.23210833966732025,2.484250545501709
248513507027667,5.6150523860158,16.240852825971,40.76890111443356,8.962344812157271,CF,jpeg,1,3975.6379028971296,0.25483253598213196,0.17602555453777313,4.125070095062256
237495388152862,-11.621236170917,43.26262853229,13.740355742162249,-89.12293105023001,KM,jpeg,1,14852.37170329243,0.31232234835624695,0.0774814784526825,2.21980357170105
3042776155952353,18.400872724367,-88.464242712832,17.320143481839228,-88.5210435268525,BZ,jpeg,1,120.32187312898255,0.9150968790054321,0.9081281423568726,0.7050383687019348
487380732512751,4.8184532,114.77786780001,2.874249875592926,101.70228761308165,BN,jpeg,1,1466.5994051765113,0.1540180742740631,0.017709210515022278,4.058037757873535
290265362649999,26.177525761353,50.383620514714,24.832960187298745,46.68702201378051,BH,jpeg,1,399.9542628438861,0.41158372163772583,0.3210310637950897,2.723862409591675
482049282914438,7.5885792292079,134.59098074356,16.020007469827814,-61.925325711853255,PW,jpeg,1,16821.738228689865,0.24513569474220276,0.04241319000720978,3.288329601287842
225571855612889,46.763350531273,-81.597671294692,47.05292153961582,-81.67039968840933,CA,jpeg,1,32.669370405539894,0.2685241103172302,0.13874997198581696,2.4932010173797607
4804926129529176,15.24531506432567,-14.593708973874378,43.639868637626876,6.384686414771241,SN,jpeg,1,3730.4920368911658,0.33367061614990234,0.024167358875274658,2.323111057281494
369883598351184,-20.367575551703407,57.57618979619237,1.5843182023435292,109.85241083217252,MU,jpeg,1,6191.755525450511,0.9382107257843018,0.9308273792266846,0.5096287727355957
4121896524538487,24.635513307941,-76.169569569,26.529216508076576,-78.33303364370848,BS,jpeg,1,302.34566971212905,0.38048115372657776,0.31103265285491943,3.331204891204834
3863471930446023,-17.111944610128667,15.757158787596603,-16.63075707049792,17.286426197471148,AO,jpeg,1,171.29753282799462,0.9645017981529236,0.96051025390625,0.3453280031681061
300728688257104,30.395743312589,35.487349115709,30.377111273312277,35.42300311577091,JO,jpeg,1,6.510538076770788,0.8641782999038696,0.7304050922393799,0.4148918390274048
1126228627789114,50.981438273289,3.9109549608118,56.30448279832392,10.50694468262796,BE,jpeg,1,733.7317793272326,0.24175630509853363,0.16006401181221008,4.259487152099609
549637092752676,-14.934793656692474,13.483762083058584,-17.378438384548193,-66.14375365194464,AO,jpeg,1,8443.735465962061,0.8827232122421265,0.8260006904602051,0.6475752592086792
1003284990411465,12.059176169795167,-15.322303903822672,17.300476864232145,79.18138421542187,GW,jpeg,1,10078.814403635097,0.3214344382286072,0.14120136201381683,3.3860058784484863
549574962737771,14.061193852760738,-84.04279947361962,28.8931166891932,-81.25053321679121,NI,jpeg,1,1674.146568856815,0.11772586405277252,0.002399168908596039,3.7612667083740234
542559790066195,33.009983226586,35.680040403337,41.747642313436586,2.6294438212724693,SY,jpeg,1,3055.834621911158,0.4092870354652405,0.19279474020004272,2.5647926330566406
265445685298888,13.004017262133,109.35894392193,16.080116114890764,108.14614017894051,VN,jpeg,1,366.10228706777605,0.3788708746433258,0.17508308589458466,1.952797770500183
1444159855929152,12.212140324895,-61.65046673147,14.06761108432909,-60.89060564243416,GD,jpeg,1,222.11909334055642,0.43402713537216187,0.2465314418077469,1.8069778680801392
378257181042695,0.4223981532159322,9.46341740514976,5.1665012880146675,100.48797176302251,GA,jpeg,1,10116.77252002212,0.2250170260667801,0.14630429446697235,4.434119701385498
136200968757362,15.043474943211962,-3.1134483369205417,10.658779155318232,-0.32466866881448564,ML,jpeg,1,573.6393363744032,0.5599952340126038,0.39662647247314453,1.495694875717163
533142534351766,-9.8840552815116,33.911477956503,-23.71416235017363,30.180234992592347,MW,jpeg,1,1587.993150289244,0.3843805193901062,0.2512149214744568,2.7595033645629883
522728752252154,41.038602463059,19.563694296348,40.873400620026814,19.854639885458923,AL,jpeg,1,30.56768205529304,0.9875363707542419,0.979939341545105,0.09532302618026733
758888101326263,31.637988555726,73.231186805001,31.2808674360407,72.91840222668851,PK,jpeg,1,49.56870465680579,0.3775978982448578,0.15929222106933594,2.233753204345703
305757657709496,1.0675572904673,103.9646409699,3.226051435905097,101.39792102943491,SG,jpeg,1,372.7455720353126,0.19251790642738342,0.03285039961338043,3.765901565551758
223281329232117,12.507939003947,-70.014398687436,-8.924513871487603,13.257298108493003,AW,jpeg,1,9501.166001794136,0.7904888987541199,0.7588835954666138,1.3760920763015747
353672373022082,41.381628312913,22.307214335612,-42.51660586433773,172.58918010215254,MK,jpeg,1,17566.76577627792,0.1737358421087265,0.11396650969982147,4.738376140594482
855868761633795,18.030052213813,-63.078616758552,13.808791845772943,-60.9088561805673,SX,jpeg,1,523.5643193468571,0.8537856340408325,0.8192570209503174,0.8493620753288269
510341753682172,18.547859996816,-68.613997996337,28.89840263537642,-81.2201902611526,DO,jpeg,1,1721.4290226931516,0.23654940724372864,0.14590105414390564,4.022552013397217
3864898026890576,49.490894517019,-2.5725344431006,49.316707590910404,-2.3482368602378574,GG,jpeg,1,25.269417715038855,0.3066292703151703,0.19481375813484192,3.502185583114624
307754797548858,34.712695715026,-3.8563324324235,34.38508102800764,-3.6853814323757628,MA,jpeg,1,39.65102549388729,0.6024174690246582,0.3040236830711365,1.1180444955825806
446821260679124,-9.024115630183084,125.29622320893388,-6.333508591260824,-78.92911279650816,TL,jpeg,1,16833.157326608547,0.46630755066871643,0.27673035860061646,2.334063768386841
947185652683658,-2.3270469336559,-78.929168380573,-2.3078293303279054,-78.59040699284745,EC,jpeg,1,37.69835252386753,0.9413836002349854,0.8948745727539062,0.26966118812561035
2947290612262244,-11.652155080814,43.263890007029,-12.734201332969418,45.25466327109672,KM,jpeg,1,247.56954427755795,0.7200290560722351,0.6345121264457703,1.2192410230636597
2932426006995864,12.349827079376,105.09907855331,11.146300715681765,105.52665969878396,KH,jpeg,1,141.69020765995248,0.4572736918926239,0.2500728368759155,1.8293976783752441
271753411301610,-18.657738465691,-174.02787918873,10.425510233946653,-84.7791618654519,TO,jpeg,1,10298.626872907209,0.4783528447151184,0.17303627729415894,1.9891846179962158
478264666827999,61.472372240129,-6.7939711372832,61.69436042305481,-6.735418655993189,FO,jpeg,1,24.877647903681673,0.9979234933853149,0.9968008399009705,0.01923510432243347
1101915547131650,-35.411992228208355,-71.29963328046824,-35.46316469369115,-71.41072352367378,CL,jpeg,1,11.561477734215792,0.8204672336578369,0.669228196144104,0.5958548784255981
3920872697958453,60.225200988406,20.059664271851,60.25330559101726,20.141448723093212,AX,jpeg,1,5.490274065520598,0.8005492091178894,0.7206904292106628,1.0085102319717407
480958303108322,18.02673753942373,-15.984917957529673,17.77815859443181,-15.871658891762012,MR,jpeg,1,30.126841306750787,0.5432734489440918,0.4545738101005554,2.603271245956421
477439253471149,2.1909112658474,25.247273616721,0.804712341233696,25.657812282840144,CD,jpeg,1,160.75133571227505,0.34919658303260803,0.0741158127784729,2.412496328353882
2503535586463255,5.369009126207446,163.01297824070343,2.8494385079593103,155.76042637491358,FM,jpeg,1,851.7032554138558,0.938226580619812,0.8870635628700256,0.2983705699443817
699303201033596,25.12900987620192,33.08865526570508,-13.49251299148127,24.194806246405022,EG,jpeg,1,4401.442682683593,0.34927770495414734,0.024486005306243896,1.6351962089538574
1109009986288059,-8.6876105869135,120.2374852281,-6.931343175700367,109.46517292388727,ID,jpeg,1,1202.597787303217,0.7316499352455139,0.6815277338027954,1.5091907978057861
945361122882179,12.134119747509,-68.278230013563,39.77504842139468,4.394553556677069,BQ,jpeg,1,7673.139957937662,0.09193509072065353,0.01163201779127121,4.300434112548828
1086140081896052,17.025256612863,-61.868698580061,17.114732354929362,-61.57498125255352,AG,jpeg,1,32.768042773311244,0.9755989909172058,0.954221248626709,0.12668664753437042
2896487987274330,-8.6384264591615,125.60292428532,-33.13571669277948,151.23450032957984,TL,jpeg,1,3786.6015120053066,0.706851065158844,0.6308892965316772,1.4079171419143677
2579869142308862,10.34358900767,-61.458152299031,-0.2576596412798949,-79.17663292338807,TT,jpeg,1,2286.872471271825,0.45805075764656067,0.23190689086914062,1.8853071928024292
267083508462188,52.899440738443,8.4141554815178,52.12651827027677,0.1138376954502989,DE,jpeg,1,567.8980951468524,0.23146875202655792,0.13963747024536133,3.9490609169006348
135893315238976,8.7909434146234,-78.181606800432,19.110384399002513,98.97779249828285,PA,jpeg,1,16897.015530482913,0.3252013325691223,0.16146978735923767,2.842210292816162
150017570480103,41.50666060749,21.935799073836,53.93799436553981,25.36417254826449,MK,jpeg,1,1405.459611775827,0.12620502710342407,0.012043572962284088,4.232809066772461
869032447374518,45.14353499999999,14.845183055555555,44.70369231745529,15.146881587575415,HR,jpeg,1,54.37113461620139,0.45691153407096863,0.3194861114025116,1.8902759552001953
919042368661061,-35.376055559767,146.26475,-36.2510618739627,149.06477628848333,AU,jpeg,1,270.56511992841297,0.37103575468063354,0.17458996176719666,2.334789991378784
985915661813386,-23.393263453848,44.397761247232,-26.087378682208342,32.53893011188803,MG,jpeg,1,1233.968203412954,0.19635632634162903,0.083309605717659,4.268347263336182
670850541182018,26.0204034,51.064903400000006,25.690955983957615,51.13245751004516,QA,jpeg,1,37.251330218993196,0.4174834191799164,0.3409075438976288,3.62629771232605
358677975646602,18.32970950933104,-64.95126838918696,60.41679545278254,5.4018794693418775,VI,jpeg,1,7168.233827022122,0.4643462300300598,0.2559069097042084,1.8612533807754517
468571217849628,27.519976313624777,114.13899685380947,24.952371313060723,105.82298623050009,CN,jpeg,1,876.9494020873,0.24588768184185028,0.15236714482307434,3.9702720642089844
166033172108272,39.547581612083,46.441663046559,39.75758221335709,46.21536049770741,AM,jpeg,1,30.341863001553957,0.25209662318229675,0.08364790678024292,3.1737260818481445
494503958271926,65.59525777881,-23.774501108369,65.68586921148241,-23.483402302141943,IS,jpeg,1,16.725994778638814,0.9908668994903564,0.9871914386749268,0.0756838321685791
912539252641876,-6.3006910051682,176.31917767142,11.202462595143844,-73.79167245494537,TV,jpeg,1,12306.214211099401,0.18188230693340302,0.012469932436943054,4.049858093261719
528519191857396,31.419084991343,35.033717818153,31.635191581830917,35.142853328173004,PS,jpeg,1,26.161765092460463,0.4616982638835907,0.20615121722221375,1.501254916191101
2693852350916149,-22.134506991871,166.34104640683,-16.646767800474063,-48.33780615729876,NC,jpeg,1,14283.428729543784,0.8013699054718018,0.7464120388031006,1.0369818210601807
943976513021626,17.310149834096,-62.711002505143,17.174448214341204,-62.39770527250324,KN,jpeg,1,36.5332488069652,0.8338186740875244,0.6708387136459351,0.4705193340778351
314603156759488,27.431221771339,89.646958499505,16.322775263018922,121.10171343642541,BT,jpeg,1,3460.2735023596942,0.24276167154312134,0.04960997402667999,2.5987815856933594
142911821192377,18.124397901175595,-15.95930487738458,32.972581793261526,10.477532982022405,MR,jpeg,1,3109.6166536719265,0.5146389007568359,0.2589392364025116,1.846117377281189
995608364307407,62.231154398192,-7.0203744109078,53.54431579135652,-1.9941946563798523,FO,jpeg,1,1009.84637512516,0.8241052031517029,0.7953240871429443,1.2595072984695435
920634065161187,49.245509981929,-2.1382669508349,49.2075127771418,-2.126384928427416,JE,jpeg,1,4.312302097447154,0.9393608570098877,0.9176530838012695,0.3630131781101227
314870496880636,28.628362975198,48.038775336392,30.044590572445152,47.70864175588223,KW,jpeg,1,160.6956798149488,0.5265344977378845,0.2660241723060608,1.1221030950546265
137727984953777,-6.2967650470378,176.31787733981,8.023770667007334,-11.809515183773609,TV,jpeg,1,19098.123305819074,0.1355191469192505,0.04042651504278183,4.54840612411499
970870010403579,1.3869451851245,173.14684137479,18.385427918848137,-69.18889791661958,KI,jpeg,1,12859.372970216476,0.639209508895874,0.5498180389404297,1.9797258377075195
319746332831620,37.296859809574,-5.7125450742042,36.845387216423205,-2.41652082242758,ES,jpeg,1,296.6881643933837,0.2703118920326233,0.13144339621067047,2.6749186515808105
3035810213314122,55.003356832716,24.139338741958,45.07972387658046,4.827407868277852,LT,jpeg,1,1756.1099546597322,0.22411474585533142,0.11556388437747955,4.192774772644043
288447642774684,-6.1571269966165,107.04394801454,-7.494043223268273,112.86773521584419,ID,jpeg,1,659.9284704742445,0.9255375862121582,0.886847198009491,0.3722572326660156
829997677895262,12.323432189112,-1.5533388682237,12.365011258353897,-1.2248583856734052,BF,jpeg,1,35.9792173108951,0.9500039219856262,0.9406126141548157,0.43563032150268555
106381768201986,11.974525625543,39.044869566531,40.64270343383588,46.647102075305966,ET,jpeg,1,3273.3511107727672,0.92071533203125,0.9008030295372009,0.5402718186378479
305230294414376,18.451313183212,-64.558514994681,14.230356417576022,-60.89523893695657,VG,jpeg,1,610.7267483127632,0.5324469804763794,0.2596232295036316,1.042075276374817
883910462466493,-15.648621030725534,39.34163432285212,8.644917663575178,-12.222613929729008,MZ,jpeg,1,6287.760052371492,0.6192852258682251,0.5694684386253357,2.4189834594726562
492194012125902,46.117642,18.110710999899,48.014171821939065,18.943292132380886,HU,jpeg,1,220.10737847402237,0.5371896624565125,0.2887735366821289,1.829468011856079
1573490059506418,18.338429999176,-64.899272406242,9.874432028616212,-84.17101993731772,VI,jpeg,1,2278.8782933826965,0.09597758948802948,0.018898755311965942,4.816799163818359
766495730715953,44.706372569218,18.069343447503,44.84766849475271,8.151199263337507,BA,jpeg,1,782.5311883134485,0.11817234754562378,0.06371128559112549,4.75629997253418
781285156083286,32.087994573877,-8.2233968662806,40.37042647720439,43.84303111187143,MA,jpeg,1,4691.561919709096,0.34205400943756104,0.11944550275802612,2.767728805541992
745256106153583,52.344707039659,45.336839122968,52.89449262200402,45.11728057933256,RU,jpeg,1,62.904382393347554,0.4201129078865051,0.26320183277130127,2.0761685371398926
1117334568775680,18.337748404316,-64.915702992028,17.146658153779537,-62.33386972458615,VI,jpeg,1,303.8118427348317,0.5980871915817261,0.41592827439308167,1.3760666847229004
306286164527539,33.350146257859,126.25399959043,36.548544289958926,139.98960625702819,KR,jpeg,1,1300.0905612233487,0.22270379960536957,0.06510046124458313,3.1438913345336914
336794264546437,4.9054666559617,-52.301588003183,10.289994296522622,-85.68273722911518,GF,jpeg,1,3725.2799309416896,0.5762650966644287,0.3436213731765747,1.4011266231536865
153474173412155,38.399164295663,71.058858396182,32.36044830377925,77.3287361793791,AF,jpeg,1,879.2796351164725,0.9978795051574707,0.9960326552391052,0.016568457707762718
350521240549818,31.321208568090835,27.27841709921041,35.110070323534245,-2.2998349622451815,EG,jpeg,1,2773.286092661635,0.43170925974845886,0.35844698548316956,3.001675844192505
218975556246226,7.8821057071516,-74.834139978895,-17.955861161070185,-63.41394395438106,CO,jpeg,1,3134.7476338050574,0.41379183530807495,0.003150433301925659,1.8705004453659058
1259603784501134,31.292411220432,35.534796522034,30.817191594060994,35.49734887795937,JO,jpeg,1,52.96227723811088,0.9175295233726501,0.8856830596923828,0.56932133436203
4309223739108363,2.1266240352603,45.323364966483,17.03966246103592,54.19029396073912,SO,jpeg,1,1920.7084800434113,0.69589763879776,0.6253991723060608,1.8851773738861084
259978149147748,40.965992824636,70.990742663385,52.23668523646986,26.777443127201835,UZ,jpeg,1,3537.9314641111137,0.18835730850696564,0.0729234591126442,4.203680515289307
764847514207415,29.990268063885,35.075916116471,23.962677542097172,120.62337610313126,JO,jpeg,1,8302.419046433077,0.11502236872911453,0.004484899342060089,4.625417709350586
248250033759700,29.80888569787,-8.8927590395819,25.052572128280715,67.29009887347888,MA,jpeg,1,7398.071983782142,0.6310254335403442,0.5349472761154175,1.8653301000595093
454143095650719,4.754477618596,115.1672935653,43.8922435132852,141.5684850073689,BN,jpeg,1,5060.990713205031,0.30503249168395996,0.019472360610961914,2.341803550720215
779725396245876,17.150242379267,95.997861485963,17.47102689906351,102.73995682119954,MM,jpeg,1,716.5806827853879,0.13864335417747498,0.08498472720384598,4.695018768310547
580468796254927,1.0529367558583,104.00979134276,1.0657388701835901,104.03233269986934,SG,jpeg,1,2.8821442613419914,0.981115460395813,0.9766296148300171,0.15188591182231903
996366924230321,9.4509927129863,-5.632989557206,-6.962457832341038,109.63465740369628,CI,jpeg,1,12894.94014815554,0.4895216226577759,0.2649152874946594,2.058584690093994
167430881975593,48.946219066106,17.372135047934,54.496874574864805,16.648850491416056,CZ,jpeg,1,619.203218464468,0.4114309847354889,0.17351320385932922,2.5907652378082275
1287753361619391,41.902938185448,12.402760733592,36.80001269294514,-3.7449120252345547,VA,jpeg,1,1496.9064480613024,0.27428457140922546,0.19459989666938782,3.7050023078918457
631066277884886,8.81662211291624,-82.90477256073295,17.33486148801121,-88.50779797477898,PA,jpeg,1,1124.5673455917922,0.5893059968948364,0.48086220026016235,2.025141716003418
1770786233100996,69.218294531367,-51.091665910743,69.38712126975787,19.637056073831786,GL,jpeg,1,2625.032719621338,0.8622120022773743,0.8331875205039978,1.0044493675231934
239943934683187,68.81413122743538,15.673939453479123,65.84973627917968,-17.657157710585413,NO,jpeg,1,1446.367474599247,0.3874054253101349,0.32485100626945496,3.7257022857666016
481611806279393,19.322225516792,-81.380605067753,26.527327501867784,-77.98700648341166,KY,jpeg,1,873.1627473273303,0.8865182399749756,0.8602874279022217,0.6494325399398804
3800949300034619,38.343949995952,57.117059018247,38.369857405115376,56.96793199153185,TM,jpeg,1,13.318367661402876,0.7994242310523987,0.7759709358215332,1.3602073192596436
823233711883166,29.068560075854,48.084048261556,24.72780403201959,46.75275165798058,KW,jpeg,1,500.3840375410096,0.41405153274536133,0.08637329936027527,1.899155616760254
450038362963389,38.978830137822,-7.2812361854766,37.647165814211434,-8.455352781255408,PT,jpeg,1,180.05055814506588,0.11816317588090897,0.017193429172039032,4.18941593170166
297933462444738,13.662316404789827,-16.430340101173016,11.02120592483996,-2.9534629631675706,GM,jpeg,1,1492.7979777184762,0.76658695936203,0.7100823521614075,1.4421082735061646
949917125580796,18.251570400358,-62.984528794394,60.17000521697826,25.015798489718684,AI,jpeg,1,8145.151749939586,0.20187821984291077,0.12777382135391235,4.236693859100342
313078556837128,55.266055994786,11.315098206416,52.12759371580338,7.35946145118493,DK,jpeg,1,435.28715187168024,0.13793930411338806,0.025960661470890045,4.309353351593018
210766354219144,-26.628804736334,31.659445474276,-13.071311859790454,25.336875351820147,SZ,jpeg,1,1645.298607814892,0.1708972305059433,0.05585788935422897,4.1718525886535645
520708829313842,54.68692259669,9.0074931788196,54.898548990523665,9.749842092375609,DE,jpeg,1,53.09003943209987,0.3324725925922394,0.25103047490119934,3.428270101547241
992154464938892,-17.65251068093,177.40709100849,-17.213278164478123,176.00044892869715,FJ,jpeg,1,157.01565881312638,0.6637426614761353,0.5645110607147217,1.7006654739379883
150289013771703,50.348577719861,-4.6628826388904,52.246726774767126,-0.6572567172037084,GB,jpeg,1,349.3584886639717,0.4728822112083435,0.433039128780365,3.1881542205810547
1423738521294950,17.182641732455,-88.332789645282,21.128224986426634,-98.08850350871916,BZ,jpeg,1,1114.3165928884405,0.5438858866691589,0.34918928146362305,1.9318815469741821
1155605118288528,14.706942793316,-61.143095527488,9.867994889571563,-84.20891269848185,MQ,jpeg,1,2561.5641538727373,0.8946027159690857,0.8045023679733276,0.4133768081665039
2986698694926936,78.215334468879,15.012641390148,78.07698252544704,14.289408452869774,SJ,jpeg,1,22.57321288445782,0.30132004618644714,0.028506994247436523,2.534614086151123
2083829008422694,58.379655829272,6.1151443597417,56.887184906806695,-5.073797691381384,NO,jpeg,1,685.5141597229097,0.25313982367515564,0.14433591067790985,3.6664390563964844
155652916570780,42.348418071723,20.818276988414,42.7683160224352,27.12682801719605,XK,jpeg,1,518.6836400879716,0.3698202669620514,0.10811057686805725,2.4502885341644287
845707173409060,13.15145888888889,-59.57003805555556,13.148841567722371,-59.60300439599737,BB,jpeg,1,3.581409742216327,0.9845149517059326,0.9804939031600952,0.14309410750865936
792307658322895,52.913640031191,6.8640509875213,45.92915326325486,-0.9506891226685901,NL,jpeg,1,959.3619296524416,0.29951444268226624,0.1916576772928238,3.3427581787109375
463829391356731,7.1956119778003,124.23640602451,-7.320940038966322,109.73991278445604,PH,jpeg,1,2278.144403079213,0.36492374539375305,0.27585604786872864,3.499805212020874
190327429484222,18.406063827426,-66.173016157195,18.44870127453924,-69.94066039894669,PR,jpeg,1,397.48275312611565,0.2812708020210266,0.08908651769161224,2.7355129718780518
964385794363812,38.838166509572,140.96848476449,37.13882913020412,140.23048020694927,JP,jpeg,1,199.71761894793983,0.18479503691196442,0.003969430923461914,3.4855031967163086
992350614846774,12.919375038455,-85.248546579532,9.88762340142382,-84.19173540157576,NI,jpeg,1,356.24788934750455,0.47967782616615295,0.3389466404914856,1.9480098485946655
2898111640459899,32.288702684025,-64.767038528517,26.527232243718633,-78.60243625847544,BM,jpeg,1,1483.7357707641756,0.522077202796936,0.42876482009887695,2.4133529663085938
156853596375003,19.653051191999,98.633327646919,18.543631634242324,98.75175412104238,TH,jpeg,1,123.98781024645854,0.598085880279541,0.4260258078575134,1.2144910097122192
353101693221406,-16.097698333830845,28.68442044328358,-16.248972503765778,45.67509991000847,ZW,jpeg,1,1814.06353768622,0.38668182492256165,0.14882682263851166,2.4204344749450684
