id,true_lat,true_lon,pred_lat,pred_lon,country,corruption_type,severity,error_km,top1_score,margin,entropy
1198015930637035,47.58736244394304,13.72243335782696,46.65286363518074,13.741545530922414,AT,jpeg,2,103.92158751195569,0.2031434029340744,0.11766058951616287,3.8212223052978516
2627501530880734,-21.690540312924,165.67395409726,-36.9258842974802,174.94607638616924,NC,jpeg,2,1915.3337227276002,0.09394471347332001,0.029447190463542938,4.850582122802734
464312504633961,25.061219179854,-77.474052344488,61.50373912832059,23.734538264071034,BS,jpeg,2,8144.608256865313,0.3421553373336792,0.27635347843170166,3.6756389141082764
1640910792965420,14.05090975535,-83.408252576108,-1.644160753948477,29.21757103836279,NI,jpeg,2,12491.027164688036,0.7715224027633667,0.6958304047584534,1.3558509349822998
784509382269632,39.054295235447,125.75444015475,24.983787403120772,121.36544822878473,KP,jpeg,2,1617.7759302749942,0.23176169395446777,0.006597802042961121,2.8894989490509033
1203580403446328,59.403162352068,5.3346943684814,19.846010350882256,-99.40447272524862,NO,jpeg,2,8916.478289523688,0.5183796286582947,0.44869986176490784,2.8263351917266846
529318031569520,35.884852698,14.543835095527,24.84222481828687,120.89705355633785,MT,jpeg,2,9757.429756012663,0.3784269392490387,0.24355576932430267,2.851625919342041
579627393601024,31.161290071016406,27.62620232776423,-43.50146022289995,172.60005671161483,EG,jpeg,2,16659.618808154057,0.3425556719303131,0.11729677021503448,3.3090333938598633
493287055050730,18.529699440908,-73.82906994801,-7.228500609707513,109.62310892302773,HT,jpeg,2,18704.118631476453,0.45781072974205017,0.031561702489852905,1.4920927286148071
194636675718395,15.711283292961,-86.911458774945,10.008051579263203,-83.95325982147908,HN,jpeg,2,710.5719714198931,0.7679539322853088,0.6741380095481873,1.1314154863357544
324862519056205,19.31841800221,-81.382583014952,-27.446761017711612,153.2676280808264,KY,jpeg,2,14407.48322186175,0.19556890428066254,0.01615305244922638,4.19281005859375
312497683776326,-3.5385285661184,29.342796802632,-17.377414103561946,-66.18871809745114,BI,jpeg,2,10475.498594498991,0.5821748375892639,0.48783400654792786,2.279911518096924
524249899215869,-20.36057432562562,57.57448506856856,25.006211815950607,121.31987337038242,MU,jpeg,2,8537.007311950943,0.8132838606834412,0.8046802282333374,1.508752703666687
762407414666903,18.261799133186,-66.040383948361,14.555209065779344,-90.52779040981332,PR,jpeg,2,2642.1329633394826,0.9040436148643494,0.867285966873169,0.5580881237983704
1162773017520174,6.3181766455254,37.510104406035,37.693060412334496,-25.588434884856788,ET,jpeg,2,7223.9906208924385,0.9806281328201294,0.974317729473114,0.16280971467494965
3356357477800408,-13.862024739384,-171.85937431059,10.018632020862396,-84.06294422489925,WS,jpeg,2,10038.883521031807,0.3404588997364044,0.15059451758861542,3.2269515991210938
487479689165720,-0.79790097222466,-77.201507380967,-0.9315490743005783,-77.41025760721841,EC,jpeg,2,27.559416903117196,0.8067634701728821,0.719555139541626,1.0433896780014038
255694192945304,0.23852452895088,109.87510053714,8.90940778475634,-11.945534749021741,ID,jpeg,2,13493.402340784558,0.17220133543014526,0.022042468190193176,3.7741270065307617
810188746588631,46.29075689375,10.078154998184,44.40481302639341,26.096308240849257,CH,jpeg,2,1266.9617209411235,0.670828640460968,0.6393558979034424,2.1930055618286133
152336490235316,6.1412981189533,-10.222955468447,-33.19049240624242,151.5253954773244,LR,jpeg,2,16465.368247216597,0.14231540262699127,0.004461705684661865,4.179187774658203
1128248694323507,4.9712879947102,-52.440325961909,34.924071236387135,-89.80308539083491,GF,jpeg,2,5077.899646400334,0.1097741648554802,0.026572570204734802,4.609432220458984
319600276196154,17.249258189479,-62.655520880016,10.318218126091855,-85.7631266271636,KN,jpeg,2,2609.0989347122836,0.1440461426973343,0.0019849687814712524,4.07813024520874
227605128698501,30.534718182782,35.557018519973,35.989534785788905,-120.16266706581528,JO,jpeg,2,12195.509431329043,0.20130586624145508,0.07039731740951538,4.549940586090088
469353001013618,-4.8497851046353,11.90522368749,-1.644649159568752,29.262718756281092,CG,jpeg,2,1959.3738976252519,0.7519852519035339,0.6865354180335999,1.4017736911773682
312137333614311,50.147457733865,106.21881807879,-29.303888398830498,27.52085065869379,MN,jpeg,2,11724.371199535628,0.7176975011825562,0.6577253341674805,1.643402099609375
417436926432877,-9.466630277777776,160.38180111111112,9.961104946723315,-84.0683108342436,SB,jpeg,2,12963.202226186098,0.7667036652565002,0.723511815071106,1.5860192775726318
521833368998076,33.828288106674,35.578984207651,41.683574776500556,20.51939922839855,LB,jpeg,2,1582.4906824348277,0.38058528304100037,0.33703938126564026,3.598574161529541
804138920493771,-0.43494769438863,-76.201325946671,9.962650149572946,-84.03471002736755,EC,jpeg,2,1445.0087271030136,0.27521780133247375,0.04695281386375427,3.4000072479248047
302261168190071,-13.859325484052,-171.70998038915,9.951606697937532,-84.00109174635121,WS,jpeg,2,10027.722142445855,0.5202933549880981,0.3568750023841858,2.3746581077575684
1226452984452730,18.570054722222,52.82152305555601,46.7619916660764,29.02636989074213,YE,jpeg,2,3813.175861054347,0.29218053817749023,0.2269047498703003,4.559234142303467
321769825972532,56.815207379952,13.937240092613,50.85596233268499,7.704571793025347,SE,jpeg,2,777.969902614891,0.0806676596403122,0.03785217925906181,5.069300174713135
773469050698883,0.4364979004820079,9.440864620026538,25.101388837675486,121.55372354453466,GA,jpeg,2,12201.767857284283,0.3121243417263031,0.1190846711397171,2.4502298831939697
333032548339836,51.706235270322,-9.7173149835356,42.779240511302355,143.63811085752639,IE,jpeg,2,9199.396371426426,0.3933711349964142,0.3706766366958618,4.2367448806762695
321482029535925,44.652229350002,21.162756330018,51.20960020704324,10.445916590769253,RS,jpeg,2,1079.2958942894538,0.0834871232509613,0.007060974836349487,5.011135578155518
832510974027702,-17.456552891966,-65.728142843828,-37.81177568934185,146.6073576564147,BO,jpeg,2,13001.773868275495,0.13494369387626648,0.014385417103767395,4.522489070892334
109891514526025,48.213328182129,28.09057650588,17.271372117298476,102.66525011144135,UA,jpeg,2,7450.80143220295,0.557040274143219,0.49520137906074524,2.8948593139648438
2942639579308445,34.805369127435,127.95898406217,15.492268144252224,73.84337650514635,KR,jpeg,2,5777.27375988751,0.11977139115333557,0.02498754858970642,4.87530517578125
370894024357836,15.425447150296,-61.271269855519,15.205152054600688,73.97388321937828,DM,jpeg,2,14034.492082983668,0.8195348381996155,0.7925346493721008,1.3153331279754639
788101518532706,11.258356617235,-60.564806768225,9.966867749030893,-83.98512286156326,TT,jpeg,2,2563.026635196638,0.3216330409049988,0.18153436481952667,3.1244466304779053
3872288566218352,50.796778330451,21.153443346433,43.30484276002871,6.423043121656667,PL,jpeg,2,1388.4813819359074,0.25221481919288635,0.14356794953346252,3.983086109161377
1002859423856924,17.09712846732,-24.97047664313,28.651057096748662,-17.73733819173054,CV,jpeg,2,1482.1343809424282,0.36247938871383667,0.15970690548419952,3.2828855514526367
238160651412928,-46.337650900733,167.79026062048,40.441553748291106,-111.30870764530177,NZ,jpeg,2,12533.48190651842,0.5228209495544434,0.4795459806919098,3.2198128700256348
2563203020654329,54.32142990519237,-4.456551481932205,-41.28321939819611,174.8042924237486,IM,jpeg,2,18564.27436427368,0.24419237673282623,0.15450643002986908,4.308164119720459
732194144134616,9.3458958330497,-79.823967302875,9.992815306990444,-84.06365816603,PA,jpeg,2,470.2633067486598,0.3488965630531311,0.17969685792922974,3.13558030128479
476322813419625,17.628516606198,-63.231308396649,13.87660560068319,-61.03544232530584,BQ,jpeg,2,478.80052362385516,0.3068767786026001,0.052621990442276,1.917182445526123
1136304350214402,-39.328969954559,174.63690058405,5.480125405311892,-73.5393025628098,NZ,jpeg,2,12263.674322636152,0.5301377177238464,0.43080034852027893,2.445533275604248
486828262519306,14.646929324615,-60.975801183717,-30.565754050399292,152.71125908729178,MQ,jpeg,2,16152.356250626208,0.11670779436826706,0.014554984867572784,5.039235591888428
1387937924894828,47.907557209354,107.17858480002,62.30236459852256,9.917235974715572,MN,jpeg,2,5766.0282039433605,0.18789516389369965,0.07582893967628479,4.496133327484131
944100506347413,4.8670503980303,31.542952103365,23.041999597221384,72.38672040616218,SS,jpeg,2,4823.404749842473,0.4735148251056671,0.3661576807498932,3.152101993560791
225738692700446,69.2342740620203,17.971246283328018,56.27349975033719,43.95941010501669,NO,jpeg,2,1926.7132938980553,0.189206063747406,0.12995566427707672,4.940469741821289
138012564971418,-17.546030537707,-149.57580216474,12.929720129771717,35.03520006510818,PF,jpeg,2,19302.318311970015,0.12257598340511322,0.0007711946964263916,3.4228222370147705
1349102025473123,60.210439476288,20.246196471172,50.861466122956614,7.613180685374951,AX,jpeg,2,1304.0337481509775,0.23470012843608856,0.15786771476268768,4.02119255065918
481515363098541,8.3835270285271,-82.196719096621,-41.275803826351506,174.78711120157064,PA,jpeg,2,11707.281964396489,0.2238529920578003,0.037374645471572876,3.2504029273986816
208681127527124,49.241162571487,-2.1218631166228,-43.52831511968504,172.61164255662513,JE,jpeg,2,19262.71056497273,0.4637806713581085,0.39952510595321655,3.1453232765197754
496883494997876,12.508559533613,-70.010590958509,-17.394411290717823,-66.21017294717201,AW,jpeg,2,3351.1464918584425,0.2637251019477844,0.22446465492248535,4.456864833831787
1258448591563623,-8.614371141011388,35.602892240053215,49.00328042434161,-0.33169459291389775,TZ,jpeg,2,7301.222856791726,0.2734425663948059,0.23294134438037872,4.735798358917236
849655245900069,5.9311045328258,15.65109465938,-21.13488427544112,-48.91698488530095,CF,jpeg,2,7653.456768810027,0.16082710027694702,0.08494073897600174,4.915462493896484
1448430112350839,11.026769583975025,-8.632346605323722,-35.4592732383929,173.55748824490152,GN,jpeg,2,17289.33710007152,0.19388583302497864,0.08185424655675888,4.678549289703369
711741309997504,-35.434392939173,-67.582981443437,34.06693251306906,-6.74459071154833,AR,jpeg,2,9981.285217983488,0.08366148173809052,0.001668691635131836,5.589730262756348
330646891800305,14.870259800656,-24.373949477736,-22.719902655917167,-47.54385573293586,CV,jpeg,2,4882.047072324583,0.209589421749115,0.08387060463428497,3.64849591255188
844947319428707,12.572384044567,-70.044602664275,-20.905816902930944,55.415465457312564,AW,jpeg,2,14160.190737358964,0.17325928807258606,0.03662770986557007,3.5040018558502197
1424082877926694,39.063764515107,125.77381801639,-17.399248502981965,-66.18732942744774,KP,jpeg,2,17342.172727293968,0.15889975428581238,0.07843499630689621,3.9528884887695312
262049738998529,15.746495092756,-86.857367093038,-15.794128554956043,-47.91597074991927,HN,jpeg,2,5529.03844191085,0.2401646077632904,0.1087358295917511,3.3671247959136963
2941932222749741,8.8904169624644,80.720461103422,12.627000060468063,-7.90390245564535,LK,jpeg,2,9644.652308038998,0.8582529425621033,0.7370092272758484,0.5707381963729858
2957416491247002,22.534707236092,-79.367474703615,20.6241421356308,96.30485612302995,CU,jpeg,2,15193.129185476642,0.1730942577123642,0.04518425464630127,4.371828079223633
1339793246404338,78.178055846086,15.902100697497,64.3790324306615,-20.811710993965878,SJ,jpeg,2,1949.1279941456094,0.3696077764034271,0.20181727409362793,2.6139042377471924
742849163058043,7.9945228460384,126.06338592216,-7.3135114501824745,112.82613585048124,PH,jpeg,2,2247.430499508385,0.7165356874465942,0.6561143398284912,1.4691218137741089
487902825754300,18.349709806038,-64.886627593059,-37.810384677574206,146.57751921419867,VI,jpeg,2,16275.405820294325,0.11614017933607101,0.010831318795681,4.5013251304626465
188819323085799,41.434692972264,43.314083402676,43.82490704960116,141.4755106422468,GE,jpeg,2,7514.099765481713,0.33027026057243347,0.14771480858325958,3.546535015106201
449823653747421,53.88835461402647,-122.76729722632489,47.64445878295135,-117.47888866326868,CA,jpeg,2,787.1190044000715,0.12338301539421082,0.03325411677360535,4.661478519439697
227770655816183,49.479739351354,-2.5890746408905,-41.29835752045786,174.81115737690112,GG,jpeg,2,19083.13619626004,0.31144818663597107,0.20981758832931519,3.204430103302002
216079839905055,19.324976978962,-81.381549997813,49.27014143476985,-123.10613481107654,KY,jpeg,2,4974.706469416428,0.0764424204826355,0.017112594097852707,5.31829833984375
828630294440097,3.9058095275261,11.829761470611,-37.992385939717636,146.52693367078794,CM,jpeg,2,14067.202722576885,0.27939194440841675,0.0889892429113388,3.589757204055786
860118858181209,-20.177979,57.661693,-20.16838930515709,57.48070536337639,MU,jpeg,2,18.920406237699513,0.9807798266410828,0.974136471748352,0.1264217644929886
114507540681851,35.729256605436,128.41830771074,17.359223009086172,97.33846104759778,KR,jpeg,2,3679.4186142513763,0.39689549803733826,0.1326799988746643,2.7503111362457275
661381454786146,-18.972548731094268,29.805283361910963,17.243432599897222,102.65672989252229,ZW,jpeg,2,8919.67046800151,0.15990979969501495,0.009761780500411987,4.60801362991333
222747492577837,61.352664593679,27.429725107498,37.67185492398503,-113.0969282309004,FI,jpeg,2,8441.06458943857,0.11005312204360962,0.012933626770973206,5.092623710632324
138806294926443,38.717835758735,58.495184798492,36.811681452748616,-4.814169134363727,TM,jpeg,2,5454.407982819341,0.14113815128803253,0.015669286251068115,4.277918338775635
135421499385396,13.275246919086468,2.911011286873044,37.11751514827621,-113.47384721071047,NE,jpeg,2,11331.541014655546,0.6647567749023438,0.5605716109275818,1.5170646905899048
517034622643483,-9.0920015075631,160.82242285539,-8.528202874650448,115.23971810146286,SB,jpeg,2,5005.832031542619,0.1484556496143341,0.005242958664894104,3.9739632606506348
2526299567665760,35.829307962213,14.558295593658,43.35758151418297,3.5447606580792383,MT,jpeg,2,1259.4763798197027,0.15162841975688934,0.007058590650558472,3.599184989929199
281947363629492,78.231350087799,15.142395905188,62.0765733047901,-7.144986467422253,SJ,jpeg,2,1953.0767927140223,0.5408770442008972,0.37716978788375854,1.8772523403167725
309954333906145,40.335258934887,19.990673334292,-17.391381860443904,-66.19971135094598,AL,jpeg,2,10935.46267422639,0.7186462879180908,0.686261773109436,2.0230350494384766
163258222377928,-8.7192284268616,160.86453616743,5.5385079413644185,-73.53954788410356,SB,jpeg,2,14006.607244520656,0.1105073094367981,0.04018563777208328,4.729221820831299
497041608993768,7.354967160960991,134.4972694391149,24.757401541088353,120.90167057113304,PW,jpeg,2,2415.3599244159614,0.2868889570236206,0.018037885427474976,2.290362596511841
325055798982586,-10.203132697528,31.216979658259,12.61797725440127,-7.944436030009893,ZM,jpeg,2,5013.89809148616,0.9784498810768127,0.9688132405281067,0.15122689306735992
361816321938390,12.57472666996,-70.041979864956,37.099194356778504,-113.5281626581887,AW,jpeg,2,5101.936679315336,0.3247013986110687,0.10097247362136841,3.4063944816589355
1145510005966861,18.05148025828786,-15.896397560721027,23.21263639475068,38.58288190097204,MR,jpeg,2,5666.8749474997285,0.18493331968784332,0.043850600719451904,4.089022636413574
262345932212210,15.140006372867152,39.26672870985676,17.188231355763243,102.78021372285274,ER,jpeg,2,6756.256767580558,0.276846319437027,0.02580118179321289,2.5819263458251953
901986960835723,13.278551582622178,2.917996515380901,12.631387384351884,-7.859744447224072,NE,jpeg,2,1170.0469306411171,0.8071599006652832,0.709357500076294,0.9208066463470459
317050140097070,43.4276581353825,24.38127115862344,-19.318478659505892,-47.348408317090076,BG,jpeg,2,10087.561411393925,0.0656970888376236,0.011404462158679962,5.701388359069824
994714827967018,22.682567905302,39.11769149111,12.605469727315828,-7.9306224237566125,SA,jpeg,2,5088.1145585730765,0.10265988856554031,0.06981600821018219,5.53052282333374
145209974249665,16.762668175828,-62.220769939941,9.964931344806802,-83.89506926593103,MS,jpeg,2,2461.3765352718688,0.5920546054840088,0.3640761077404022,1.5925707817077637
763480160945552,3.114388438698,31.177872023014,9.057067305631927,-12.052216710610281,UG,jpeg,2,4821.77981802381,0.44489145278930664,0.25395870208740234,2.0741488933563232
4405163029511350,43.682079175037,23.978223195064,40.99715429949525,-7.615332432269256,BG,jpeg,2,2597.9505345155326,0.2603074312210083,0.19683325290679932,4.323511600494385
326659798812032,12.410385336248002,-16.110049424682003,5.327346936224821,-0.6217907906333542,GW,jpeg,2,1873.886623283986,0.5814627408981323,0.5207175016403198,2.5832507610321045
895631547651467,12.080356238018,-61.704118318475,39.38286076006221,-84.13173369209866,GD,jpeg,2,3753.2870830892352,0.4126829504966736,0.33968013525009155,3.868865966796875
953292548822411,18.0817933464398,-15.894888251115804,32.07263361403208,-110.66362310056931,MR,jpeg,2,9383.205144263587,0.16252444684505463,0.11013393104076385,4.681564807891846
1179673359141283,-27.440457092686,31.884625638401,-22.73228929356239,-47.56621925504961,SZ,jpeg,2,7878.886831941369,0.20421907305717468,0.0434609055519104,4.502740383148193
1391570534555001,12.121586777999,-61.634729332904,9.951249117642169,-84.05530690240231,GD,jpeg,2,2458.078433800694,0.40998604893684387,0.27396759390830994,2.0655357837677
1931718050309638,42.316673318457,42.610766550542,41.42301315706815,-122.39253088159444,GE,jpeg,2,10582.74169091807,0.5856868028640747,0.5168647170066833,2.5010972023010254
1441784959495240,18.614866388889,52.371751388889,24.608763529796445,55.609556075835776,YE,jpeg,2,745.7155903434532,0.36095768213272095,0.15739181637763977,3.1891634464263916
1092193684624091,13.222041768155,-61.27004985443,-33.12007208364072,151.4857353469553,VC,jpeg,2,16029.80759855223,0.3261418342590332,0.149003803730011,2.7512195110321045
545855749735091,44.933679619312,10.542218724088,53.96284061169772,30.311744579704534,IT,jpeg,2,1737.0300790090757,0.14394932985305786,0.0062162429094314575,5.154816150665283
2774084016236056,4.2465653216704,73.54886569526,26.52719164941472,-78.23940849539017,MV,jpeg,2,15441.446031164558,0.16644877195358276,0.023253098130226135,3.4268083572387695
193239609283383,16.442716181297,97.600636667113,35.13159043093304,-111.08788266609822,MM,jpeg,2,13530.46203563613,0.18244566023349762,0.11734449863433838,4.5975341796875
838605060406461,-38.684857801033,-62.245177670808,-35.960399952771034,146.07048826180073,AR,jpeg,2,11220.209707254164,0.22493721544742584,0.14937998354434967,4.323164463043213
1398766300483374,-20.281888888888,139.05741666667,-31.48947491248623,146.57343332321093,AU,jpeg,2,1454.366824205129,0.1738494336605072,0.08294910937547684,4.544072151184082
309592324146292,-40.470381504032,175.24679558692,-40.3872500430446,175.4314521409493,NZ,jpeg,2,18.158758357410854,0.30016812682151794,0.15105541050434113,3.006474494934082
787330225321281,78.186979979764,14.79210601878,62.10242307926679,-7.179953955546596,SJ,jpeg,2,1942.1020922393554,0.6656016707420349,0.546749472618103,1.6160811185836792
481435006457069,41.714515597444,19.778002854189,43.860507527857884,6.013130742493588,AL,jpeg,2,1146.876319010679,0.12683723866939545,0.01372767984867096,4.6867241859436035
562746315113072,-21.036239487922,55.673092800575,-33.19692628566206,151.48425559832995,RE,jpeg,2,9257.490412613459,0.16616882383823395,0.0810011699795723,4.161494255065918
251075026766241,42.736773777269,78.935492923137,40.7406286509876,48.578240254401045,KZ,jpeg,2,2514.951142613247,0.4317990243434906,0.34727272391319275,3.2133805751800537
4010096302418176,13.274118,121.232275,-8.57999760519525,115.94006186442753,PH,jpeg,2,2499.342620904534,0.2665376365184784,0.12225054204463959,3.7995007038116455
385537683018740,8.58587702121514,-10.943586617629483,12.618033520192148,-7.91385987743931,SL,jpeg,2,557.3372491946925,0.5124837160110474,0.26067325472831726,2.0814130306243896
180372857328994,49.843429916622,73.222888258927,47.01972577107594,-118.78586190464137,KZ,jpeg,2,9182.619003149897,0.3162524700164795,0.03911486268043518,3.345524787902832
907851513392138,-18.164645479454,178.22136593468,-7.472936972861494,112.7354180160789,FJ,jpeg,2,7165.544453957202,0.17031502723693848,0.04936724156141281,3.6770153045654297
1131598217344189,54.864195040685,8.7383931888414,50.8857199000274,2.8186751160756924,DE,jpeg,2,594.1864397087588,0.1757906973361969,0.11013232916593552,4.536433219909668
3247097405547891,33.97288015656933,71.60789771722264,13.624049306092504,100.48676784395049,PK,jpeg,2,3684.676868253869,0.09123481810092926,0.014405928552150726,4.460662841796875
1063412324270300,-15.431355385415,167.20499794568,-16.336424325083012,175.24903818483997,VU,jpeg,2,866.1073045430595,0.6019742488861084,0.3696475625038147,1.683118224143982
478746096705872,12.1865576631,-0.3910576992899,-1.641550759019845,29.23844075095694,BF,jpeg,2,3615.432381561367,0.13879118859767914,0.05784180015325546,4.308402061462402
163486722253544,18.376454722061,-65.907019733384,21.476223264332162,-104.81682412158236,PR,jpeg,2,4072.004118021139,0.255086213350296,0.05854825675487518,3.639664888381958
1394646127681740,50.27605756468763,-5.022433442071348,-36.022857942504984,145.96265708473942,GB,jpeg,2,17205.768013056753,0.4847944676876068,0.4096415936946869,2.9857733249664307
311036310426740,10.534375285392,-85.108561963834,-15.806949723549547,-47.87250205631321,CR,jpeg,2,5037.706521583696,0.08452420681715012,0.00663650780916214,4.695080757141113
180655490594869,-4.2955834051727,39.583247618282,17.33231057017503,78.493775399664,KE,jpeg,2,4901.241048969382,0.15485821664333344,0.04790832847356796,3.71351957321167
225040172344104,54.10668466178,-8.5444506137227,53.1374151334896,-8.283938429960088,IE,jpeg,2,109.13846779700896,0.13625742495059967,0.050950661301612854,4.887954235076904
590599688583224,62.579080335013,22.030513453623,60.46453055855022,22.32155667188772,FI,jpeg,2,235.63239113461015,0.16876348853111267,0.05624967813491821,3.550401210784912
378410597431210,11.755141729610802,11.99142765025279,10.543665528000826,-0.780487616532943,NG,jpeg,2,1399.7282097628722,0.6642736196517944,0.520780622959137,1.5624477863311768
769560623930363,13.781555904684,-60.954984062834,-7.331047162177799,109.79364023484625,LC,jpeg,2,18775.765348730652,0.22775676846504211,0.0619487464427948,3.741844654083252
191217559525689,10.598613143242,103.76819114404,-8.69002601517836,116.06422180232126,KH,jpeg,2,2539.944639909275,0.18250006437301636,0.0038490891456604004,2.5872673988342285
960119301406916,8.934567996624,15.810201192055,-26.011774663622425,27.928381899434772,TD,jpeg,2,4100.746621862483,0.11641700565814972,0.007653079926967621,4.243187427520752
162029952434974,10.416592641005,-6.9267518159549,10.031036724823323,-13.737023514554737,CI,jpeg,2,746.4604790168632,0.3097575604915619,0.2396131157875061,4.139941692352295
777563772895063,60.262939806644,20.372533414245,37.10133317910501,-113.52827382082093,AX,jpeg,2,8401.22574202133,0.8207123279571533,0.7879986763000488,1.3162556886672974
483016122754010,8.2177331232449,-10.640871255174,8.423627510113015,-13.17103078872129,SL,jpeg,2,279.3186233892549,0.4677276909351349,0.21900837123394012,1.8319412469863892
945669026244322,32.28289364111786,34.89665697754903,56.301222565125194,43.90933942656443,IL,jpeg,2,2759.9627996797117,0.14135918021202087,0.07530482858419418,4.909762859344482
834907740772712,-51.828914124143,-58.391576104278,54.305096208760865,-8.55825481276004,FK,jpeg,2,12670.316897454388,0.13850751519203186,0.07912710309028625,4.908677101135254
315786796574792,17.029958580939,-61.837386119134,-7.69615650334736,112.72962127523442,AG,jpeg,2,18821.55614624072,0.49742648005485535,0.4064584970474243,2.978402614593506
3935353219835220,5.0624805680856,-52.559930285878,12.544418676143113,-7.973451151021707,GF,jpeg,2,4962.757599342704,0.32253238558769226,0.1340593546628952,2.841515064239502
703624374104706,11.148071748184186,42.461472571281,49.27219238998692,1.188811160259524,DJ,jpeg,2,5684.645370533089,0.18728697299957275,0.06215302646160126,4.55579948425293
552376936150414,45.747934121718,28.392399493234,33.205432942481174,-8.25646079596699,MD,jpeg,2,3402.9794980084025,0.4353961944580078,0.2461201250553131,2.6862552165985107
279990610516417,-25.052590421722,25.938389437355,-32.54605492828994,138.94245676466295,BW,jpeg,2,10457.879769254767,0.7767978310585022,0.7496334314346313,1.4437884092330933
244594784129468,17.181606776437,-25.056350793491,38.12966830857956,-110.87468240948859,CV,jpeg,2,8481.845022852112,0.17019400000572205,0.0024643540382385254,4.305124282836914
916296905814911,29.986443376454,35.073653850875,37.07553788838096,-113.5174756574225,JO,jpeg,2,11871.921900026937,0.18640795350074768,0.09243574738502502,4.3686442375183105
160409959286661,13.609489121743,-15.203056960483,12.452237451564551,-6.403139088857221,GM,jpeg,2,961.8881435758839,0.4505712687969208,0.40128085017204285,3.0802500247955322
375549574325666,-8.088511666666667,156.78238944444445,-13.874304365508621,-171.7212308180704,SB,jpeg,2,3494.58425564892,0.8751760721206665,0.8177112936973572,0.6413542032241821
6504127516293875,-20.153986376711,28.58502890468,-36.421513774796274,148.44002085599595,ZW,jpeg,2,11105.470828974794,0.16642427444458008,0.0432647243142128,4.5456929206848145
955352585280405,53.073543217589,5.6644949286343,-15.415320190369165,28.297965787181507,NL,jpeg,2,7918.347454782359,0.6243615746498108,0.5890830755233765,2.6646034717559814
198798338740227,41.487329996943,45.08669320994,50.048128389899155,18.843056425040594,GE,jpeg,2,2231.6715780024874,0.07771755754947662,0.0016315877437591553,5.432320594787598
747640439246618,6.555528380315,-10.331525634335,38.0256986772874,-98.05622825589295,LR,jpeg,2,9360.428633623327,0.2014147937297821,0.10842961817979813,4.725921630859375
537333261008423,39.113511978868,117.21046994629,39.90130603325923,116.431036611553,CN,jpeg,2,110.20313319628589,0.3419554531574249,0.044670939445495605,1.710911512374878
5205930492794121,13.596220054527333,-87.36529096486619,23.84374469652207,120.82966128364654,HN,jpeg,2,14845.837221636428,0.5057921409606934,0.37444546818733215,2.453519821166992
282961036881213,36.025363064061,14.258923344808,17.875207993988433,99.00267300670569,MT,jpeg,2,8390.864092332513,0.2079414427280426,0.10481057316064835,4.337407112121582
2898417523733065,12.385310410818,-5.9561351141694,10.079433826417471,-13.595864722110937,ML,jpeg,2,871.7026822721006,0.09664849936962128,0.019851982593536377,4.529623985290527
814006309495024,18.427369706947,-64.568261557542,37.09499644733298,-113.52436151792723,VG,jpeg,2,5177.578206975104,0.4103104770183563,0.2746809422969818,2.6618552207946777
363924908375174,-4.7913317580586,11.855642981142,5.559218263745572,-0.2656802067238353,CG,jpeg,2,1770.9467273594469,0.7492974400520325,0.6191940903663635,1.0677233934402466
520091355848418,69.217861349712,-51.109419049396,66.74859235842432,14.247552663292197,GL,jpeg,2,2607.548496195973,0.29077982902526855,0.12509025633335114,3.2256290912628174
840734783196696,32.126256113931,44.324859980182,36.60715700862285,3.079575746660915,IQ,jpeg,2,3789.31072264544,0.40351149439811707,0.36178216338157654,3.8922131061553955
226163689282727,12.168906318554,-68.967070805139,-6.826698242528177,39.2589988120891,CW,jpeg,2,12140.877276954663,0.427629292011261,0.27381348609924316,2.431788206100464
341214407334376,-19.377102833928,34.400509607794,46.95059317529822,11.026049210249443,MZ,jpeg,2,7738.594879491986,0.36716169118881226,0.2508273422718048,3.44801926612854
894968224414635,34.986110625975,32.668982915426,42.848305219405965,9.999066910001922,CY,jpeg,2,2138.499469448342,0.41330668330192566,0.28510528802871704,3.1045970916748047
462694431488011,18.632063011792,-68.389902993932,11.184467190276361,75.88080735865287,DO,jpeg,2,14882.4342746179,0.1196766048669815,0.05056670308113098,4.914104461669922
857893648147331,-10.905676698416,14.247198141961,-1.6396132572353104,29.20085361152199,AO,jpeg,2,1946.0300412612596,0.19085660576820374,0.005689546465873718,4.061248779296875
382009819762071,39.329365017441,27.62045985936,47.43701186780203,29.00027428695625,TR,jpeg,2,908.3568785248445,0.2166711688041687,0.036097392439842224,4.422055721282959
271875871339932,11.850545983225,38.038235893261,-33.72089939647913,150.3301170787564,ET,jpeg,2,12788.586485887654,0.4342796802520752,0.2984364926815033,2.5763180255889893
525646118616107,-15.637682963249,166.84078278513,-16.29649818180269,174.27659980648434,VU,jpeg,2,798.246943132824,0.9806150794029236,0.9775802493095398,0.18197451531887054
2982805328705469,64.437207664635,24.181485346398,34.25309056850078,-84.66183041585111,FI,jpeg,2,7437.402292615565,0.31250321865081787,0.23261627554893494,4.365168571472168
320116623608771,23.185410152402003,91.17769833999328,23.793785029612586,90.97724474788485,BD,jpeg,2,70.66938876976644,0.517340362071991,0.3987390995025635,2.377755641937256
803534963702486,51.121882315762,3.1082009025971,38.90074518820983,-75.96609853089048,BE,jpeg,2,6054.2811693767335,0.22516582906246185,0.16359928250312805,4.853909015655518
376395010415901,13.924250043571,-61.056412107275,23.457923025622097,120.5718695731896,LC,jpeg,2,15854.607456781709,0.19712288677692413,0.1063254326581955,4.610136985778809
303078421392591,-16.446930463398,-152.24847310031,9.997752349500223,-84.05593313237976,PF,jpeg,2,8054.827084096202,0.43208593130111694,0.275236040353775,2.397495985031128
312172783608841,49.510993358681,6.3452033888591,49.38760091304454,9.141216569362307,LU,jpeg,2,202.5775434800721,0.180455282330513,0.034194186329841614,3.8709421157836914
6235880006437043,-3.1366812272296,-79.214143657851,63.410825580933064,10.406258153208265,EC,jpeg,2,10300.522145639925,0.16644598543643951,0.02817288041114807,4.013679504394531
965921670819949,-10.479678823577,105.67386300715,17.3657957894523,96.92590457015197,CX,jpeg,2,3242.045747383096,0.3749571740627289,0.18659047782421112,3.4184584617614746
925871031561258,-6.2639877158616,107.06741782953,-6.5700914620673565,106.77200959284608,ID,jpeg,2,47.15966120358851,0.8303845524787903,0.7350957989692688,0.8003893494606018
1164097447347216,4.8674337462563,31.519362784566,47.42434814420036,-1.3588874645710545,SS,jpeg,2,5676.608291192301,0.22960467636585236,0.15915708243846893,4.3317646980285645
4396227090475829,-1.2678653976589,36.678122304876,8.052084262815992,38.04999173479012,KE,jpeg,2,1047.4344737567528,0.9426794052124023,0.9277569055557251,0.4362768530845642
865652107497194,25.981085501999,50.457665915183,24.19550886488536,55.949030301940134,BH,jpeg,2,587.4956550487592,0.1297549605369568,0.03478110581636429,4.531081676483154
299799271640333,2.1039771270774,45.331583431777,-17.35905646942646,-66.17631986694678,SO,jpeg,2,12358.208867581618,0.992042601108551,0.9907535314559937,0.07943044602870941
461018955189846,14.544694692651,-60.871651329228,10.008992096590498,-83.97818125448593,MQ,jpeg,2,2559.227515006614,0.18948009610176086,0.06542205065488815,4.031257152557373
848673612668103,42.673726026337,20.952183058644,-33.12876993112295,151.53684067375565,XK,jpeg,2,15616.721351577962,0.10930024087429047,0.006367452442646027,4.553420543670654
1416342685418545,-18.613385898721,-174.00201190817,-8.495247030214744,115.25725390049313,TO,jpeg,2,7686.470873516119,0.8865764141082764,0.8397037386894226,0.6221027970314026
494963678607139,41.553688076193,76.443594560854,32.6057900563326,-5.256056473432185,KG,jpeg,2,7044.905563569081,0.3160577118396759,0.17878742516040802,3.306452989578247
219389349648885,10.15103545444,-0.08621895664982,12.628314858077031,-7.971467628777575,TG,jpeg,2,902.4967289982582,0.958441436290741,0.9334056973457336,0.25426965951919556
3089177431309627,15.373065639057,-61.261521114061,-7.295074792993712,109.70376085571301,DM,jpeg,2,18682.716957094763,0.32329195737838745,0.23638029396533966,3.5400078296661377
267446095163419,-24.410317211088,31.569065250692,51.83652809324916,8.134607005040637,ZA,jpeg,2,8781.03243422548,0.038158778101205826,0.007385317236185074,5.858767986297607
302215634735033,41.271908839255,44.308127758638,-26.367584186414284,27.401336391548647,AM,jpeg,2,7720.421536914955,0.09502288699150085,0.04802744835615158,5.522408485412598
2667851503513129,17.27324849632742,52.95912218803253,32.44705565680576,-4.779625947567573,YE,jpeg,2,5991.456308996485,0.4243271052837372,0.307038813829422,3.1317241191864014
153409713461640,8.790179318271212,17.833063690255294,10.011797118993018,-13.413594973549356,TD,jpeg,2,3429.2592054377187,0.6654518246650696,0.5019088983535767,1.4536182880401611
197648665524336,32.845770012076,3.9393382718177,42.21641181798899,19.404187026170103,DZ,jpeg,2,1711.619455402492,0.0675211027264595,0.00605146586894989,5.610439300537109
186111083366529,51.38944480684,5.6393438286668,-37.72572222090158,145.2573397335715,NL,jpeg,2,16530.307495579185,0.059586234390735626,0.0002533569931983948,4.674778938293457
2778308682433187,46.907087389519,21.768223720096,51.850446656086916,19.510890846884784,RO,jpeg,2,573.3788999758187,0.1994146704673767,0.08675751835107803,4.786843299865723
937732960392917,57.179863762985,9.5235696942098,48.084282520653474,11.54369691947543,DK,jpeg,2,1020.4116460855286,0.10720675438642502,0.00819467008113861,4.664360046386719
1146261095856485,7.3615432427089,134.43713448334,-17.487899833856314,178.0111717584801,PW,jpeg,2,5526.305166957878,0.9754049181938171,0.9697664380073547,0.19100341200828552
481510253092194,55.547652479706,10.237061583967,51.85722919147128,8.376917191842319,DK,jpeg,2,428.19389936234063,0.07332014292478561,0.020255178213119507,5.1756792068481445
373515770750013,52.085212737279,23.57416942403,45.097658081670666,10.03098012302586,PL,jpeg,2,1259.865151238069,0.13376085460186005,0.09006419777870178,5.096481800079346
509958026699758,8.7996562999047,17.834358755261146,12.632289459617358,-7.880838172280511,TD,jpeg,2,2840.2746505041237,0.22850164771080017,0.15395092964172363,4.423625946044922
898715014311013,48.970224789976,9.8639365242088,36.16858408167592,-97.03571479269645,DE,jpeg,2,8125.379710381249,0.069289430975914,0.007250063121318817,5.115346431732178
1199206943853136,-16.678932002412,-60.816984800192,-13.694073027729688,-73.24096157252296,BO,jpeg,2,1373.577139501732,0.713208019733429,0.6157745718955994,1.408698558807373
498260671492955,-38.013275055456,-73.225185383762,-17.345585057987172,-66.1661689784111,CL,jpeg,2,2398.929924276506,0.1345181167125702,0.024067699909210205,4.127955913543701
894859321231304,12.227082918058008,-69.07847800166279,-7.254578041850174,-35.34696165359784,CW,jpeg,2,4312.37890498537,0.18982836604118347,0.07547318935394287,4.47041654586792
1389207538112280,-18.237830811581,177.83923612892,-17.588661347309575,176.99394196577214,FJ,jpeg,2,114.93149822106872,0.7223935127258301,0.6704576015472412,1.4463355541229248
853984918525885,16.723203555806,-62.23130997289,20.94290962035064,-74.42142252084682,MS,jpeg,2,1365.4169457456114,0.36114072799682617,0.2767256498336792,3.6434779167175293
122049223635653,-9.093844554597762,143.20550105803093,5.024386920798205,-1.6101427658730798,PG,jpeg,2,16107.945867401311,0.41866666078567505,0.10478925704956055,2.3473703861236572
503430330798585,15.754797111762,-86.834109918362,-17.366894233421576,-66.18866465922349,HN,jpeg,2,4322.650043951541,0.871123731136322,0.8468808531761169,0.8210369944572449
909387153127451,28.736208967151,48.003263644262,35.13927617796327,-111.07902585174536,KW,jpeg,2,12581.196006077322,0.4238802492618561,0.3422081172466278,3.418762445449829
906902016543352,31.331782024306,46.203432956327,40.20235663738927,69.40844844689971,IQ,jpeg,2,2305.023645210367,0.3254457116127014,0.015681743621826172,2.3876445293426514
2928214434172169,1.1206763559822,104.10141369167,1.1359909056271678,104.03316705108513,SG,jpeg,2,7.775963285160175,0.9164263010025024,0.8525876998901367,0.3974280059337616
450152016285778,44.280050101707,22.571319099243,35.158719912563676,-102.98994737055715,RS,jpeg,2,9614.664826437845,0.41606757044792175,0.37534448504447937,3.982088565826416
364335675754039,27.44091865174831,89.6695301948495,41.027723576917275,-111.89900084548746,BT,jpeg,2,12083.640991113516,0.2777003049850464,0.1722758412361145,3.6206493377685547
1465192193846342,49.242897458505,-2.1257188472841,52.120144258091486,-2.3614102664097936,JE,jpeg,2,320.36542204538534,0.6953068971633911,0.6760343313217163,2.2601349353790283
307943760727803,32.017590561359,35.44667005004,26.31961203310731,67.81888506571755,PS,jpeg,2,3193.9303663393953,0.4537695050239563,0.37172403931617737,3.192783832550049
460785571683103,37.925916394446,71.433043060589,41.91018440281571,-111.02094961887946,TJ,jpeg,2,11134.233117334508,0.11621253192424774,0.03328850120306015,5.189754962921143
1128725237604299,-29.134916665635,150.74974999676,38.56480730387449,-109.61707852430798,AU,jpeg,2,12753.599134661768,0.13276907801628113,0.04258417338132858,4.798199653625488
490647468911155,40.963268605415,72.227703152599,50.01990090687835,8.090776334348472,UZ,jpeg,2,4941.400171911259,0.11907956004142761,0.0669732391834259,5.133364677429199
333643931662411,5.6383973900144,16.079947991405,-37.78336633262005,146.4210110892372,CF,jpeg,2,13866.408618966116,0.23283545672893524,0.14055970311164856,4.0172929763793945
1227174381045729,47.768093183573,107.23115509769,42.53865492366654,-105.36794775136374,MN,jpeg,2,9475.751935535172,0.6932202577590942,0.6346611976623535,2.1192309856414795
1407497409603690,3.0843020507054,19.86280519181,10.054789888347667,-14.058618254810947,CD,jpeg,2,3823.348994838878,0.2904801070690155,0.007995814085006714,2.852004051208496
3723636841075361,45.568657163831,14.018918146853,23.470873030992866,120.55825926969432,SI,jpeg,2,9359.058967610072,0.35708752274513245,0.1745435893535614,3.124444007873535
165305525550262,8.3525370889256,-10.025850369874,38.776840798988154,-78.5135203843047,GN,jpeg,2,7566.646706597527,0.19221384823322296,0.07001617550849915,4.03720760345459
340729614142712,18.491135,53.019456388889,29.050263078382578,32.65993794976508,YE,jpeg,2,2375.7728806752716,0.5663855671882629,0.4036633372306824,2.3297884464263916
454659182301876,-11.625933853582,43.262174830246,-27.970342329054088,153.26636520639144,KM,jpeg,2,11299.595522778201,0.5563073754310608,0.4819925129413605,2.4969828128814697
668193423973890,-24.287426139806,25.329460617088,38.59618446699178,-109.70005823045979,BW,jpeg,2,15513.434996594726,0.18919695913791656,0.11222822219133377,4.347999572753906
838630760070492,25.060757368329,105.86456403205,24.101129665905095,120.83552673154038,CN,jpeg,2,1516.8111007051104,0.9138525724411011,0.9084327220916748,0.7308121919631958
390606075408650,42.986310463262,19.555681585034,43.86173127230808,5.978289070538962,ME,jpeg,2,1099.5642292993255,0.1593613475561142,0.08144675195217133,4.345836639404297
131134676170300,-12.948481303182872,45.128315287832365,-8.530022177267035,115.24873131130012,YT,jpeg,2,7654.693814324218,0.2821929156780243,0.0762818306684494,2.8624658584594727
1792656240942534,13.919496365755608,-90.97051612073146,24.73883527909987,120.97200794903993,GT,jpeg,2,14493.79217252033,0.3542397618293762,0.18273775279521942,2.4456682205200195
170823461623752,16.241110201764,-89.025642613932,10.004750197185949,-84.05397425638623,BZ,jpeg,2,877.7207587703326,0.2406434416770935,0.15888068079948425,4.211864948272705
326797512347685,20.477204466217,103.99483406515,28.16139876559942,83.82668269328653,LA,jpeg,2,2211.0755892031766,0.8731138706207275,0.8265478014945984,0.7008074522018433
603719283920573,40.194963555707,44.545682589004,-17.39015726268116,-66.18110984410254,AM,jpeg,2,12987.531430779653,0.7763770222663879,0.7442000508308411,1.6737998723983765
307023807471036,48.822446939892,15.635962976885,40.281443282851924,-109.8791740507142,AT,jpeg,2,8758.130220414241,0.5596838593482971,0.5139485597610474,2.8686671257019043
1360919617610849,48.744206328516,20.484833979395,43.339697843480074,-72.28543582314786,SK,jpeg,2,6724.689603701226,0.10131747275590897,0.051415227353572845,5.221297264099121
4130359377021158,12.744808419842,-86.016174505038,-17.385335311799725,-66.19457144782666,NI,jpeg,2,3995.173498783235,0.7618488669395447,0.6382654905319214,1.0747026205062866
186509513837116,-9.162518629974178,125.26855431414576,-8.575724274379391,115.81238126352234,TL,jpeg,2,1040.9200871596813,0.15450289845466614,0.03158625215291977,3.834284782409668
305027981215954,-18.157704641057,178.42394691893,-12.725605082387586,45.155243422065666,FJ,jpeg,2,13845.598529334446,0.24514135718345642,0.14888575673103333,3.7327911853790283
156576193076602,-0.78254800116056,36.454570001926,-17.36520626057871,-66.18468439600719,KE,jpeg,2,11321.250861825376,0.5929896235466003,0.5260101556777954,2.2927405834198
713195779986935,15.71706020536666,-87.91892889999826,1.125946856266853,104.03624140373539,HN,jpeg,2,17727.510133546457,0.40109848976135254,0.31401169300079346,2.6413652896881104
211686643757850,18.378333055477,-65.856644722755,-23.42357273519702,-47.463897836486204,PR,jpeg,2,5058.823277640245,0.31289154291152954,0.22470173239707947,3.4734864234924316
1127316044444733,45.524200027704,20.00828632566,-17.400759269219787,-66.26184547141865,RS,jpeg,2,11095.23941937119,0.09559419006109238,0.018764227628707886,5.255302429199219
1705161749686063,1.6727266549458,109.85191823171,-7.459940834294045,113.10540560684308,MY,jpeg,2,1077.738014196746,0.9169620275497437,0.89972323179245,0.5608996748924255
1180959432346280,4.2166399722222,-55.441371916667,22.47142153609593,113.26827127724324,SR,jpeg,2,16803.741310909834,0.17747217416763306,0.009882107377052307,4.2176923751831055
152378826822821,62.297150880353,-6.3605044614883,62.096166978503916,-7.190126678961588,FO,jpeg,2,48.485900601023644,0.906983494758606,0.8579978346824646,0.45086008310317993
2163885233752606,46.261529486069,41.00615902421,38.00796530813725,-98.03444830761183,RU,jpeg,2,9793.958521331382,0.2785404622554779,0.19760555028915405,4.072079658508301
828943404645761,-4.2440126883445,39.574345953224,5.167051259671468,-3.053429130682078,KE,jpeg,2,4848.718147796408,0.32627758383750916,0.13045361638069153,3.527829170227051
145074444769704,19.85141683329288,-70.79678177411726,-33.173438842689826,151.4492297048932,DO,jpeg,2,15592.74226763791,0.9684883952140808,0.9587152600288391,0.27397656440734863
167921538557854,32.347416850468,15.10321327924,-17.399191121991464,-66.19809342092219,LY,jpeg,2,10250.159912856547,0.3446987271308899,0.27805835008621216,3.888517379760742
628318788994208,13.152619444444444,-59.56710666666667,21.985179576819466,-79.88929527720546,BB,jpeg,2,2364.1488934480813,0.18149982392787933,0.05117148160934448,4.28866720199585
842741859611073,16.018956092128,-61.581760537768,-21.29152375790796,55.490068754135876,GP,jpeg,2,13400.786314386329,0.3350686728954315,0.24239328503608704,3.402454137802124
310752417096783,66.229694079253,29.133889499018,47.46768369081836,-121.80458895011836,FI,jpeg,2,7131.776364090445,0.1654060333967209,0.07904741913080215,4.7303056716918945
280932113713079,11.564178753638,15.28787472986,8.511040202298073,1.6856134077311864,CM,jpeg,2,1527.2623900139517,0.43752211332321167,0.29799896478652954,2.8349907398223877
306629164189671,31.994107162003,34.880880875532,-36.822585723459504,174.6957210285984,IL,jpeg,2,16316.91570871556,0.12946349382400513,0.0033030658960342407,4.465092658996582
375713220429607,-20.444336397825,57.719071106087,-38.12787286891271,145.1689022388666,MU,jpeg,2,8407.857494683207,0.33126580715179443,0.24231897294521332,3.8931961059570312
935998006944813,2.0128177809748,-157.40717950301,37.06163590283338,10.431115540082189,KI,jpeg,2,15492.335613472274,0.14951062202453613,0.036684855818748474,4.597431659698486
243279310922728,22.002956746269,59.647583227775,36.18527970003869,126.72788698995342,OM,jpeg,2,6578.430404770506,0.12147054076194763,0.023375749588012695,4.724057197570801
302369984598824,4.2729453578223,11.366798338452,10.1674961088496,-84.84429005700625,CM,jpeg,2,10601.18596396204,0.372183620929718,0.31859636306762695,3.920569896697998
1410294946017903,39.031705816026,125.75630076806,6.183408821723847,1.2087476444146403,KP,jpeg,2,12423.032879923314,0.1553991436958313,0.03561657667160034,3.4539577960968018
557405362093639,36.954042854563,8.9131949083518,-19.884240178085786,-43.89425646592841,TN,jpeg,2,8399.08668597457,0.3034653961658478,0.2553463280200958,3.9255945682525635
508273253877668,60.696459628121,23.784802432989,51.72710691881849,10.381201186813552,FI,jpeg,2,1291.794752123792,0.07358040660619736,0.008287250995635986,5.91888952255249
822631438351061,41.306291815096,76.061806069928,19.47206857582822,102.061775009247,KG,jpeg,2,3454.2110653132504,0.16107195615768433,0.06249470263719559,4.349467754364014
1138310456645189,43.382281881015,16.41157939924,53.45867802671307,-9.951706387053774,HR,jpeg,2,2226.184835125095,0.3626518249511719,0.2931796908378601,4.347963333129883
222871899226271,-15.510435536345,40.349633637766,0.4715296757649961,-76.55222633138487,MZ,jpeg,2,12897.197738842078,0.25996193289756775,0.07516226172447205,3.426619291305542
653703302135487,21.606686370966,39.215434593079,29.1510710127477,32.53076799308122,SA,jpeg,2,1074.0413671506728,0.13279341161251068,0.04870664328336716,4.332725524902344
512353726583180,57.378685294191,22.247361108176,-32.87126130871444,151.5293459661931,LV,jpeg,2,15351.16296765568,0.1548302173614502,0.04216209053993225,4.949491024017334
221188212807394,5.9007667928315,15.424776553249,5.543948931699671,-73.55921619897312,CF,jpeg,2,9832.399861252765,0.10474914312362671,0.04196390509605408,4.902684211730957
319019459840888,18.609369461477,-74.151456712619,44.56259552529558,-78.86861315668595,HT,jpeg,2,2918.985960569867,0.2216028869152069,0.08733485639095306,4.238023281097412
3291218371154050,-17.313447180213565,37.46183809351605,12.286953674350112,-8.218909349618489,MZ,jpeg,2,5999.7572693342145,0.2977125644683838,0.10885156691074371,3.1305840015411377
584561212946534,-19.59947361892,169.46805368552,48.326682275131965,19.26592857338828,VU,jpeg,2,15853.130799246996,0.404751718044281,0.35139110684394836,3.5886878967285156
304491461128491,-24.913992289767,-56.992001471465,23.44717086246105,120.50203272320661,PY,jpeg,2,19713.07077288772,0.20130041241645813,0.1483207643032074,4.682950019836426
297816615150376,21.480754782652,-71.133236713743,21.130167067103,-73.6122614370896,TC,jpeg,2,259.75450528524607,0.4860129654407501,0.20783966779708862,2.070920944213867
393440354996585,52.70481457742,27.450028836652,54.01657907906823,26.482197313359848,BY,jpeg,2,159.37083765244003,0.10021725296974182,0.042182981967926025,5.261868476867676
473720683849376,40.29467551394,43.521641209406,28.987650511809942,32.580677957925474,TR,jpeg,2,1604.2688311119578,0.4330361485481262,0.23863837122917175,2.719907760620117
454870842476357,28.72600008284,48.263573067355,24.453262606432794,54.599534548896585,KW,jpeg,2,788.8212178158528,0.204217329621315,0.07355189323425293,4.575728893280029
151442870324225,56.727613998069,9.8232903910496,29.816669049403135,-97.09742945719834,DK,jpeg,2,8218.199350653018,0.2138669341802597,0.15805640816688538,4.828850746154785
3734785956631637,-32.223694448748,147.71777777513,-32.30754369165994,148.50413307989479,AU,jpeg,2,74.5220056742748,0.9678675532341003,0.9627161622047424,0.2866734564304352
2674396816191889,2.5936083377885,9.8483489898272,17.2316794994134,102.62586141776994,GQ,jpeg,2,10216.741910936895,0.33036869764328003,0.046663910150527954,2.389268398284912
1379450249134838,11.1299017047619,42.37458637619046,47.00714923957244,-118.69271249155277,DJ,jpeg,2,13282.44088345316,0.07420255988836288,0.005664445459842682,5.205266952514648
275414690944598,-13.67751150128,-71.664754722863,-21.03099888415813,55.28610765684463,PE,jpeg,2,13055.127068602435,0.28926917910575867,0.18316712975502014,3.6997547149658203
1234218287109955,-20.82413546364793,164.48620687630458,37.01365025487581,-113.57416100597585,NC,jpeg,2,10705.706954463354,0.18332912027835846,0.1418970823287964,5.281599521636963
302961411491361,46.996007579057,27.801513788055,46.72254313646629,-117.26558152844447,RO,jpeg,2,9054.071569536225,0.15612639486789703,0.02714332938194275,4.668309688568115
948698085931649,49.321417002248,19.543460957034,49.37980954423945,20.74045252460626,SK,jpeg,2,86.94657850106917,0.1522805094718933,0.019088074564933777,3.5224626064300537
328279275310503,2.1101448348,45.328888943853,-17.350935624560044,-66.18053639248602,SO,jpeg,2,12358.65145847463,0.2591659426689148,0.13002519309520721,4.21156120300293
3938529579574500,12.745875526918,-6.8748541915599,18.750215494197224,99.01739965150155,ML,jpeg,2,11173.487367408,0.052231598645448685,0.006956178694963455,5.214793682098389
1194874720960051,12.083080655367,-61.701340518071,13.219150476180525,-61.21671605328443,GD,jpeg,2,136.8303805857998,0.08837323635816574,0.0012360736727714539,5.521574974060059
2660802827398825,16.196727547951927,-16.262142180464767,17.255943091410632,102.66411920761198,SN,jpeg,2,12359.483199376476,0.2555105686187744,0.18059098720550537,4.184822082519531
474318140350732,-30.186929671859,28.721722313277,-1.6472910868361597,29.226199819749926,LS,jpeg,2,3173.9095989854727,0.06958799809217453,0.0055754706263542175,5.439655303955078
131538628927343,23.927591478789,56.89006326826,13.33400608158741,-6.625632783889775,OM,jpeg,2,6743.730285027612,0.08888226747512817,0.045387834310531616,5.457491874694824
956252018280238,5.6732085786965,16.632589745091,-24.96298597547168,-48.40983245086297,CF,jpeg,2,7804.545274510116,0.08059076219797134,0.011135727167129517,5.054287910461426
986557568784559,47.96199867689,3.329329196682,48.033308460865086,-0.9209477322023067,FR,jpeg,2,316.31093878118827,0.4870341420173645,0.3509198725223541,2.573406457901001
858888201360481,27.431311876486,89.411968800978,-2.110743235677097,-78.70238603664339,BT,jpeg,2,16928.408734620407,0.10526144504547119,0.03936374932527542,4.684035778045654
1122494928228049,-6.2923231452892,176.31516236757,11.131985764331626,103.41796821060719,TV,jpeg,2,8294.488877120764,0.6358941197395325,0.505605936050415,1.7345702648162842
822289958383794,41.363620514254,46.930408712763,35.14568835985163,-111.14072411510794,AZ,jpeg,2,11218.20228246053,0.5237666368484497,0.3967801332473755,2.3245060443878174
507580496941067,41.24483557588,71.582892060753,62.30453855344832,17.332128109482746,UZ,jpeg,2,4226.409180354902,0.058478981256484985,0.007036954164505005,5.427486896514893
850897392160274,15.37337039371,101.11838827961,48.984738332182495,-0.2689171813066726,TH,jpeg,2,9528.647064185436,0.15225544571876526,0.021301373839378357,4.348827838897705
1479666545728283,-2.207944528615442,29.59226081231841,-33.139375252452794,151.44633402642683,RW,jpeg,2,12772.707596738073,0.2690633535385132,0.0882045328617096,3.425421714782715
580789552886656,50.678594855093,4.8188742178492,48.053866767365236,-1.5919711876899285,BE,jpeg,2,548.0555192293931,0.09052275121212006,0.038950443267822266,5.1042585372924805
795872621134242,21.469950825343,-71.131968567748,21.25526744902667,-73.61438924465381,TC,jpeg,2,258.17054485239873,0.9073781967163086,0.8941112756729126,0.6447836756706238
537185557301814,21.468632587884,-71.131614335596,13.835004483386674,-60.973289304420696,TC,jpeg,2,1369.873906282434,0.37941035628318787,0.13547734916210175,2.697908639907837
533124681034633,9.6221481881675,5.9902728883701,10.007280667559668,-12.109120478117942,NG,jpeg,2,1983.3215822341963,0.3679133951663971,0.2346939742565155,3.2220585346221924
459637375114061,16.326241192515,-61.485416089177,24.976272168084453,121.34883807762189,GP,jpeg,2,15412.194631275082,0.46165335178375244,0.31365275382995605,2.350632905960083
761065858107101,18.02556598756,-63.076095445477,-17.377445236923172,-66.26158163987917,SX,jpeg,2,3952.0298151445118,0.6064975261688232,0.49412259459495544,2.2831010818481445
175886771114688,37.132743072818,71.445580058334,41.91314937025209,-111.12612623066684,TJ,jpeg,2,11221.707399898496,0.8735973238945007,0.8526528477668762,0.8942517042160034
3028763490743210,44.505071370572,14.497751817403,41.56896646816961,1.429327898450366,HR,jpeg,2,1109.736167676722,0.2531127631664276,0.05219586193561554,3.1685843467712402
4083027895078105,6.922264444172,81.810604007404,17.291466340468304,79.68839706792411,LK,jpeg,2,1175.791512159605,0.8281192779541016,0.8046521544456482,1.2367416620254517
196273232181806,10.57170873112,-61.274575577684,-17.37832696881398,-66.20622872851109,TT,jpeg,2,3154.786724210708,0.15941499173641205,0.07586237043142319,4.792789459228516
311046543750546,5.8181956657151,-55.229591655912,-17.35952956969932,-66.17999806351926,SR,jpeg,2,2844.1304925057802,0.9237943887710571,0.9140136241912842,0.6268918514251709
1340777496415094,-24.184041937054644,-56.01406804634483,-24.228578538773803,-56.107479085699836,PY,jpeg,2,10.689867074658466,0.9825981855392456,0.976353645324707,0.13799764215946198
320265609670289,38.422783933334,-28.447899110035,23.943891359912538,121.61108343486839,PT,jpeg,2,12410.216017179082,0.16499215364456177,0.0011024624109268188,3.974161386489868
587462658901340,49.482634783129,7.2198204378864,49.09127833602233,1.2129674776993533,DE,jpeg,2,437.72194335170127,0.10232158750295639,0.014117725193500519,4.858733177185059
1117419915461502,-13.3507635470948,24.07831798797145,10.483319462491378,36.50531739110471,ZM,jpeg,2,2984.0020339155158,0.2121805101633072,0.08726579695940018,3.4027090072631836
293849812373143,21.729330866875,58.283925067403,35.001596881431,-110.88527274808017,OM,jpeg,2,13604.147723970724,0.07627130299806595,0.012837961316108704,5.36266565322876
913136816207204,27.685309394915,84.245084160599,24.823437006060704,46.67911962179844,NP,jpeg,2,3745.503045510225,0.04303314536809921,0.011315625160932541,5.9411845207214355
1427947294218129,38.134538979321,20.602291273787,13.23712188010097,-61.21894154408027,GR,jpeg,2,8395.588596300367,0.3240160346031189,0.23279187083244324,4.038381576538086
950864868999393,51.137636946693,23.395299320308,50.02277578333765,18.82885184422825,PL,jpeg,2,345.36675146840827,0.8826228976249695,0.8608593940734863,0.8814622163772583
223308666224105,10.524123082769,-2.6530083555487,2.1366864494622027,32.56261699950664,GH,jpeg,2,3997.825463033063,0.9761804938316345,0.9730169177055359,0.21942555904388428
202168424910797,63.087501381586,29.619921161522,61.49484276713107,23.74511714032715,FI,jpeg,2,351.4126660384653,0.1122514009475708,0.013619370758533478,4.830179691314697
134334415352783,34.771117780932,10.388663407803,32.416596881366594,-4.747238993490597,TN,jpeg,2,1424.7147606082842,0.06428341567516327,0.01912308856844902,5.5853681564331055
1123967504754624,2.462911169111,9.8411851986574,42.73642388687939,141.39271338499546,GQ,jpeg,2,13035.394906098978,0.15019480884075165,0.021938160061836243,4.706603050231934
563150931329907,-16.454467194083,-152.25488087725,49.26745807160752,-0.6481534948773527,PF,jpeg,2,15558.552687332935,0.17818665504455566,0.07523642480373383,3.6813161373138428
527782441730123,19.613317472222,37.21518325,19.240838051304014,72.93195338208774,SD,jpeg,2,3738.6826717728077,0.44300439953804016,0.37232545018196106,3.39215087890625
874132063313509,2.1211650392132,45.325477296944,-17.368075421299167,-66.21216771945885,SO,jpeg,2,12361.860178851486,0.2371715009212494,0.12906795740127563,4.352713108062744
1414690518888723,4.4280699971271,-7.3572366993037,12.614597934859663,-7.994221702105036,CI,jpeg,2,912.9865941665906,0.8680825233459473,0.8272831439971924,0.842332661151886
1488652064809969,31.757099517069,35.492951999494,23.42036174531066,120.49022675240421,PS,jpeg,2,8217.818981408902,0.10443373769521713,0.01775863766670227,4.688858985900879
548267689892757,4.8188638046841,31.553307958678,37.11061865155998,-113.51172151647195,SS,jpeg,2,14113.449431794348,0.8930500149726868,0.8837120532989502,0.8623941540718079
151479410277523,13.926511407569,-90.820049410327,11.014746975114772,36.66207408126019,GT,jpeg,2,13594.691316824337,0.3125627338886261,0.17454998195171356,2.922459363937378
282741450237053,40.63918244788,14.689358309553,44.33476285636187,8.287320074044526,IT,jpeg,2,666.3162157904904,0.30329254269599915,0.13709275424480438,2.884481906890869
466856821203613,32.362756289357,15.075112091192,-17.408755491331448,-66.1664325155731,LY,jpeg,2,10246.009459020293,0.9910497665405273,0.9835851788520813,0.062040552496910095
503692787493112,-8.4956747146718,28.873913205907,12.612367854470648,-7.983248900244973,ZM,jpeg,2,4700.057792897412,0.31085464358329773,0.18041835725307465,2.9033138751983643
129527739201981,50.74400552946,15.089402768176,50.05679652990237,18.815319401680753,CZ,jpeg,2,274.88293615632404,0.12239431589841843,0.0199197456240654,4.454163551330566
459080448727005,43.398268683651,17.872251876102,37.757465609583996,-113.14561613920038,BA,jpeg,2,9729.082698238892,0.1778998076915741,0.06429426372051239,4.581149578094482
2599771000325900,10.491317886291,-66.940783689543,-17.385255670511434,-66.23506957774582,VE,jpeg,2,3100.7032751744173,0.44255682826042175,0.29622992873191833,2.144350528717041
1586218158513391,-35.09726470656671,-71.96444205112698,-33.82364008294047,150.7518116135722,CL,jpeg,2,11156.371352041768,0.16025424003601074,0.05281740427017212,4.3331403732299805
790312034924185,6.4665061966066,-73.264673048874,24.84818036636608,120.99652872662865,CO,jpeg,2,16206.0887847181,0.24187879264354706,0.07738561928272247,2.8081727027893066
3828714587227647,-28.982228650362,17.795137519664,35.01128007840346,-110.8951561127537,ZA,jpeg,2,15182.708658621425,0.2160479724407196,0.11466503143310547,4.056272506713867
915335685911826,-26.650343222475,31.676701721271,48.8499381411889,9.456561304412613,SZ,jpeg,2,8681.09671375002,0.05674848333001137,0.01838245615363121,5.593112945556641
295989332000056,-21.294072972472,55.453451741806,-20.92927323849404,55.355450295237375,RE,jpeg,2,41.81832315840073,0.9030318856239319,0.8726580142974854,0.6044324040412903
762826894424335,15.953620769688,-61.226106662441,-25.48773744865105,-54.64650409379817,GP,jpeg,2,4662.828866222295,0.16790266335010529,0.08789930492639542,4.141220569610596
748877299000226,37.48624814219,-5.6260757420713,42.55455346074151,26.478679570011955,ES,jpeg,2,2773.8904774209295,0.8794993758201599,0.8710601329803467,0.9427801370620728
995130811306873,23.092040987381,59.032220074214,36.21393091975115,127.06452089530062,OM,jpeg,2,6602.677410568748,0.5565120577812195,0.5209192037582397,3.130274772644043
173462692069034,50.00493277190843,-109.16881836125964,41.243634173511374,-105.51800713789713,CA,jpeg,2,1014.41003167157,0.5245845317840576,0.3573267459869385,2.4991331100463867
374397180633667,51.090338894144,4.5540810997605,66.57495551382671,14.498809703308442,BE,jpeg,2,1809.1803883163793,0.08657678961753845,0.013741455972194672,4.886970043182373
925791128266982,3.9464155812419,-59.099715656841,42.45499826245481,20.885627350497963,GY,jpeg,2,8890.359825546846,0.2276264876127243,0.09825199842453003,4.126077175140381
1008151256597783,5.4088235841337,-54.080394782482,-33.14636704573665,151.4856860301155,SR,jpeg,2,15952.379243438168,0.05760441720485687,0.01330883800983429,5.507465362548828
183020897030038,12.165472591779,-68.284782803721,-17.40018203273162,-66.21795104665559,BQ,jpeg,2,3295.3779097672573,0.8666284680366516,0.851821780204773,1.0214152336120605
497361505026790,24.459011977771,39.707017834424,23.435168428895096,120.30010829246396,SA,jpeg,2,8058.506409897389,0.1999957114458084,0.03718622028827667,3.9380013942718506
312120757154735,47.999359257395,28.38593989914,-17.94365749930927,-63.29564988109488,MD,jpeg,2,11601.765173990942,0.6141974925994873,0.5572344064712524,2.4359281063079834
507960406990835,40.602484593203,70.9323931635,54.97959476021082,-7.71136767174746,UZ,jpeg,2,5756.955715210456,0.4572908878326416,0.36211758852005005,3.47930908203125
1068908920302393,28.118257713069,84.092550077463,28.263677493223817,82.756454190656,NP,jpeg,2,131.93764489083136,0.7048584222793579,0.5651919841766357,1.1367521286010742
2455881761214087,9.3112240684333,7.2316171757752,-15.411274421071626,28.354412911153407,NG,jpeg,2,3601.5773419399693,0.6726704239845276,0.5867874026298523,1.7514557838439941
308361434006892,4.4588854980948,-75.339098450144,25.886962874436747,-81.28657843241983,CO,jpeg,2,2465.517854354104,0.46875855326652527,0.34661170840263367,3.1429035663604736
155484156583350,-42.588544997261,171.13273084297,14.689102787534862,121.01566346456936,NZ,jpeg,2,8165.903197949565,0.07641331106424332,0.0032057389616966248,4.98864221572876
792143884742189,53.499641726189,-10.025130557347,34.245911091058574,134.6684335747042,IE,jpeg,2,9681.842526333197,0.26047810912132263,0.16792239248752594,3.8116066455841064
538480140482205,46.417273237497,15.981580762317,15.778287458181289,73.93909044088225,SI,jpeg,2,6305.31396917874,0.04558249190449715,0.009808342903852463,5.804154872894287
968891463855525,40.418204733364,44.58904057928,-17.363464839669337,-66.18670163559723,AM,jpeg,2,12990.14805199844,0.2187517285346985,0.04697324335575104,4.010761737823486
2562980810671463,39.539716862316,22.649912734594,42.47756033817022,26.417105321991546,GR,jpeg,2,454.475689166709,0.2309996783733368,0.024934440851211548,3.58394455909729
840569223558585,53.471437474357,30.369358954069,50.03279062423602,18.81645341849073,BY,jpeg,2,881.0330224853321,0.35178548097610474,0.2812241315841675,3.9218673706054688
212713197082595,42.7199422641,21.124316375918,23.793881104821942,90.37369642026906,XK,jpeg,2,6583.962835417713,0.17759819328784943,0.10983553528785706,4.698731899261475
300368228286972,2.6515753388508,99.632830332947,-7.360603564288259,113.36434375195626,ID,jpeg,2,1887.0282869363741,0.36568519473075867,0.24448177218437195,2.928952693939209
803382520382829,-28.928078796683,27.877133995547,44.84753123439402,1.2411520357624668,LS,jpeg,2,8636.487209079052,0.6057614684104919,0.5251657366752625,2.127418041229248
1251699818583166,9.3253458360703,36.511457430463,-15.699166009992021,-48.12413862810099,ET,jpeg,2,9720.963080828069,0.19735346734523773,0.13546723127365112,4.613414764404297
134346362021204,-20.169316372954,57.574783850557,-17.349800904875,-66.17723218252195,MU,jpeg,2,12594.468085097742,0.14467434585094452,0.07498688250780106,4.881165504455566
2659684644176450,15.207410023546576,-14.26851329497232,23.449978678008872,120.51796411800413,SN,jpeg,2,13486.04800731219,0.17823871970176697,0.09693042933940887,5.043200969696045
338266731040151,-27.714887442632,27.237097549584,10.938334638309392,36.936191225310836,ZA,jpeg,2,4423.238364772881,0.15231752395629883,0.02402198314666748,4.067296028137207
290719459343271,25.048779030648,-77.341776655437,38.574954331605475,-109.61411305222127,BS,jpeg,2,3376.0837392624294,0.05850115418434143,0.010831158608198166,5.673095226287842
592656634965955,46.682736593205,21.206630159237,48.09825222715167,-1.6410951532945834,HU,jpeg,2,1720.751674092497,0.08618500828742981,0.027141492813825607,5.230618953704834
327481305476197,3.6341919176295,72.959377283817,13.029839037966632,80.34778842328261,MV,jpeg,2,1323.1326426259081,0.39672085642814636,0.23003512620925903,2.8747029304504395
511298200008833,41.001835659413,71.969851087691,5.562735301788666,-73.49388528990828,UZ,jpeg,2,13757.247567668459,0.66327965259552,0.35479891300201416,0.8606116771697998
1048097032779725,43.42241145892943,4.995993425198574,-36.02176268945063,146.15625154212287,FR,jpeg,2,16625.66645165903,0.4221421480178833,0.348469614982605,3.3046789169311523
275678077530743,-17.141803188939,177.19494791591,-17.459460203125555,178.1442091948163,FJ,jpeg,2,106.78808390639182,0.7495052814483643,0.682716965675354,1.5168004035949707
292380389132080,14.868771348072,-61.121170377502,5.316024736956466,-4.147202929377711,MQ,jpeg,2,6310.418923234195,0.4479922354221344,0.358447790145874,2.5838072299957275
195963679022241,41.444760586953,46.861020646343,38.899361669427826,-75.82353122164176,AZ,jpeg,2,9365.451892241277,0.3623952567577362,0.3242949843406677,3.979710102081299
967102544034985,16.986811638045,120.77076999861,-19.900277060288154,-66.46575098744067,PH,jpeg,2,19186.000158857558,0.29791244864463806,0.24780140817165375,4.392624378204346
132001678913743,-38.053559635768,-63.429009930635,37.699107729108505,-109.5240014037709,AR,jpeg,2,9656.176013617836,0.20284806191921234,0.12823112308979034,5.00400972366333
4323012444383952,-25.366368202834,-57.609654895019,-17.377154058893215,-66.24735094062311,PY,jpeg,2,1259.7930873072992,0.628510594367981,0.5699095726013184,2.226980686187744
1156261378535995,32.32323776884,-64.709264213971,14.42726647581923,-90.59084726570346,BM,jpeg,2,3290.925972935463,0.7094248533248901,0.5765652060508728,1.5527374744415283
1022165461521852,10.726476338495,-14.376868641028,37.105352302248235,-113.51428337747136,GN,jpeg,2,10084.974196161322,0.32276347279548645,0.2659344971179962,4.155773639678955
193167485884135,44.181071716568,19.719133913291,44.345016791671114,-78.71741499114697,RS,jpeg,2,7302.856336208741,0.45663556456565857,0.374010294675827,2.8714187145233154
2679866852305147,50.425563977087,60.525062163106,-20.88886908249911,-49.344335725894496,RU,jpeg,2,13176.39259340065,0.45770078897476196,0.40690743923187256,3.2654237747192383
924145305018051,45.915356124611,13.677818254528,1.3700129261965024,103.78369807871287,SI,jpeg,2,9906.311459581797,0.11589746177196503,0.04187234491109848,5.217841625213623
3991894140857885,6.396085635246,-10.578195078991,8.34505055447913,-13.063209261353997,LR,jpeg,2,349.36271063700104,0.11495610326528549,0.0030452609062194824,4.086942672729492
3753076561487105,2.0937663139626,45.333850241529,-17.362831982190556,-66.1718320103826,SO,jpeg,2,12357.593043934914,0.8170189261436462,0.7597509622573853,1.0194586515426636
4014259028668392,-23.777002866313,29.535916133115,35.126204611189706,-111.11162830294434,ZA,jpeg,2,16030.771231054565,0.6579667925834656,0.5846903920173645,2.274237871170044
1164259444051011,-33.004571460529,-56.45950492044,13.235544432098731,-6.588385595367765,UY,jpeg,2,7375.808890432555,0.14191655814647675,0.07686541974544525,4.4980669021606445
427797935584192,-3.381688479243244,-44.524339863567576,11.225079175683435,75.87171893940419,BR,jpeg,2,13394.370615334657,0.2501329481601715,0.013545691967010498,2.762132167816162
348228456711934,0.368039651477356,6.712420799552506,16.774276182937257,94.28833836615696,ST,jpeg,2,9737.658012924107,0.3067781329154968,0.1597563773393631,3.5324676036834717
4037485459669920,4.8556815609205,31.589953699137,19.735965749848866,101.70383802815292,SS,jpeg,2,7745.73530305735,0.22007223963737488,0.10924524813890457,3.900456666946411
157040263028996,18.045966582305,-63.112275507715,37.09941082072272,-113.55009291699712,MF,jpeg,2,5331.038333645226,0.1529807597398758,0.060231633484363556,5.017406463623047
1124425647962016,-8.100649444444445,156.82296055555554,8.056065404725798,98.73075064979173,SB,jpeg,2,6683.694400262791,0.2517109513282776,0.05059035122394562,2.844003677368164
190098606266094,55.069795005888,22.812891905378,47.43465645774035,-1.3774880219347179,LT,jpeg,2,1872.3750083455213,0.42562365531921387,0.31942111253738403,3.165250539779663
3863626387049111,15.379540488714,-61.26786022339,-8.399398281702881,115.73363285302361,DM,jpeg,2,19173.23293476358,0.18036219477653503,0.05011773109436035,3.7707271575927734
807900806500123,19.60787766549,37.220870972767,-11.921734006601893,-77.0180480342111,SD,jpeg,2,12965.027525566966,0.32644158601760864,0.05538582801818848,2.5587847232818604
135555819075899,46.30515446867184,15.555693802754446,39.993391137259984,-76.66640621800737,SI,jpeg,2,7075.307599978282,0.25645461678504944,0.2082919329404831,4.7486724853515625
152233856857550,11.552312562133,43.119735981314,-1.6431633013890325,29.260181561134534,DJ,jpeg,2,2121.186155614862,0.30077534914016724,4.7326087951660156e-05,2.585806131362915
319392699542913,1.3294518861992,34.311410798855,10.72676367214525,36.337734341367764,UG,jpeg,2,1068.6333231322676,0.21923142671585083,0.0035712867975234985,2.9981298446655273
991289955033112,34.234741855173,35.65948675276,44.30976870211742,11.02197048888027,LB,jpeg,2,2385.3782135769843,0.39572399854660034,0.2833358645439148,3.1103503704071045
328520695545965,63.434626046589,-19.024249484436,-1.6434604971874076,29.239549296012544,IS,jpeg,2,8252.917048433088,0.6054555177688599,0.4660714864730835,2.193325996398926
464789361418887,3.807393,113.74682650005,25.01897382532277,121.20393899427756,MY,jpeg,2,2489.8054698165624,0.20635060966014862,0.05128324031829834,3.8804681301116943
1310937239362809,-16.05923501421255,28.45034874273332,-15.640955566347335,28.194412684833345,ZM,jpeg,2,53.969575757085494,0.9040306806564331,0.8890402913093567,0.7568425536155701
1177148709364507,3.9517282399816,-59.127383286379,5.229153776872338,-3.5498167064183597,GY,jpeg,2,6159.918896768656,0.1968330591917038,0.11893599480390549,4.515101432800293
141607461308537,-22.361528273609,-59.837892878355,47.223121083949074,-0.19056993894900465,PY,jpeg,2,9764.571230320042,0.09610573202371597,0.03733057901263237,5.419509410858154
463077528107904,-4.7878008330033,11.864756923075,6.48167851108749,2.6622006167837293,CG,jpeg,2,1616.7154553530336,0.14520205557346344,0.059126727283000946,4.689578533172607
173215948022940,8.5714365537216,-9.8691302343456,11.258424776074296,-84.73659466008358,LR,jpeg,2,8184.436085673393,0.4964092969894409,0.31004318594932556,2.280712604522705
3926033430843905,32.171256244263,35.467920604541,26.314623050333907,67.78606910524948,PS,jpeg,2,3189.980975931781,0.1935049444437027,0.09797724336385727,4.606468200683594
916665025779516,24.524150796485,67.540287646591,37.06794419252709,-109.55893753110013,PK,jpeg,2,13159.622867814422,0.16781772673130035,0.004529714584350586,3.631460666656494
842532369808274,41.215589499727,-7.4506176074975,38.767417392700295,-78.47899044167214,PT,jpeg,2,5881.883444225433,0.24522042274475098,0.10357546806335449,4.267308235168457
909312326294088,28.050014468342,-14.340539294975,23.22877802581482,119.47831766823015,ES,jpeg,2,12463.77540263032,0.13750411570072174,0.02755860984325409,3.9973859786987305
1207676993015897,10.787243979814,-68.323068119416,24.8264894840064,120.98400327658705,VE,jpeg,2,15928.363159717099,0.44451600313186646,0.3481689989566803,2.8379926681518555
317484316498860,51.531648181729,128.20909035955,54.618738280214316,56.363960055508386,RU,jpeg,2,4598.892987674907,0.09790444374084473,0.013010367751121521,5.465137481689453
947661819318356,17.121694235905,-24.994762874038,23.96012865210235,120.95123228643139,CV,jpeg,2,14139.242824465164,0.3056127429008484,0.20730823278427124,3.2551355361938477
3947329925333716,12.679493966294,-6.7269231036328,23.06938806200029,72.52379580279711,ML,jpeg,2,8375.198437160765,0.4032772183418274,0.30161619186401367,2.878965139389038
142131454599179,24.557496611483,35.148695104321,33.131206506619,10.554725042358506,EG,jpeg,2,2570.153963884874,0.42337292432785034,0.3781869411468506,3.6301565170288086
165567675960284,19.612087898208788,-70.1751715983372,18.716331471584216,-70.04167436848545,DO,jpeg,2,100.58563620502203,0.33575183153152466,0.22952088713645935,3.1745100021362305
1366666657062368,47.544360211205,12.177256693404,46.721429044454,9.438153784926481,AT,jpeg,2,226.49121021932592,0.1558828204870224,0.04562309384346008,3.573997735977173
829244944391118,39.11803685393,-7.7196219014644,17.307839910413893,97.20205153116426,PT,jpeg,2,10026.855975417695,0.12581764161586761,0.06258343905210495,5.068421363830566
298013541938371,41.541448730912,-8.7560397976019,-33.67714371569293,151.16560847053137,PT,jpeg,2,18048.57776090484,0.06170497089624405,0.015084777027368546,5.681493759155273
930318810923353,12.290897526921208,-69.09122276531554,47.47804887987049,-1.2618399588939426,CW,jpeg,2,7343.316271733107,0.13443304598331451,0.014535591006278992,4.7688703536987305
503246924141783,15.602839427825,32.487242561959,36.14502079907786,10.25620354754791,SD,jpeg,2,3171.962855521285,0.2971978187561035,0.1932874321937561,3.8617873191833496
449325599700589,50.12174331487,4.4948783441326,50.79641082471673,7.070389139793648,BE,jpeg,2,197.13753663187137,0.23618824779987335,0.18843209743499756,4.648995399475098
467405711031097,17.992572255683,-66.263814308226,35.12998982343871,-111.13991368607847,PR,jpeg,2,4803.691491502457,0.22545011341571808,0.0004888325929641724,3.8305585384368896
288246882935326,40.557590089793,75.163197454637,25.593805603074426,-80.42670339640554,KG,jpeg,2,12238.570683463051,0.043768707662820816,0.013363102450966835,6.041771411895752
505540450790369,22.70995468898,92.098773627243,22.850548687576037,90.62242528941628,BD,jpeg,2,152.16176827704217,0.8228869438171387,0.780190646648407,1.1488020420074463
591386078920254,62.107759453888,-6.6834959276139,53.282484815708465,-9.63422608385814,FO,jpeg,2,996.606482427835,0.1483435183763504,0.017517685890197754,3.603916645050049
370606561029319,10.210502973191,-0.07341133185964,12.63245043633733,-7.9746195958751045,TG,jpeg,2,902.2087723427192,0.9572949409484863,0.941170334815979,0.344573438167572
439450394288287,50.054284237917,38.880788589348505,49.294051868856954,1.1435850958017266,UA,jpeg,2,2687.7618753344077,0.12924320995807648,0.0812271237373352,5.3893656730651855
310375324029868,-37.347698548595,-71.82270654997,44.66528514098064,10.880828085392821,CL,jpeg,2,12317.252252234424,0.06132563576102257,0.012879088521003723,5.464640140533447
981591149045969,18.008278271819,-76.772753375805,24.834916949868134,120.96769045984567,JM,jpeg,2,14878.169472337055,0.18764184415340424,0.03210709989070892,3.285656452178955
538662890462002,22.639099459104,-80.443942528532,-25.173562160468176,-57.54535065413396,CU,jpeg,2,5862.027009850575,0.3513928949832916,0.26595619320869446,4.009652137756348
481222069768896,22.306404025662,114.25196352132,22.390636830790758,114.06614158712053,HK,jpeg,2,21.28230089765835,0.4924258887767792,0.058465391397476196,1.0365707874298096
853822608822418,-13.764240001823,34.415945000478,26.846981691218772,68.14409547407155,MW,jpeg,2,5801.367901576536,0.2688865065574646,0.10088010132312775,3.859829902648926
2945544342367414,18.448984494982,-64.550096065019,33.476721141044095,-7.5862826066288145,VG,jpeg,2,5860.529184763392,0.13443294167518616,0.0852830708026886,5.298556327819824
733805970633940,26.209879663614,44.103482474166,40.38721354452983,-109.60479600587917,SA,jpeg,2,12126.528904092942,0.1906786412000656,0.13253247737884521,4.941866397857666
2579377392357434,34.360744713034,0.072177953700416,46.51797996349108,-1.045101405403339,DZ,jpeg,2,1355.0862305988874,0.10884201526641846,0.020542576909065247,4.436470985412598
321976292610460,2.6050561253904,-76.72716581048,5.214433726013446,-3.5419772717374762,CO,jpeg,2,8120.271150886072,0.14105994999408722,0.07294272631406784,4.735278129577637
246778030560130,22.378053670525,103.87749530607,50.08337295342804,10.325180041191208,VN,jpeg,2,8363.23087066253,0.08542843908071518,0.011192195117473602,5.534004211425781
132463405538393,51.895041095248,4.7359317785887,53.68616797198613,8.079542450911335,NL,jpeg,2,300.3033099603214,0.04033787176012993,0.0023170337080955505,5.064599514007568
159985626091830,42.085182325218,23.055097885585,40.91548809686286,29.23687444144963,BG,jpeg,2,530.856456220341,0.09500651061534882,0.025947563350200653,4.748595714569092
740422473321001,35.328722082019,33.504620154232,19.626530080742306,101.81703877093999,CY,jpeg,2,6830.869289063766,0.2395329624414444,0.020115971565246582,3.9871044158935547
6049840251722845,8.4468470660858,-83.484163463651,9.653920373060718,-85.56780304052744,CR,jpeg,2,265.2639152783625,0.4675651490688324,0.21392250061035156,1.9312000274658203
138432154861804,35.516834375223,24.116877817233,-36.02298516013646,146.0729141362128,GR,jpeg,2,14859.666488929039,0.2813027501106262,0.21415776014328003,4.500119209289551
171677658627663,18.637934456903466,98.81616605062511,-43.491035235982366,172.60214457258348,TH,jpeg,2,10185.972238161625,0.29447078704833984,0.2029539942741394,3.842886209487915
473447400410020,45.472666923779,13.751881662375,52.50767961055126,-7.084675403358176,SI,jpeg,2,1701.290922895779,0.3059726357460022,0.2570289075374603,4.4922871589660645
208370247526297,56.307504479799,9.1351912802156,50.04557360799096,18.753842729899652,DK,jpeg,2,944.7400506089856,0.2081267535686493,0.007441669702529907,3.635523557662964
1163829564042676,17.629236812387,-63.23181172096,14.443133384519047,-90.48693429231783,BQ,jpeg,2,2931.576644259415,0.21465393900871277,0.08684147894382477,4.012129783630371
1180300995725561,32.355451166141,15.079114167989,-17.39676283695175,-66.18978060006671,LY,jpeg,2,10247.432732933874,0.9045694470405579,0.868400514125824,0.6457022428512573
1162905660800863,17.15804609038,-62.622664100026,-1.644710241352321,29.22254621871441,KN,jpeg,2,10257.48412442291,0.4073375165462494,0.2898519039154053,3.267873525619507
780194756204466,31.983423754021,34.895586904175,24.816795299298736,120.99934744757188,IL,jpeg,2,8235.123061614617,0.255998432636261,0.05355595052242279,2.392083168029785
789897778580281,54.185632103826,28.47319812173,36.52352114663147,139.6414519114584,BY,jpeg,2,7980.601746630347,0.1529332399368286,0.039711080491542816,3.949638843536377
769108033797400,-13.06839043317,-76.274611371143,19.498686987182456,101.60935570653831,PE,jpeg,2,19265.29315769624,0.7704141139984131,0.7356711626052856,1.5421032905578613
5011086665646025,13.613395452952757,-16.429313461515747,14.119234030496424,-16.443854639519962,GM,jpeg,2,56.26858459500476,0.7047539949417114,0.5676597356796265,1.0376945734024048
3772032009586752,-4.0767885530923,29.088814837055,19.72597393439046,102.15134553815629,BI,jpeg,2,8400.727166687586,0.12141158431768417,0.04064179211854935,4.337285041809082
971793776898906,-34.758013649475,-55.95646902546,17.24491449819001,102.66846721251221,UY,jpeg,2,17136.87337152191,0.43598076701164246,0.27912449836730957,2.9770185947418213
745163459490620,31.824187546378,35.267560408259,17.96761414352279,102.78412645222265,PS,jpeg,2,6877.655663285996,0.0724634900689125,0.026163309812545776,5.47990608215332
531383694528931,37.605095136322,48.695122536588,40.42508105902273,44.201308323487694,IR,jpeg,2,498.9399212607789,0.7982186675071716,0.7496691942214966,1.175475835800171
355157592673467,1.0703328887576,103.96283377749,1.2973332373827275,103.8254728124098,SG,jpeg,2,29.501066977719724,0.4188048243522644,0.27281320095062256,2.6455626487731934
303575617923017,-9.4382405064784,147.20811425115,-16.952979290942498,145.75078526125878,PG,jpeg,2,850.3400082153378,0.5668397545814514,0.5152251720428467,2.5199575424194336
1038259080102537,-26.782850103384,31.938656241877,-17.38616525284701,-66.29820886181402,SZ,jpeg,2,9927.304858039466,0.4434986710548401,0.3375176191329956,2.7706167697906494
459158871851075,10.792404464252,-12.298637806325,17.215879870694117,102.63680870366792,GN,jpeg,2,12218.858758481167,0.1793794333934784,0.07131244242191315,4.081254005432129
288005262963881,-21.597843332119,23.667795003616,-36.034977227014096,146.16175204189082,BW,jpeg,2,11208.439307807626,0.22670800983905792,0.14342665672302246,4.769983768463135
311438013831843,16.840623273889,121.74439328693,36.86375574968656,-113.9555444558849,PH,jpeg,2,11668.22612337736,0.16596904397010803,0.05983998626470566,4.748046875
457187265449390,18.32580535956599,-64.95398969507924,-41.261711310292064,174.80561333595801,VI,jpeg,2,13846.351471781545,0.29961326718330383,0.0467832088470459,3.1844916343688965
327825698973041,39.559288635696525,72.9109157130074,32.39671125290355,-4.742381923426593,KG,jpeg,2,6814.823784779386,0.12785513699054718,0.06754099577665329,5.324045181274414
1376712112713014,5.1198336159589,-52.65735432583,-22.716380552350767,-47.58253027372092,GF,jpeg,2,3144.030856161334,0.3045160472393036,0.21843770146369934,3.8239264488220215
524817781855332,-14.010419075563,-171.76031777505,-17.29304633997268,145.62162744866137,WS,jpeg,2,4568.945369115136,0.28589147329330444,0.08385387063026428,2.827443838119507
858561451393926,36.701828275673,67.096598041303,12.34457830803872,-1.3221959514654755,AF,jpeg,2,7275.127720422667,0.6117702126502991,0.4591115117073059,1.6464142799377441
177928610855949,6.391780060521,2.6237783121974,-17.395661602131696,-66.21766201048302,BJ,jpeg,2,8006.03331039234,0.5822107791900635,0.505104124546051,2.5922889709472656
747501719832988,-9.89210909998267,38.8967731000014,-33.78624254743604,150.79208196596554,TZ,jpeg,2,11354.134011033928,0.24347153306007385,0.16666947305202484,4.377654075622559
488569252193683,12.539996192436,-81.714972968868,16.4282054594111,102.68723808385663,CO,jpeg,2,16757.81888947188,0.11542563885450363,0.030352145433425903,4.1500444412231445
762294004482937,20.222569995853,-76.036013281341,36.227358590120296,-97.12753100580939,CU,jpeg,2,2715.5554188401197,0.14414867758750916,0.0166340172290802,4.120411396026611
526448611961086,7.924136171510359,-11.169831512240096,-1.6519267307679844,29.25620340006947,SL,jpeg,2,4607.550062761902,0.5215675830841064,0.34983229637145996,2.0455331802368164
1359226914447321,10.466207945458,-85.77513112055,18.777483830766414,98.9842927158024,CR,jpeg,2,16721.71284373266,0.19303852319717407,0.12045524269342422,4.318498134613037
478165190183611,12.430745089839997,-15.317974157219002,37.12851074143493,-8.501604852862142,GW,jpeg,2,2829.0143083015105,0.4887327551841736,0.4186337888240814,3.339663505554199
336533984561274,18.419385888373,-72.877030607553,18.562032944478222,-72.2436561047982,HT,jpeg,2,68.64969328393401,0.43183502554893494,0.31517356634140015,2.882950782775879
292195892390772,-13.068772639841,-76.278890129748,37.68117062313442,-113.19873397919412,PE,jpeg,2,6831.53604289106,0.38655176758766174,0.10723644495010376,2.1876180171966553
786215532287048,19.827903639239,94.949804250429,16.726728307059474,73.60880021080901,MM,jpeg,2,2277.8812690340683,0.45727208256721497,0.2352762520313263,1.9982482194900513
4028024750648073,-1.455427434928822,29.883620710338125,-6.8605671854397094,107.59348740748135,RW,jpeg,2,8631.540805697714,0.28759387135505676,0.0015686452388763428,2.5658960342407227
481816143100801,26.018200502837,50.622605427635,25.2560490186195,51.48002529214754,BH,jpeg,2,120.70672399668683,0.2040749192237854,0.12251075357198715,4.533822059631348
304881227850189,22.470625099054,114.10853488259,23.456471290421224,120.58373016798822,HK,jpeg,2,671.8870377769532,0.24722574651241302,0.19061818718910217,4.291415691375732
126797393065714,49.84047838484732,15.803297909812008,-29.308496583117726,27.483925331760922,CZ,jpeg,2,8876.427134502157,0.40701091289520264,0.31847962737083435,3.458958148956299
1211101869349798,-10.507365795363,105.65356096619,-38.61073865667795,145.7836984864937,CX,jpeg,2,5056.523852572035,0.26190584897994995,0.1604994237422943,4.356174468994141
1357493864625552,2.1640539673148,30.64994870704,-33.78622856460708,150.83002069046395,UG,jpeg,2,12899.665486812419,0.41531437635421753,0.2748931050300598,3.500995635986328
934011534098551,12.028286166295,-61.732840110417,13.174070780610585,-61.207712865968425,GD,jpeg,2,139.56828486112383,0.9597727656364441,0.9362964630126953,0.22067272663116455
500159881489089,7.342259838854188,134.46879110851162,24.839841356525923,120.99797111088586,PW,jpeg,2,2415.7600183422383,0.6239261627197266,0.48515957593917847,1.577275037765503
2829740963958043,-2.733735821930212,29.43081567684662,-2.069240025532992,29.652262467900986,BI,jpeg,2,77.87668236708237,0.3144565522670746,0.14613784849643707,3.13931941986084
300848138109718,4.2523717777778,-55.444873805556,6.796408591087656,-58.07440531432999,SR,jpeg,2,405.8433447472686,0.7033008933067322,0.6527910828590393,1.6072076559066772
2960966407518451,59.940574907434,18.785342625587,51.88037739227939,8.360051109045141,SE,jpeg,2,1104.2525547631085,0.08314807713031769,0.01614031195640564,5.090227127075195
220493529416834,14.451610237561,99.415018949546,45.2250033682207,19.91626082133861,TH,jpeg,2,8056.559758113384,0.15561676025390625,0.00860150158405304,3.7349419593811035
516560806259751,-18.175596732511,178.20009731967,-33.661348879871454,151.25412575726185,FJ,jpeg,2,3182.035325473096,0.10799283534288406,0.05727691575884819,5.033802509307861
294110862335495,53.181595920049,5.7480942483866,47.266163953847396,-0.1373575921743589,NL,jpeg,2,779.1300050465385,0.1273466795682907,0.024276994168758392,4.619093894958496
244296907493001,65.57013399313,-19.349029020965,56.332867732047816,12.8970163707568,IS,jpeg,2,1988.8254607416766,0.14396436512470245,0.07500310987234116,4.761840343475342
233889245170464,4.8560503387361,31.612436706474,15.499703906555554,73.67442505268666,SS,jpeg,2,4742.76551770352,0.31373047828674316,0.006470978260040283,2.7816872596740723
1927622730739430,40.369069324101,18.219159988562,-33.79019310964745,150.83733911614692,IT,jpeg,2,15799.555113726814,0.09216827899217606,0.06081928685307503,5.767989158630371
471926114136200,4.5631962676901,114.07349517648,25.09897599694549,121.54060858780727,BN,jpeg,2,2418.6879317875637,0.3121339678764343,0.17758792638778687,3.0726826190948486
1192683651176123,9.0895860909637,-79.618866004971,-33.11719647926421,151.52682421975518,PA,jpeg,2,14148.382234305482,0.627465009689331,0.5350028276443481,2.3848304748535156
1413530045696031,-15.969463833371,168.26130683879,23.559539462835346,120.56574708326677,VU,jpeg,2,6794.692508005144,0.18019874393939972,0.020513132214546204,3.474330186843872
299499428465574,22.36370144725,113.94841256522,22.997778279431248,120.27853233172823,HK,jpeg,2,653.2068985380204,0.2284870594739914,0.04979734122753143,2.943693161010742
189606749553432,56.525393057968,10.08101978509,42.500129692525604,26.54876907874506,DK,jpeg,2,1950.34061002398,0.08359277993440628,0.006689630448818207,4.667154788970947
1108722216274003,1.3887705484241,173.14385660736,-25.2660853947294,152.81401170603138,KI,jpeg,2,3684.164837597109,0.22074086964130402,0.04687720537185669,3.5549533367156982
240591061153313,9.7075559946148,100.00619099387,18.763801449537556,98.99696061652001,TH,jpeg,2,1012.8518371460832,0.7116463780403137,0.5908482670783997,1.4437532424926758
794974811139135,32.804114385981,13.043328230439,-29.31608846073342,27.476363423590136,LY,jpeg,2,7073.043454569359,0.7850275635719299,0.7041381597518921,1.3440994024276733
1107588656407422,-46.062736055573,169.00760704864,-36.03065949040879,146.13489747765078,NZ,jpeg,2,2207.14558315367,0.71375972032547,0.687225341796875,2.028033494949341
1279096795825768,54.406755367854,-8.4796165911836,-43.56798726904895,172.57179995051987,IE,jpeg,2,18807.46754943255,0.1423598676919937,0.07915021479129791,4.360783576965332
193108499326081,-6.7004249966118,39.206861112601,7.3831206700745335,3.9102100746594917,TZ,jpeg,2,4216.377034164647,0.16502662003040314,0.01803065836429596,3.9587182998657227
291897862594169,27.521924666676,89.820270487386,-17.34807089379522,-66.204901893143,BT,jpeg,2,17310.590715963703,0.21098388731479645,0.12088551372289658,3.589383363723755
123070833137806,5.8145917994639,-55.143095980408,6.7454414750350535,-58.05176988518276,SR,jpeg,2,337.73651760922684,0.9350829720497131,0.9127594232559204,0.4636373519897461
5396405327097940,69.21259125489,-51.103395948712,66.54770649686104,14.462910138315586,GL,jpeg,2,2628.413534993443,0.787643551826477,0.729526162147522,1.2219717502593994
957601181668431,-51.706042723598,-57.906993308318,36.80194123727915,-109.54204995307872,FK,jpeg,2,11045.414363188467,0.10092505812644958,0.015414886176586151,4.235828399658203
604130717650197,-1.9959688798483,30.050157126173,12.625692569960457,-8.009065891295629,RW,jpeg,2,4504.873378250224,0.37473487854003906,0.2638370394706726,2.795752763748169
1941512039367524,30.98571832847058,-7.229221956634584,35.00566182444402,-110.91178162899777,MA,jpeg,2,9181.902903770184,0.1437593400478363,0.06282071769237518,4.748854637145996
196243366278308,13.167682777777776,-59.53696416666668,21.437100247503654,101.68400179324206,BB,jpeg,2,15655.208281604122,0.1117250993847847,0.052547939121723175,5.040491104125977
215411967015224,-16.468819194731,-71.941378039278,34.979533358403046,-119.37093253325854,PE,jpeg,2,7599.532416485041,0.2120823860168457,0.008854404091835022,3.4636435508728027
1450360272005106,15.921467840879,-16.279407687736,20.493965863310898,101.80078871675016,SN,jpeg,2,12136.368294608295,0.09643135964870453,0.035829171538352966,5.417194843292236
756714068376834,4.8155110248734,114.77642618053,8.615034927354056,-13.24005744472511,BN,jpeg,2,14061.34085407348,0.37366876006126404,0.2750672399997711,3.373136043548584
2918063678449936,8.0011665869234,38.705149393002,8.264880521301603,38.82690213895085,ET,jpeg,2,32.24117112616971,0.33070454001426697,0.23557201027870178,3.4110841751098633
1001295333882125,40.63113853803493,-6.0362211199295865,42.54905925614009,26.669292731640354,ES,jpeg,2,2711.354641742381,0.5727840662002563,0.4941825270652771,2.3999969959259033
808035410091724,16.206487661547,77.345926501434,19.492355839323423,-98.81882357206719,IN,jpeg,2,16023.47596687449,0.7305428385734558,0.7018318176269531,1.9664251804351807
268897404930235,57.163975404144,-3.6875044027183,-36.32836994003902,148.38152420103344,GB,jpeg,2,16912.0983649493,0.3114580512046814,0.17843349277973175,3.828984022140503
1125401674596218,39.823992064377,42.428897726042,40.526927208668745,43.40721901051751,TR,jpeg,2,114.09590194149584,0.2024385929107666,0.10544578731060028,3.9912667274475098
526674661844363,36.219109563696,44.414746657631,37.8192760937229,32.13274257249232,IQ,jpeg,2,1103.9963122983715,0.3190802037715912,0.13637900352478027,3.118788957595825
964858007616084,4.2630124849459,73.563178328896,12.294671897533012,75.22458367932262,MV,jpeg,2,911.5670142787084,0.7144841551780701,0.6485359072685242,1.7689753770828247
5490667957675480,5.2624334865771205,163.0047322024813,13.904267427738514,-60.97223418499564,FM,jpeg,2,14715.712072655018,0.7202433943748474,0.5920630097389221,1.3503092527389526
573195574072375,-15.671003834964,-48.191441316741,40.653796648818414,46.5298757161119,BR,jpeg,2,11526.06611027591,0.07054348289966583,0.01492113247513771,5.051853179931641
892381884955306,58.981961021242,24.221882703215,44.37117093923373,-78.92429181328411,EE,jpeg,2,6556.84606059292,0.1842915117740631,0.1289113461971283,5.198177337646484
5416581451690167,8.876751843202419,-64.23554389395768,37.001676031275785,-109.74814610731154,VE,jpeg,2,5534.653220151068,0.24583813548088074,0.08007089793682098,3.576179265975952
482078066336394,-18.636202891772,-174.01936863548,5.327498119318851,-74.58865323796735,TO,jpeg,2,11188.230650553736,0.11315026879310608,0.012920752167701721,4.2003912925720215
329210971927794,5.843070862629,-55.089876855582,-17.367377650163657,-66.20314387077165,SR,jpeg,2,2855.028766925673,0.27170687913894653,0.1875668317079544,4.027154922485352
251937010050891,47.507459505795,21.685088460781,11.541299888861328,38.02989050634747,HU,jpeg,2,4280.9217808067,0.24381428956985474,0.1390400230884552,4.372543811798096
469124120816531,33.256755487161,126.61974805537,-23.435680078002914,-47.43552542268873,KR,jpeg,2,18778.394995848877,0.18381264805793762,0.11948985606431961,5.06682014465332
6544008378958782,42.576053933645,12.422579613177,-1.636010983949284,29.17916123556141,IT,jpeg,2,5195.514550058279,0.3538789749145508,0.20121029019355774,4.143921375274658
468826351040628,-32.904700967934,-52.731761718702,38.897632987054195,-75.83768198117599,UY,jpeg,2,8332.621655215793,0.2153492122888565,0.11893138289451599,3.745424747467041
458089889154332,49.9716081757907,38.98921274981689,47.22883783905958,-0.18576345108516962,UA,jpeg,2,2863.530218927787,0.1514073759317398,0.055799663066864014,4.664525985717773
913455289198852,10.638477230341,-61.313394324688,-33.14917568714474,151.51710285731104,TT,jpeg,2,15835.096337641065,0.2427922487258911,0.12533563375473022,3.672825574874878
391651555234292,4.7891910927864,103.42511490766,-41.28258529897278,174.8017632976228,MY,jpeg,2,8828.207360553206,0.5944824814796448,0.549931526184082,2.14296817779541
169873605037737,10.045722702666,-83.299560625022,-7.32221719213436,112.78093438542042,CR,jpeg,2,18222.067283919187,0.4083597958087921,0.21188342571258545,2.533097743988037
1032233080991900,39.140834029054616,20.961949886464165,42.079058794884254,19.50505505502636,GR,jpeg,2,349.08024599277076,0.334929883480072,0.2988070845603943,4.0202317237854
375451844456388,-26.804552190115,31.961012436385,40.62462489545017,-73.86394232251502,SZ,jpeg,2,13185.235019308893,0.040114328265190125,0.008137337863445282,6.18751335144043
855805948342180,44.525909974035,15.903249699487,44.86377100629774,15.453711010400701,BA,jpeg,2,51.71071756243203,0.05945394188165665,0.015872634947299957,5.278867721557617
139526285635637,13.217826050214152,2.929162678521952,9.96036101924472,-84.03985186465468,NE,jpeg,2,9431.784485584503,0.14813585579395294,0.04220571368932724,4.235743045806885
5442759149130487,67.890019179633,20.308537274689,43.81983344636441,6.03015052249107,SE,jpeg,2,2804.6493468537647,0.11252745985984802,0.027184374630451202,5.045589447021484
3921179927973144,54.246330015747,-4.5628069974706,-36.327975810495175,148.48320352260103,IM,jpeg,2,17146.864117835816,0.16264580190181732,0.06924974173307419,4.6637749671936035
469492320924211,38.276346407666,57.98363402764,46.93265408541852,29.270670701502933,TM,jpeg,2,2521.565606532643,0.11441745609045029,0.03970370441675186,4.880479335784912
310307137129739,48.189212227502,-106.60069617067,35.12720048094601,-111.07161177560485,US,jpeg,2,1498.4844162865706,0.13672231137752533,0.0048162490129470825,4.229609966278076
383397352939199,39.95006776682,140.12870703204,37.100992134704676,-113.4859097203201,JP,jpeg,2,8627.912105907963,0.25907573103904724,0.18081174790859222,3.799443244934082
1688335251353973,-14.865382426326,35.3053829175,12.253417657135184,-5.430943300132349,MW,jpeg,2,5404.789308442311,0.11330153048038483,0.010199502110481262,3.800631046295166
368819684557497,9.8821178559993,-84.703514000306,14.446956004343368,-90.49484971994302,CR,jpeg,2,808.4989808309828,0.31707751750946045,0.11898408830165863,3.3534185886383057
3142165536067308,8.892556698116664,-64.244099923535,-17.38070907860346,-66.17455420919,VE,jpeg,2,2929.1463704149273,0.08891057223081589,0.02017815411090851,4.813061714172363
916461445802958,18.351592546824,-73.166686920189,-37.815806382628196,146.5961799781462,HT,jpeg,2,15600.828390883611,0.10143504291772842,0.030298292636871338,5.626206398010254
1438450646526614,11.602056871897,43.143067800469,18.532610886515116,73.81993251629282,DJ,jpeg,2,3377.733891457957,0.719096302986145,0.6085951924324036,1.355724573135376
171644361525352,3.2965683888889,-59.645080555556,-38.13494288804943,146.33607216961357,GY,jpeg,2,15328.38007248079,0.18691830337047577,0.13879609107971191,5.39016056060791
3643623472415985,13.248359768362,-61.267804498546,14.450006957018907,-90.49425484096382,VC,jpeg,2,3156.109556616702,0.19266611337661743,0.12598589062690735,3.491330862045288
974847123463445,45.48089676461988,141.9141645369168,55.010739822878165,-3.9586481719410305,JP,jpeg,2,8388.97790587996,0.1399865448474884,0.0633917972445488,4.630477428436279
219450919950414,4.2765353097168,73.575427012288,16.019759348197294,-61.65740957055453,MV,jpeg,2,14599.24073124005,0.35334575176239014,0.27435502409935,3.321500301361084
197777158852668,18.542511750027,-72.425551013845,27.70585817346186,85.30468895019546,HT,jpeg,2,14340.894081857903,0.4970174729824066,0.3028213381767273,1.664210557937622
1673203299531642,49.085005765367,-1.4823203864636,47.42657506710664,-1.5127899006883705,FR,jpeg,2,184.4228717231893,0.07741481065750122,0.023486919701099396,5.519699573516846
1605231949662620,31.431741304615,7.0759601080198,16.45919883141186,-16.150965845773907,DZ,jpeg,2,2877.4812466617427,0.9529452919960022,0.9410015344619751,0.3642255663871765
451593852608237,49.039623298927,17.575489860882,49.111342376767226,0.0544476790834942,CZ,jpeg,2,1273.405641278673,0.06184820085763931,0.011337198317050934,5.408391952514648
304641044593781,8.0755534487471,-80.948273440388,21.682018599611556,96.11902432513868,PA,jpeg,2,16690.76145533431,0.4748857617378235,0.20647984743118286,2.0962586402893066
537192110996228,33.673060807593,8.992445655067,-36.005038913604714,146.08348768107012,TN,jpeg,2,16122.011599432293,0.4887810945510864,0.3773549795150757,2.3077168464660645
2874567659528784,10.624021568983,103.55740436843,17.91204624623801,99.09341036684087,KH,jpeg,2,942.2181105509352,0.21352875232696533,0.01338610053062439,2.890937566757202
306873294180376,36.543159906681,-95.385746192161,-36.029563015716995,146.17006260038545,US,jpeg,2,14597.329332515252,0.11099650710821152,0.015009194612503052,4.455264568328857
474237406957052,38.032230216342,71.296052545699,36.8824917790093,-113.84485750284017,TJ,jpeg,2,11668.23281570715,0.08958453685045242,0.0032662972807884216,5.062922477722168
893270331236297,35.542457911478,34.345047266311,12.63435664041724,-7.979291800796429,CY,jpeg,2,4939.764353207663,0.18243025243282318,0.04412822425365448,4.078229904174805
394355595015312,-10.420322783141,105.70164382136,-17.35811493167466,-66.22129416781624,CX,jpeg,2,16801.28734559637,0.23991651833057404,0.12976884841918945,4.187831401824951
1720688194781084,-2.0414077903770145,29.44965968721136,19.56326132508073,102.46987070430816,RW,jpeg,2,8311.542179373244,0.8204982280731201,0.7664143443107605,1.0954610109329224
1072181156643275,18.07465399978,-91.640772999734,9.119018244847068,-12.666666249057533,MX,jpeg,2,8537.563369745996,0.11394565552473068,0.03546185791492462,5.110180854797363
4167670343253112,38.101113171443,70.434664027996,40.23473175067071,-111.70772421536697,AF,jpeg,2,11301.806722055164,0.184067502617836,0.04872076213359833,3.8980937004089355
174020494657037,17.630108574846,-63.232604239636,16.00793495592347,-61.73573906522212,BQ,jpeg,2,240.66131085274932,0.49961143732070923,0.3883267939090729,2.6058971881866455
841778303361650,4.4129500800509,-7.3568081852969,12.638330754976097,-7.9810189949841375,CI,jpeg,2,917.188059107445,0.6346275806427002,0.4836362600326538,1.2842459678649902
6128179790541161,55.439905979985,25.277989368239,38.87629931104002,-75.74622786949273,LT,jpeg,2,7158.494815035305,0.8488366007804871,0.8308579921722412,1.169545292854309
860733724520470,42.906057348904,19.550997884227,42.737977116374346,141.3780291993526,ME,jpeg,2,8865.37628550579,0.2446739673614502,0.14674122631549835,4.3331122398376465
864697561114910,-29.077441505083,27.74348424067,-37.20994337728528,144.99453389725693,LS,jpeg,2,10165.660842431615,0.09706658869981766,0.03192799538373947,5.3854241371154785
470728414179183,-4.4035085235997,28.875651684315,10.844792677610151,37.05507127781397,BI,jpeg,2,1922.1099651720017,0.715580403804779,0.6325992345809937,1.5225555896759033
572376240384590,38.710627031317,20.595182002582,42.82890790306111,10.236414012636205,GR,jpeg,2,984.2397867733353,0.18512392044067383,0.036881089210510254,3.61296010017395
121312253609017,-2.475605,101.08095666666668,-16.956735267703543,176.1451008042442,ID,jpeg,2,8339.086476990064,0.43311992287635803,0.07003235816955566,1.7947297096252441
1443161219370901,-20.998296188116,55.608257838223,-35.20479072432011,173.4452139821029,RE,jpeg,2,10964.413560508772,0.21249787509441376,0.018311142921447754,3.0690276622772217
935114343986233,14.756132710056,106.17208788727,19.77911307516389,102.0547549648752,LA,jpeg,2,709.1734991832881,0.5979777574539185,0.4522247612476349,1.7342156171798706
528816851860286,13.929456140067,-90.641111213437,-1.6493831923591036,29.285191488339798,GT,jpeg,2,13276.962121289474,0.2519080936908722,0.08333408832550049,3.533151626586914
949677732469296,-3.949905939326,29.108488727431,-17.34827331692185,-66.13834993677106,BI,jpeg,2,10431.780417879912,0.33531054854393005,0.10756181180477142,3.089611530303955
535238961691986,-9.012128600000004,125.26142969997224,19.670741169768757,-101.28765320024718,TL,jpeg,2,14879.553464380526,0.46144434809684753,0.41182801127433777,3.648275136947632
785746405666869,-15.233412447604,27.672681901373,29.87573438564806,-97.12765584116224,ZM,jpeg,2,14174.196786860668,0.7706019282341003,0.701674222946167,1.3327763080596924
3016818381880651,49.809878371642,-121.45256952608,23.840592048172027,120.81284565348854,CA,jpeg,2,9790.428607284408,0.5259888768196106,0.4707690477371216,2.9017117023468018
381383576502282,45.377597713432,18.296766050051,-37.47635322053199,143.65642850679146,HR,jpeg,2,15465.289584164484,0.5218849182128906,0.417493999004364,3.0167717933654785
610064709949694,39.354018070055,3.189777650907,37.550685303931395,-109.79516520162741,ES,jpeg,2,9067.072402121763,0.3577474057674408,0.2355605810880661,3.1330974102020264
172787811514759,35.229088448061,33.767549827448,53.25574652394362,19.24359033471624,CY,jpeg,2,2304.4031918411683,0.08137568831443787,0.014715246856212616,5.5338287353515625
782110492675930,20.011066718061,-75.671652777958,4.597755536583567,114.51311833960474,CU,jpeg,2,17060.994459908405,0.25302794575691223,0.13630333542823792,2.9054934978485107
400250872119328,11.85196334791822,13.142710363889922,33.67228184642622,72.98008437015788,NG,jpeg,2,6500.30261177239,0.23965591192245483,0.1661876142024994,4.207518577575684
892609551301442,-6.2907747954542,176.31557778615,7.8011332629463235,98.69272938090491,TV,jpeg,2,8749.324484843206,0.4427383244037628,0.3736356496810913,2.5218191146850586
202638525024688,49.252128640765,-2.2302663941837,-43.49263076425885,172.63300439381527,JE,jpeg,2,19263.52833939717,0.1903015822172165,0.05087226629257202,3.9096176624298096
482179499657429,35.35863654069,-87.442281622797,39.4314896449806,-84.1045227774155,US,jpeg,2,540.3085504628516,0.1563643366098404,0.010778456926345825,3.792889356613159
166409505310564,-9.7930504284381,33.876999664849,38.87055057455442,-75.86118452919496,MW,jpeg,2,12393.775975483959,0.26078611612319946,0.08552785217761993,3.487159252166748
839128376686201,-21.379486131927,55.652855746499,-33.799365209726055,150.85837199441755,RE,jpeg,2,9160.354849055837,0.16499434411525726,0.08010593801736832,4.719960689544678
173546557995177,6.6979922509375,-57.920196653076,6.762697956637744,-58.04533437319307,GY,jpeg,2,15.579671874797269,0.44848793745040894,0.054908573627471924,1.573915719985962
778732033031387,49.481310552598,-2.580607408903,14.066135121048026,99.26851987291931,GG,jpeg,2,9654.706514979513,0.08538489788770676,0.03450329601764679,5.988185882568359
1459021641097176,19.327056989127,-81.381676002568,13.151085040312042,-61.24701049864501,KY,jpeg,2,2254.5017504194143,0.4028826057910919,0.1862754225730896,2.346282482147217
968337867447613,25.014773599486723,55.87302113372367,29.012763495865954,32.64121895476274,AE,jpeg,2,2339.9076919982836,0.16664481163024902,0.12308152765035629,5.299281597137451
516599479378641,56.372189487703,27.438134814115,49.581018299393996,18.123410106932095,LV,jpeg,2,977.6498706059433,0.2079315036535263,0.15234601497650146,4.689419269561768
826574104989977,0.4096083408951371,9.468790964341348,-33.16566396839243,151.35256000673076,GA,jpeg,2,14620.98409842451,0.6899002194404602,0.6247822046279907,2.018284797668457
298265468509297,-10.44607449126,105.70171289589,48.18070872600254,11.511729067261035,CX,jpeg,2,11180.250577670711,0.07487885653972626,0.024363044649362564,5.361356735229492
135182671936165,24.97002129251,55.490379135321,37.02194250141304,-113.58197938973827,AE,jpeg,2,13027.558453597823,0.10406555980443954,0.037891849875450134,5.840371131896973
369953761725438,-20.697927254597545,164.42307519257272,-22.710689195105886,-47.58149456762306,NC,jpeg,2,14070.031875739807,0.13634628057479858,0.03736213594675064,5.043646335601807
150605930403453,1.5703799596146,10.84323380127,-15.430955054878746,28.33908108159915,GQ,jpeg,2,2697.112470078728,0.7900515198707581,0.7387301325798035,1.321107268333435
942025196552576,18.04711135987549,-15.94458243190681,17.594970599773223,-15.92952445662128,MR,jpeg,2,50.3010220579251,0.21915456652641296,0.08704043924808502,3.525887966156006
4245112742269900,-15.204236527253409,13.710121098211696,12.60929108871258,-7.999083054230364,AO,jpeg,2,3908.1718473965448,0.1994970440864563,0.006803154945373535,3.310682535171509
800629050558884,1.5780520325706,10.841365858236,24.71381710500335,120.9262087459243,GQ,jpeg,2,11950.913938356933,0.4231651723384857,0.28816449642181396,2.8395533561706543
329089375465231,-4.7898646188584,11.8559793524,-7.490617773739555,112.92375779293923,CG,jpeg,2,11152.71741319789,0.8124130368232727,0.7849677801132202,1.342360019683838
2991410527805673,-4.1374600287328,29.078493212922,-17.35245225630382,-66.16658969265501,BI,jpeg,2,10425.204918690657,0.16028417646884918,0.07569540292024612,4.819710731506348
798429247478749,46.183809459674,20.174482609731,54.19176126458418,15.96706315464465,HU,jpeg,2,939.0512338216357,0.08504000306129456,0.03997575864195824,5.303735733032227
2371116466357575,16.796385002204,107.11609099971,17.91379601184649,99.10151206766358,VN,jpeg,2,859.557471122837,0.5866413116455078,0.5487571954727173,2.9606597423553467
468504837703680,49.210225417814,-2.0260057718567,45.44750121491263,10.358269985971646,JE,jpeg,2,1021.2574197123541,0.15180785953998566,0.0686643049120903,4.327090263366699
544837470219031,25.294971915181225,67.28170930758036,37.130422635418086,-113.49530013963772,PK,jpeg,2,13073.223237009663,0.20988987386226654,0.02852712571620941,3.9161314964294434
962376597848366,-7.8679271311768,35.785662187966,-29.12550195561807,27.784336414990886,TZ,jpeg,2,2507.602127612312,0.3138065040111542,0.06852927803993225,3.310086727142334
284560226710077,22.245356411415,113.94634816993,22.366678102724315,114.10275098855419,HK,jpeg,2,20.9969442542427,0.9230596423149109,0.8834042549133301,0.43622902035713196
366104118882534,-12.947203981722575,45.1622949013442,-21.285723018213037,55.50019862493013,YT,jpeg,2,1436.5296670587643,0.4210043251514435,0.34416303038597107,3.050400733947754
302738837907407,13.971297523146,-60.953783885869,-8.5118239402405,115.22545998286739,LC,jpeg,2,19278.86926314084,0.6377400159835815,0.47719287872314453,1.348677158355713
212663677118887,61.377613835646,-149.52560052518,23.834263495175033,120.81706240690501,US,jpeg,2,7679.5234946633855,0.21504685282707214,0.056296348571777344,4.231348037719727
298675135079993,35.02573827135,0.1062064724418,32.676267688055816,51.58006891006672,DZ,jpeg,2,4707.549800217956,0.1553322672843933,0.025381341576576233,4.534083843231201
200766568352215,12.2259298372,-69.032711700173,56.42372319069145,8.65607833533935,CW,jpeg,2,8121.831674524084,0.1814795881509781,0.10799097269773483,4.689913749694824
522150762114358,-51.767857219423,-59.20385240723,38.9624459185131,-110.28578874937742,FK,jpeg,2,11236.138167509334,0.5762048363685608,0.39018794894218445,1.6917469501495361
907645580029480,-10.531873592618,105.64908608946,-33.16916585981736,151.51190924122702,CX,jpeg,2,5303.309232584344,0.6140201091766357,0.41179442405700684,1.9093364477157593
461637908454191,8.5770592738416,-9.8384949656858,5.226967888623939,-3.119355328808728,LR,jpeg,2,829.9045699804547,0.4860232174396515,0.3769140839576721,2.284820079803467
737762176916399,-28.523157809827,26.988610572901,47.044485487793395,-118.87365250608401,ZA,jpeg,2,16420.851089852877,0.0760033056139946,0.040560733526945114,5.417179107666016
974044566464626,-8.9232594155592,125.57214462009,-17.37316809422595,-66.22935378293784,TL,jpeg,2,16816.34976349508,0.35270464420318604,0.2420724630355835,2.795297861099243
207733560892728,62.969803716081,25.819453012454,57.17385318224403,13.963755810366303,FI,jpeg,2,918.194050412998,0.09963534027338028,0.033300720155239105,5.360963344573975
935214247230705,38.662861546978,21.897000127107,45.631512219199706,10.9167717483663,GR,jpeg,2,1189.6493923989722,0.052258558571338654,0.011294759809970856,5.426126480102539
308609804241585,45.352253598167,18.741494665616,53.023996568131,8.75710168321633,HR,jpeg,2,1117.8115265246627,0.13390007615089417,0.07712411135435104,4.681077480316162
812815579353857,19.970422258885,95.026704859366,39.376976233128225,-84.19775584764994,MM,jpeg,2,13415.464310456331,0.12140964716672897,0.022374287247657776,5.281770706176758
955193138582276,42.352822713826,18.93350046301,47.42366869815343,13.711667507261781,ME,jpeg,2,697.6112191231163,0.11418040841817856,0.01445057988166809,4.0740203857421875
314068633495505,18.384993994121,-64.663491419319,19.614766841958563,102.08113557727033,VG,jpeg,2,15549.0203887992,0.5510139465332031,0.47937607765197754,2.910360336303711
153100520088504,8.6445550800531,-10.895087890593,23.143364964510567,72.59178700506425,SL,jpeg,2,8969.633027595857,0.20566658675670624,0.08516111224889755,4.270492076873779
899516343957294,31.154817998866,35.36251239366,19.641146134707668,101.67114580394303,IL,jpeg,2,6688.254157997278,0.6863235235214233,0.6323714256286621,2.1722989082336426
362016302748290,-10.182357974219284,26.92114281109953,10.00959440972876,-13.379522354647788,CD,jpeg,2,4991.241426950339,0.13649094104766846,0.04798675328493118,4.257462024688721
784285982279583,12.468243816564,105.11776238356,13.459412659589303,34.25779581658467,KH,jpeg,2,7650.3492815361415,0.14457547664642334,0.01673741638660431,3.4174060821533203
741076933253733,55.559361968752,24.218044357931,-32.831449841087796,-68.78387101050177,LT,jpeg,2,13139.409561053732,0.21242894232273102,0.016935035586357117,3.5897936820983887
588238156406124,13.540014603247103,6.862262541663696,37.118536377250386,-113.48961232802102,NE,jpeg,2,11620.284249717319,0.5466864109039307,0.5141303539276123,3.078138828277588
704583704721230,13.358425346344903,2.9695516051747206,13.285004557124916,-7.010940884503636,NE,jpeg,2,1079.8758169531634,0.4898037910461426,0.39859911799430847,2.2046284675598145
743913432954382,12.506491685569,-70.011189878756,36.11724953440191,10.33304579518423,AW,jpeg,2,8332.348549556238,0.750128984451294,0.6831451654434204,1.3329694271087646
837216263894683,59.234310100905,25.661811016329,18.775878593121366,-70.0964550276372,EE,jpeg,2,8542.208542005726,0.08798941969871521,0.032092150300741196,5.258531093597412
4165344470189392,22.250944346283,113.98372956798,-35.223300375047224,173.45559580039517,HK,jpeg,2,8947.243235163663,0.33964309096336365,0.20249049365520477,3.429192304611206
123034153486017,8.896413266511479,-64.21983107316368,-17.402726073223494,-66.16939811138836,VE,jpeg,2,2932.1680758997127,0.42154058814048767,0.2836523652076721,2.804412841796875
495142175172477,52.064618461934,27.758129879211,35.15182023171161,-111.17391849978561,BY,jpeg,2,9528.471639396894,0.1600959300994873,0.009086892008781433,4.065113067626953
278818637266368,21.668020820761,39.5871724527,35.11233083931131,-111.04654983319486,SA,jpeg,2,12982.47130113083,0.22902116179466248,0.13963745534420013,4.473769187927246
311313370600056,34.298302972773,35.843733635285,-17.364061372868264,-66.1243295176594,LB,jpeg,2,12161.43659010283,0.5721221566200256,0.3981480300426483,2.049623966217041
546356603055282,16.319144026137,-61.319536174119,-8.632084316292953,115.98813897584338,GP,jpeg,2,19111.808305338374,0.41734862327575684,0.30379462242126465,3.0938186645507812
455880318809614,13.212934938654,103.97535020814,20.30348492436371,106.14692132488825,KH,jpeg,2,821.5830931964,0.20056825876235962,0.0001904219388961792,3.605804443359375
561177494854490,65.249274201498,-14.3599477776,51.371015005022656,10.459986169823315,IS,jpeg,2,2090.1418851136978,0.18630489706993103,0.07452265173196793,3.9710500240325928
591338181829945,40.948513592565,47.680340883083,-36.00100790148031,146.06243575601806,AZ,jpeg,2,13155.937913766515,0.5372896790504456,0.4277271628379822,2.6969356536865234
478603033472419,10.605368280525,-61.423503253964,-37.51170707540547,143.82632909669866,TT,jpeg,2,16102.232688851298,0.39682698249816895,0.2934059798717499,3.2968149185180664
140993104682356,11.492434620243,14.669528720435,48.3395977842575,11.871376687179229,CM,jpeg,2,4105.461489563162,0.17234168946743011,0.117644302546978,4.588568687438965
1365904140461073,16.782552049243,-62.177983430902,-17.34448693535693,-66.15307709423337,MS,jpeg,2,3819.6481406899484,0.17928659915924072,0.12109430879354477,4.565092086791992
184854733517675,66.049214556266,-16.60518565352,66.29845793265916,-16.161361657897295,IS,jpeg,2,34.13985990192124,0.43619057536125183,0.3694237470626831,3.6669368743896484
484812855999457,11.316364972572,-60.600609669164,-17.326515809714405,177.2729645024655,TT,jpeg,2,13765.41472232545,0.30363741517066956,0.18504340946674347,3.283536434173584
198374955275087,31.228889368174,35.249839466257,-29.68943715987473,27.69534798964924,IL,jpeg,2,6820.71753738724,0.1260455995798111,0.030240722000598907,5.441490173339844
493661578655706,21.902623515855,58.249258213784,36.99041336233644,-109.58834560411823,OM,jpeg,2,13343.41564776847,0.09377709031105042,0.01981709897518158,5.160563945770264
1421342044880216,-33.979765814868,-55.677857234372,40.26654009058383,-109.80283255361202,UY,jpeg,2,9946.645398545259,0.3514900803565979,0.11798228323459625,3.115159749984741
791346968192465,47.64092226916,22.514698705141,52.1465445683996,11.561009242123149,RO,jpeg,2,929.4668459767887,0.07016441226005554,0.0017122402787208557,5.101907730102539
509490393519441,12.00528480685,15.133921129804,22.976847111084073,72.61482145130611,CM,jpeg,2,6179.858363758362,0.6532860994338989,0.6112608313560486,2.287473201751709
365265328257309,-16.455863020951,-152.25124408953,-17.363336546526597,-66.21952953865687,PF,jpeg,2,9061.909392215486,0.17255176603794098,0.04877234995365143,3.6462669372558594
373099774078768,15.381551450461,-61.278224581511,18.62570342790221,-74.13688741389024,DM,jpeg,2,1413.6355023775077,0.49689438939094543,0.4175375699996948,2.6242733001708984
3849748481728507,54.429547030142,-8.350480924746,54.3076023779057,-8.430797969867761,IE,jpeg,2,14.523528560626708,0.30091214179992676,0.246770441532135,4.193667411804199
486814105900044,24.815009873567,55.581561784151,36.14416903298995,-111.09910438704125,AE,jpeg,2,13093.936853629079,0.21112748980522156,0.15053047239780426,4.9517292976379395
553493755814632,25.651486854641,55.817622488275,29.065089397034832,32.5804121816917,AE,jpeg,2,2322.109951610754,0.23955689370632172,0.10469698905944824,4.062344551086426
294731518788880,12.182130031336,-68.992602507728,40.75257254430521,48.77418670069566,CW,jpeg,2,11337.354800394338,0.1848120540380478,0.14085401594638824,5.035441875457764
526112418414577,-4.1889057701817,39.593824106105,39.574469986945786,-110.71515872062386,KE,jpeg,2,15076.873766615852,0.5715310573577881,0.46147042512893677,2.310323476791382
1143243902846918,3.9423529755317,73.490255336254,13.0154580883012,80.20960207772447,MV,jpeg,2,1250.0885021504666,0.3654906451702118,0.3039066195487976,3.4403131008148193
1222724854903474,-15.992638795519348,27.473549745213845,31.487062961968455,-109.54113982899943,ZM,jpeg,2,15349.005912346736,0.6977813243865967,0.6605678796768188,2.2692017555236816
814962436102418,17.246826160842,-88.964928894179,-33.843599779849,150.81243892043548,BZ,jpeg,2,13828.24840051463,0.37584421038627625,0.3029869794845581,3.628309488296509
2588410498130022,8.6681322733063,15.915175571704,13.307747661626724,-6.36178760904726,TD,jpeg,2,2484.519686715845,0.6421427726745605,0.5587771534919739,1.777747392654419
757152124922572,40.280135692488,20.032560201339,41.06091473917797,-111.80251478552472,AL,jpeg,2,9746.224227670244,0.42468923330307007,0.34683865308761597,2.921156167984009
3729075633885792,52.879324916405,14.84215981606,52.73770522388699,20.273637131507353,PL,jpeg,2,365.32998383306295,0.3041532337665558,0.21567639708518982,3.4604053497314453
193255762642321,-25.463140138686,31.530813486271,37.13024413585092,-113.51140269453681,SZ,jpeg,2,16473.920946871673,0.5888901352882385,0.5395517945289612,2.3677566051483154
158748456176634,18.003107984756,-76.750140742066,-35.96350833445315,146.09612147974815,JM,jpeg,2,15371.025092495736,0.15936529636383057,0.05321565270423889,4.549080848693848
487059602744422,22.483846298693,88.311807710332,-7.19443580455833,112.71779871039332,IN,jpeg,2,4236.865284925919,0.6377421021461487,0.45160919427871704,1.3859995603561401
187972779810965,37.223202382218,126.95228008609,36.195847162701654,126.33583741976473,KR,jpeg,2,126.76522542837513,0.27182528376579285,0.17462658882141113,3.5081710815429688
325108962571033,-14.007024453392,-171.59812253095,47.26046383753202,-0.14617477319468813,WS,jpeg,2,16233.330348355723,0.16388912498950958,0.07794104516506195,4.0897417068481445
506599274036580,54.629530708934,-8.6760286174409,28.347832281010326,82.93744697537788,IE,jpeg,2,7573.396676290121,0.17735162377357483,0.025468870997428894,3.4588418006896973
507218187079443,37.843340581126,68.830014881381,41.161211796238284,16.440749740449498,TJ,jpeg,2,4441.963611714083,0.12058485299348831,0.031619593501091,4.760767936706543
153324916692555,5.5180289616018,-6.5822215976398,-17.393197025055134,-66.24779287652241,CI,jpeg,2,7026.819559589423,0.18467509746551514,0.07549804449081421,4.237602710723877
771731993706945,41.928551334201536,19.551310678151587,37.132048827647765,-3.6080459899205146,AL,jpeg,2,2049.5368074462112,0.6088722348213196,0.5583034157752991,2.2849161624908447
486481489451262,49.966660340065,17.026531427218,50.04521772456409,18.79347904756029,CZ,jpeg,2,126.57527239239558,0.5525049567222595,0.5034607648849487,2.815556526184082
2949034095418835,3.9465097772644,-59.099420704396,14.432268630960973,-90.57944650617259,GY,jpeg,2,3640.857646163472,0.309991717338562,0.015618383884429932,2.778451442718506
372845630827843,-27.768029274082,-64.271302066744,-17.381179697640732,-66.19633240707202,AR,jpeg,2,1171.6857722986615,0.6231866478919983,0.44883888959884644,2.0274438858032227
804236390516614,24.360035161271,90.528148543285,22.626100950798534,90.8167488595997,BD,jpeg,2,195.03773204540306,0.3516421616077423,0.17712119221687317,2.714402914047241
1165449024229030,11.127732358514072,42.37283796780444,-7.305767855830931,109.69231964573528,DJ,jpeg,2,7724.498517308716,0.6029212474822998,0.5622699856758118,2.706869125366211
465682694540312,47.092368215581565,15.033271683507603,49.57047284374336,9.517493120308822,AT,jpeg,2,491.93032012915563,0.16377300024032593,0.04377251863479614,4.2318572998046875
1414034302297531,5.9652601827551,-10.011148216804,8.344253206969988,-13.077089558449892,LR,jpeg,2,429.39614494022493,0.5312836170196533,0.47053173184394836,2.8153624534606934
164124928906484,17.026658655636,-88.957499025099,-33.16507204334415,151.35614140329773,BZ,jpeg,2,13768.182834734778,0.18414707481861115,0.036432549357414246,4.216252326965332
265373079006579,12.19339030343679,-4.128458023871779,11.450469813580215,-3.531778940919786,BF,jpeg,2,105.07821282753046,0.8124504089355469,0.7691977620124817,1.0417522192001343
211403467484458,-24.160264772744977,47.3486048183456,32.973973976087514,-83.57067576160888,MG,jpeg,2,15166.452701960194,0.10848826915025711,0.044331371784210205,5.413269996643066
4252117868180040,-31.701164589216,28.774388216841,8.183009712511284,38.7380593633236,ZA,jpeg,2,4559.659056501636,0.32436925172805786,0.19564372301101685,3.465442657470703
1185546705230006,60.068284515535,20.263657107897,50.80118442471768,7.473977816395566,AX,jpeg,2,1304.0758473263584,0.23858702182769775,0.16503846645355225,4.160711765289307
307549670912816,47.805455809752,29.008339682994,47.12461243775047,28.82872029050597,MD,jpeg,2,76.90092876928038,0.4714818596839905,0.38468068838119507,3.0612947940826416
1150240562161074,1.3857279016312,173.14547646453,21.053729811189513,-74.81090850745464,KI,jpeg,2,12227.697820148167,0.2245541363954544,0.0548194944858551,3.8248705863952637
1926367507521003,-34.006516340223,-62.239283065807,-35.969494456769134,146.02127359515677,AR,jpeg,2,11699.382320455401,0.24998226761817932,0.10519541800022125,3.5665268898010254
174862464516382,18.026136330252,-63.051721834115,-34.654214126107995,-58.660079382794585,SX,jpeg,2,5876.166401069637,0.13052600622177124,0.02427726984024048,4.025412082672119
238608201397184,13.394898337011,-15.796480495355,10.394642246869651,-0.745119103058433,GM,jpeg,2,1670.9275519430123,0.9852993488311768,0.9807881116867065,0.13469161093235016
168171301893400,-21.306913177085,47.234054757271,-17.346269243875174,-66.18374691412481,MG,jpeg,2,11585.098909570275,0.5353749394416809,0.4283193349838257,2.433259963989258
143601257800230,6.1813662366503,-10.476370028512,17.347664656976317,96.58516479012567,LR,jpeg,2,11593.15982660338,0.3526819050312042,0.31069865822792053,3.8935177326202393
1426576467702919,42.716570546448,19.37002352769,44.65622248583664,10.865775384202651,ME,jpeg,2,716.6187371113007,0.1581183224916458,0.08485303074121475,4.612315654754639
582527629366762,13.909926027264,-60.995742963827,49.382782731590545,3.465456159078616,LC,jpeg,2,6998.703442231105,0.12466849386692047,0.07017722725868225,5.375853061676025
789178535042815,10.848339859199,-14.344376628968,17.566600213936177,97.12870026209997,GN,jpeg,2,11855.131022687287,0.8039106130599976,0.7553585171699524,1.3986808061599731
770818833619667,46.189989851656,27.550790956761,43.61099918213331,6.331204837072043,RO,jpeg,2,1690.4715948793532,0.1831440031528473,0.022933676838874817,4.385754108428955
771812706865289,18.810877831997,-72.868700352417,8.321995232947804,-13.070885365271067,HT,jpeg,2,6539.659864295367,0.5093452334403992,0.4585627317428589,2.737607002258301
1979924955729830,0.4210184118848502,9.466164114756396,-6.971973648782685,110.42054092585161,GA,jpeg,2,11222.251438038606,0.5574060678482056,0.48408907651901245,2.4005515575408936
1215125515585698,-29.72467996101,27.401763312517,-37.46730986370559,143.52448611905737,LS,jpeg,2,10019.394958825585,0.3601379990577698,0.25880536437034607,3.3433094024658203
525797611782911,33.53278970091,10.187082947953,37.11212976661357,-113.47416626455438,TN,jpeg,2,10231.445760541337,0.1681675761938095,0.09352743625640869,4.7149338722229
981736889296495,15.18213389856,106.76109629686,-17.355641604331232,-66.15617212808691,LA,jpeg,2,19221.45874269895,0.9892833232879639,0.9875198602676392,0.09562630951404572
290546622610201,0.90650801653382,111.91071699724,-37.81365773020742,146.6391733750687,MY,jpeg,2,5587.0671040003335,0.37966322898864746,0.21589364111423492,2.9139416217803955
925069178226405,-33.684138890591,120.78000000686,-17.383313574492394,-66.21652973948294,AU,jpeg,2,14288.362022743348,0.1438785344362259,0.04544379562139511,4.476880073547363
841753896415038,-6.3002644508667,176.31963764015,5.192473408596676,-3.8078200748128905,TV,jpeg,2,19891.10155654014,0.43863144516944885,0.34543663263320923,2.975162982940674
645048966783670,42.89641826045616,17.56617896330491,42.8779772802386,17.498030926001842,BA,jpeg,2,5.918711452865751,0.2022949606180191,0.05674681067466736,4.031599044799805
2157623727878098,42.203008413762,12.652366039877,47.24793028482615,-0.19232503000193504,IT,jpeg,2,1157.440265049839,0.15273958444595337,0.018823012709617615,4.0290141105651855
491154428864902,34.78133892235,10.662689207895,34.777584786435085,10.740351822059766,TN,jpeg,2,7.105228143391432,0.39918258786201477,0.2712942957878113,3.351275682449341
5023711767716996,27.43539864879576,89.6844986785493,37.62669739704827,-113.06986619543576,BT,jpeg,2,12401.155949239792,0.35444575548171997,0.2390289604663849,3.578141689300537
502661524102239,25.24288508,105.72866675,19.42647057342141,102.39889682074343,CN,jpeg,2,731.7287816819269,0.8509411215782166,0.793838381767273,0.9550151824951172
768051953908267,24.417738719697,124.24306124209,-17.389105541987767,-66.2752989377302,JP,jpeg,2,18672.68940451078,0.4453854262828827,0.39696696400642395,3.377767562866211
2634487660183183,15.505396860363,-61.465808232581,11.147206703515332,-2.0509231114133173,DM,jpeg,2,6428.151319315331,0.5977904200553894,0.5476458072662354,2.6325201988220215
777370986311883,69.771194043132,-50.45379669083,-4.0557153494679925,-72.961661099003,GL,jpeg,2,8382.791729592067,0.3367668688297272,0.0673094391822815,3.156187057495117
214018630224328,-30.195842567793,28.141370668784,39.42004758781188,-110.4059266163329,LS,jpeg,2,16130.621288630107,0.35790953040122986,0.29866939783096313,3.972365379333496
898244168080774,48.39779130109938,69.97859259537432,49.61610309103209,9.499815200032108,KZ,jpeg,2,4291.687847440135,0.16805750131607056,0.019065961241722107,4.025819301605225
4492529727427156,-28.146082771307,-51.513579498292,37.01992350040336,-109.60207916145717,BR,jpeg,2,9445.362149439632,0.18278098106384277,0.13779276609420776,4.812955856323242
285348029668834,24.497433158551,56.506035667282,40.379985571082294,-109.63803993944359,OM,jpeg,2,12659.831762199514,0.20469842851161957,0.10247315466403961,3.8625831604003906
171014971604854,50.702549851864,3.6582481425115,45.976419562884296,4.635753401721216,BE,jpeg,2,530.4516268577481,0.3072798252105713,0.09147326648235321,2.751708984375
4840639372618820,-14.92550912288379,13.489538311090364,49.87189945795091,8.803204237816162,AO,jpeg,2,7219.794608676569,0.11322818696498871,0.014109119772911072,4.232968807220459
206149904648055,26.21207915528,44.093256403165,40.94600296422291,28.93569979072311,SA,jpeg,2,2151.046623048877,0.09876194596290588,0.02164231240749359,5.03041410446167
204252138180851,-21.559664995251,23.773974999472,-32.10773125073533,138.5186159723732,BW,jpeg,2,10866.614759105858,0.15612958371639252,0.015050008893013,4.130025863647461
920871192081755,-20.154762249788,28.582363111001,13.756886110136438,100.51895317693665,ZW,jpeg,2,8719.518082900264,0.18080292642116547,0.0406649112701416,3.9903790950775146
219966586218279,47.029132462966,15.932431980783,49.089830649399815,0.012944518164152092,AT,jpeg,2,1202.7225661317689,0.212568998336792,0.11318834871053696,4.576406002044678
135549215221893,2.4175748743344,9.8423648123313,-37.983000283126586,146.541992371267,GQ,jpeg,2,14099.898990915677,0.8394650220870972,0.8258278965950012,1.2201874256134033
376262240365585,11.737844217402,-84.258740123025,9.901903037231687,-83.98992970072312,NI,jpeg,2,206.2474379427057,0.38011080026626587,0.20389963686466217,2.638638734817505
171728951493255,49.507376607171,105.95258746284,42.48591764281268,26.392470899851116,MN,jpeg,2,5904.511922681895,0.12420229613780975,0.07226407527923584,4.8026204109191895
253978489850814,48.281270225581,27.973739010266,53.43285480477683,10.15290011129844,MD,jpeg,2,1370.9272822149567,0.17266429960727692,0.10957185924053192,4.965769290924072
300413981460892,28.731055900238,48.000514767945,36.86101135576596,-114.00622542879469,KW,jpeg,2,12483.483174089892,0.08027590066194534,0.0217190682888031,5.525598526000977
1184530975332530,-14.802947311274,-42.709531402229,-32.69872183071248,138.66170149298225,BR,jpeg,2,14731.129216874348,0.6792596578598022,0.6279356479644775,2.1081676483154297
1266617723756139,-2.7425780868466467,29.42359642013631,5.540369180594324,-73.47559945988239,BI,jpeg,2,11463.59132202007,0.5829312801361084,0.441264271736145,2.2541236877441406
473474263980538,21.715223057868,59.471278053944,36.19156163011349,126.951943509253,OM,jpeg,2,6630.152344878001,0.262826532125473,0.16278836131095886,4.203832149505615
1249815355421012,41.352986665751,46.933972599593,38.780567717939924,-78.49816226374993,AZ,jpeg,2,9531.995157170571,0.43116968870162964,0.3642856478691101,3.157815933227539
228708892356879,48.677696253977,17.636842304644,48.59726702935725,21.52150905246937,SK,jpeg,2,285.5542628812776,0.36416345834732056,0.24210554361343384,3.015838146209717
573918251034517,24.9108887387342,90.79494731880273,5.284181019521353,-0.6962925299138789,BD,jpeg,2,9910.134458536559,0.23050320148468018,0.15763741731643677,4.362799644470215
2964997383812126,2.6098453233173,9.8422664516346,-33.11904547145544,151.5058480652354,GQ,jpeg,2,14781.513779703611,0.06287781149148941,0.0005983449518680573,4.81599760055542
216212559884926,39.033844678159,125.75376577506,59.94186410994258,30.27360505061692,KP,jpeg,2,6613.212489938532,0.19118426740169525,0.09783612936735153,4.060619831085205
305136647878220,12.193469016038,-61.616092049056,-16.963363885629732,175.08945897986894,GD,jpeg,2,13909.171593572075,0.24297267198562622,0.14097821712493896,3.557234764099121
1425023424516398,-16.694601299289,-60.803490901407,-15.429322786294563,28.335534064711386,BO,jpeg,2,9431.442680243623,0.7096224427223206,0.5952149629592896,1.4830375909805298
454775888919551,46.828024824521,7.8088947836121,47.278011308638064,8.743240933761042,CH,jpeg,2,86.68359476984662,0.2736780643463135,0.1678294539451599,3.3365747928619385
861104217828929,17.113853213721,-25.242018334352,12.631820282321614,-8.006040432109883,CV,jpeg,2,1917.2166165008662,0.3108542263507843,0.23303528130054474,4.264793872833252
1051007365779921,6.813554100014411,158.2040012,-17.628977671560918,177.06892869751758,FM,jpeg,2,3417.5238082240494,0.6557599306106567,0.40921875834465027,1.1657367944717407
1334507140366814,-23.48982047010992,35.38536972552172,-6.7005406895610315,39.221487948042515,MZ,jpeg,2,1911.3804784978,0.1173795536160469,0.01368413120508194,4.279615879058838
3912389445490209,49.325970928935,17.226098099604,17.963253806649462,99.17394129186566,CZ,jpeg,2,7927.282891158273,0.35546302795410156,0.2838711738586426,3.965411424636841
265194928674974,13.23781099507,-59.544998005588,-33.13580167142884,151.45813754221786,BB,jpeg,2,16175.7604368447,0.24992726743221283,0.1286727339029312,3.856924057006836
130827665729646,41.660012138201,21.174396481341,44.550299202402265,7.417588585371992,MK,jpeg,2,1160.527833114255,0.16049520671367645,0.0819973573088646,4.597454071044922
382514279656400,17.169493550421,-62.549673737704,-17.365313928318223,-66.21591674206456,KN,jpeg,2,3861.018302918043,0.7319107055664062,0.6398341655731201,1.2821458578109741
490566595325309,32.35061764629,15.101938149737,-23.436349120618104,-47.42245833300439,LY,jpeg,2,9081.8838770681,0.2631722390651703,0.15966197848320007,3.6801233291625977
177150824328343,-14.845732355681,35.25013351485,-25.473907408668374,-54.646853428702926,MW,jpeg,2,9293.978266383036,0.9657226800918579,0.9485082626342773,0.239436075091362
337754307681723,22.908438446718,90.804919962877,1.124913504224846,104.0272139481,BD,jpeg,2,2811.80606801444,0.19981633126735687,0.1128542423248291,4.223658084869385
288297272916728,-17.786629070676,177.44305087069,15.49173550180294,73.85468836975521,FJ,jpeg,2,11929.904634368224,0.2369232326745987,0.14898405969142914,4.304442405700684
485752159242168,60.005211059817,20.384442671458,53.72441123451231,28.24484749776345,AX,jpeg,2,844.9384790018642,0.07402309775352478,0.020853716880083084,5.659636497497559
495377298477425,41.941602973878,34.631294266421,19.554225774694704,101.56221125692392,TR,jpeg,2,6683.789846390252,0.4774608612060547,0.3671189248561859,2.770824432373047
2890584101196635,41.681667019865,21.147788358398,48.95211209690451,11.787020983615816,MK,jpeg,2,1088.9232656401177,0.3489304780960083,0.3131410479545593,3.8430802822113037
401731674144754,23.355590466277,121.32187991241,13.056031395681865,80.44355879564661,TW,jpeg,2,4450.611872577005,0.25654008984565735,0.1112612783908844,4.359889030456543
1169142930166538,20.834467782196,-75.727264614924,-12.786509419954516,-41.14788847489712,CU,jpeg,2,5315.2503896040935,0.4207252562046051,0.27291178703308105,2.4944987297058105
306207777612908,-13.800621344179,-171.85935966246,-13.832757468351579,-171.78220701194792,WS,jpeg,2,9.064787194105188,0.9014768600463867,0.8741206526756287,0.676694393157959
2665542867084280,15.44922162275011,-15.809327283661323,10.455510722761627,-0.6955766220390749,SN,jpeg,2,1728.584803793385,0.3409358561038971,0.28871673345565796,3.8092479705810547
473236960624282,-11.390300678508,43.342774487865,-16.248907692421174,172.27007924569145,KM,jpeg,2,13612.275716939359,0.836047887802124,0.7418078184127808,0.7415807247161865
175640891118270,58.3416314331,22.123379209424,56.50745168986314,27.542663231426584,EE,jpeg,2,383.0527806412624,0.2772814631462097,0.211496040225029,4.348813056945801
940728323368212,5.5203195797668,16.760305199775,5.5505179572664245,-73.54709666729681,CF,jpeg,2,9982.126609605395,0.5092871189117432,0.45775219798088074,3.1774449348449707
159670792680757,4.8671591384211,31.498747958114,19.63444859620797,101.80024517033175,SS,jpeg,2,7764.537649590857,0.1867644488811493,0.027620941400527954,3.5701968669891357
490425192372401,-42.289566526657,-73.549884623054,48.77387080924295,21.994013121854312,CL,jpeg,2,13742.073361959925,0.3698430359363556,0.2893427908420563,3.688141345977783
140927168065220,14.884255893398,-24.355900858541,28.185459343687718,-16.568247512812107,CV,jpeg,2,1682.8333124136955,0.7486881017684937,0.6698369979858398,1.4296987056732178
2148319455305366,12.658976107053,-1.5012029355804,12.61536801128086,-7.832055775611703,BF,jpeg,2,686.9056906627749,0.6069296002388,0.5282667279243469,2.3624422550201416
950272148968894,-12.972416512525884,45.15611771647966,5.2810034656777205,-0.6981874449322125,YT,jpeg,2,5456.074243711705,0.45426616072654724,0.3037048578262329,2.666001319885254
153355823412892,49.184810534933,-2.0480987436129,44.67127033779514,10.904468376088621,JE,jpeg,2,1102.2209477104357,0.12591567635536194,0.04348922520875931,5.209821701049805
363513025083758,47.047992478928,8.7799077721095,46.95320100927472,9.67950852268153,CH,jpeg,2,69.02929991321098,0.3396000564098358,0.05291050672531128,2.238283634185791
512297363276315,31.456330474142,35.250774430442,32.53868054195395,-4.77642568097765,PS,jpeg,2,3754.12768160491,0.36814022064208984,0.28724831342697144,4.025239944458008
456622292570371,17.562683786778276,52.54996407813734,-17.398953838246346,-66.17488260550839,YE,jpeg,2,13547.374824963663,0.2132076472043991,0.07345263659954071,3.2062697410583496
4527359417278295,12.574854908472,-70.042613806787,-8.882742961913499,13.193682149676897,AW,jpeg,2,9497.617633724298,0.540605902671814,0.37336063385009766,2.565119743347168
537629581307027,13.181351944444442,-59.52259444444445,-17.31785075146566,145.54388778150175,BB,jpeg,2,17289.10638337455,0.24724866449832916,0.14341014623641968,3.689119338989258
795129897807041,35.163207188355,-6.1437231591152,46.681569562241776,12.442690591903531,MA,jpeg,2,2010.7217140430873,0.14014360308647156,0.03775286674499512,4.7094197273254395
351777130251541,39.481253041447,46.278721306968,17.221459324489217,102.59346559189696,AM,jpeg,2,5930.574773554987,0.21834522485733032,0.17822545766830444,5.1365766525268555
808281843784947,-9.017975593206083,125.18936083216094,-33.692958202504606,150.74276539681819,TL,jpeg,2,3788.896137320076,0.27429836988449097,0.00892689824104309,2.4995276927948
571640328046013,9.496515810605342,138.0909467705742,-33.10667587663288,151.548347226612,FM,jpeg,2,4947.039659183075,0.13678790628910065,0.06890875101089478,4.987600803375244
1596718320725210,6.820059002595853,158.1889075956807,44.33549240619776,-78.45336005979546,FM,jpeg,2,11999.044455193025,0.10052190721035004,0.021591253578662872,5.217723846435547
909068383276012,51.71872582063,71.017642467242,40.27775052502526,43.97393232111007,KZ,jpeg,2,2424.65634781857,0.1144247055053711,0.003598712384700775,4.851389408111572
201271568510246,11.498181689874,104.89298318393,22.61067550025028,90.56958759163375,KH,jpeg,2,1958.2958717823785,0.4604904055595398,0.32041114568710327,1.9598087072372437
865101847550557,14.337966085705,-11.307015681085,10.201977111450764,-0.7980196442402065,ML,jpeg,2,1230.661159250476,0.4812215566635132,0.04996347427368164,1.1778303384780884
273645621106204,11.400246031697,15.323762439617,35.95372671487372,140.02501926230954,TD,jpeg,2,12188.616326522819,0.178871288895607,0.02088358998298645,3.9995546340942383
816784312848146,47.27419583333333,110.70045194444444,37.024664819671266,-109.60257066796464,MN,jpeg,2,9821.233008836918,0.04773327708244324,0.005140215158462524,5.612992763519287
205051911255970,15.898719949045,108.34769045302,39.4161410299704,-84.1288868490072,VN,jpeg,2,13729.386744797546,0.2462545782327652,0.16047725081443787,3.8031468391418457
1197452254025430,60.290261118231,20.017018951216,-33.67358956907748,150.76010387987873,AX,jpeg,2,15417.94445559596,0.08824705332517624,0.00322936475276947,4.908698081970215
524857088520171,40.969687102424,47.506671390525,10.597487548752657,-1.1234804115997445,AZ,jpeg,2,5818.938799032513,0.4988204836845398,0.4161938726902008,2.9544970989227295
585468982429325,56.863557681775,25.533807915732,47.246381629151884,-0.23471712266663458,LV,jpeg,2,2042.5766373645813,0.23156370222568512,0.17787572741508484,4.522651672363281
223293895846479,40.460441929706,49.654367032421,37.12572503566472,-113.53450777831664,AZ,jpeg,2,11219.243481144009,0.5508182048797607,0.39947301149368286,2.1405324935913086
983815092358003,45.845665401276,-1.1566237774946,47.42834538477709,-1.3029602921032997,FR,jpeg,2,176.34017794513085,0.30947741866111755,0.08758428692817688,2.81119441986084
495004361712254,16.705985016912,-62.221856779895,9.965552452306872,-83.99469478445357,MS,jpeg,2,2469.855839452953,0.3755766451358795,0.269948273897171,3.810295343399048
1116467962190839,49.234789455854,-2.1566386309068,-43.56646754090197,172.64991174364235,JE,jpeg,2,19269.939346739415,0.2826215624809265,0.15105263888835907,4.049407958984375
799261197806429,13.04112461881004,7.584578150427974,12.622273459611465,-7.935311051965887,NG,jpeg,2,1683.020292780866,0.982326328754425,0.9777523875236511,0.15091098845005035
375892980333603,53.800018986142,19.066495869964,56.08470774239426,37.93448276081312,PL,jpeg,2,1227.4584538161978,0.1151660680770874,0.016498155891895294,5.06532096862793
216735996617694,-51.729168266578,-59.221494505424,36.87249678007207,-113.91444078290196,FK,jpeg,2,11191.146820449765,0.10273869335651398,0.045421142131090164,5.337638854980469
122836676470530,19.317250203375,-81.382868299519,27.161779975488866,-80.24030081153555,KY,jpeg,2,880.0302482965417,0.1686115860939026,0.07394513487815857,3.6324620246887207
864991334054817,22.630694715979,75.815649968185,15.69010214301886,73.89845772586213,IN,jpeg,2,797.5552376667056,0.1635887324810028,0.12175024300813675,5.504080295562744
303472461226103,30.448379399773,-91.249052345819,35.21850286640729,-77.73171925903505,US,jpeg,2,1368.251964610928,0.24852560460567474,0.027382835745811462,2.960977077484131
751120052245249,18.306901319254,-66.036105758042,23.45704356020238,120.49700884208016,PR,jpeg,2,15317.30559192372,0.09776759892702103,0.032723382115364075,4.7784423828125
618094669584037,1.0592725919843,104.01250864856,-17.36846180249667,-66.20470449403946,SG,jpeg,2,17909.558140722675,0.6243820786476135,0.5396859645843506,2.0307013988494873
204293011757830,15.079993126144066,39.21687884094408,-14.555582668151278,40.240178456641665,ER,jpeg,2,3297.2455583984893,0.6718243956565857,0.5873479843139648,1.9635337591171265
2928508607437195,37.840107608369,68.802462308142,23.19615433029767,120.21617744912466,TJ,jpeg,2,5117.615182285073,0.2392151951789856,0.029549121856689453,3.624943256378174
1371451869918489,3.6333328691599,72.957712473483,13.02433528807341,80.40260745732992,MV,jpeg,2,1326.5483983331721,0.8356208205223083,0.7920466065406799,0.9788165092468262
215955796651386,14.063525259413,-83.397823687399,26.828723652042886,68.18036481585023,NI,jpeg,2,14529.052785645716,0.134099543094635,0.06811071187257767,4.772245407104492
137850255541406,24.545211603122045,88.5941532347436,25.90669581169024,89.1199283182886,BD,jpeg,2,160.36178238627065,0.4594780504703522,0.24236643314361572,2.1279218196868896
300676795037037,47.54022479277,18.649560765963,18.78515323917943,-70.08077926382147,HU,jpeg,2,8386.315536850083,0.10516758263111115,0.011120639741420746,4.589186668395996
758419548202670,56.459896994613,24.509987996003,-17.348610291944667,-66.14936009082419,LV,jpeg,2,11647.693459520939,0.7552341222763062,0.7056620717048645,1.567370891571045
234036278489604,30.859288137504,35.983036655163,-35.989294106416004,146.0216459361208,JO,jpeg,2,13637.375195405551,0.1283923089504242,0.07207632064819336,5.0064191818237305
1877580812408950,8.2904185166376,-13.160532748623,-16.896883434158184,145.70156502422574,SL,jpeg,2,17532.46098780595,0.25440144538879395,0.08151064813137054,3.3092174530029297
508516997178857,-20.44017415751,57.716929198138,21.441775856058477,-157.8674337491932,MU,jpeg,2,16325.868691951968,0.39322251081466675,0.09541872143745422,2.1253154277801514
2476936639119646,-17.187994442004,145.88923082343,-33.1679052738463,151.53159227682514,AU,jpeg,2,1864.4501593630753,0.21083314716815948,0.17653021216392517,4.974358081817627
170299241727097,29.609911657314345,104.99307446089506,15.887753661927912,74.28843766812057,CN,jpeg,2,3483.1859451022283,0.3511851727962494,0.1970992088317871,3.150871753692627
297845861929140,19.00823988924,101.48346297652,-1.6501057558206005,29.26516430538515,LA,jpeg,2,8204.533521634436,0.27868425846099854,0.20802117884159088,4.303722858428955
322702535907825,20.283683791944,105.67522750563,44.405868711748006,-78.80897821765039,VN,jpeg,2,12807.488415492637,0.048126667737960815,0.002801962196826935,5.641341686248779
787272635685450,4.323621691762423,18.511948154254057,0.3476395859025579,32.59111287056584,CF,jpeg,2,1625.1987361042836,0.4107634425163269,0.10317745804786682,2.0084354877471924
173788081866624,59.75612769558473,-127.47179840177547,57.49837655503318,22.339116101814554,CA,jpeg,2,6710.979777284983,0.05761849135160446,0.005379922688007355,5.331158638000488
233747548461554,9.3263006266193,2.619361832951,26.828757553312286,68.15706543357958,BJ,jpeg,2,7120.687480049587,0.4336344301700592,0.30889150500297546,2.9901130199432373
765041667535640,-33.099247370966,-56.459447149244,24.826053537492818,120.93871285394029,UY,jpeg,2,19061.073071040813,0.512400209903717,0.36352336406707764,2.3259198665618896
296876208707767,35.337232736933,0.33737085013529,37.04123692981637,-4.885436276422402,DZ,jpeg,2,505.46195199037294,0.05864095315337181,0.006266091018915176,5.3529462814331055
5220870694689924,13.010537169214352,-15.781125774925767,-33.174318106261126,151.50981346177517,SN,jpeg,2,17428.82701811156,0.7526761293411255,0.7246009707450867,1.8601044416427612
490774565689974,13.06406278563,-1.087121270677,-1.6402751329575407,29.176103796680668,BF,jpeg,2,3717.3638225487302,0.4686427116394043,0.3322255611419678,2.7360363006591797
218599310068075,-21.24302439442,55.333436310069,-21.329520269977234,55.51124351276393,RE,jpeg,2,20.781958447786288,0.447190523147583,0.18912574648857117,1.646984577178955
174969884519406,46.737187807587,8.3987859932934,46.705170935945304,9.46713403134965,CH,jpeg,2,81.51689436653372,0.3782671093940735,0.21412678062915802,2.268979072570801
581849006299222,-16.292466257509595,167.67474403169504,-8.50335823771706,126.99279704133299,VU,jpeg,2,4493.951097186749,0.48511019349098206,0.3624291718006134,2.4557809829711914
514194699740537,49.025633194136,19.779030185528,45.859673475009686,4.167737379826646,SK,jpeg,2,1223.133677271758,0.06632301211357117,0.006791107356548309,5.059288024902344
1636152166570934,13.748349438255,109.21278035386,-17.793445511524386,-63.19214340892086,VN,jpeg,2,19086.40314921169,0.9561764597892761,0.9442363381385803,0.3146740198135376
810831549638249,38.371680067627,71.17919493021,47.43244258492621,12.915350129150127,AF,jpeg,2,4736.469594466123,0.16285787522792816,0.002002626657485962,3.6665549278259277
126986893262506,9.535228699145444,138.11777436553538,-7.746599242690397,112.59668183461812,FM,jpeg,2,3417.9773818101394,0.5024147033691406,0.4330863356590271,2.7761566638946533
355702972637605,13.535688328213,-8.1000075739741,12.567619621171763,-7.933771250431437,ML,jpeg,2,109.14004274472927,0.851305365562439,0.8061294555664062,0.9484823942184448
939211946839909,40.900998111452,76.418995914539,49.888590864607885,10.102227827400771,KG,jpeg,2,5099.899006423609,0.07512605935335159,0.03513456881046295,5.741881370544434
211629123827045,6.1356720399309,-3.8436536027728,-17.381889739360574,-66.25209777756817,CI,jpeg,2,7333.173131161156,0.9417912364006042,0.9304639101028442,0.45711442828178406
696540331416062,44.87397500000002,15.571799722222226,44.51587685075694,16.749326795285715,HR,jpeg,2,101.23507751494022,0.23369200527668,0.06806157529354095,3.3632264137268066
942512046483923,57.98102591119,22.153417844629,45.044080973818524,9.965824074474344,EE,jpeg,2,1661.8107906769192,0.12265274673700333,0.03551105409860611,4.438426494598389
1794577467377638,2.2867934802243,111.96866392671,35.25289225145722,-77.20009490063863,MY,jpeg,2,15733.03863641265,0.06020127981901169,0.002958066761493683,5.192768573760986
569520134014537,45.631513310144,14.917895762855,50.385299439025594,20.156197074935765,SI,jpeg,2,656.3552021416347,0.11990676075220108,0.021547116339206696,4.867422103881836
759618951395520,13.918783401918,-90.820453412238,22.906360746761152,90.41637909687464,GT,jpeg,2,15918.103878466027,0.19254760444164276,0.1117466613650322,4.207282543182373
317414069756073,8.849591446096811,17.846700004099304,26.927313862665507,68.43621619432503,TD,jpeg,2,5673.810918453409,0.1837833672761917,0.0695878118276596,3.799900531768799
310132177165029,32.35614104026,15.078246874263,40.957613071166286,28.948433500762125,LY,jpeg,2,1560.5351211266805,0.3636818528175354,0.03316351771354675,2.2815754413604736
378106816842746,47.677672060857,2.1491709666626,53.722175629714364,28.286686672376128,FR,jpeg,2,1946.2600719719226,0.05091186612844467,0.005435951054096222,5.998081207275391
974285533334788,1.987119011826,-157.37182088346,26.52325751777823,-78.5409515526125,KI,jpeg,2,8798.09018200191,0.14574500918388367,0.01372230052947998,4.330202102661133
186014066630410,-0.26584500006505,29.929660585315,13.201528155899812,-6.97228803057741,UG,jpeg,2,4333.3880637028415,0.2672596275806427,0.05074009299278259,2.823021650314331
2045346162308378,6.372858133743794,2.3062901826009594,12.636489597026332,-7.987868287385261,BJ,jpeg,2,1325.9466886457099,0.1896449476480484,0.08616816252470016,3.9882054328918457
1172091903236601,49.476195621557,-2.5778975923381,25.126284825574633,121.58560066065331,GG,jpeg,2,10055.88066855036,0.16624648869037628,0.06457513570785522,4.463118076324463
1148818178927460,38.977689066483,-8.2445481523452,43.29706589948298,3.4630986166711337,PT,jpeg,2,1090.423057053769,0.30668583512306213,0.17093858122825623,3.0730605125427246
1222613584876307,17.370666616194,-62.748620435823,-29.289118147049354,27.46677159425995,KN,jpeg,2,10961.568497594659,0.25139594078063965,0.08058907091617584,4.084845542907715
2874363389509925,1.1429664809873,33.846541381524,-1.957677377222508,30.190403444102454,UG,jpeg,2,533.0100484645801,0.16968147456645966,0.06180191785097122,3.9141972064971924
472676697278023,-11.651270507603,43.263829479505,-24.628592099703248,151.95586703745144,KM,jpeg,2,11297.954239924338,0.3377259075641632,0.09663577377796173,2.5056471824645996
229441082274343,16.133435457207,-61.769410665445,-32.91232234151387,-68.76258201333955,GP,jpeg,2,5504.076305379189,0.13075953722000122,0.029141992330551147,3.8527956008911133
588131552889375,-30.701177534770288,-55.134334723553735,35.76800310911178,-111.23433843864679,BR,jpeg,2,9428.927455790796,0.34290406107902527,0.11057445406913757,3.050987720489502
282418593597680,-15.111719223373,167.09145508574,-16.587844705219375,175.62199519450985,VU,jpeg,2,927.0418775340971,0.608331024646759,0.37799936532974243,1.273147702217102
979772486214909,34.1336148881033,136.00098041765338,36.05963101154516,138.99945271368583,JP,jpeg,2,346.7849181966357,0.21487297117710114,0.013530105352401733,3.183819532394409
3774979212627875,-14.866355003204,34.792262380462,-17.383855427047735,-66.25068423763373,MW,jpeg,2,10645.854757891668,0.7687333822250366,0.7039008140563965,1.4479986429214478
426972879607348,-17.525550986516745,-149.84053510202472,1.3610761281305945,103.75649438847415,PF,jpeg,2,11791.453367193928,0.8053160905838013,0.7668880224227905,1.108703851699829
1689362237932062,13.800606381009,-88.316570230116,-7.522692443168115,112.6856959703803,SV,jpeg,2,17617.88511784476,0.8339882493019104,0.7831993699073792,0.9384986162185669
1166613090443646,50.253231893566,106.33993531955,37.04019604971819,-109.68751445197454,MN,jpeg,2,9686.337620163371,0.2204292118549347,0.0731285810470581,4.445531368255615
420134173638637,-10.810393821363714,31.731146261210167,-25.514848362717206,-54.6329478072019,ZM,jpeg,2,9131.924961521469,0.2946365177631378,0.17368459701538086,2.6828596591949463
474713760445897,34.526350993866,69.196344342811,28.029140832413,83.86423625963853,AF,jpeg,2,1567.7262073852648,0.9602580666542053,0.9409700632095337,0.25724461674690247
506851794060092,43.177582319251,19.311856309232,42.5561021527519,26.76245937651955,ME,jpeg,2,610.9277406221255,0.1633390188217163,0.06149343401193619,4.222854137420654
2995572500661892,38.898518256485,16.523049856494,45.58416039808903,4.689166079674015,IT,jpeg,2,1223.2664015796759,0.3087998032569885,0.21906480193138123,4.242798328399658
115961117883320,28.43217928695932,36.51346701072073,21.710152170899754,39.47933681894302,SA,jpeg,2,804.828186980247,0.5439249277114868,0.4553643465042114,2.6335904598236084
1007571866714652,55.571514078836,10.350650482308,55.49798505003762,10.516600593441062,DK,jpeg,2,13.26253403275463,0.07905848324298859,0.0014416873455047607,4.8920440673828125
1174895919599539,20.052558993471,103.35914721659,19.761823275595393,101.68659993248306,LA,jpeg,2,177.82796751042497,0.19885343313217163,0.035408616065979004,3.3242785930633545
912812452874701,-11.627287351809,43.262280127651,18.95487396568699,-70.23341111954022,KM,jpeg,2,12873.253990898302,0.49148809909820557,0.33212387561798096,2.866544008255005
173416451344450,35.019561811666,33.986374163354,37.08808153534994,-113.52593712394625,CY,jpeg,2,11322.887430408453,0.14323775470256805,0.04253215342760086,4.126496315002441
1449896788674967,-5.4217682185916,141.29314063475,17.877158504890666,99.0968513169765,PG,jpeg,2,5304.812189602245,0.11816752701997757,0.03921657055616379,5.2276082038879395
232511111978904,-34.065025583843,-55.656389079107,-33.97918770692024,150.77668210231894,UY,jpeg,2,11962.598667753298,0.1013990193605423,0.021850384771823883,4.55258321762085
1109815899545804,24.996104447036725,51.03225264110503,38.623945254470954,58.51052763682302,QA,jpeg,2,1670.4319541669013,0.1239914819598198,0.014876998960971832,4.386462211608887
736517197023313,6.5599786208778,-4.9915528001493,45.60518504747603,-0.6064222777218414,CI,jpeg,2,4362.165326416147,0.14248253405094147,0.017934642732143402,4.596070289611816
456214902348496,19.610685333333,37.215206138889,6.193638838915613,1.1956301487034364,SD,jpeg,2,4166.558803427262,0.3809526562690735,0.31441932916641235,3.390003204345703
345208620288312,19.224700165467,-69.390303678979,-17.361534902634723,-66.16140028180146,DO,jpeg,2,4083.4718863568073,0.8917633295059204,0.8743700981140137,0.7730261087417603
1468811220266965,7.362390601198927,134.50483736055023,-41.270014656862024,174.80761606838476,PW,jpeg,2,6789.120940869122,0.21708661317825317,0.007216736674308777,2.726008892059326
308427384185327,35.884648502247,14.544820145722,24.8339698587733,120.92396246403341,MT,jpeg,2,9760.05274253278,0.7513256669044495,0.7125316858291626,1.5176016092300415
395740224747116,6.5139480425193,2.6483266181429,6.180041858714228,1.1882103577809588,BJ,jpeg,2,165.57855779179548,0.2056589424610138,0.12259896844625473,4.009460926055908
1432327937141676,13.459201505715,-14.688767601582,-3.251375093843963,36.41355650952024,GM,jpeg,2,5935.610275046732,0.16758553683757782,0.018910929560661316,3.883589744567871
1797066053813454,45.212729270223,20.36112097384,40.51132564556534,-81.78226946266611,RS,jpeg,2,7740.541137265919,0.07592020183801651,0.03424932062625885,5.581704139709473
4182076221831792,70.667211583155,25.389289533957,38.75981604702012,-106.85589851222394,NO,jpeg,2,7265.704640856627,0.12250004708766937,0.06171221286058426,5.482915878295898
3450481218541153,25.63903018538021,51.51003081357617,37.06537254909964,10.0309679925488,QA,jpeg,2,4102.31524654417,0.2480435073375702,0.16412174701690674,4.627735137939453
881754115706919,18.443691037533,-64.642920411564,18.96702720893043,72.82450655990726,VG,jpeg,2,13781.004617817356,0.1143857091665268,0.02697739750146866,5.097965240478516
512504643106571,-51.848040759038,-58.223206369416,46.74341462754303,29.025104279953656,FK,jpeg,2,13736.021195986856,0.044860437512397766,0.004634454846382141,5.962957382202148
172855664661959,10.37149331328,-12.099479736597,19.43911492117211,102.06148197394582,GN,jpeg,2,12081.074278831884,0.3712029755115509,0.07624879479408264,2.613680124282837
833358057538383,78.076451987378,14.16217603674,32.65001086595619,-16.882731797334596,SJ,jpeg,2,5270.369916189182,0.516150712966919,0.4200131297111511,2.755655527114868
214810390166469,3.5846135120697,23.723674547511,-37.05603008870493,144.24550696239558,CD,jpeg,2,12925.66726820999,0.08064359426498413,0.016150929033756256,5.32811164855957
562840304708452,46.225408646208,15.611350197474,40.70737927795822,-81.41764060301574,SI,jpeg,2,7338.749853096262,0.0544879250228405,0.011960718780755997,5.737184524536133
817268602327565,-5.9419482354293,29.161401435445,12.62248255311407,-7.969758565480033,CD,jpeg,2,4593.113686666294,0.29706674814224243,0.18176358938217163,3.6621477603912354
1034524170413490,21.467073188908,-71.131572461898,21.17575702969166,-74.1111763405861,TC,jpeg,2,310.330147480441,0.47291895747184753,0.3980136513710022,2.8651206493377686
1856356164529190,14.123830049658,99.400519963042,26.82789976182316,68.11151022501733,TH,jpeg,2,3538.8688635655544,0.06864636391401291,0.01232418417930603,5.246862411499023
478137076746783,18.362805634492,-88.435381772096,5.21809478397605,-0.8264667351671824,BZ,jpeg,2,9573.450366970696,0.4921625256538391,0.41988763213157654,2.9600272178649902
498318618261034,41.404988775836,21.780395818511,36.87524912065813,-113.90123599473935,MK,jpeg,2,10214.038773547154,0.18018200993537903,0.0842008888721466,4.58078670501709
2934584883419749,40.95347805494,47.883005000971,17.8475040824105,99.31348604956663,AZ,jpeg,2,5507.148135713223,0.28134995698928833,0.2170787900686264,4.350869178771973
928316151288980,7.1879551740757,2.0018755441177,8.447908252972823,-13.201422196309226,BJ,jpeg,2,1680.539402731527,0.43564170598983765,0.33565402030944824,2.4293131828308105
684315855630498,-29.405735807316,27.816853497845,-29.295581558409907,27.55581672551647,LS,jpeg,2,28.109101417057,0.47107887268066406,0.2666957974433899,2.2992682456970215
186849946625100,14.753512333683,-61.142985518229,-8.532118585214219,115.26842949802128,MQ,jpeg,2,19220.64323403762,0.1867533177137375,0.053163737058639526,3.8677728176116943
963176671141156,18.09268978577508,-15.935383158508005,12.256858615563253,-2.0132486506114398,MR,jpeg,2,1627.9699897706198,0.3351592421531677,0.10756753385066986,2.766096591949463
300283158416232,38.131370007974,13.274583161259,43.2714736486105,6.06855906299451,IT,jpeg,2,833.4726007421592,0.33023974299430847,0.09500239789485931,3.0441861152648926
1247260492372230,-2.4010827279028115,29.579609392792413,34.24421869206771,-84.70037372121391,RW,jpeg,2,12375.578083664874,0.0748642086982727,0.004585139453411102,5.427486896514893
4176262119093022,14.688978023377,-91.548589043217,10.005480384836414,-83.98388381439018,GT,jpeg,2,972.5891902931519,0.4969950318336487,0.4024425148963928,2.400402069091797
2762253127421121,2.0297128301047,45.335734728401,10.858036435376018,-1.3768788005979182,SO,jpeg,2,5246.743460289801,0.7275974154472351,0.6865100264549255,1.854482889175415
225659908904821,25.948880833757,50.588428667013,23.23024430026465,119.4702846973198,BH,jpeg,2,6888.154723853074,0.22187358140945435,0.18865853548049927,5.330691337585449
149923280750483,7.361847187159381,134.51969303436232,9.981152065650168,-84.03140446997322,PW,jpeg,2,15330.761859180651,0.4519202709197998,0.35246217250823975,2.3156790733337402
190898982868748,55.795733000622,26.378530002305,48.97345773359464,-0.2724884097846169,LT,jpeg,2,1945.9439910300166,0.25295546650886536,0.16174852848052979,4.291593074798584
186306836702993,38.679684725081,-3.0625683543611,35.140978760944776,-111.06405700454711,ES,jpeg,2,8968.021455638405,0.2575172483921051,0.13729235529899597,3.856447219848633
1146877169153705,18.59342674547,-68.388033766711,12.617614302118687,-7.9761724098804025,DO,jpeg,2,6476.170418030979,0.127609983086586,0.09088781476020813,5.456773281097412
950737242436239,10.385183082561,-0.78958324298512,26.831919417779794,68.17026091540187,GH,jpeg,2,7410.17203188672,0.3008578419685364,0.09100420773029327,2.6933493614196777
301977051516569,58.706895821146,13.896556360307,56.337507413057565,12.916529935354971,SE,jpeg,2,269.8763251847196,0.1438773274421692,0.02059239149093628,4.093894004821777
898624280682585,49.458533172147,-2.5981886348273,53.21012506718843,-1.66232417616494,GG,jpeg,2,422.18389802936326,0.39281049370765686,0.27563804388046265,2.6869070529937744
469891447444920,16.804499980025383,53.27984729115688,32.55028558413238,-4.778237872367041,YE,jpeg,2,6046.349335606882,0.4450235366821289,0.27633190155029297,2.698092460632324
530606458102780,11.557031237126,43.092310521315,24.47824317501563,54.59809490714272,DJ,jpeg,2,1880.3671117108668,0.13773152232170105,0.022679738700389862,4.133097171783447
310840073886034,-0.84581588834853,-80.17844601219,24.999805708933952,121.24839430160979,EC,jpeg,2,16478.16187664987,0.2707706391811371,0.13839060068130493,3.273106813430786
477881999969065,24.946444828187,56.186213387143,-17.48660872067148,-65.86945787801383,AE,jpeg,2,13994.328694138709,0.15202803909778595,0.0537235364317894,3.838139295578003
494687355014866,15.351932577531,-61.256287052693,66.34889878677737,-17.671340826321654,DM,jpeg,2,6503.195870336177,0.24321337044239044,0.04004441201686859,3.6707139015197754
1443285099355563,16.555627302292,96.198597103646,47.220929699141486,-0.2261533024662842,MM,jpeg,2,9136.486966638775,0.3521464467048645,0.20864461362361908,3.5988850593566895
4104851466266998,50.070544187764,5.8458119238789,50.10990898538825,5.3921328295600395,LU,jpeg,2,32.660283248052515,0.25745415687561035,0.09627169370651245,3.877659559249878
1896496400517870,13.223609624878,-61.268552428199,5.26252710628183,-74.64935536737147,VC,jpeg,2,1713.5619876563821,0.08311595767736435,0.007562197744846344,4.487074851989746
1077942902611364,51.861118010498,-1.6602529488605,50.08621842191922,10.217087914999162,GB,jpeg,2,853.6574665495348,0.1523994505405426,0.036216333508491516,4.218071460723877
1365414380506403,21.476737171908,-71.132920671407,21.08848106003749,-74.954065355733,TC,jpeg,2,398.25105065868314,0.2970116138458252,0.11863179504871368,2.8342185020446777
275646330919906,47.355981665822,13.66278897535,53.29330968488509,29.01641448945979,AT,jpeg,2,1270.426535116025,0.3464067280292511,0.2845344841480255,4.311620235443115
4085345498214305,54.3204660444997,-4.449369579381132,50.843145679861955,7.601835369834415,IM,jpeg,2,899.8373719541221,0.5111778974533081,0.476222962141037,3.224330425262451
319387202956018,36.746376386627,71.926086394726,32.515731149569184,-4.784672159529521,TJ,jpeg,2,6840.302912003735,0.47206297516822815,0.37537679076194763,3.1503419876098633
192500316060760,8.5018456161549,-10.886196315338,8.07973403659019,80.15398649426038,SL,jpeg,2,9988.409101138905,0.17915771901607513,0.11213304847478867,4.255362033843994
469096650835409,78.165866991509,14.615773975551,62.2627292108312,9.532270024232782,SJ,jpeg,2,1777.0564432635817,0.3042988181114197,0.00420871376991272,2.492276191711426
204485121341585,12.133472243206,-68.277416893276,-17.375758542995463,-66.17500189578483,BQ,jpeg,2,3289.3914660093483,0.5106603503227234,0.24854043126106262,1.7621601819992065
142251097914946,62.221882069575,-7.0387447331054,58.952280105023334,-3.3833155141604236,FO,jpeg,2,414.60972301977915,0.17017722129821777,0.019349604845046997,3.3196141719818115
5522870664422058,42.480681608263,24.806056880296,52.16105195685013,11.582539674635198,BG,jpeg,2,1462.563108577234,0.139360710978508,0.010365411639213562,4.796991348266602
911536296350418,13.531493241774,2.048401634304,10.542554399572005,-0.8175653567357534,NE,jpeg,2,455.6035592135769,0.21936282515525818,0.0295393168926239,2.224134683609009
217953836457406,10.205301098661,-14.000220074778,15.61699308678918,73.73429823387323,GN,jpeg,2,9464.299958024096,0.19576889276504517,0.08843989670276642,4.134469985961914
2915873148627226,47.806436500583,28.717659500757,49.87333770022983,-97.08041041091039,MD,jpeg,2,7977.309191590635,0.05783701315522194,0.005295306444168091,5.118983268737793
1383220612042284,40.713663160769,75.04503308282,37.98469630627799,-97.94093800133336,KG,jpeg,2,11235.194097868722,0.14990314841270447,0.10309842228889465,5.539750099182129
966259830868758,43.623138586006,18.908434254799,-17.37950219154626,-66.2269197287807,BA,jpeg,2,10950.649881469075,0.12772569060325623,0.03931257128715515,4.340333938598633
216904886576725,-17.609749712456,168.24322430001,-16.513864123343463,174.9797056587854,VU,jpeg,2,726.3406777506862,0.5844470262527466,0.3874075710773468,1.8574962615966797
1083924499211873,-15.604998425967928,-54.3918257160871,-35.96917264061831,146.06461704277078,BR,jpeg,2,13889.787639530972,0.4500717222690582,0.2586001753807068,2.6799869537353516
515495726108152,-21.626125276138,46.991186348236,24.745533084552772,120.93579026504015,MG,jpeg,2,9502.300182229337,0.4828556776046753,0.4299582242965698,3.103421211242676
995843031248300,0.35769064003091,6.56005755347,10.213970042326306,-84.692962700116,ST,jpeg,2,10137.60753007985,0.4585902988910675,0.02126947045326233,1.2559419870376587
868028680411287,33.75473452141,35.539565617947,53.16075863012265,29.0811557627897,LB,jpeg,2,2217.7148431009045,0.2229364514350891,0.16425083577632904,4.577835559844971
497044088003103,39.80104505168,3.0309963190024,37.683405281342246,-113.16329201006683,ES,jpeg,2,9222.43253675651,0.8102039694786072,0.79843670129776,1.5084104537963867
763955694314654,46.724388793399,10.079801957807,47.20239736112389,13.598474312445212,CH,jpeg,2,272.2338173418524,0.2036343663930893,0.07825995981693268,3.2550809383392334
933520784110620,12.510164810275,-70.009077685586,39.58124663357379,-110.72591051200376,AW,jpeg,2,4992.893162104684,0.2499300092458725,0.04642497003078461,3.292262315750122
4220821467968709,8.70139122196,80.590505170341,17.36277955697783,-88.84532737239446,LK,jpeg,2,16893.004115678854,0.3835442364215851,0.011848628520965576,2.1745314598083496
472361870697782,26.020756253761,50.623130115609,54.2293369538439,8.918345762129544,BH,jpeg,2,4622.667179872053,0.16490955650806427,0.08917177468538284,5.0856781005859375
658902925214070,22.641060199825,-79.087651499584,20.600782276020176,96.41299140370567,CU,jpeg,2,15182.104706578373,0.3433534502983093,0.058791935443878174,2.5683045387268066
1183079165486550,-5.70834515155,34.761777557018,-38.00826676417136,146.69886533672172,TZ,jpeg,2,11496.919669398567,0.22881782054901123,0.09592214226722717,3.629209041595459
296065025397911,34.897985568931,32.528909790104,37.59242682224159,-113.2076117547046,CY,jpeg,2,11213.00314807828,0.13177423179149628,0.0433725044131279,4.405708312988281
298824355069041,42.200225487404,21.258956694741,19.505190607476337,101.40384479398287,XK,jpeg,2,7771.570871892242,0.38409706950187683,0.27683553099632263,3.524528980255127
111691027649131,-22.530138328473,-59.8361857055,35.14222670302852,-111.10362553741385,PY,jpeg,2,8384.324247650644,0.23851880431175232,0.09842139482498169,4.171499252319336
752480212123625,49.471066330606,-2.5339439207361,60.16486253918203,-1.1894507882909295,GG,jpeg,2,1192.14794895273,0.29652154445648193,0.07240056991577148,3.2637953758239746
1074377829753053,-6.7022282025878,-76.214917225524,-16.11477221250107,-68.82733353757531,PE,jpeg,2,1319.906273330828,0.7993696928024292,0.7540433406829834,1.1081827878952026
525641785107823,50.160224002237,6.1091880533415,47.03678075847363,8.723013281342077,LU,jpeg,2,396.8908854069108,0.8286711573600769,0.8119471073150635,1.1939408779144287
226167275508563,15.49826792628,-61.465568794916,-1.6353003580634253,29.282563865423338,DM,jpeg,2,10136.262886023587,0.16604988276958466,0.07076799869537354,4.416395664215088
148887153873411,5.2121780980173,-52.75060936262,-33.80067668563106,150.82877606511437,GF,jpeg,2,16011.721098266002,0.13039171695709229,0.06551382690668106,5.064380645751953
303850827922633,-34.01092105809,-55.839634214304,-33.151931087818745,151.48159014852058,UY,jpeg,2,12020.299783646433,0.6707876324653625,0.4910106062889099,1.3865749835968018
311706737236449,50.868855073513,8.8221774508729,49.838104731966546,8.860810646070261,DE,jpeg,2,114.64697332919206,0.20892946422100067,0.15658824145793915,4.615672588348389
1416886515315835,8.139352166375,34.375065339482,-17.34735328167285,-66.16057490207059,ET,jpeg,2,11387.999248948214,0.4272751808166504,0.36156216263771057,3.2601394653320312
178330404153531,-21.691747493695,-64.656846311167,5.547845693677035,-73.47538364836534,BO,jpeg,2,3177.7157287824084,0.4911341071128845,0.12759831547737122,1.4472203254699707
218036349822435,41.14963208511,20.008913305496,-7.309794350382536,109.72442823981905,AL,jpeg,2,10517.866097726306,0.09572049230337143,0.01922767609357834,4.960005283355713
2882903775325778,69.217437476679,-51.098566140502,38.570311506329546,-109.59303092442634,GL,jpeg,2,4813.7484695618095,0.2741658389568329,0.06744933128356934,3.5275797843933105
459460818448144,27.426607200988,89.643491444303,-32.88964228745577,-68.84599320560388,BT,jpeg,2,17864.10518859875,0.12088094651699066,0.02676893025636673,4.547778129577637
309590514053514,-21.85770610861,165.95185481884,-22.8416268375427,-45.64225909316947,NC,jpeg,2,13981.047856738329,0.22498533129692078,0.13734224438667297,3.972675085067749
179548807357974,23.005385103705,120.43121323661,24.704173239478717,120.96929619968097,TW,jpeg,2,196.6620275196607,0.28202733397483826,0.0741225928068161,2.4400806427001953
528726041469936,3.6332857552313,72.958318596822,13.01186035096697,80.33665602408213,MV,jpeg,2,1320.9687327399333,0.5931493043899536,0.5445131063461304,2.4509172439575195
568831498116619,24.732585867741577,121.74077955053384,24.70102133777035,121.81753702655497,TW,jpeg,2,8.51055236610291,0.46294236183166504,0.199082612991333,1.4517805576324463
871486690248300,-19.804021310365,-63.993881510197,5.55923792286073,-73.51279472671531,BO,jpeg,2,3006.330564882499,0.5364810228347778,0.26624247431755066,1.7655771970748901
380042953234728,-19.161161992074,-64.572161532541,46.458071623065265,11.212997855685261,BO,jpeg,2,10505.828551707467,0.09515306353569031,0.01483871042728424,4.498135566711426
368884091223603,35.755508707073,53.366090359346,-17.371257487290308,-66.25539649834775,IR,jpeg,2,13773.41199015302,0.24118909239768982,0.0813593864440918,3.679708480834961
512716496579771,12.164080960014,-68.283956526724,-17.40285855825406,-66.21314825511082,BQ,jpeg,2,3295.550511022233,0.9111012816429138,0.8742936253547668,0.565031886100769
485436899323868,65.609323761209,-37.633778515025,60.695981574404804,7.479786128263034,GL,jpeg,2,2276.393888738775,0.11568816751241684,0.017127007246017456,3.830676555633545
172629294662585,48.532451875231,17.496813301999,41.936181308477416,-111.15582625830238,SK,jpeg,2,8769.509335606783,0.2264121174812317,0.14583054184913635,4.509515762329102
506770377649958,-12.679904697999794,45.08466359942028,-20.927473821369315,55.52917173624438,YT,jpeg,2,1440.177279760601,0.4352542757987976,0.20997130870819092,1.999587893486023
265103101980958,14.721827633666,-60.947724527678,40.784186969865424,48.559081198818,MQ,jpeg,2,10508.414900410738,0.27394193410873413,0.15256164968013763,3.635589122772217
517013032790983,42.403345896483,44.64336095767,47.20464732942281,10.991773124851669,GE,jpeg,2,2686.2053921606416,0.10543127357959747,0.0132160484790802,5.12249231338501
825755764959780,20.340364998941,-87.352869999803,24.973321261834663,55.6582073474211,MX,jpeg,2,13582.690650033619,0.273680716753006,0.09446437656879425,3.438584804534912
3799534356839064,60.209940286403,20.246918494907,48.22379758455693,4.5386088789096,AX,jpeg,2,1670.1332249819495,0.3500942885875702,0.1899183988571167,2.9720051288604736
134126825414739,38.270282754345,61.711075339758,51.21277483711467,10.448062250849501,TM,jpeg,2,4199.226021654871,0.07465989142656326,0.009391039609909058,4.985926628112793
1397623030665407,14.493780516069648,-88.97344682800627,-7.180438058284544,113.19999517268378,HN,jpeg,2,17462.83835492384,0.24754458665847778,0.05563570559024811,2.795952320098877
170949221611851,33.305143801504,126.28817369339,24.81791074912199,120.98432152678738,KR,jpeg,2,1074.8991265418758,0.4024406969547272,0.06984448432922363,2.092557191848755
978428179365285,33.705735440434,51.794214966505,15.819841435740829,73.83814592371743,IR,jpeg,2,2971.9192866860994,0.2260637879371643,0.121512271463871,3.9879398345947266
333013904838174,32.340904308709,15.105537141291,41.394968033018934,2.121171187473071,LY,jpeg,2,1529.1239774197124,0.10273458808660507,0.03479049354791641,4.77872371673584
248513507027667,5.6150523860158,16.240852825971,38.055980505984095,-98.08277731319988,CF,jpeg,2,11699.464501127486,0.36808663606643677,0.2592015266418457,3.3846840858459473
237495388152862,-11.621236170917,43.26262853229,-17.3566663896827,-66.16829854406754,KM,jpeg,2,11623.422342389154,0.5343895554542542,0.33740001916885376,2.237839937210083
3042776155952353,18.400872724367,-88.464242712832,25.013899641883995,121.21410579345584,BZ,jpeg,2,14216.2874047601,0.28198859095573425,0.1221533864736557,2.9143500328063965
487380732512751,4.8184532,114.77786780001,24.74307411896439,120.92710888680362,BN,jpeg,2,2310.897272468562,0.5224923491477966,0.4596136510372162,2.4181153774261475
290265362649999,26.177525761353,50.383620514714,36.069427368185956,10.223122506687783,BH,jpeg,2,3947.431102572219,0.12801127135753632,0.03135121613740921,5.134875774383545
482049282914438,7.5885792292079,134.59098074356,5.403994196762435,100.25985217909906,PW,jpeg,2,3799.7156558079596,0.5385493636131287,0.44038763642311096,2.8552300930023193
225571855612889,46.763350531273,-81.597671294692,46.87573555746321,-81.31496764804939,CA,jpeg,2,24.877518237781914,0.20056197047233582,0.004415690898895264,3.7686312198638916
4804926129529176,15.24531506432567,-14.593708973874378,50.04784147990887,18.744028584053147,SN,jpeg,2,4894.093758643785,0.09224162995815277,0.006590008735656738,5.6494221687316895
369883598351184,-20.367575551703407,57.57618979619237,-43.50794065347817,172.58488111995914,MU,jpeg,2,10312.416210622692,0.4178529679775238,0.320677787065506,3.3516736030578613
4121896524538487,24.635513307941,-76.169569569,-17.36570423913277,-66.21233037262432,BS,jpeg,2,4793.428556389602,0.2523360252380371,0.10853515565395355,3.894162893295288
3863471930446023,-17.111944610128667,15.757158787596603,42.56330619686022,26.473655080340546,AO,jpeg,2,6725.828884447111,0.2953265607357025,0.12501157820224762,2.934873342514038
300728688257104,30.395743312589,35.487349115709,37.085355035910226,-113.49164582449067,JO,jpeg,2,11845.988561788065,0.33364954590797424,0.1362098902463913,3.409670352935791
1126228627789114,50.981438273289,3.9109549608118,56.426464052941355,9.393552057590105,BE,jpeg,2,704.3484887763262,0.27233004570007324,0.1782914698123932,4.156987190246582
549637092752676,-14.934793656692474,13.483762083058584,-17.395044400737856,-66.19471263619864,AO,jpeg,2,8448.664202710896,0.7313511371612549,0.6189638376235962,1.4319250583648682
1003284990411465,12.059176169795167,-15.322303903822672,37.86991729579158,32.70408139026626,GW,jpeg,2,5545.105401433315,0.07651673257350922,0.013698719441890717,5.5019636154174805
549574962737771,14.061193852760738,-84.04279947361962,24.732436045260037,120.95026632673067,NI,jpeg,2,14920.043895358112,0.6928203105926514,0.5998063087463379,1.7267279624938965
542559790066195,33.009983226586,35.680040403337,-35.25664933230214,149.1132233448695,SY,jpeg,2,14002.699058780088,0.12639254331588745,0.05877792835235596,4.9603190422058105
265445685298888,13.004017262133,109.35894392193,20.961649136040805,106.34442960567085,VN,jpeg,2,941.0182675476993,0.1483103632926941,0.022952035069465637,4.016513347625732
1444159855929152,12.212140324895,-61.65046673147,9.974901329835554,-84.02290024259175,GD,jpeg,2,2453.1072246296944,0.50531405210495,0.4058103859424591,2.405701160430908
378257181042695,0.4223981532159322,9.46341740514976,-15.081400079457019,39.174270566079855,GA,jpeg,2,3692.631855040439,0.2495316118001938,0.15792733430862427,4.005286693572998
136200968757362,15.043474943211962,-3.1134483369205417,10.837854630510124,-1.392370748250338,ML,jpeg,2,503.4481725746414,0.9783904552459717,0.9615417718887329,0.13703308999538422
533142534351766,-9.8840552815116,33.911477956503,47.50769555611818,-0.6042247760801758,MW,jpeg,2,7233.76615010476,0.16731657087802887,0.08768503367900848,4.9088521003723145
522728752252154,41.038602463059,19.563694296348,8.618175141489514,-13.181791598967283,AL,jpeg,2,4834.67471908572,0.07415595650672913,0.02759820967912674,5.616145133972168
758888101326263,31.637988555726,73.231186805001,38.59731145665306,-109.63555551290659,PK,jpeg,2,12199.641399860791,0.24589677155017853,0.15860986709594727,4.528850555419922
305757657709496,1.0675572904673,103.9646409699,1.0738943495048408,104.0299629436911,SG,jpeg,2,7.296309620700343,0.8363082408905029,0.8039924502372742,1.085881233215332
223281329232117,12.507939003947,-70.014398687436,-15.817913360812886,-47.89399457230394,AW,jpeg,2,3980.101412648523,0.41858819127082825,0.3554086685180664,3.628007650375366
353672373022082,41.381628312913,22.307214335612,37.7001282015213,-106.27271372122505,MK,jpeg,2,9790.589888190583,0.11212291568517685,0.05667518451809883,5.519951820373535
855868761633795,18.030052213813,-63.078616758552,-41.28010532156829,174.79102753224208,SX,jpeg,2,13982.790630484835,0.8822908401489258,0.8556761145591736,0.802034854888916
510341753682172,18.547859996816,-68.613997996337,46.95667162146347,6.213071494797491,DO,jpeg,2,7372.944223102806,0.049224890768527985,0.010281752794981003,5.855370044708252
3864898026890576,49.490894517019,-2.5725344431006,-41.29169589429823,174.8026942804834,GG,jpeg,2,19080.781304860382,0.17740163207054138,0.0020865201950073242,4.2465596199035645
307754797548858,34.712695715026,-3.8563324324235,-17.369918869082625,-66.19851720288597,MA,jpeg,2,8762.61206192851,0.3560394048690796,0.25173401832580566,3.3596060276031494
446821260679124,-9.024115630183084,125.29622320893388,19.798121829419077,101.60435481354058,TL,jpeg,2,4123.023245228183,0.15863896906375885,0.01256135106086731,3.6457090377807617
947185652683658,-2.3270469336559,-78.929168380573,56.96602047658322,44.583870459863675,EC,jpeg,2,12182.395339523704,0.11841347813606262,0.07198376953601837,5.289577484130859
2947290612262244,-11.652155080814,43.263890007029,-33.794411357342916,150.80275005516086,KM,jpeg,2,10856.994779101373,0.1185750737786293,0.04015643149614334,5.046205520629883
2932426006995864,12.349827079376,105.09907855331,18.820423216979556,-70.16259595082595,KH,jpeg,2,16510.409551279943,0.32753750681877136,0.023856133222579956,2.594968795776367
271753411301610,-18.657738465691,-174.02787918873,9.972187714857974,-83.93329278155035,TO,jpeg,2,10370.504711773016,0.16073116660118103,0.024106353521347046,3.7655112743377686
478264666827999,61.472372240129,-6.7939711372832,61.75599988706473,-6.649581047847633,FO,jpeg,2,32.44844895949043,0.7843006253242493,0.7399617433547974,1.1578624248504639
1101915547131650,-35.411992228208355,-71.29963328046824,24.68591369255851,120.87742340953051,CL,jpeg,2,18345.7087281337,0.2179044932126999,0.16868701577186584,4.6324968338012695
3920872697958453,60.225200988406,20.059664271851,62.39772441895991,17.20968075718929,AX,jpeg,2,285.4238999788626,0.41316625475883484,0.2594768702983856,3.2429308891296387
480958303108322,18.02673753942373,-15.984917957529673,29.10993834109141,32.64852636804834,MR,jpeg,2,5071.027073291927,0.16779406368732452,0.04600280523300171,4.438593864440918
477439253471149,2.1909112658474,25.247273616721,17.215178327178208,102.64473569940313,CD,jpeg,2,8597.147122474542,0.5430377721786499,0.4423601031303406,2.8232975006103516
2503535586463255,5.369009126207446,163.01297824070343,-16.53412165252498,175.13072975319633,FM,jpeg,2,2776.2320380535693,0.9895352721214294,0.9846614599227905,0.08933452516794205
699303201033596,25.12900987620192,33.08865526570508,-13.489473354434312,24.344623343614234,EG,jpeg,2,4397.582806756001,0.30174365639686584,0.0639307051897049,2.3176379203796387
1109009986288059,-8.6876105869135,120.2374852281,9.953268323550107,-83.97963174817963,ID,jpeg,2,17354.678418274772,0.29057252407073975,0.13348309695720673,2.6955416202545166
945361122882179,12.134119747509,-68.278230013563,27.168480541041134,-80.23388564876817,BQ,jpeg,2,2085.440055744382,0.09997078031301498,0.0007770359516143799,4.199217319488525
1086140081896052,17.025256612863,-61.868698580061,46.11489541214004,-1.0502386258191319,AG,jpeg,2,6417.025941918072,0.8362902998924255,0.8038705587387085,1.159026026725769
2896487987274330,-8.6384264591615,125.60292428532,17.245740911956368,102.63051519887523,TL,jpeg,2,3828.683651204905,0.5971433520317078,0.5365126132965088,2.601951837539673
2579869142308862,10.34358900767,-61.458152299031,9.93971838676438,-84.05300273741831,TT,jpeg,2,2473.074752594808,0.3335735499858856,0.20588922500610352,3.693258762359619
267083508462188,52.899440738443,8.4141554815178,46.330656424583424,-0.4730378757234101,DE,jpeg,2,969.8855419372593,0.22969290614128113,0.11355987936258316,4.180905818939209
135893315238976,8.7909434146234,-78.181606800432,-17.376433755755524,-66.25116315708941,PA,jpeg,2,3191.4179743752234,0.3801102936267853,0.2926746606826782,3.2387282848358154
150017570480103,41.50666060749,21.935799073836,54.85177573832088,35.0245643434901,MK,jpeg,2,1766.7043154709902,0.22492508590221405,0.059067502617836,4.1598687171936035
869032447374518,45.14353499999999,14.845183055555555,44.3201226580892,8.478993687887536,HR,jpeg,2,511.0137595132991,0.5633499026298523,0.4724927544593811,2.5687737464904785
919042368661061,-35.376055559767,146.26475,40.60691286807538,43.494282240281855,AU,jpeg,2,13444.236962616513,0.27715569734573364,0.1528310775756836,3.8783178329467773
985915661813386,-23.393263453848,44.397761247232,10.049489526759354,-13.313279071854412,MG,jpeg,2,7291.796973248304,0.3932799696922302,0.33482179045677185,4.095670223236084
670850541182018,26.0204034,51.064903400000006,28.919850901165603,32.70529634537015,QA,jpeg,2,1837.806986107199,0.3136841952800751,0.11313030123710632,3.766598701477051
358677975646602,18.32970950933104,-64.95126838918696,-41.279293304770036,174.8043418204497,VI,jpeg,2,13846.763321217779,0.4430496096611023,0.3237612247467041,2.652653217315674
468571217849628,27.519976313624777,114.13899685380947,23.849470399614543,120.83115381679819,CN,jpeg,2,784.8170929992779,0.2720891833305359,0.1400100588798523,3.779456377029419
166033172108272,39.547581612083,46.441663046559,42.5446496076195,26.283720770734682,AM,jpeg,2,1718.6714495390536,0.7271366715431213,0.5171201229095459,1.0558406114578247
494503958271926,65.59525777881,-23.774501108369,38.561538813960205,-112.14575685651769,IS,jpeg,2,6090.297103248627,0.38418200612068176,0.25018295645713806,3.379988431930542
912539252641876,-6.3006910051682,176.31917767142,5.204534911846917,-3.6682569790570625,TV,jpeg,2,19893.191872454132,0.2156282365322113,0.08515354990959167,3.363323211669922
528519191857396,31.419084991343,35.033717818153,41.884269283576664,-111.32871449550021,PS,jpeg,2,11166.585542092032,0.313769668340683,0.029696732759475708,3.231943368911743
2693852350916149,-22.134506991871,166.34104640683,-34.32356620196341,150.8911748984911,NC,jpeg,2,2027.0088606263357,0.2051360160112381,0.0902000442147255,3.4966437816619873
943976513021626,17.310149834096,-62.711002505143,9.956688680468478,-83.9818396112222,KN,jpeg,2,2437.214009850163,0.6396896243095398,0.4991269111633301,1.9387973546981812
314603156759488,27.431221771339,89.646958499505,22.807434778475503,90.59827614173663,BT,jpeg,2,522.9786438338233,0.43245601654052734,0.1544705033302307,2.112919330596924
142911821192377,18.124397901175595,-15.95930487738458,37.648081227184726,40.6046209697546,MR,jpeg,2,5870.771251253172,0.2561560571193695,0.036509811878204346,3.29929256439209
995608364307407,62.231154398192,-7.0203744109078,9.967378071692124,-84.05209114591771,FO,jpeg,2,8357.347405356595,0.3655495345592499,0.23041288554668427,3.381024122238159
920634065161187,49.245509981929,-2.1382669508349,-43.53386529427136,172.62752227994224,JE,jpeg,2,19264.16392606444,0.35514241456985474,0.2409057766199112,3.728620767593384
314870496880636,28.628362975198,48.038775336392,38.01309766357244,-97.99601614847761,KW,jpeg,2,11805.572815288668,0.12878866493701935,0.011918902397155762,4.711105823516846
137727984953777,-6.2967650470378,176.31787733981,-8.500241047477902,127.05996305083998,TV,jpeg,2,5433.809068057869,0.19169747829437256,0.034693583846092224,3.3637261390686035
970870010403579,1.3869451851245,173.14684137479,-9.736684563627886,-35.89249521965911,KI,jpeg,2,16672.981618699116,0.9168192148208618,0.9088839888572693,0.7116210460662842
319746332831620,37.296859809574,-5.7125450742042,42.11194912109916,12.560047032156538,ES,jpeg,2,1648.422372465036,0.2765812277793884,0.18471884727478027,3.866281032562256
3035810213314122,55.003356832716,24.139338741958,50.0487893795107,18.66130467027101,LT,jpeg,2,663.5267614080149,0.3165113031864166,0.24626559019088745,3.9102652072906494
288447642774684,-6.1571269966165,107.04394801454,-17.39066360578127,-66.17048482670536,ID,jpeg,2,17292.65433947325,0.38902169466018677,0.28688549995422363,3.0687551498413086
829997677895262,12.323432189112,-1.5533388682237,12.624960504365943,-7.9798213672104525,BF,jpeg,2,698.5102812216527,0.16158021986484528,0.08116219937801361,4.107668876647949
106381768201986,11.974525625543,39.044869566531,19.592507446078884,101.76645931269755,ET,jpeg,2,6730.713773281707,0.7860437631607056,0.7565745711326599,1.4999027252197266
305230294414376,18.451313183212,-64.558514994681,-17.337927077551246,-66.13079958763511,VG,jpeg,2,3983.2944366965467,0.8612257242202759,0.8332525491714478,1.0793601274490356
883910462466493,-15.648621030725534,39.34163432285212,34.46823206346423,-112.10041705598674,MZ,jpeg,2,16479.78801774155,0.0951346755027771,0.050913359969854355,5.114693641662598
492194012125902,46.117642,18.110710999899,47.96149981160293,18.906720611021335,HU,jpeg,2,213.71349624234358,0.65440434217453,0.6005997657775879,2.241304636001587
1573490059506418,18.338429999176,-64.899272406242,15.676553221656997,73.95650284450883,VI,jpeg,2,14132.87089743332,0.5042704343795776,0.46829840540885925,3.1550240516662598
766495730715953,44.706372569218,18.069343447503,50.910481864575075,10.58491429946559,BA,jpeg,2,886.9380108246337,0.31168702244758606,0.1996564418077469,3.81259822845459
781285156083286,32.087994573877,-8.2233968662806,47.06619816981656,-118.82099034846641,MA,jpeg,2,8816.210011333606,0.11093313992023468,0.024360336363315582,4.897768974304199
745256106153583,52.344707039659,45.336839122968,49.04918638089945,-0.9037105164856655,RU,jpeg,2,3221.272030887659,0.08021361380815506,0.020209912210702896,5.167110919952393
1117334568775680,18.337748404316,-64.915702992028,9.941817115321602,-84.17753839741016,VI,jpeg,2,2274.541896299452,0.3489224910736084,0.14550743997097015,2.014009714126587
306286164527539,33.350146257859,126.25399959043,-17.364832839205487,-66.17792952355565,KR,jpeg,2,17846.731328375394,0.9651187062263489,0.9554342031478882,0.2826421558856964
336794264546437,4.9054666559617,-52.301588003183,-23.972268601660065,-53.59032529872981,GF,jpeg,2,3214.0942713755417,0.6954042911529541,0.5249000191688538,1.3489990234375
153474173412155,38.399164295663,71.058858396182,19.592106799741977,101.45783933560405,AF,jpeg,2,3593.4530060064917,0.7361752390861511,0.6268138885498047,1.3657071590423584
350521240549818,31.321208568090835,27.27841709921041,34.647458686437275,-118.15501107380815,EG,jpeg,2,11836.666149013148,0.207157164812088,0.04970332980155945,4.134694576263428
218975556246226,7.8821057071516,-74.834139978895,19.579354680336333,102.91470392817996,CO,jpeg,2,16951.575912447574,0.9113954901695251,0.8908786177635193,0.6703422665596008
1259603784501134,31.292411220432,35.534796522034,31.612467576617714,-106.27433800719439,JO,jpeg,2,11946.758018403514,0.08672933280467987,0.011059433221817017,5.113270282745361
4309223739108363,2.1266240352603,45.323364966483,8.341552170037682,-13.046526099952759,SO,jpeg,2,6494.341157335712,0.4988130033016205,0.30966323614120483,1.970603585243225
259978149147748,40.965992824636,70.990742663385,19.589771296367722,102.25111862691313,UZ,jpeg,2,3793.2752157043406,0.5409558415412903,0.4795050024986267,3.1456828117370605
764847514207415,29.990268063885,35.075916116471,37.85190291453051,40.8737980437817,JO,jpeg,2,1024.3241599190012,0.0605643205344677,0.02074643224477768,5.750814437866211
248250033759700,29.80888569787,-8.8927590395819,32.53562833030317,-5.015909182302994,MA,jpeg,2,477.39718737451267,0.7749823927879333,0.7372862696647644,1.396312952041626
454143095650719,4.754477618596,115.1672935653,44.43264968202634,-78.73329409145084,BN,jpeg,2,14372.31398645598,0.12180543690919876,0.01959412544965744,5.273090839385986
779725396245876,17.150242379267,95.997861485963,18.549301413037835,73.8220599540144,MM,jpeg,2,2350.8210383325245,0.08608601242303848,0.029634594917297363,5.443441390991211
580468796254927,1.0529367558583,104.00979134276,-7.67939179801528,112.61977860253401,SG,jpeg,2,1361.8214474952615,0.20497605204582214,0.015141323208808899,3.0309321880340576
996366924230321,9.4509927129863,-5.632989557206,-22.758365503242885,-47.63197704591473,CI,jpeg,2,5807.863744653666,0.10336251556873322,0.015424452722072601,4.086621284484863
167430881975593,48.946219066106,17.372135047934,48.092875492570535,-1.6350414015688133,CZ,jpeg,2,1399.4487842432582,0.5380328893661499,0.5093676447868347,2.9680700302124023
1287753361619391,41.902938185448,12.402760733592,23.37709348663328,39.8328887505223,VA,jpeg,2,3267.0706529662643,0.1847374588251114,0.014503240585327148,3.4398176670074463
631066277884886,8.81662211291624,-82.90477256073295,9.974363698342469,-84.01307725096807,PA,jpeg,2,177.07332361323685,0.5280676484107971,0.3885114789009094,2.3632142543792725
1770786233100996,69.218294531367,-51.091665910743,66.37021826705856,-17.193065690477134,GL,jpeg,2,1439.2427403330435,0.2730184495449066,0.14308184385299683,3.5567660331726074
239943934683187,68.81413122743538,15.673939453479123,-1.6320162333635104,29.194358695125757,NO,jpeg,2,7900.814434499087,0.3494998514652252,0.18462808430194855,3.2780587673187256
481611806279393,19.322225516792,-81.380605067753,-24.670021562156727,153.01288619602923,KY,jpeg,2,14410.498825990864,0.38716965913772583,0.26520973443984985,3.262486219406128
3800949300034619,38.343949995952,57.117059018247,40.76775981446808,-112.01166527589149,TM,jpeg,2,11149.174946556432,0.13280455768108368,0.047244422137737274,4.50935697555542
823233711883166,29.068560075854,48.084048261556,12.630551686087726,-7.998281553459274,KW,jpeg,2,6048.783562861185,0.7187739014625549,0.6953312158584595,2.0053977966308594
450038362963389,38.978830137822,-7.2812361854766,-17.388897440119443,-66.24736791760913,PT,jpeg,2,8760.649226147518,0.2752549648284912,0.11040575802326202,3.2842369079589844
297933462444738,13.662316404789827,-16.430340101173016,14.11663115096347,-16.424337309505603,GM,jpeg,2,50.521650232010934,0.6927183270454407,0.62846839427948,1.8697329759597778
949917125580796,18.251570400358,-62.984528794394,5.1447864538930235,-3.5499402853158304,AI,jpeg,2,6604.713368249202,0.14700503647327423,0.029410548508167267,4.26499080657959
313078556837128,55.266055994786,11.315098206416,35.14163855855593,-111.10973227343686,DK,jpeg,2,8573.385467950111,0.1555497795343399,0.03943149745464325,4.131293773651123
210766354219144,-26.628804736334,31.659445474276,39.5641999990157,-110.66663178077812,SZ,jpeg,2,16256.173190636147,0.07923002541065216,0.016129054129123688,4.9401373863220215
520708829313842,54.68692259669,9.0074931788196,38.06707302319859,-97.91037037583722,DE,jpeg,2,7588.042446827331,0.2654832899570465,0.18021634221076965,3.9677975177764893
992154464938892,-17.65251068093,177.40709100849,-36.02295793731923,146.0727554140957,FJ,jpeg,2,3693.23076417494,0.2789996266365051,0.14588524401187897,3.5513134002685547
150289013771703,50.348577719861,-4.6628826388904,-38.11370336664282,146.98814074994297,GB,jpeg,2,17402.257226306567,0.07603154331445694,0.03706049174070358,5.119691371917725
1423738521294950,17.182641732455,-88.332789645282,19.602996297821484,102.16484768031053,BZ,jpeg,2,15767.037530326113,0.22652116417884827,0.06059959530830383,3.8674073219299316
1155605118288528,14.706942793316,-61.143095527488,36.08587858239559,138.98147181175526,MQ,jpeg,2,13983.97105911326,0.15852971374988556,0.029417887330055237,3.9365127086639404
2986698694926936,78.215334468879,15.012641390148,-43.583962113632566,172.68650672737223,SJ,jpeg,2,16041.626835505607,0.6750130653381348,0.5596257448196411,1.8595609664916992
2083829008422694,58.379655829272,6.1151443597417,17.948406660621053,102.65539037006063,NO,jpeg,2,8688.254895417784,0.25363922119140625,0.17146658897399902,4.059810161590576
155652916570780,42.348418071723,20.818276988414,-17.372770251582597,-66.17615467564129,XK,jpeg,2,11058.136267799844,0.9143273830413818,0.9076863527297974,0.7473182678222656
845707173409060,13.15145888888889,-59.57003805555556,-27.916166012414156,153.1738682763447,BB,jpeg,2,16248.304848314703,0.15756100416183472,0.034635916352272034,4.639220714569092
792307658322895,52.913640031191,6.8640509875213,-17.35088502103896,-66.14221201671874,NL,jpeg,2,10451.820199399985,0.21476025879383087,0.0663459300994873,3.624835729598999
463829391356731,7.1956119778003,124.23640602451,-45.12757423975813,169.36045233987844,PH,jpeg,2,7350.160147205856,0.07738121598958969,0.003788188099861145,5.119565486907959
190327429484222,18.406063827426,-66.173016157195,23.45309591904562,120.48836926431919,PR,jpeg,2,15304.728614860898,0.6598232984542847,0.4862271547317505,1.3119194507598877
964385794363812,38.838166509572,140.96848476449,43.87569741738808,141.59527718932333,JP,jpeg,2,562.5802834138269,0.05952148884534836,0.001148466020822525,4.657994270324707
992350614846774,12.919375038455,-85.248546579532,9.965553533517346,-84.02745712941925,NI,jpeg,2,354.38017097604035,0.722008466720581,0.6618778705596924,1.4306690692901611
2898111640459899,32.288702684025,-64.767038528517,12.275861654871939,75.26347047339273,BM,jpeg,2,13487.70231695304,0.5572235584259033,0.38741785287857056,2.3625993728637695
156853596375003,19.653051191999,98.633327646919,-6.213801926732138,35.75571153602143,TH,jpeg,2,7452.2851148819245,0.25030800700187683,0.1196686178445816,3.9125938415527344
353101693221406,-16.097698333830845,28.68442044328358,-38.01338680783383,146.63659196161524,ZW,jpeg,2,11186.91957121898,0.39683452248573303,0.3652692437171936,4.188954830169678
