id,true_lat,true_lon,pred_lat,pred_lon,country,corruption_type,severity,error_km,top1_score,margin,entropy
1198015930637035,47.58736244394304,13.72243335782696,47.79743944244752,12.941969803162582,AT,lowlight,2,62.912052092993015,0.18398866057395935,0.11721739917993546,4.348941326141357
2627501530880734,-21.690540312924,165.67395409726,-29.746065791030393,30.90942567110561,NC,lowlight,2,12523.59973605627,0.7739546298980713,0.6580682396888733,1.2897615432739258
464312504633961,25.061219179854,-77.474052344488,-8.017555997626582,-34.8855921496731,BS,lowlight,2,5897.263444040111,0.5317668914794922,0.4641176164150238,2.7887277603149414
1640910792965420,14.05090975535,-83.408252576108,12.821857040426634,76.4659064307199,NI,lowlight,2,16294.32686401795,0.28132230043411255,0.05461090803146362,2.5920097827911377
784509382269632,39.054295235447,125.75444015475,56.30550058222351,43.93930272317546,KP,lowlight,2,6022.159102730692,0.2784038186073303,0.026221871376037598,2.9320261478424072
1203580403446328,59.403162352068,5.3346943684814,39.81510590244185,32.767467878651956,NO,lowlight,2,2900.2106507767016,0.10738518834114075,0.05195377767086029,4.997247695922852
529318031569520,35.884852698,14.543835095527,35.411071125976626,34.100840403067956,MT,lowlight,2,1764.9796100328988,0.3293721079826355,0.10579848289489746,2.610623359680176
579627393601024,31.161290071016406,27.62620232776423,41.40686670811358,27.709426880514833,EG,lowlight,2,1139.2803942937785,0.3728097379207611,0.24225659668445587,3.4345974922180176
493287055050730,18.529699440908,-73.82906994801,12.82496199555755,76.50543516486036,HT,lowlight,2,15247.115874371151,0.3626020848751068,0.21928049623966217,2.8076741695404053
194636675718395,15.711283292961,-86.911458774945,5.451609359626619,100.46039866171225,HN,lowlight,2,17525.84045920573,0.32470130920410156,0.014174312353134155,2.412358283996582
324862519056205,19.31841800221,-81.382583014952,-27.453994499023207,153.16594871863518,KY,lowlight,2,14417.545270206443,0.16388094425201416,0.04922828823328018,3.7267520427703857
312497683776326,-3.5385285661184,29.342796802632,8.019069612916686,38.07995662624252,BI,lowlight,2,1609.5988615020276,0.09366041421890259,0.012134119868278503,5.1654534339904785
524249899215869,-20.36057432562562,57.57448506856856,4.363061104120388,101.12740903316167,MU,lowlight,2,5490.969009586903,0.35986125469207764,0.33387672901153564,4.188841819763184
762407414666903,18.261799133186,-66.040383948361,40.99503051846485,-112.0027947456465,PR,lowlight,2,5033.515075921957,0.22633348405361176,0.050543561577796936,3.1766066551208496
1162773017520174,6.3181766455254,37.510104406035,11.523603038259045,76.37673968872505,ET,lowlight,2,4304.930797397776,0.2910495102405548,0.11175893247127533,2.774559736251831
3356357477800408,-13.862024739384,-171.85937431059,14.338986780975292,101.264421535836,WS,lowlight,2,10059.001708721249,0.1840205192565918,0.005944877862930298,4.308091163635254
487479689165720,-0.79790097222466,-77.201507380967,14.292034435850123,101.21567893685162,EC,lowlight,2,18504.54659670984,0.5083869099617004,0.4210909903049469,2.6256508827209473
255694192945304,0.23852452895088,109.87510053714,1.386633355921749,103.81093060142592,ID,lowlight,2,686.2058363308222,0.19441774487495422,0.059453561902046204,3.4218485355377197
810188746588631,46.29075689375,10.078154998184,45.19496910948674,7.727178810580707,CH,lowlight,2,219.37007362831983,0.15588796138763428,0.021705716848373413,4.0433855056762695
152336490235316,6.1412981189533,-10.222955468447,15.377425755288973,79.23545804981147,LR,lowlight,2,9769.018709524575,0.17816106975078583,0.05063749849796295,3.7949700355529785
1128248694323507,4.9712879947102,-52.440325961909,44.62269076288347,20.739235972846174,GF,lowlight,2,8291.833860698958,0.14921829104423523,0.013581350445747375,4.425805568695068
319600276196154,17.249258189479,-62.655520880016,40.76450216381675,-111.33074115062564,KN,lowlight,2,5319.109178409645,0.46963924169540405,0.36508554220199585,2.3065783977508545
227605128698501,30.534718182782,35.557018519973,37.02349104455267,-113.53159712001187,JO,lowlight,2,11842.623096052132,0.25374770164489746,0.12051424384117126,4.240176677703857
469353001013618,-4.8497851046353,11.90522368749,-3.9351127457067303,15.579633423387335,CG,lowlight,2,419.87536031426373,0.13147856295108795,0.01812722533941269,4.505952835083008
312137333614311,50.147457733865,106.21881807879,40.588381192513076,45.92545947951893,MN,lowlight,2,4694.026557174044,0.16932953894138336,0.07043872028589249,4.205284118652344
417436926432877,-9.466630277777776,160.38180111111112,14.41395300725069,101.39381384877693,SB,lowlight,2,7024.768909888031,0.7259951233863831,0.5908558368682861,1.473707675933838
521833368998076,33.828288106674,35.578984207651,41.23212190930266,32.465070386727994,LB,lowlight,2,867.682253656358,0.24339117109775543,0.08286592364311218,3.165672779083252
804138920493771,-0.43494769438863,-76.201325946671,2.9331179002820726,101.70581731301712,EC,lowlight,2,19652.781961985405,0.292206346988678,0.078602135181427,2.3505516052246094
302261168190071,-13.859325484052,-171.70998038915,11.501479616898783,76.62024144416397,WS,lowlight,2,12622.85272696218,0.32226869463920593,0.17635297775268555,3.3836700916290283
1226452984452730,18.570054722222,52.82152305555601,-25.217907701889477,31.994214152266096,YE,lowlight,2,5365.276430738229,0.1349285989999771,0.04764916002750397,4.731232166290283
321769825972532,56.815207379952,13.937240092613,59.591861665194,15.741527728910555,SE,lowlight,2,326.3149519523734,0.1448589265346527,0.05722139775753021,3.933573007583618
773469050698883,0.4364979004820079,9.440864620026538,36.70523570414316,3.054952167357375,GA,lowlight,2,4086.1678785962386,0.43944644927978516,0.3631652295589447,3.447800874710083
333032548339836,51.706235270322,-9.7173149835356,40.37902703025516,-111.61092814394746,IE,lowlight,2,7307.960530801063,0.22257962822914124,0.026407822966575623,3.7117760181427
321482029535925,44.652229350002,21.162756330018,44.34638186861337,22.68783239059508,RS,lowlight,2,125.64288628290831,0.17590868473052979,0.024855107069015503,3.532663345336914
832510974027702,-17.456552891966,-65.728142843828,39.14160942509464,-0.5663585223826921,BO,lowlight,2,9232.021684587446,0.08337737619876862,0.01729792356491089,4.722489356994629
109891514526025,48.213328182129,28.09057650588,39.187242681375636,-0.5430056685715454,UA,lowlight,2,2492.336960706731,0.40862298011779785,0.3450186252593994,4.005146026611328
2942639579308445,34.805369127435,127.95898406217,45.36641374063114,14.391216681661865,KR,lowlight,2,8883.432325665717,0.11172379553318024,0.03751544654369354,4.652289867401123
370894024357836,15.425447150296,-61.271269855519,11.456799375718353,76.49572651528278,DM,lowlight,2,14487.882143151886,0.1971278339624405,0.030674263834953308,3.89996337890625
788101518532706,11.258356617235,-60.564806768225,26.08653635571879,-80.2216331530455,TT,lowlight,2,2640.0234332382042,0.24039620161056519,0.19121751189231873,4.728122234344482
3872288566218352,50.796778330451,21.153443346433,44.08232407331773,22.365495241166883,PL,lowlight,2,752.1285471349271,0.20322160422801971,0.12163499742746353,4.103362083435059
1002859423856924,17.09712846732,-24.97047664313,43.33147149102883,22.17212861274455,CV,lowlight,2,5290.002357900451,0.560785174369812,0.5015275478363037,2.5801315307617188
238160651412928,-46.337650900733,167.79026062048,40.21486069689284,-111.65219048309304,NZ,lowlight,2,12494.984323036262,0.16631388664245605,0.06010764092206955,4.858437538146973
2563203020654329,54.32142990519237,-4.456551481932205,51.22620794324528,0.11046210713535662,IM,lowlight,2,461.15481117989066,0.09863938391208649,0.015226148068904877,4.885167121887207
732194144134616,9.3458958330497,-79.823967302875,-29.74464218580566,30.998868877056083,PA,lowlight,2,12526.21308943815,0.563254177570343,0.4983476996421814,2.617487907409668
476322813419625,17.628516606198,-63.231308396649,13.882766994990039,-60.996613222443045,BQ,lowlight,2,480.25671736302985,0.9311802387237549,0.906566858291626,0.42288053035736084
1136304350214402,-39.328969954559,174.63690058405,40.53528068054711,-111.80629563145379,NZ,lowlight,2,11587.71653261384,0.12721794843673706,0.0139412060379982,4.260090351104736
486828262519306,14.646929324615,-60.975801183717,11.49299330801948,76.54770116008281,MQ,lowlight,2,14506.308501082585,0.044837456196546555,0.008707839995622635,5.630849838256836
1387937924894828,47.907557209354,107.17858480002,47.90257218476153,107.06110369969544,MN,lowlight,2,8.77465376137277,0.18858563899993896,0.060484498739242554,3.8756699562072754
944100506347413,4.8670503980303,31.542952103365,8.024595976347104,38.58765587034457,SS,lowlight,2,853.8063076013591,0.14400804042816162,0.009068265557289124,3.8583099842071533
225738692700446,69.2342740620203,17.971246283328018,63.89689243145351,19.847413358664802,NO,lowlight,2,599.1900891444677,0.2632293999195099,0.2248651385307312,4.613502502441406
138012564971418,-17.546030537707,-149.57580216474,37.64668381902902,139.92391719298692,PF,lowlight,2,9574.816001733727,0.18620650470256805,0.04101879894733429,3.513190269470215
1349102025473123,60.210439476288,20.246196471172,57.48173576241347,16.51124723774613,AX,lowlight,2,371.6620507338112,0.44448569416999817,0.2360602766275406,2.5841851234436035
481515363098541,8.3835270285271,-82.196719096621,11.476465765569701,76.6170841939307,PA,lowlight,2,16795.377132732454,0.5623741745948792,0.5269017219543457,2.812156915664673
208681127527124,49.241162571487,-2.1218631166228,50.56463800525569,6.686822272757368,JE,lowlight,2,647.3804014411638,0.4820033609867096,0.42380470037460327,3.091214179992676
496883494997876,12.508559533613,-70.010590958509,26.11742081217123,-80.20646689976554,AW,lowlight,2,1851.1939991902223,0.5611229538917542,0.5081843733787537,2.7594664096832275
1258448591563623,-8.614371141011388,35.602892240053215,6.8845831152703,80.65029455400217,TZ,lowlight,2,5282.021301394303,0.13129934668540955,0.028469078242778778,4.781774520874023
849655245900069,5.9311045328258,15.65109465938,56.33436007785814,12.919334541489658,CF,lowlight,2,5609.765209929709,0.07635756582021713,0.02160220965743065,5.668403148651123
1448430112350839,11.026769583975025,-8.632346605323722,-15.838799514456431,-48.86840000065177,GN,lowlight,2,5341.5206820091435,0.2480650395154953,0.10311171412467957,3.851487874984741
711741309997504,-35.434392939173,-67.582981443437,-32.87777530571507,136.24911820082232,AR,lowlight,2,12023.704508989444,0.6243028044700623,0.5721019506454468,2.403508186340332
330646891800305,14.870259800656,-24.373949477736,43.323546273162854,22.096631710477478,CV,lowlight,2,5412.311073981682,0.32450801134109497,0.2128930389881134,3.6528215408325195
844947319428707,12.572384044567,-70.044602664275,4.517761433426899,101.24941430812872,AW,lowlight,2,17885.11895423073,0.1408807635307312,0.032319076359272,4.578362464904785
1424082877926694,39.063764515107,125.77381801639,24.95799376521012,121.22827856036885,KP,lowlight,2,1625.3612612357106,0.4972279965877533,0.3218042850494385,1.823957920074463
262049738998529,15.746495092756,-86.857367093038,5.44896506032447,100.50270263082305,HN,lowlight,2,17522.851953036137,0.785807728767395,0.6850513219833374,0.9300593137741089
2941932222749741,8.8904169624644,80.720461103422,13.24988783170599,77.80244855218064,LK,lowlight,2,579.936518268944,0.22209137678146362,0.031728655099868774,3.160449981689453
2957416491247002,22.534707236092,-79.367474703615,53.06438851658449,5.502380684850689,CU,lowlight,2,7688.868644972472,0.17720581591129303,0.08779435604810715,4.466253280639648
1339793246404338,78.178055846086,15.902100697497,78.26033276593483,14.653194639704989,SJ,lowlight,2,29.792046764538153,0.19499623775482178,0.09305001050233841,4.897564888000488
742849163058043,7.9945228460384,126.06338592216,-7.28954943642335,109.75708631513218,PH,lowlight,2,2481.1853452583005,0.25205284357070923,0.05932709574699402,3.337939500808716
487902825754300,18.349709806038,-64.886627593059,35.2803021980174,135.3825706374148,VI,lowlight,2,13679.841763628801,0.07692932337522507,0.01128675788640976,4.859485626220703
188819323085799,41.434692972264,43.314083402676,40.448038262448605,-5.450703617789244,GE,lowlight,2,4042.1751394647526,0.5447994470596313,0.5074813365936279,2.949801206588745
449823653747421,53.88835461402647,-122.76729722632489,49.22496634581061,-123.05877980146114,CA,lowlight,2,518.9352818768384,0.12425585091114044,0.041289351880550385,4.018606662750244
227770655816183,49.479739351354,-2.5890746408905,55.524779317111765,9.72803404481319,GG,lowlight,2,1068.3124237112945,0.2809349000453949,0.0932195633649826,3.0993387699127197
216079839905055,19.324976978962,-81.381549997813,41.01196537957645,-111.81558056009197,KY,lowlight,2,3757.016856483174,0.1539197564125061,0.033221691846847534,4.808244705200195
828630294440097,3.9058095275261,11.829761470611,-7.632769472794513,110.81576521839912,CM,lowlight,2,11053.881278071594,0.15202344954013824,0.01684272289276123,4.804342269897461
860118858181209,-20.177979,57.661693,-20.256725498085455,57.487774946570084,MU,lowlight,2,20.1493426629562,0.49143075942993164,0.40622082352638245,2.8188304901123047
114507540681851,35.729256605436,128.41830771074,17.91089658318654,98.92593420454554,KR,lowlight,2,3511.178297716496,0.5612322688102722,0.5165951251983643,2.7955243587493896
661381454786146,-18.972548731094268,29.805283361910963,13.28596191599553,77.723310120654,ZW,lowlight,2,6357.332074026938,0.3460846245288849,0.2839328646659851,3.9270403385162354
222747492577837,61.352664593679,27.429725107498,59.58856363040579,15.71728085285454,FI,lowlight,2,670.1392246199305,0.19303324818611145,0.1429101824760437,4.712814807891846
138806294926443,38.717835758735,58.495184798492,22.46063787352116,59.46817533864947,TM,lowlight,2,1810.082471581361,0.3032570481300354,0.20784498751163483,4.2039313316345215
135421499385396,13.275246919086468,2.911011286873044,-25.25994997313111,32.0277248508122,NE,lowlight,2,5321.370406515419,0.9771760702133179,0.9684581160545349,0.1649569720029831
517034622643483,-9.0920015075631,160.82242285539,14.388382679176807,101.388008596247,SB,lowlight,2,7054.325554064165,0.1993289291858673,0.09854047000408173,4.084291458129883
2526299567665760,35.829307962213,14.558295593658,35.42006739546193,34.10821560297684,MT,lowlight,2,1764.663222200673,0.24650350213050842,0.019399747252464294,3.0360054969787598
281947363629492,78.231350087799,15.142395905188,77.40618768258574,12.512458736249753,SJ,lowlight,2,110.55031920530274,0.7491502165794373,0.7210226655006409,1.6629921197891235
309954333906145,40.335258934887,19.990673334292,43.961336339553064,22.24590385587001,AL,lowlight,2,443.9561514770474,0.5202150940895081,0.29829031229019165,1.790921926498413
163258222377928,-8.7192284268616,160.86453616743,44.06019799213324,22.308467836172273,SB,lowlight,2,14414.523017648378,0.8093247413635254,0.7517713308334351,1.0199179649353027
497041608993768,7.354967160960991,134.4972694391149,37.10003846122499,140.8271135535837,PW,lowlight,2,3368.9080668508486,0.08887927979230881,0.0023590847849845886,5.338046550750732
325055798982586,-10.203132697528,31.216979658259,-25.344055253725248,32.07079831686032,ZM,lowlight,2,1686.0009969196985,0.7242355942726135,0.6026467680931091,1.3757660388946533
361816321938390,12.57472666996,-70.041979864956,-0.9864518455090668,-80.60778876365922,AW,lowlight,2,1906.1685448637709,0.26222509145736694,0.11140128970146179,3.352022647857666
1145510005966861,18.05148025828786,-15.896397560721027,50.56417872251941,6.664827109106926,MR,lowlight,2,4130.943471779425,0.1526491343975067,0.027948565781116486,4.686563491821289
262345932212210,15.140006372867152,39.26672870985676,43.326867895137,21.984507360100384,ER,lowlight,2,3538.2127327992857,0.20057055354118347,0.08210756629705429,3.784527540206909
901986960835723,13.278551582622178,2.917996515380901,-25.27990664724059,32.04040884330799,NE,lowlight,2,5323.7397030031925,0.9262802600860596,0.9180946946144104,0.6185275912284851
317050140097070,43.4276581353825,24.38127115862344,53.09071623042433,44.99199093811953,BG,lowlight,2,1855.3278952955309,0.18636037409305573,0.10681787878274918,4.752972602844238
994714827967018,22.682567905302,39.11769149111,37.02464230463537,-113.56493919230078,SA,lowlight,2,12784.96172113899,0.3661240041255951,0.2929374575614929,3.9709911346435547
145209974249665,16.762668175828,-62.220769939941,11.47644993992632,76.43605359421096,MS,lowlight,2,14491.365986616267,0.33602243661880493,0.03778257966041565,2.76196026802063
763480160945552,3.114388438698,31.177872023014,12.280224619962619,-8.174636170207803,UG,lowlight,2,4448.176968215767,0.4979473948478699,0.3729090690612793,2.745574712753296
4405163029511350,43.682079175037,23.978223195064,44.31141951840766,20.752681972407718,BG,lowlight,2,267.31627509157806,0.29544708132743835,0.16983549296855927,3.130441188812256
326659798812032,12.410385336248002,-16.110049424682003,13.31938096178588,77.71847903849157,GW,lowlight,2,10096.39071852281,0.3807538151741028,0.2747836709022522,3.385303258895874
895631547651467,12.080356238018,-61.704118318475,11.48891106156171,76.42835531621816,GD,lowlight,2,14701.713701288922,0.8547667860984802,0.8205925226211548,0.9180709719657898
953292548822411,18.0817933464398,-15.894888251115804,-6.485852925873681,-78.94364022153374,MR,lowlight,2,7434.124805653819,0.10394563525915146,0.00860123336315155,4.5325469970703125
1179673359141283,-27.440457092686,31.884625638401,-25.334182641988317,31.777517237171754,SZ,lowlight,2,234.4498667006312,0.9982913136482239,0.9981545805931091,0.02198234386742115
1391570534555001,12.121586777999,-61.634729332904,15.608043409326996,-61.41812049745622,GD,lowlight,2,388.3806365222082,0.7359512448310852,0.6161184310913086,1.1627438068389893
1931718050309638,42.316673318457,42.610766550542,17.850295353554948,98.67346693268836,GE,lowlight,2,5913.304452911572,0.29186439514160156,0.24618670344352722,4.167837619781494
1441784959495240,18.614866388889,52.371751388889,37.027107935282345,-113.5368441099606,YE,lowlight,2,13653.88373055028,0.4308229982852936,0.19222259521484375,2.1047329902648926
1092193684624091,13.222041768155,-61.27004985443,5.03715095943788,-75.52812049369773,VC,lowlight,2,1809.361854934268,0.159390389919281,0.018944665789604187,4.295361042022705
545855749735091,44.933679619312,10.542218724088,45.89451123677867,10.990174415399514,IT,lowlight,2,112.41524432994652,0.1491805464029312,0.01587565243244171,4.139942646026611
2774084016236056,4.2465653216704,73.54886569526,56.168358440898835,15.548488583820395,MV,lowlight,2,7690.425969280403,0.6133581399917603,0.5726182460784912,2.459613800048828
193239609283383,16.442716181297,97.600636667113,53.13753629347407,44.655530700062606,MM,lowlight,2,6118.888478163102,0.2049911767244339,0.10820378363132477,4.251906871795654
838605060406461,-38.684857801033,-62.245177670808,45.33291429851448,19.913133179148225,AR,lowlight,2,12419.870257611738,0.10650060325860977,0.06182797625660896,5.450893878936768
1398766300483374,-20.281888888888,139.05741666667,-20.236734919619483,144.94581806300252,AU,lowlight,2,614.2417146872757,0.19286194443702698,0.08276376873254776,3.804633617401123
309592324146292,-40.470381504032,175.24679558692,-37.756065933677235,175.3853132966555,NZ,lowlight,2,302.05449770135067,0.34463655948638916,0.28064191341400146,3.7608628273010254
787330225321281,78.186979979764,14.79210601878,56.03363926370912,12.635935981631729,SJ,lowlight,2,2464.7069250896225,0.16731078922748566,0.07618503272533417,4.414872169494629
481435006457069,41.714515597444,19.778002854189,41.29208037393688,32.38106093219839,AL,lowlight,2,1049.6423793306399,0.6091923713684082,0.350955605506897,1.3845794200897217
562746315113072,-21.036239487922,55.673092800575,45.10844626507176,1.7965199790108746,RE,lowlight,2,9151.014375506418,0.14319206774234772,0.06382861733436584,4.958946704864502
251075026766241,42.736773777269,78.935492923137,40.85543857388073,44.103826979271034,KZ,lowlight,2,2874.540426724452,0.11379183083772659,0.0066671222448349,4.432226657867432
4010096302418176,13.274118,121.232275,14.949298677507283,120.82891020499036,PH,lowlight,2,191.28270161368405,0.7346891164779663,0.6856130361557007,1.4640122652053833
385537683018740,8.58587702121514,-10.943586617629483,14.04855194892419,100.85775213507172,SL,lowlight,2,12082.793948856064,0.06759878247976303,0.014581367373466492,5.439040660858154
180372857328994,49.843429916622,73.222888258927,37.02759845852501,-113.54315762679924,KZ,lowlight,2,10332.593565664722,0.33611565828323364,0.17124870419502258,3.4230151176452637
907851513392138,-18.164645479454,178.22136593468,44.03913974088668,22.223531973653976,FJ,lowlight,2,16369.341280068527,0.13008667528629303,0.02309539169073105,4.332596778869629
1131598217344189,54.864195040685,8.7383931888414,51.219938820735536,22.89142098057363,DE,lowlight,2,1026.9638221455903,0.26964622735977173,0.2287054806947708,4.310703754425049
3247097405547891,33.97288015656933,71.60789771722264,18.477960523908042,73.95247283073662,PK,lowlight,2,1738.5896563462954,0.1442759782075882,0.053453050553798676,4.4621076583862305
1063412324270300,-15.431355385415,167.20499794568,47.21666706148161,4.195362441210595,VU,lowlight,2,16148.871844282565,0.18432901799678802,0.08160602301359177,4.672092914581299
478746096705872,12.1865576631,-0.3910576992899,16.91362885509151,100.5645612879356,BF,lowlight,2,10750.277346919349,0.12430504709482193,0.03483925759792328,5.065311908721924
163486722253544,18.376454722061,-65.907019733384,26.125853325919202,-80.20883108961058,PR,lowlight,2,1703.6166010043005,0.7005348801612854,0.6369707584381104,1.8071640729904175
1394646127681740,50.27605756468763,-5.022433442071348,41.4048290069144,27.59606058788058,GB,lowlight,2,2686.0465511467582,0.1619562804698944,0.08847575634717941,4.925869941711426
311036310426740,10.534375285392,-85.108561963834,-25.190782872605958,31.942196238800523,CR,lowlight,2,13214.719784878565,0.916638970375061,0.90276038646698,0.5998864769935608
180655490594869,-4.2955834051727,39.583247618282,17.46264787312198,78.34100230382755,KE,lowlight,2,4892.9918694083935,0.25348296761512756,0.1283525675535202,3.0967235565185547
225040172344104,54.10668466178,-8.5444506137227,45.95211764953975,3.1640795913244664,IE,lowlight,2,1230.454018765374,0.16057246923446655,0.09944978356361389,4.5393571853637695
590599688583224,62.579080335013,22.030513453623,61.342948230497115,16.72652420345615,FI,lowlight,2,309.3160247531284,0.2532743811607361,0.14575764536857605,3.668483257293701
378410597431210,11.755141729610802,11.99142765025279,17.509600222658268,78.30133188828314,NG,lowlight,2,7130.2120350396635,0.31620684266090393,0.20952381193637848,3.487565755844116
769560623930363,13.781555904684,-60.954984062834,4.436684021345963,-75.71490503037164,LC,lowlight,2,1923.3313507031162,0.21755371987819672,0.007885739207267761,3.400975465774536
191217559525689,10.598613143242,103.76819114404,5.162013109252426,-1.135904113581306,KH,lowlight,2,11520.437481689192,0.13226860761642456,0.05377519875764847,4.09940767288208
960119301406916,8.934567996624,15.810201192055,-25.31244622671262,31.967134406200522,TD,lowlight,2,4190.756703404671,0.99439537525177,0.9933298230171204,0.05909442901611328
162029952434974,10.416592641005,-6.9267518159549,17.865295367123274,99.0584095463796,CI,lowlight,2,11305.499621182093,0.6382707357406616,0.5495479106903076,1.7735626697540283
777563772895063,60.262939806644,20.372533414245,56.1879361730917,15.460097744198748,AX,lowlight,2,536.3845242322667,0.21880246698856354,0.1404745727777481,4.478718280792236
483016122754010,8.2177331232449,-10.640871255174,-25.322907771278153,31.95400260681934,SL,lowlight,2,5928.059359368158,0.24539686739444733,0.13138289749622345,4.018501281738281
945669026244322,32.28289364111786,34.89665697754903,51.231747868922106,22.539453746967332,IL,lowlight,2,2335.7342139518564,0.15770599246025085,0.07080014795064926,4.287318229675293
834907740772712,-51.828914124143,-58.391576104278,38.9518529633516,-109.77269172629073,FK,lowlight,2,11253.162810798232,0.277109831571579,0.04154367744922638,3.1640992164611816
315786796574792,17.029958580939,-61.837386119134,-38.646153700734196,178.04904810555223,AG,lowlight,2,13775.690719396163,0.3176172077655792,0.1035253256559372,3.4047770500183105
3935353219835220,5.0624805680856,-52.559930285878,-25.362572165824233,31.837190860450704,GF,lowlight,2,9688.347603105627,0.9446554183959961,0.9332515597343445,0.4734032154083252
703624374104706,11.148071748184186,42.461472571281,40.861154743869015,29.57052585561646,DJ,lowlight,2,3536.91778177625,0.16590461134910583,0.1070670485496521,4.504034996032715
552376936150414,45.747934121718,28.392399493234,38.61970644054319,35.41499503297623,MD,lowlight,2,980.4956805750747,0.7669663429260254,0.7106099128723145,1.3517810106277466
279990610516417,-25.052590421722,25.938389437355,-25.269593251834703,25.513961608389938,BW,lowlight,2,49.060275360799814,0.26284199953079224,0.1851922869682312,3.6046628952026367
244594784129468,17.181606776437,-25.056350793491,11.466301336247689,76.7842732212794,CV,lowlight,2,10859.958607279908,0.3274442255496979,0.2674165666103363,3.923295497894287
916296905814911,29.986443376454,35.073653850875,31.319333297210637,35.40817141870381,JO,lowlight,2,151.62531587669648,0.8609233498573303,0.8461922407150269,1.0391019582748413
160409959286661,13.609489121743,-15.203056960483,7.537622113324118,38.35186559473324,GM,lowlight,2,5881.880221067095,0.3540534973144531,0.2988487184047699,3.8834779262542725
375549574325666,-8.088511666666667,156.78238944444445,0.26046773514075394,149.74298144431097,SB,lowlight,2,1212.6824641087476,0.14294028282165527,0.051437921822071075,4.749522686004639
6504127516293875,-20.153986376711,28.58502890468,-25.894510327091538,32.78430119562968,ZW,lowlight,2,769.3343462169389,0.16983842849731445,0.04247315227985382,4.765721797943115
955352585280405,53.073543217589,5.6644949286343,55.51945537091947,9.753225755915546,NL,lowlight,2,379.83603650202383,0.2730793356895447,0.16895177960395813,3.5144617557525635
198798338740227,41.487329996943,45.08669320994,40.1110302017236,-111.9546455184421,GE,lowlight,2,10650.378301655424,0.14091168344020844,0.04367738962173462,4.11720085144043
747640439246618,6.555528380315,-10.331525634335,-15.837507515896771,-48.86948977438109,LR,lowlight,2,4919.244313007353,0.0845678374171257,0.03523477166891098,5.598654270172119
537333261008423,39.113511978868,117.21046994629,24.81818391469413,121.00793211621334,CN,lowlight,2,1628.985188885818,0.12028537690639496,0.01558830589056015,4.3015241622924805
5205930492794121,13.596220054527333,-87.36529096486619,45.323690860016754,19.917301995952243,HN,lowlight,2,10236.090298028503,0.19113487005233765,0.10020210593938828,4.307893753051758
282961036881213,36.025363064061,14.258923344808,56.17694177594034,15.418119593009681,MT,lowlight,2,2242.456503722177,0.28694021701812744,0.11032223701477051,3.4593629837036133
2898417523733065,12.385310410818,-5.9561351141694,-25.191105065499,32.08313999014919,ML,lowlight,2,5869.450822746198,0.9834399223327637,0.9813100099563599,0.1603085696697235
814006309495024,18.427369706947,-64.568261557542,-25.076813513486222,32.13286575400995,VG,lowlight,2,11513.92350688229,0.2800566554069519,0.06522898375988007,3.427396774291992
363924908375174,-4.7913317580586,11.855642981142,6.168334350560514,1.2176518634174767,CG,lowlight,2,1697.0225140879186,0.3582124412059784,0.1594177931547165,2.545098304748535
520091355848418,69.217861349712,-51.109419049396,55.53470237562368,9.745374048900551,GL,lowlight,2,3302.6753694491576,0.21451646089553833,0.035705000162124634,3.207848072052002
840734783196696,32.126256113931,44.324859980182,36.71945504252503,3.13843604447683,IQ,lowlight,2,3783.048473788488,0.1638323962688446,0.017922446131706238,3.921847343444824
226163689282727,12.168906318554,-68.967070805139,-25.307547877254507,32.15719049749403,CW,lowlight,2,11687.290188551875,0.5856291055679321,0.5503796935081482,2.751803398132324
341214407334376,-19.377102833928,34.400509607794,41.03425221662454,-111.89340453259626,MZ,lowlight,2,16020.425983504323,0.18695126473903656,0.01646961271762848,4.071030616760254
894968224414635,34.986110625975,32.668982915426,38.178901262287944,23.79994931962713,CY,lowlight,2,867.3455206931409,0.7069396376609802,0.6793819069862366,1.8658527135849
462694431488011,18.632063011792,-68.389902993932,34.09886163569938,-109.66410395463815,DO,lowlight,2,4419.9946949204095,0.139834463596344,0.08699382841587067,4.903339862823486
857893648147331,-10.905676698416,14.247198141961,16.920808851324363,100.69014627191142,AO,lowlight,2,9987.028805393025,0.1463669389486313,0.0038515329360961914,4.065974235534668
382009819762071,39.329365017441,27.62045985936,43.5716038425425,21.36209680750622,TR,lowlight,2,702.8820700623554,0.589560329914093,0.5026893615722656,2.178657054901123
271875871339932,11.850545983225,38.038235893261,13.038104842010451,35.2400723737881,ET,lowlight,2,331.27983807199104,0.4179374873638153,0.18308629095554352,2.3009018898010254
525646118616107,-15.637682963249,166.84078278513,43.96151434838777,22.217734609871165,VU,lowlight,2,15432.696153099638,0.1667022556066513,0.040643468499183655,4.003134250640869
2982805328705469,64.437207664635,24.181485346398,44.10842212586223,20.80343875560084,FI,lowlight,2,2270.3095814328526,0.16694630682468414,0.09587615728378296,4.186558246612549
320116623608771,23.185410152402003,91.17769833999328,58.61475227043091,23.64005660242166,BD,lowlight,2,6530.912670871513,0.0951903760433197,0.002532258629798889,5.30936336517334
803534963702486,51.121882315762,3.1082009025971,52.144243797415115,21.14491825700948,BE,lowlight,2,1246.789867744344,0.10414808988571167,0.025798916816711426,4.553557872772217
376395010415901,13.924250043571,-61.056412107275,4.447405631742651,101.19459740183477,LC,lowlight,2,17185.33014592599,0.715724766254425,0.6828177571296692,1.9948464632034302
303078421392591,-16.446930463398,-152.24847310031,55.86899194201624,26.563608535900734,PF,lowlight,2,15630.39335556835,0.1526784747838974,0.05922401696443558,4.80011510848999
312172783608841,49.510993358681,6.3452033888591,44.034255293289405,22.07653984989825,LU,lowlight,2,1340.3679688583916,0.09510241448879242,0.018555499613285065,4.896116256713867
6235880006437043,-3.1366812272296,-79.214143657851,3.7973459187932534,-76.52795878792654,EC,lowlight,2,826.7944506065805,0.32604289054870605,0.13232557475566864,2.8643252849578857
965921670819949,-10.479678823577,105.67386300715,17.859896110195386,99.08179895826513,CX,lowlight,2,3233.286321359172,0.21461434662342072,0.13929860293865204,4.334226131439209
925871031561258,-6.2639877158616,107.06741782953,-6.213863347424772,106.86507959900759,ID,lowlight,2,23.049742810773527,0.749183714389801,0.614272952079773,0.8651993870735168
1164097447347216,4.8674337462563,31.519362784566,15.594671005189653,79.46819661298355,SS,lowlight,2,5367.380163913513,0.49963781237602234,0.12077435851097107,1.4692975282669067
4396227090475829,-1.2678653976589,36.678122304876,12.638759574461137,75.30840888854871,KE,lowlight,2,4534.427357403776,0.3819381594657898,0.23660007119178772,2.4619314670562744
865652107497194,25.981085501999,50.457665915183,16.769364728424325,77.85284570369663,BH,lowlight,2,3008.265497337068,0.5282049179077148,0.5017060041427612,3.3780832290649414
299799271640333,2.1039771270774,45.331583431777,-6.584702029664738,-78.639693019846,SO,lowlight,2,13786.127267855203,0.9156555533409119,0.8963346481323242,0.6120386123657227
461018955189846,14.544694692651,-60.871651329228,5.478265165625014,-73.52854920639227,MQ,lowlight,2,1712.4794895763146,0.6227104067802429,0.5845263004302979,2.711026668548584
848673612668103,42.673726026337,20.952183058644,43.595711775811374,21.30816128943881,XK,lowlight,2,106.51145408239509,0.18196465075016022,0.028664305806159973,3.3859646320343018
1416342685418545,-18.613385898721,-174.00201190817,17.85494366526054,98.96898021695814,TO,lowlight,2,10333.306550195419,0.3339257538318634,0.14348450303077698,2.4113457202911377
494963678607139,41.553688076193,76.443594560854,45.196277313093326,7.741312004114411,KG,lowlight,2,5396.702329604344,0.09187468141317368,0.0118408203125,4.906641006469727
219389349648885,10.15103545444,-0.08621895664982,41.41531984483565,27.748858300477103,TG,lowlight,2,4414.734930947665,0.2358676940202713,0.1506248563528061,4.058712959289551
3089177431309627,15.373065639057,-61.261521114061,42.84505613487597,2.854375177675058,DM,lowlight,2,6753.052934715157,0.17364902794361115,0.10696325451135635,4.7401909828186035
267446095163419,-24.410317211088,31.569065250692,-25.3073226669344,31.86349368357539,ZA,lowlight,2,104.07184151272912,0.9323201179504395,0.909041702747345,0.49528077244758606
302215634735033,41.271908839255,44.308127758638,-25.107935580921417,31.905137633417503,AM,lowlight,2,7491.1405922249405,0.17196595668792725,0.005854174494743347,4.228818893432617
2667851503513129,17.27324849632742,52.95912218803253,37.02498837030224,-113.47514509753161,YE,lowlight,2,13812.057899551513,0.19766613841056824,0.04359477758407593,3.2152159214019775
153409713461640,8.790179318271212,17.833063690255294,44.030181118083725,22.255325779817568,TD,lowlight,2,3941.8057841572754,0.5610142350196838,0.35225772857666016,1.8243210315704346
197648665524336,32.845770012076,3.9393382718177,15.149356671932516,79.31821368392228,DZ,lowlight,2,7753.6184864567595,0.5251269340515137,0.32161104679107666,1.871547818183899
186111083366529,51.38944480684,5.6393438286668,56.03467905769207,12.68304053748153,NL,lowlight,2,693.3437962099113,0.08577001094818115,0.021445661783218384,4.900801658630371
2778308682433187,46.907087389519,21.768223720096,54.6279472943599,25.08777077319303,RO,lowlight,2,889.4353331434378,0.18941864371299744,0.05718311667442322,4.386415481567383
937732960392917,57.179863762985,9.5235696942098,57.1164341292457,9.69630696067811,DK,lowlight,2,12.582161823432974,0.6760632395744324,0.6248159408569336,1.8473687171936035
1146261095856485,7.3615432427089,134.43713448334,16.358289184041446,-61.511232526010964,PW,lowlight,2,16847.080062456298,0.29337939620018005,0.01088377833366394,3.175741195678711
481510253092194,55.547652479706,10.237061583967,56.179875212301106,15.439492145502614,DK,lowlight,2,332.0615251467861,0.07826888561248779,0.013514362275600433,5.235332489013672
373515770750013,52.085212737279,23.57416942403,51.18081226871334,22.670972293986047,PL,lowlight,2,118.31595295774336,0.1695236712694168,0.020388364791870117,3.972043514251709
509958026699758,8.7996562999047,17.834358755261146,44.00360053784456,22.244969391434473,TD,lowlight,2,3937.704457566725,0.9768660664558411,0.9703594446182251,0.18186219036579132
898715014311013,48.970224789976,9.8639365242088,43.51366615766969,1.1400140519964903,DE,lowlight,2,903.5158916618759,0.14433324337005615,0.0032774358987808228,4.142258644104004
1199206943853136,-16.678932002412,-60.816984800192,-25.07344452000993,31.88921111197434,BO,lowlight,2,9493.08517550322,0.2849003076553345,0.18918482959270477,3.9290404319763184
498260671492955,-38.013275055456,-73.225185383762,40.52931313340351,-111.81321812733655,CL,lowlight,2,9574.723264688302,0.08622340112924576,0.011501006782054901,4.8465352058410645
894859321231304,12.227082918058008,-69.07847800166279,-25.282977881350305,32.077701171977566,CW,lowlight,2,11692.717036513453,0.2491684854030609,0.00954502820968628,3.628493070602417
1389207538112280,-18.237830811581,177.83923612892,11.545979569539343,76.2909725270712,FJ,lowlight,2,11610.329028585124,0.40491750836372375,0.15566386282444,2.546522378921509
853984918525885,16.723203555806,-62.23130997289,-25.308336590436717,32.144566029205855,MS,lowlight,2,11219.39112823454,0.9331293702125549,0.9225021600723267,0.5373108386993408
122049223635653,-9.093844554597762,143.20550105803093,44.047962405988734,22.358809065498164,PG,lowlight,2,13152.223722724808,0.1428520381450653,0.005534932017326355,4.747835159301758
503430330798585,15.754797111762,-86.834109918362,17.782996384667708,98.9848047912347,HN,lowlight,2,16231.746440605173,0.24841094017028809,0.13738861680030823,3.133821725845337
909387153127451,28.736208967151,48.003263644262,30.021582068480548,31.574375199094394,KW,lowlight,2,1596.8948863188396,0.6512748003005981,0.5305656790733337,2.008355140686035
906902016543352,31.331782024306,46.203432956327,38.15019596356972,-8.499075637457542,IQ,lowlight,2,4983.580959093207,0.07873301208019257,0.03311827406287193,5.4641900062561035
2928214434172169,1.1206763559822,104.10141369167,1.4199749135439292,103.79659103791415,SG,lowlight,2,47.49606363319076,0.3796115815639496,0.2045663446187973,2.760164976119995
450152016285778,44.280050101707,22.571319099243,55.86895074781138,26.389303089805114,RS,lowlight,2,1316.6017488412697,0.0956062600016594,0.0016253963112831116,4.161375045776367
364335675754039,27.44091865174831,89.6695301948495,36.48150692099744,4.344286460868773,BT,lowlight,2,7850.427873193762,0.12582500278949738,0.011298485100269318,3.129152536392212
1465192193846342,49.242897458505,-2.1257188472841,51.88629094646915,0.5852386854668845,JE,lowlight,2,350.7437444974956,0.5337256193161011,0.46844518184661865,2.854119062423706
307943760727803,32.017590561359,35.44667005004,37.10327152047284,-113.51138571434684,PS,lowlight,2,11680.321078290579,0.31164315342903137,0.11723186075687408,2.6481590270996094
460785571683103,37.925916394446,71.433043060589,47.11494522462795,28.897794541982105,TJ,lowlight,2,3583.830149490819,0.2664481997489929,0.2240399569272995,4.557352542877197
1128725237604299,-29.134916665635,150.74974999676,37.680364262534994,-113.64187896350734,AU,lowlight,2,12389.053672702847,0.2794157862663269,0.19565299153327942,4.149014949798584
490647468911155,40.963268605415,72.227703152599,44.0630716192268,22.51131994433687,UZ,lowlight,2,4027.41094260698,0.3755280673503876,0.12514856457710266,2.5968432426452637
333643931662411,5.6383973900144,16.079947991405,45.90056845101589,0.674872282519248,CF,lowlight,2,4716.948646024457,0.2546146810054779,0.17915667593479156,4.480477809906006
1227174381045729,47.768093183573,107.23115509769,37.057896438720775,36.13108854334219,MN,lowlight,2,5747.456366646201,0.08284500241279602,0.0007385611534118652,5.021371364593506
1407497409603690,3.0843020507054,19.86280519181,19.48194566517262,101.38585715227335,CD,lowlight,2,9004.979797421965,0.3347170650959015,0.25482213497161865,3.819662570953369
3723636841075361,45.568657163831,14.018918146853,52.12092133651246,5.9763354026189,SI,lowlight,2,935.4239496748679,0.2955779731273651,0.2415212243795395,4.276838779449463
165305525550262,8.3525370889256,-10.025850369874,14.383048184438064,101.36404189895268,GN,lowlight,2,12038.771167058943,0.4629051685333252,0.10633394122123718,1.3633153438568115
340729614142712,18.491135,53.019456388889,37.754962414459435,-113.73507489043871,YE,lowlight,2,13609.14945620057,0.3635053336620331,0.1661948263645172,3.2990782260894775
454659182301876,-11.625933853582,43.262174830246,4.33665009905974,-75.74423861691066,KM,lowlight,2,13261.576048588895,0.18160024285316467,0.07255969196557999,4.397634029388428
668193423973890,-24.287426139806,25.329460617088,-25.316732580116483,31.84320341056431,BW,lowlight,2,667.2996001125979,0.9754984974861145,0.9656043648719788,0.20549160242080688
838630760070492,25.060757368329,105.86456403205,43.37551589322789,21.511564452066178,CN,lowlight,2,7690.685020134545,0.39784327149391174,0.19736729562282562,2.7118427753448486
390606075408650,42.986310463262,19.555681585034,41.35442719720813,32.24953195012345,ME,lowlight,2,1060.6774684433258,0.24093015491962433,0.03664815425872803,3.234400510787964
131134676170300,-12.948481303182872,45.128315287832365,1.3957764552755316,103.78251604011724,YT,lowlight,2,6661.644257993947,0.35636675357818604,0.08249539136886597,2.1758153438568115
1792656240942534,13.919496365755608,-90.97051612073146,17.858136593360786,98.7727896450499,GT,lowlight,2,16323.50833712909,0.34499669075012207,0.17302799224853516,2.7352969646453857
170823461623752,16.241110201764,-89.025642613932,14.432524426868218,101.46694407975879,BZ,lowlight,2,16414.88799621935,0.6372836232185364,0.4254928529262543,1.5114619731903076
326797512347685,20.477204466217,103.99483406515,17.858411762867682,98.89397641839786,LA,lowlight,2,609.6963286405147,0.6119746565818787,0.5270117521286011,1.953641414642334
603719283920573,40.194963555707,44.545682589004,47.00555765421166,28.846210685789032,AM,lowlight,2,1469.657378607997,0.3191368579864502,0.023114711046218872,2.1180903911590576
307023807471036,48.822446939892,15.635962976885,44.66536178907176,20.622545570885585,AT,lowlight,2,598.0962828071664,0.11041325330734253,0.007542319595813751,4.538693904876709
1360919617610849,48.744206328516,20.484833979395,35.948333308035565,-84.71288910916903,SK,lowlight,2,8057.07557037184,0.1367063671350479,0.05483326315879822,5.116685390472412
4130359377021158,12.744808419842,-86.016174505038,7.455495394357455,38.163121877566724,NI,lowlight,2,13451.96743911237,0.7521196603775024,0.6831958889961243,1.4146687984466553
186509513837116,-9.162518629974178,125.26855431414576,-8.630529307263462,116.01238567389478,TL,lowlight,2,1018.5452615527821,0.2601202130317688,0.08752821385860443,2.530289649963379
305027981215954,-18.157704641057,178.42394691893,5.233716580255291,-74.47456631460177,FJ,lowlight,2,11993.424642215396,0.18734721839427948,0.07323190569877625,3.8764333724975586
156576193076602,-0.78254800116056,36.454570001926,-25.133285433765103,32.007005227821146,KE,lowlight,2,2749.4952847679133,0.9328221082687378,0.9042404890060425,0.41627833247184753
713195779986935,15.71706020536666,-87.91892889999826,1.418659912760533,103.7666190921569,HN,lowlight,2,17717.328523527376,0.2564004063606262,0.17312175035476685,4.282354831695557
211686643757850,18.378333055477,-65.856644722755,-8.023545588484716,-34.91778843260314,PR,lowlight,2,4487.807989729161,0.2952193319797516,0.14260481297969818,3.6951894760131836
1127316044444733,45.524200027704,20.00828632566,43.56930387376444,21.326244869522963,RS,lowlight,2,241.15493617598787,0.1577683687210083,0.03848236799240112,3.826678991317749
1705161749686063,1.6727266549458,109.85191823171,5.427783894966793,100.5859047327891,MY,lowlight,2,1109.7149338300917,0.975432813167572,0.9669859409332275,0.186610147356987
1180959432346280,4.2166399722222,-55.441371916667,8.044682082161774,98.79859912042049,SR,lowlight,2,16849.2177471094,0.3225630521774292,0.07225561141967773,2.9688169956207275
152378826822821,62.297150880353,-6.3605044614883,62.142951884015446,-6.9344555470784774,FO,lowlight,2,34.33304364615576,0.9065264463424683,0.8279777765274048,0.3996226191520691
2163885233752606,46.261529486069,41.00615902421,40.34786717836234,-106.64627346194627,RU,lowlight,2,9863.391013890925,0.09340454638004303,0.017784729599952698,5.152679920196533
828943404645761,-4.2440126883445,39.574345953224,45.320449767912706,19.952673457435633,KE,lowlight,2,5844.864808164847,0.152993306517601,0.011134982109069824,4.297580242156982
145074444769704,19.85141683329288,-70.79678177411726,44.0214183387054,22.276337329110156,DO,lowlight,2,8726.476757581906,0.44537603855133057,0.11911249160766602,2.0918219089508057
167921538557854,32.347416850468,15.10321327924,55.630450753904256,12.634206037329367,LY,lowlight,2,2596.0820991099567,0.059829432517290115,0.027238942682743073,5.910927772521973
628318788994208,13.152619444444444,-59.56710666666667,44.03052367716914,22.382112892385482,BB,lowlight,2,8356.858238490506,0.7997497320175171,0.7793238759040833,1.5120182037353516
842741859611073,16.018956092128,-61.581760537768,-6.843284853358123,107.64906251946526,GP,lowlight,2,18461.012520270793,0.1693492829799652,0.0571659579873085,4.2122907638549805
310752417096783,66.229694079253,29.133889499018,63.888559137280076,19.886453058071915,FI,lowlight,2,505.02990982246035,0.252246618270874,0.02714565396308899,3.586134910583496
280932113713079,11.564178753638,15.28787472986,8.930302070557174,1.4760335808787057,CM,lowlight,2,1539.1676347332786,0.9780424237251282,0.9749855995178223,0.21077938377857208
306629164189671,31.994107162003,34.880880875532,40.79258397050994,31.26026040699137,IL,lowlight,2,1030.3537112553408,0.3018883466720581,0.05112266540527344,3.1533706188201904
375713220429607,-20.444336397825,57.719071106087,54.31383387748642,48.38155909238553,MU,lowlight,2,8360.5059542345,0.35869312286376953,0.2710273265838623,3.773191452026367
935998006944813,2.0128177809748,-157.40717950301,6.439136769400625,101.78309762350295,KI,lowlight,2,11175.578546633558,0.2310795933008194,0.09850747883319855,3.941925525665283
243279310922728,22.002956746269,59.647583227775,37.12204813073216,-113.48460422381696,OM,lowlight,2,13401.383283631636,0.6319537162780762,0.5627635717391968,2.2699620723724365
302369984598824,4.2729453578223,11.366798338452,44.64658866992121,20.714332312054612,CM,lowlight,2,4581.225868941205,0.3133821189403534,0.10911090672016144,3.1885225772857666
1410294946017903,39.031705816026,125.75630076806,52.98870779257248,44.71203875748044,KP,lowlight,2,6099.502203539419,0.4765637218952179,0.42157846689224243,3.421529769897461
557405362093639,36.954042854563,8.9131949083518,36.060094058277514,36.2665860495628,TN,lowlight,2,2438.384338138695,0.3062400221824646,0.14330624043941498,3.2658650875091553
508273253877668,60.696459628121,23.784802432989,42.4829010325551,-76.30847573394404,FI,lowlight,2,6481.0112430070885,0.1831894814968109,0.04438707232475281,3.987143039703369
822631438351061,41.306291815096,76.061806069928,43.51039541729049,6.643458391937166,KG,lowlight,2,5533.15514352386,0.16870589554309845,0.10506770759820938,4.747211456298828
1138310456645189,43.382281881015,16.41157939924,40.755695831862596,-111.18492380477915,HR,lowlight,2,9289.127491570394,0.30761539936065674,0.267111212015152,4.355481147766113
222871899226271,-15.510435536345,40.349633637766,-25.105895143929875,32.06748242790291,MZ,lowlight,2,1371.7701381138045,0.667093813419342,0.46620652079582214,1.2864872217178345
653703302135487,21.606686370966,39.215434593079,30.08695997667642,31.592778852453186,SA,lowlight,2,1212.056846648867,0.2568899989128113,0.1840897798538208,4.320638656616211
512353726583180,57.378685294191,22.247361108176,58.691088751801935,23.67725947693893,LV,lowlight,2,168.45941578440176,0.18069998919963837,0.004566282033920288,3.4444775581359863
221188212807394,5.9007667928315,15.424776553249,53.065941909729894,44.843617885359,CF,lowlight,2,5885.361101099077,0.13596536219120026,0.04804430156946182,4.836269855499268
319019459840888,18.609369461477,-74.151456712619,17.773002894177225,98.91506435703289,HT,lowlight,2,15899.19079427898,0.5230426788330078,0.4407716989517212,2.6808788776397705
3291218371154050,-17.313447180213565,37.46183809351605,8.70719284053668,1.6322274335574798,MZ,lowlight,2,4886.024293581958,0.12842628359794617,0.04911325126886368,4.778458595275879
584561212946534,-19.59947361892,169.46805368552,4.452366470598608,-75.6803420918931,VU,lowlight,2,12774.395375188707,0.17561429738998413,0.06844284385442734,3.436270236968994
304491461128491,-24.913992289767,-56.992001471465,-26.375610777411406,-51.23912424186275,PY,lowlight,2,599.0729844328016,0.23028092086315155,0.0926266759634018,3.8506431579589844
297816615150376,21.480754782652,-71.133236713743,-25.320708184871535,32.2550386400094,TC,lowlight,2,12295.007945467501,0.6482669711112976,0.507066011428833,1.3961683511734009
393440354996585,52.70481457742,27.450028836652,56.18497390330875,8.445175988851085,BY,lowlight,2,1283.508860160048,0.1561526209115982,0.07084730267524719,4.7931318283081055
473720683849376,40.29467551394,43.521641209406,41.40470614020131,27.69396460381487,TR,lowlight,2,1335.1131204524631,0.3820400834083557,0.1821337193250656,2.5753672122955322
454870842476357,28.72600008284,48.263573067355,31.56415621151678,34.65697048560622,KW,lowlight,2,1344.868301635363,0.1440006047487259,0.03613535314798355,4.471487522125244
151442870324225,56.727613998069,9.8232903910496,55.874774185305654,12.913661830558354,DK,lowlight,2,212.91287600726855,0.2529209852218628,0.04161553084850311,3.014475107192993
3734785956631637,-32.223694448748,147.71777777513,-32.29053361902079,148.50212048583018,AU,lowlight,2,74.12766363057419,0.9120370745658875,0.8909299969673157,0.6045202016830444
2674396816191889,2.5936083377885,9.8483489898272,5.25549611294642,-74.55232010637327,GQ,lowlight,2,9361.651046115501,0.2897035777568817,0.07445356249809265,3.0646276473999023
1379450249134838,11.1299017047619,42.37458637619046,40.85845684655781,29.561100755113944,DJ,lowlight,2,3535.861688827155,0.3551267087459564,0.2106853425502777,3.2264084815979004
275414690944598,-13.67751150128,-71.664754722863,5.232685866674826,-74.75690208245545,PE,lowlight,2,2130.2382213645033,0.35193002223968506,0.21690168976783752,3.0794811248779297
1234218287109955,-20.82413546364793,164.48620687630458,44.07498732676618,22.201011777465904,NC,lowlight,2,15692.068203533061,0.21326221525669098,0.1383761465549469,4.090397357940674
302961411491361,46.996007579057,27.801513788055,45.1913287035408,26.123234492256884,RO,lowlight,2,238.7689543634786,0.12598168849945068,0.029613420367240906,4.466003894805908
948698085931649,49.321417002248,19.543460957034,60.041527450949665,30.68735020659346,SK,lowlight,2,1386.5692891368428,0.1155698373913765,0.018246933817863464,4.1849493980407715
328279275310503,2.1101448348,45.328888943853,13.282522423900781,77.67027945546536,SO,lowlight,2,3767.6330873169204,0.5438566207885742,0.3703312277793884,1.929593563079834
3938529579574500,12.745875526918,-6.8748541915599,15.60278572924665,79.42764061094316,ML,lowlight,2,9241.66932489918,0.8353422284126282,0.7923660278320312,1.024747371673584
1194874720960051,12.083080655367,-61.701340518071,11.50966190111637,76.56454758925823,GD,lowlight,2,14713.282622509398,0.1529148370027542,0.014434069395065308,4.092464447021484
2660802827398825,16.196727547951927,-16.262142180464767,13.60602888320911,79.2343520789416,SN,lowlight,2,10159.082561584308,0.20853663980960846,0.017340123653411865,3.6302337646484375
474318140350732,-30.186929671859,28.721722313277,41.74883487700045,27.717720514454534,LS,lowlight,2,7999.555537224215,0.1358204483985901,0.09122971445322037,4.811863899230957
131538628927343,23.927591478789,56.89006326826,35.98985523978336,-114.76990979009096,OM,lowlight,2,13295.13360648969,0.13293206691741943,0.02869672328233719,4.636605739593506
956252018280238,5.6732085786965,16.632589745091,56.3494681639996,12.91476572063253,CF,lowlight,2,5644.49428430223,0.13770361244678497,0.048239223659038544,4.853714466094971
986557568784559,47.96199867689,3.329329196682,56.18829434348753,15.321300844842908,FR,lowlight,2,1224.7576223412352,0.10397069156169891,0.006996117532253265,4.397034645080566
858888201360481,27.431311876486,89.411968800978,11.536867629147196,76.38089609204015,BT,lowlight,2,2229.8436970564026,0.108283631503582,0.03169036656618118,4.25209379196167
1122494928228049,-6.2923231452892,176.31516236757,23.06372138275038,89.64655040577341,TV,lowlight,2,9942.51179737394,0.5803709626197815,0.4170319139957428,2.0347697734832764
822289958383794,41.363620514254,46.930408712763,-25.150319413897304,31.910297975120603,AZ,lowlight,2,7556.3868566416,0.7520706653594971,0.7261917591094971,1.6673120260238647
507580496941067,41.24483557588,71.582892060753,44.0455482075101,22.307964168148825,UZ,lowlight,2,3981.9154034836365,0.5389552116394043,0.4711764454841614,2.6255013942718506
850897392160274,15.37337039371,101.11838827961,-25.33577690549299,31.825379101145064,TH,lowlight,2,8759.144765470433,0.5786463022232056,0.49754345417022705,2.1907334327697754
1479666545728283,-2.207944528615442,29.59226081231841,11.494731853646012,76.65350878916617,RW,lowlight,2,5420.463114310526,0.46399417519569397,0.29751938581466675,2.0182230472564697
580789552886656,50.678594855093,4.8188742178492,44.02454683006197,22.302567925709308,BE,lowlight,2,1505.3622688529233,0.14622008800506592,0.0493626594543457,4.104665279388428
795872621134242,21.469950825343,-71.131968567748,21.268634918411134,-73.4815585970061,TC,lowlight,2,244.32620924058702,0.30008381605148315,0.028119921684265137,1.7545056343078613
537185557301814,21.468632587884,-71.131614335596,-6.1649020775257,39.22278915090155,TC,lowlight,2,12361.464083316718,0.7534913420677185,0.6796720027923584,1.4031164646148682
533124681034633,9.6221481881675,5.9902728883701,13.474280258261393,-7.022801328799927,NG,lowlight,2,1480.585625796017,0.23161087930202484,0.13297563791275024,4.138157844543457
459637375114061,16.326241192515,-61.485416089177,60.03519930699354,30.590325322067024,GP,lowlight,2,8554.038442994699,0.09118296951055527,0.019069328904151917,4.803282737731934
761065858107101,18.02556598756,-63.076095445477,4.342052556458964,-75.73794263493471,SX,lowlight,2,2052.3966423922416,0.2165302336215973,0.16569839417934418,5.139434814453125
175886771114688,37.132743072818,71.445580058334,40.728104119918164,-111.2898225628726,TJ,lowlight,2,11352.86988470386,0.18504630029201508,0.02348281443119049,3.69530987739563
3028763490743210,44.505071370572,14.497751817403,42.893925750211885,17.92197062637067,HR,lowlight,2,328.39413743338474,0.31657490134239197,0.07625135779380798,2.8575804233551025
4083027895078105,6.922264444172,81.810604007404,21.233762849660884,105.72451385120677,LK,lowlight,2,3022.8771937976044,0.24282103776931763,0.15446381270885468,4.758443355560303
196273232181806,10.57170873112,-61.274575577684,-7.31496482499192,109.8364957828247,TT,lowlight,2,18973.861279065655,0.1927672177553177,0.09879990667104721,4.655202865600586
311046543750546,5.8181956657151,-55.229591655912,-25.311115309907837,31.859170311645546,SR,lowlight,2,9992.65715619815,0.5220896005630493,0.4944482445716858,3.423252820968628
1340777496415094,-24.184041937054644,-56.01406804634483,-13.866763109678327,-42.884280880749934,PY,lowlight,2,1792.5499860682928,0.2684519588947296,0.11807559430599213,3.897655487060547
320265609670289,38.422783933334,-28.447899110035,35.82687358072601,128.51851083370968,PT,lowlight,2,11425.977967518938,0.16628700494766235,0.11469591408967972,4.596413612365723
587462658901340,49.482634783129,7.2198204378864,50.55983765857369,6.634434321842478,DE,lowlight,2,126.86966579222602,0.06393271684646606,0.011269524693489075,5.533909797668457
1117419915461502,-13.3507635470948,24.07831798797145,-25.10605328059917,32.092168690176585,ZM,lowlight,2,1553.3825602669706,0.9408494234085083,0.9168207049369812,0.4240833520889282
293849812373143,21.729330866875,58.283925067403,-25.214563723939026,31.960489645186804,OM,lowlight,2,5943.038827295742,0.3357500731945038,0.2094375342130661,3.62127685546875
913136816207204,27.685309394915,84.245084160599,16.73781385554629,77.6628709871095,NP,lowlight,2,1392.4080088173307,0.11692490428686142,0.0661812573671341,5.061148166656494
1427947294218129,38.134538979321,20.602291273787,39.88357126163756,24.167886743242498,GR,lowlight,2,364.2846985578838,0.3767963647842407,0.14000676572322845,2.8979270458221436
950864868999393,51.137636946693,23.395299320308,44.61735015886488,20.618187096237477,PL,lowlight,2,753.8800299694994,0.2523384988307953,0.037808746099472046,2.9711525440216064
223308666224105,10.524123082769,-2.6530083555487,-25.137714047157004,31.81876987861391,GH,lowlight,2,5447.514191908575,0.583674967288971,0.373526930809021,1.4472891092300415
202168424910797,63.087501381586,29.619921161522,60.04158383459739,30.618199549084636,FI,lowlight,2,342.7793125757415,0.17325620353221893,0.06559544056653976,4.4490556716918945
134334415352783,34.771117780932,10.388663407803,43.57279079816215,21.480127545971165,TN,lowlight,2,1365.839198161042,0.22990922629833221,0.020311206579208374,3.9861807823181152
1123967504754624,2.462911169111,9.8411851986574,19.39511637437059,102.16550580947039,GQ,lowlight,2,10160.135015297972,0.409065842628479,0.3274812698364258,3.159285068511963
563150931329907,-16.454467194083,-152.25488087725,-7.303850231114597,109.80845269632957,PF,lowlight,2,10615.869359608303,0.1913135051727295,0.046528786420822144,3.3188023567199707
527782441730123,19.613317472222,37.21518325,18.328395139985208,83.78073523958494,SD,lowlight,2,4883.442425243805,0.1205897256731987,0.016450129449367523,4.579861164093018
874132063313509,2.1211650392132,45.325477296944,41.406678939970824,27.734564915149456,SO,lowlight,2,4709.97299911395,0.47636204957962036,0.38201478123664856,3.142913341522217
1414690518888723,4.4280699971271,-7.3572366993037,17.565231463756174,78.45773252527613,CI,lowlight,2,9416.308227612088,0.25082895159721375,0.07530881464481354,3.347867965698242
1488652064809969,31.757099517069,35.492951999494,37.02859524080048,-113.53197215614756,PS,lowlight,2,11716.617730735354,0.2841545641422272,0.11914236843585968,3.5827484130859375
548267689892757,4.8188638046841,31.553307958678,-25.227666274255544,31.89256339211783,SS,lowlight,2,3341.2227661331576,0.18492139875888824,0.10253085196018219,4.830287933349609
151479410277523,13.926511407569,-90.820049410327,6.307725850620633,-10.87545654670554,GT,lowlight,2,8757.934391252627,0.06711228936910629,0.007718589156866074,5.308495998382568
282741450237053,40.63918244788,14.689358309553,44.1558203426539,8.174716128373907,IT,lowlight,2,662.2899953054814,0.4116150140762329,0.18735036253929138,2.3856520652770996
466856821203613,32.362756289357,15.075112091192,39.85613552865897,32.73094218803264,LY,lowlight,2,1787.0811686135112,0.5611793398857117,0.44875556230545044,2.079200029373169
503692787493112,-8.4956747146718,28.873913205907,15.620459565707183,79.23909966656335,ZM,lowlight,2,6160.446376103967,0.11971992999315262,0.033084332942962646,4.771997928619385
129527739201981,50.74400552946,15.089402768176,51.227840243175116,22.58044160046771,CZ,lowlight,2,526.8809009605877,0.2688964903354645,0.1697542816400528,3.4567480087280273
459080448727005,43.398268683651,17.872251876102,42.980200891653055,19.780715053472438,BA,lowlight,2,161.551081292871,0.82606041431427,0.8148123025894165,1.3374965190887451
2599771000325900,10.491317886291,-66.940783689543,4.449493644705105,-75.73951834557472,VE,lowlight,2,1179.5888989814284,0.9086520671844482,0.8757916688919067,0.5911967754364014
1586218158513391,-35.09726470656671,-71.96444205112698,34.95017965639482,-114.93135502348574,CL,lowlight,2,8975.091487361231,0.16733506321907043,0.03246711194515228,4.253023147583008
790312034924185,6.4665061966066,-73.264673048874,24.9850688464005,121.13971894190476,CO,lowlight,2,16186.094604953421,0.594943642616272,0.4642770290374756,2.018043041229248
3828714587227647,-28.982228650362,17.795137519664,37.10548350307304,-113.55472498433137,ZA,lowlight,2,15441.665871157373,0.6433919072151184,0.49675464630126953,1.557821273803711
915335685911826,-26.650343222475,31.676701721271,-25.193475866728704,31.921621162810865,SZ,lowlight,2,163.83735814137194,0.5444679856300354,0.509536623954773,3.106428623199463
295989332000056,-21.294072972472,55.453451741806,-7.002552088301635,110.4979782438922,RE,lowlight,2,6111.523925267322,0.21207213401794434,0.09279691427946091,3.7115254402160645
762826894424335,15.953620769688,-61.226106662441,15.788294475998121,-61.03822295603921,GP,lowlight,2,27.235504760655232,0.091718889772892,0.014813266694545746,5.064302921295166
748877299000226,37.48624814219,-5.6260757420713,41.39133262361487,27.484806141262446,ES,lowlight,2,2858.6687537739544,0.26135313510894775,0.12129668891429901,3.730950355529785
995130811306873,23.092040987381,59.032220074214,56.17680999535358,15.29840217211807,OM,lowlight,2,5104.801451673521,0.26949501037597656,0.09598909318447113,3.712876319885254
173462692069034,50.00493277190843,-109.16881836125964,53.05713159039184,5.613685369499742,CA,lowlight,2,7031.12799316027,0.049600470811128616,0.00931309163570404,5.391732692718506
374397180633667,51.090338894144,4.5540810997605,50.953658175926044,3.9448533147149827,BE,lowlight,2,45.24091906163494,0.12345846742391586,0.051720649003982544,4.639504909515381
925791128266982,3.9464155812419,-59.099715656841,17.893114841293794,98.82888148927188,GY,lowlight,2,16586.499740610132,0.5674360990524292,0.5107516646385193,2.7312705516815186
1008151256597783,5.4088235841337,-54.080394782482,14.358818389461312,101.26868685730956,SR,lowlight,2,16519.006601904803,0.36378616094589233,0.2578643262386322,2.826462745666504
183020897030038,12.165472591779,-68.284782803721,-25.378983664093088,32.12808329750289,BQ,lowlight,2,11617.054995066474,0.15310002863407135,0.04035574197769165,4.337277889251709
497361505026790,24.459011977771,39.707017834424,25.254847922562934,51.5158527647223,SA,lowlight,2,1194.3321668687888,0.08121863007545471,0.00034055858850479126,5.1789069175720215
312120757154735,47.999359257395,28.38593989914,38.05853757539209,-98.05604944139837,MD,lowlight,2,9079.480479352656,0.40759968757629395,0.19308079779148102,3.135483503341675
507960406990835,40.602484593203,70.9323931635,36.63751534147166,2.849204605438744,UZ,lowlight,2,5781.232322108548,0.12350884079933167,0.035305678844451904,4.21126127243042
1068908920302393,28.118257713069,84.092550077463,11.44694418214464,76.58627584047127,NP,lowlight,2,2011.7500911428308,0.5462113618850708,0.43120458722114563,2.2962722778320312
2455881761214087,9.3112240684333,7.2316171757752,7.420707283986266,37.99586565385934,NG,lowlight,2,3389.901379793174,0.23193567991256714,0.079678475856781,4.048917770385742
308361434006892,4.4588854980948,-75.339098450144,8.094179999343694,98.68975710396188,CO,lowlight,2,18470.097153448456,0.7396945357322693,0.6624817848205566,1.495404839515686
155484156583350,-42.588544997261,171.13273084297,44.14479192900689,20.767803373156127,NZ,lowlight,2,17626.25645281856,0.20483224093914032,0.04692496359348297,4.549326419830322
792143884742189,53.499641726189,-10.025130557347,57.47017942877705,-6.4616973812850125,IE,lowlight,2,495.1503320861632,0.6419888138771057,0.6117168068885803,2.376370906829834
538480140482205,46.417273237497,15.981580762317,47.52451162411222,5.900088995509208,SI,lowlight,2,774.2152139872095,0.28985968232154846,0.17103223502635956,3.6858997344970703
968891463855525,40.418204733364,44.58904057928,43.54906715365011,21.60720863444298,AM,lowlight,2,1924.7568530126646,0.22496342658996582,0.045193567872047424,3.380200147628784
2562980810671463,39.539716862316,22.649912734594,41.31831559704748,27.872360669307398,GR,lowlight,2,484.1568048889229,0.19174689054489136,0.03336329758167267,3.560737133026123
840569223558585,53.471437474357,30.369358954069,57.40317450837444,41.14917639615305,BY,lowlight,2,807.0282782353357,0.19279681146144867,0.014242514967918396,3.6395435333251953
212713197082595,42.7199422641,21.124316375918,45.301833027704866,19.811008286854946,XK,lowlight,2,305.6895115301801,0.5081009268760681,0.4482857882976532,2.9553284645080566
300368228286972,2.6515753388508,99.632830332947,17.8735030382276,99.09459794577437,ID,lowlight,2,1693.6187097372606,0.3040015995502472,0.2299952208995819,4.256076335906982
803382520382829,-28.928078796683,27.877133995547,39.60100875251307,140.6031055000061,LS,lowlight,2,13862.750314461564,0.21089155972003937,0.05477529764175415,3.942340135574341
1251699818583166,9.3253458360703,36.511457430463,60.034667193672206,30.65867842319964,ET,lowlight,2,5659.740473082741,0.16632813215255737,0.08736728131771088,4.494409561157227
134346362021204,-20.169316372954,57.574783850557,44.15084106733086,20.826821307120774,MU,lowlight,2,8069.692416134567,0.04203164577484131,0.006137561053037643,5.933070182800293
2659684644176450,15.207410023546576,-14.26851329497232,13.525380025282768,-6.629665914771767,SN,lowlight,2,843.7570260073511,0.14705824851989746,0.04929923266172409,4.337133407592773
338266731040151,-27.714887442632,27.237097549584,40.23792542940299,-111.70625018788915,ZA,lowlight,2,16022.79721696609,0.17536786198616028,0.09510677307844162,4.451686382293701
290719459343271,25.048779030648,-77.341776655437,57.43855304209625,41.07833259607575,BS,lowlight,2,9210.482330397203,0.14059890806674957,0.038179345428943634,4.329498291015625
592656634965955,46.682736593205,21.206630159237,55.5106361406475,9.756918165857387,HU,lowlight,2,1262.7213994891617,0.21348638832569122,0.15721482038497925,4.496020793914795
327481305476197,3.6341919176295,72.959377283817,1.2960127899668408,103.85909295674544,MV,lowlight,2,3442.224869888358,0.17949584126472473,0.1049567237496376,4.421268463134766
511298200008833,41.001835659413,71.969851087691,12.783374415998994,99.98526166425344,UZ,lowlight,2,4153.494825877669,0.3066146969795227,0.18456220626831055,3.1447815895080566
1048097032779725,43.42241145892943,4.995993425198574,44.06091561937181,22.157466331796307,FR,lowlight,2,1377.9861421858618,0.8054172396659851,0.7513738870620728,1.1528218984603882
275678077530743,-17.141803188939,177.19494791591,33.09025229098401,133.24231226151906,FJ,lowlight,2,7278.00835032783,0.29669860005378723,0.1456650346517563,3.595777988433838
292380389132080,14.868771348072,-61.121170377502,51.22298195390573,22.54437094788492,MQ,lowlight,2,8286.698222783527,0.3107295036315918,0.21784564852714539,3.6397864818573
195963679022241,41.444760586953,46.861020646343,43.34414212579012,21.379488468968926,AZ,lowlight,2,2094.9581270376493,0.07574023306369781,0.002945452928543091,4.777040958404541
967102544034985,16.986811638045,120.77076999861,42.82443345268044,18.363948942815014,PH,lowlight,2,9702.348785539765,0.12992650270462036,0.07528111338615417,4.854350566864014
132001678913743,-38.053559635768,-63.429009930635,37.0203749527318,36.093856536176325,AR,lowlight,2,13162.017869033238,0.31999218463897705,0.1473117172718048,3.8759922981262207
4323012444383952,-25.366368202834,-57.609654895019,-23.616017083088224,-46.68143536170295,PY,lowlight,2,1122.4722077011536,0.29713326692581177,0.03507733345031738,2.934412956237793
1156261378535995,32.32323776884,-64.709264213971,21.39046429536982,-157.80954743977674,BM,lowlight,2,9032.41809372542,0.17814494669437408,0.10809250921010971,4.353248119354248
1022165461521852,10.726476338495,-14.376868641028,43.97393536605575,22.282913692784813,GN,lowlight,2,5099.112815593394,0.2271486520767212,0.05537787079811096,3.586698055267334
193167485884135,44.181071716568,19.719133913291,45.354461068982836,19.983067393597555,RS,lowlight,2,132.12795268577253,0.3508448004722595,0.23102650046348572,3.234370231628418
2679866852305147,50.425563977087,60.525062163106,57.42040783399753,41.11459428454408,RU,lowlight,2,1482.2118890641268,0.49578455090522766,0.347531795501709,2.76405930519104
924145305018051,45.915356124611,13.677818254528,54.24695277300239,27.874209991837994,SI,lowlight,2,1368.1121418374653,0.17292442917823792,0.04013291001319885,4.755191802978516
3991894140857885,6.396085635246,-10.578195078991,17.81924371713992,101.81982038583429,LR,lowlight,2,12125.922308860676,0.07756754010915756,0.02495924010872841,5.182765960693359
3753076561487105,2.0937663139626,45.333850241529,54.64104696761808,8.37637484692859,SO,lowlight,2,6731.026181296247,0.14102907478809357,0.08663615584373474,5.08090877532959
4014259028668392,-23.777002866313,29.535916133115,37.02357973536671,-113.54955924420909,ZA,lowlight,2,16210.479453416983,0.281938761472702,0.12528474628925323,3.851668357849121
1164259444051011,-33.004571460529,-56.45950492044,40.2161103864593,-111.67948473555977,UY,lowlight,2,9920.939619773219,0.48570746183395386,0.4343656301498413,3.405273199081421
427797935584192,-3.381688479243244,-44.524339863567576,-17.941637800452888,-63.38476460298948,BR,lowlight,2,2615.734470104896,0.8897817730903625,0.8682480454444885,0.7619279623031616
348228456711934,0.368039651477356,6.712420799552506,15.234715393588361,79.27791316892478,ST,lowlight,2,8127.90992955675,0.3861178159713745,0.19266976416110992,2.663191795349121
4037485459669920,4.8556815609205,31.589953699137,-0.9469698526101754,35.41356993632268,SS,lowlight,2,772.4748152779815,0.6225802898406982,0.4512045681476593,1.5651715993881226
157040263028996,18.045966582305,-63.112275507715,-36.456833062085046,174.66047350672298,MF,lowlight,2,14042.991631830966,0.15952152013778687,0.07950938493013382,4.42862606048584
1124425647962016,-8.100649444444445,156.82296055555554,43.96923047826916,22.220345768473884,SB,lowlight,2,14092.65530777138,0.7562470436096191,0.6614623069763184,1.213151216506958
190098606266094,55.069795005888,22.812891905378,55.907902293274915,26.467781017816975,LT,lowlight,2,248.36156779124724,0.1095241829752922,0.013383880257606506,3.89867901802063
3863626387049111,15.379540488714,-61.26786022339,-9.56919435997992,147.54526274598223,DM,lowlight,2,16823.88470277767,0.1821678876876831,0.04815049469470978,4.277654647827148
807900806500123,19.60787766549,37.220870972767,12.234398720179854,-8.273388136700172,SD,lowlight,2,4919.038177774613,0.1433742493391037,0.009220153093338013,3.661792278289795
135555819075899,46.30515446867184,15.555693802754446,48.21152337712756,15.266460721855735,SI,lowlight,2,213.0989281309617,0.08979900181293488,0.037263423204422,5.317506790161133
152233856857550,11.552312562133,43.119735981314,-1.03272920070698,36.75573751686821,DJ,lowlight,2,1566.1413583422138,0.3338718116283417,0.22722528874874115,3.910393476486206
319392699542913,1.3294518861992,34.311410798855,-27.455350985290064,-51.148815520076525,UG,lowlight,2,9628.114947097838,0.2938319444656372,0.1717049777507782,3.772365093231201
991289955033112,34.234741855173,35.65948675276,-23.42668175013937,-47.405526582254964,LB,lowlight,2,10851.460193714629,0.2927076518535614,0.11316540837287903,3.1578478813171387
328520695545965,63.434626046589,-19.024249484436,52.26953529104681,5.95921681249541,IS,lowlight,2,1908.5162599497858,0.29732397198677063,0.24440057575702667,4.326369762420654
464789361418887,3.807393,113.74682650005,5.286514204062777,115.51561915259072,MY,lowlight,2,255.9075088882424,0.5695231556892395,0.46188387274742126,2.320664405822754
1310937239362809,-16.05923501421255,28.45034874273332,44.01823385740253,22.17645809302719,ZM,lowlight,2,6710.692165995634,0.250200480222702,0.04434427618980408,2.659071445465088
1177148709364507,3.9517282399816,-59.127383286379,12.043836909672143,78.04944190758215,GY,lowlight,2,14958.537698901733,0.292853981256485,0.1281520575284958,3.1624999046325684
141607461308537,-22.361528273609,-59.837892878355,55.33086705214543,11.753078812889006,PY,lowlight,2,10946.01562382052,0.3488709628582001,0.1794576197862625,3.6847431659698486
463077528107904,-4.7878008330033,11.864756923075,-25.974393646682373,32.759634582393524,CG,lowlight,2,3239.417238253902,0.12689973413944244,0.04032333195209503,4.414351940155029
173215948022940,8.5714365537216,-9.8691302343456,14.37581053156061,101.29211749740453,LR,lowlight,2,12007.466823081542,0.6784662008285522,0.5488638877868652,1.6880995035171509
3926033430843905,32.171256244263,35.467920604541,40.68523270743407,-111.33522750529342,PS,lowlight,2,11225.494683683286,0.6819968819618225,0.6254974603652954,1.7139747142791748
916665025779516,24.524150796485,67.540287646591,-25.30676038386512,31.867648935377247,PK,lowlight,2,6739.772067239881,0.9780367016792297,0.974148690700531,0.20337966084480286
842532369808274,41.215589499727,-7.4506176074975,40.724383612937736,-111.24093051879714,PT,lowlight,2,8106.477662992457,0.2747206687927246,0.019698351621627808,2.456956624984741
909312326294088,28.050014468342,-14.340539294975,33.96809243600611,-6.8459726349077465,ES,lowlight,2,970.6030537593107,0.19009731709957123,0.08494286984205246,4.2675557136535645
1207676993015897,10.787243979814,-68.323068119416,25.013114620853955,121.18551570446121,VE,lowlight,2,15902.92981060103,0.18988072872161865,0.10741418600082397,4.483046531677246
317484316498860,51.531648181729,128.20909035955,63.90789524489801,19.81231179283631,RU,lowlight,2,5772.825442933893,0.23829710483551025,0.03377409279346466,3.3453643321990967
947661819318356,17.121694235905,-24.994762874038,29.105267534887172,-17.850789823433058,CV,lowlight,2,1518.6362966877132,0.761860191822052,0.7015298008918762,1.6395291090011597
3947329925333716,12.679493966294,-6.7269231036328,-25.16600308662369,31.907428820292527,ML,lowlight,2,5936.271624325242,0.9899337887763977,0.9864833354949951,0.09415717422962189
142131454599179,24.557496611483,35.148695104321,36.20752682111443,-116.66774550385193,EG,lowlight,2,12638.920371366314,0.4009632468223572,0.3134891986846924,3.6457231044769287
165567675960284,19.612087898208788,-70.1751715983372,16.92481183643171,100.62090716861539,DO,lowlight,2,15829.789391073018,0.09432032704353333,0.0216122567653656,4.611913204193115
1366666657062368,47.544360211205,12.177256693404,43.02499011606105,19.72070964782192,AT,lowlight,2,774.4944247350145,0.2897531986236572,0.18331164121627808,3.594143867492676
829244944391118,39.11803685393,-7.7196219014644,56.17608539134737,15.684680345349488,PT,lowlight,2,2557.9557189710495,0.5038608908653259,0.31217002868652344,2.5398590564727783
298013541938371,41.541448730912,-8.7560397976019,44.08194088358768,22.41841740545167,PT,lowlight,2,2543.245493241337,0.9694566130638123,0.963836669921875,0.24766109883785248
930318810923353,12.290897526921208,-69.09122276531554,42.221580262858204,11.833449857431757,CW,lowlight,2,8350.401493976875,0.12928026914596558,0.025430969893932343,4.0081095695495605
503246924141783,15.602839427825,32.487242561959,45.327608974309534,19.89355020877475,SD,lowlight,2,3508.9084803495894,0.09481583535671234,0.005325347185134888,5.358516216278076
449325599700589,50.12174331487,4.4948783441326,43.95206375170767,22.20680866205633,BE,lowlight,2,1502.2730029900497,0.49850666522979736,0.35651272535324097,2.1391212940216064
467405711031097,17.992572255683,-66.263814308226,45.35869800908154,19.962162632908658,PR,lowlight,2,8306.923908400464,0.21432924270629883,0.09404616057872772,3.8545870780944824
288246882935326,40.557590089793,75.163197454637,1.3977036728555685,103.82984533970077,KG,lowlight,2,5223.636027050273,0.05662088468670845,0.02028094232082367,5.879179000854492
505540450790369,22.70995468898,92.098773627243,-6.346283447754456,106.80472072726252,BD,lowlight,2,3605.3088424410457,0.24951641261577606,0.1342909038066864,3.198160171508789
591386078920254,62.107759453888,-6.6834959276139,57.587346404663926,-6.294582832879225,FO,lowlight,2,503.11373732052346,0.7038254141807556,0.4710541367530823,0.919160783290863
370606561029319,10.210502973191,-0.07341133185964,56.055623137549595,12.634697192561259,TG,lowlight,2,5216.223518657073,0.3387548327445984,0.25430428981781006,4.208272933959961
439450394288287,50.054284237917,38.880788589348505,55.37894862274077,23.51966054915591,UA,lowlight,2,1188.4042446110975,0.4314826726913452,0.23267622292041779,2.3448948860168457
310375324029868,-37.347698548595,-71.82270654997,44.14309020619865,20.761938897756757,CL,lowlight,2,12968.676293944243,0.424761027097702,0.37110525369644165,3.2921223640441895
981591149045969,18.008278271819,-76.772753375805,12.845576894504266,99.93609845153294,JM,lowlight,2,16565.34430949126,0.3651318848133087,0.26323163509368896,3.5307486057281494
538662890462002,22.639099459104,-80.443942528532,-25.270892537513728,31.883788357636934,CU,lowlight,2,13207.385427090589,0.20209696888923645,0.06789720058441162,3.0260887145996094
481222069768896,22.306404025662,114.25196352132,22.274220058835315,114.19197121805679,HK,lowlight,2,7.134773834652637,0.977150022983551,0.9680660367012024,0.15616483986377716
853822608822418,-13.764240001823,34.415945000478,-25.338105692812356,31.76187067755165,MW,lowlight,2,1316.5222141866984,0.10436345636844635,0.027187682688236237,4.663395404815674
2945544342367414,18.448984494982,-64.550096065019,16.781898573052345,78.0840462461932,VG,lowlight,2,14353.402474323546,0.7829588055610657,0.7430459260940552,1.2860006093978882
733805970633940,26.209879663614,44.103482474166,40.22323822505307,-111.68688119593753,SA,lowlight,2,12214.850048793312,0.14648163318634033,0.057900503277778625,4.444720268249512
2579377392357434,34.360744713034,0.072177953700416,52.25099072854941,6.001356374508982,DZ,lowlight,2,2044.6314421894242,0.08626986294984818,0.018069028854370117,5.128674030303955
321976292610460,2.6050561253904,-76.72716581048,6.184920532575474,-75.31875222760115,CO,lowlight,2,427.5839767504101,0.5342385768890381,0.1280643343925476,1.063400387763977
246778030560130,22.378053670525,103.87749530607,41.05336244488173,30.63278809722157,VN,lowlight,2,7026.194049600398,0.1408204436302185,0.029420390725135803,4.621164798736572
132463405538393,51.895041095248,4.7359317785887,53.44370255093061,5.704048445486636,NL,lowlight,2,184.1570520658521,0.15025892853736877,0.030075743794441223,3.60897159576416
159985626091830,42.085182325218,23.055097885585,41.95254386359024,34.93475197848949,BG,lowlight,2,980.6923477553887,0.5404651165008545,0.3991190791130066,1.9601353406906128
740422473321001,35.328722082019,33.504620154232,41.25285434059578,32.441434368647094,CY,lowlight,2,665.2198022819606,0.3757469058036804,0.09180459380149841,2.313647985458374
6049840251722845,8.4468470660858,-83.484163463651,11.968391877915527,-86.30879353110217,CR,lowlight,2,498.84930504831186,0.17028562724590302,0.09862308949232101,4.614230155944824
138432154861804,35.516834375223,24.116877817233,41.71860736304097,27.624026461929578,GR,lowlight,2,753.7389215126033,0.11494065076112747,0.009537577629089355,4.614593982696533
171677658627663,18.637934456903466,98.81616605062511,17.886264589381305,99.06725120148191,TH,lowlight,2,87.68617382382575,0.4669574797153473,0.3468703627586365,2.880547523498535
473447400410020,45.472666923779,13.751881662375,59.93110670686421,10.802224996592155,SI,lowlight,2,1619.5405790248278,0.11355258524417877,0.03809197247028351,5.123345375061035
208370247526297,56.307504479799,9.1351912802156,56.18083807120626,15.581181146834533,DK,lowlight,2,398.37511225832776,0.10392111539840698,0.020405247807502747,4.3724470138549805
1163829564042676,17.629236812387,-63.23181172096,56.025368593044334,12.614224724727013,BQ,lowlight,2,7514.606185257339,0.1408158242702484,0.0508933886885643,4.973395347595215
1180300995725561,32.355451166141,15.079114167989,35.948115272425845,0.5354523584977813,LY,lowlight,2,1395.064760288928,0.3410584330558777,0.11781519651412964,2.8129656314849854
1162905660800863,17.15804609038,-62.622664100026,1.3015315730304127,103.8357589942117,KN,lowlight,2,17481.955615688952,0.7952974438667297,0.6999704241752625,1.0116198062896729
780194756204466,31.983423754021,34.895586904175,16.87294290556202,76.94809462926203,IL,lowlight,2,4542.152724432867,0.37400221824645996,0.3040587902069092,3.3843748569488525
789897778580281,54.185632103826,28.47319812173,54.96036495856028,24.04069100679843,BY,lowlight,2,298.34640814033247,0.4317168593406677,0.3534393012523651,3.036931276321411
769108033797400,-13.06839043317,-76.274611371143,43.29910944773177,22.227887680107468,PE,lowlight,2,11682.520859176348,0.07244347780942917,0.004207290709018707,4.657570838928223
5011086665646025,13.613395452952757,-16.429313461515747,13.588174012009842,78.04193503016651,GM,lowlight,2,10124.456676423295,0.4855572283267975,0.35284820199012756,1.961106538772583
3772032009586752,-4.0767885530923,29.088814837055,13.47438991433448,-6.8329788635396405,BI,lowlight,2,4418.727251750159,0.3796461522579193,0.2829011380672455,3.60652494430542
971793776898906,-34.758013649475,-55.95646902546,5.538101248196467,-73.47250609164638,UY,lowlight,2,4842.328310557757,0.4596964418888092,0.37484294176101685,3.0625603199005127
745163459490620,31.824187546378,35.267560408259,40.5987635601973,-124.142273791527,PS,lowlight,2,11688.380431933387,0.062802754342556,0.019460320472717285,5.382153034210205
531383694528931,37.605095136322,48.695122536588,41.435782929175886,19.775680204269495,IR,lowlight,2,2504.837385103911,0.23181910812854767,0.0877615213394165,3.5057239532470703
355157592673467,1.0703328887576,103.96283377749,1.4304476266242216,103.79044364834438,SG,lowlight,2,44.39264840848671,0.6752824783325195,0.5475547313690186,1.50862717628479
303575617923017,-9.4382405064784,147.20811425115,-9.386190828744908,147.06929478249046,PG,lowlight,2,16.290960093716553,0.1905224472284317,0.06989828497171402,4.7254638671875
1038259080102537,-26.782850103384,31.938656241877,-25.294191878053706,31.811997432123416,SZ,lowlight,2,166.01417981137027,0.9786401987075806,0.9763568639755249,0.20475004613399506
459158871851075,10.792404464252,-12.298637806325,13.274462561027242,77.71406631237669,GN,lowlight,2,9734.884253342158,0.5239019989967346,0.4755231738090515,2.7018463611602783
288005262963881,-21.597843332119,23.667795003616,39.1073242516313,-113.95625950801755,BW,lowlight,2,15558.636641692277,0.4177245497703552,0.03177511692047119,1.843153476715088
311438013831843,16.840623273889,121.74439328693,16.78491423887691,77.4308004859914,PH,lowlight,2,4706.428968504465,0.204628124833107,0.009075045585632324,3.452850580215454
457187265449390,18.32580535956599,-64.95398969507924,11.48025087135334,76.35120307185329,VI,lowlight,2,14629.63738506204,0.5065767765045166,0.38083866238594055,2.556260347366333
327825698973041,39.559288635696525,72.9109157130074,17.827558580939282,99.12034752210492,KG,lowlight,2,3492.5389619178536,0.19943244755268097,0.09761388599872589,4.568587779998779
1376712112713014,5.1198336159589,-52.65735432583,-25.326317392163926,31.913803301794207,GF,lowlight,2,9707.990207686778,0.44634300470352173,0.3630068898200989,3.3886213302612305
524817781855332,-14.010419075563,-171.76031777505,-6.82831683335588,107.62317291265525,WS,lowlight,2,8816.545245468724,0.14680269360542297,0.04785299301147461,4.605457305908203
858561451393926,36.701828275673,67.096598041303,37.048529632629055,36.400647467586445,AF,lowlight,2,2718.6989220394753,0.26967543363571167,0.13905085623264313,3.464902877807617
177928610855949,6.391780060521,2.6237783121974,16.86066855555615,77.44851646798168,BJ,lowlight,2,8191.18007989671,0.21252673864364624,0.09946934133768082,3.8166542053222656
747501719832988,-9.89210909998267,38.8967731000014,61.31887104733097,16.74743678935425,TZ,lowlight,2,8151.697534822491,0.1309712678194046,0.0361580029129982,4.663247108459473
488569252193683,12.539996192436,-81.714972968868,-7.000598064744742,110.43384957403295,CO,lowlight,2,18548.78354555898,0.23023036122322083,0.05795226991176605,3.372194766998291
762294004482937,20.222569995853,-76.036013281341,44.45566940952459,-79.91235153689247,CU,lowlight,2,2718.2842192252806,0.43046507239341736,0.32404524087905884,3.339968681335449
526448611961086,7.924136171510359,-11.169831512240096,24.93807238660071,121.29944331312468,SL,lowlight,2,13704.586093778598,0.37636762857437134,0.15066342055797577,2.599602222442627
1359226914447321,10.466207945458,-85.77513112055,4.443740843411435,-75.71524164899633,CR,lowlight,2,1295.156612601467,0.483760267496109,0.4192467927932739,3.118422031402588
478165190183611,12.430745089839997,-15.317974157219002,43.99838791557084,22.36426380081534,GW,lowlight,2,5018.309914527762,0.7764847874641418,0.7066518664360046,1.2893669605255127
336533984561274,18.419385888373,-72.877030607553,19.777977261993154,-72.21364803337907,HT,lowlight,2,166.3733276472088,0.19565656781196594,0.014835953712463379,3.1373820304870605
292195892390772,-13.068772639841,-76.278890129748,35.97966986622237,-114.77701581375473,PE,lowlight,2,6788.246696584163,0.5697588324546814,0.4797463119029999,2.5680794715881348
786215532287048,19.827903639239,94.949804250429,43.98864998744449,22.23836124984163,MM,lowlight,2,7128.185643570846,0.3388730585575104,0.05244725942611694,2.722804307937622
4028024750648073,-1.455427434928822,29.883620710338125,5.7854814516414494,-73.04689417916917,RW,lowlight,2,11454.16866542959,0.19974346458911896,0.04703296720981598,2.689483880996704
481816143100801,26.018200502837,50.622605427635,45.30883323153688,19.759302665181096,BH,lowlight,2,3481.6341819729037,0.7946312427520752,0.7682573199272156,1.5361944437026978
304881227850189,22.470625099054,114.10853488259,11.419282747519192,76.3820185370919,HK,lowlight,2,4182.980310141414,0.5987796783447266,0.5529983639717102,2.4222896099090576
126797393065714,49.84047838484732,15.803297909812008,51.21475705547414,22.613098350896987,CZ,lowlight,2,504.8193638665345,0.5112912654876709,0.43063920736312866,2.7204678058624268
1211101869349798,-10.507365795363,105.65356096619,44.148640279167296,20.719467220285114,CX,lowlight,2,10420.176143339606,0.20581573247909546,0.0896017923951149,4.3757004737854
1357493864625552,2.1640539673148,30.64994870704,-0.9996459183692279,36.86522045065334,UG,lowlight,2,775.3786408234962,0.6081311702728271,0.563948392868042,2.5960402488708496
934011534098551,12.028286166295,-61.732840110417,14.62187693548362,-61.14386317138344,GD,lowlight,2,295.3500219993674,0.5328792333602905,0.34968799352645874,1.5617207288742065
500159881489089,7.342259838854188,134.46879110851162,40.994476573323105,-112.00859481891548,PW,lowlight,2,11387.66681245395,0.10355205833911896,0.0033560022711753845,4.686018943786621
2829740963958043,-2.733735821930212,29.43081567684662,1.0815097384234393,34.20968151131677,BI,lowlight,2,679.8409397054643,0.5355033278465271,0.316539466381073,1.3466074466705322
300848138109718,4.2523717777778,-55.444873805556,37.81901751071077,-110.90304128721178,SR,lowlight,2,6729.353907390827,0.23015332221984863,0.005856186151504517,3.4886505603790283
2960966407518451,59.940574907434,18.785342625587,56.178780842693754,15.530168996111312,SE,lowlight,2,459.90722262641737,0.33819589018821716,0.2617286443710327,3.826205253601074
220493529416834,14.451610237561,99.415018949546,17.910484435674007,98.86982811894437,TH,lowlight,2,388.9892962372878,0.9690878987312317,0.965169370174408,0.2753065824508667
516560806259751,-18.175596732511,178.20009731967,42.76504235637703,22.170631971578782,FJ,lowlight,2,16470.183251002556,0.15188518166542053,0.01716211438179016,4.645596981048584
294110862335495,53.181595920049,5.7480942483866,51.69054633561835,4.2165066762225605,NL,lowlight,2,195.6127952329,0.09943308681249619,0.03153463453054428,5.025600433349609
244296907493001,65.57013399313,-19.349029020965,64.26223915735231,-20.752576855198946,IS,lowlight,2,159.7652233081948,0.08101177960634232,0.02700119838118553,5.0407514572143555
233889245170464,4.8560503387361,31.612436706474,18.461071495818086,73.8987559315483,SS,lowlight,2,4831.105687102988,0.5482033491134644,0.28174665570259094,1.2406080961227417
1927622730739430,40.369069324101,18.219159988562,1.4093059168527724,103.79428849203845,IT,lowlight,2,9531.228255401347,0.14778189361095428,0.01611487567424774,4.601686477661133
471926114136200,4.5631962676901,114.07349517648,-6.310103167454655,106.7442421453427,BN,lowlight,2,1457.3436993674768,0.5825449228286743,0.5355328321456909,2.484043836593628
1192683651176123,9.0895860909637,-79.618866004971,-7.264215842865921,109.7767154084967,PA,lowlight,2,18961.304741641285,0.10802090913057327,0.011227041482925415,4.665871620178223
1413530045696031,-15.969463833371,168.26130683879,17.748849340087663,99.09992135518966,VU,lowlight,2,8451.22741132858,0.9476833939552307,0.926858127117157,0.3245762884616852
299499428465574,22.36370144725,113.94841256522,22.302430556069602,114.23850960179978,HK,lowlight,2,30.605653372455315,0.35062718391418457,0.15987393260002136,2.267061948776245
189606749553432,56.525393057968,10.08101978509,52.6883449590894,9.018340918877287,DK,lowlight,2,432.10026001672225,0.1337014138698578,0.052320756018161774,4.704362869262695
1108722216274003,1.3887705484241,173.14385660736,39.08550822239446,-113.79301144576016,KI,lowlight,2,8454.656951901172,0.1371833235025406,0.02206260710954666,4.593550682067871
240591061153313,9.7075559946148,100.00619099387,13.778199370770661,100.50922845033433,TH,lowlight,2,455.93428594059895,0.25116726756095886,0.12107373774051666,2.9816603660583496
794974811139135,32.804114385981,13.043328230439,31.377505029731903,74.4366670968879,LY,lowlight,2,5700.810632578023,0.4986133277416229,0.3208116888999939,2.503699779510498
1107588656407422,-46.062736055573,169.00760704864,-37.76027750459206,175.37582003021924,NZ,lowlight,2,1062.1584416717585,0.6386606097221375,0.6053689122200012,2.100863456726074
1279096795825768,54.406755367854,-8.4796165911836,57.8438805272526,18.868883533493335,IE,lowlight,2,1724.779559261603,0.22449156641960144,0.06860890984535217,4.383693218231201
193108499326081,-6.7004249966118,39.206861112601,-33.84733582647799,25.546806217302482,TZ,lowlight,2,3329.6963590344335,0.2452394813299179,0.09455156326293945,3.3965957164764404
291897862594169,27.521924666676,89.820270487386,43.34236132380103,22.000488183251754,BT,lowlight,2,6215.7545582009725,0.5029692053794861,0.33298179507255554,2.0100245475769043
123070833137806,5.8145917994639,-55.143095980408,-6.179813702510181,39.258157209264404,SR,lowlight,2,10561.295687269929,0.3903261125087738,0.05301600694656372,1.5580074787139893
5396405327097940,69.21259125489,-51.103395948712,66.99622006925655,14.156467954173308,GL,lowlight,2,2588.324170715257,0.404826283454895,0.23861873149871826,3.17250919342041
957601181668431,-51.706042723598,-57.906993308318,40.4406641658131,-5.514397149547961,FK,lowlight,2,11429.085139839224,0.2268427312374115,0.07286328077316284,3.4023396968841553
604130717650197,-1.9959688798483,30.050157126173,-1.9296640640638298,30.165007430928732,RW,lowlight,2,14.739702447070652,0.8205248713493347,0.7395612597465515,0.753594696521759
1941512039367524,30.98571832847058,-7.229221956634584,44.15169564011507,20.824490858899487,MA,lowlight,2,2852.320868118929,0.1321573406457901,0.014032289385795593,4.6229352951049805
196243366278308,13.167682777777776,-59.53696416666668,37.11673404914037,140.784090691284,BB,lowlight,2,14033.168551684039,0.2679213881492615,0.0600152313709259,3.7055675983428955
215411967015224,-16.468819194731,-71.941378039278,39.839812973927316,32.689010587945056,PE,lowlight,2,12405.788809471696,0.11118823289871216,0.057896893471479416,5.1138200759887695
1450360272005106,15.921467840879,-16.279407687736,44.455928171690225,-78.85553268325766,SN,lowlight,2,6610.753475209265,0.4217192828655243,0.3455267548561096,3.7791664600372314
756714068376834,4.8155110248734,114.77642618053,14.33015870245935,101.24188090041442,BN,lowlight,2,1820.944708721411,0.1790020614862442,0.05939767509698868,3.388794183731079
2918063678449936,8.0011665869234,38.705149393002,13.314004216319926,77.69183771529097,ET,lowlight,2,4296.501158952742,0.6760722398757935,0.6124265789985657,1.8075060844421387
1001295333882125,40.63113853803493,-6.0362211199295865,44.036454431197875,22.309677209746038,ES,lowlight,2,2348.6224894073225,0.13577137887477875,0.002065420150756836,4.757486343383789
808035410091724,16.206487661547,77.345926501434,6.60399981094504,3.4687676526281495,IN,lowlight,2,8086.42958694473,0.3271175026893616,0.20870089530944824,2.797039270401001
268897404930235,57.163975404144,-3.6875044027183,37.82996380533099,22.27963219225183,GB,lowlight,2,2868.1081745585784,0.06422305852174759,0.01167990267276764,4.880705833435059
1125401674596218,39.823992064377,42.428897726042,53.56264873376365,-1.982717327874322,TR,lowlight,2,3641.1640421645106,0.16142301261425018,0.09930001944303513,5.117966175079346
526674661844363,36.219109563696,44.414746657631,38.85100734318811,20.958981809753926,IQ,lowlight,2,2082.9641064392663,0.08280573785305023,0.0008863136172294617,4.549408912658691
964858007616084,4.2630124849459,73.563178328896,56.176815215530354,15.344049280309184,MV,lowlight,2,7701.510670157558,0.3309860825538635,0.26898065209388733,4.11245584487915
5490667957675480,5.2624334865771205,163.0047322024813,43.96027620251491,22.149120088710045,FM,lowlight,2,13286.472484279348,0.5930066108703613,0.5174471139907837,2.382781982421875
573195574072375,-15.671003834964,-48.191441316741,-23.40659578248783,-47.458218929278,BR,lowlight,2,863.5763609820443,0.08043669164180756,0.013816408812999725,5.0950927734375
892381884955306,58.981961021242,24.221882703215,58.63640796882428,23.690822702778693,EE,lowlight,2,49.108171892972024,0.15716339647769928,0.007579833269119263,4.254177093505859
5416581451690167,8.876751843202419,-64.23554389395768,-25.14513482816769,31.968245561418094,VE,lowlight,2,11045.63840768187,0.45638617873191833,0.3852132558822632,3.3938872814178467
482078066336394,-18.636202891772,-174.01936863548,17.879984630906677,98.9743693517271,TO,lowlight,2,10332.693953889871,0.24891099333763123,0.10292163491249084,3.5274550914764404
329210971927794,5.843070862629,-55.089876855582,-16.47175873437004,-48.44658206025104,SR,lowlight,2,2586.655032170164,0.1859361231327057,0.07516052573919296,4.527050495147705
251937010050891,47.507459505795,21.685088460781,44.10567657710104,22.512134769586588,HU,lowlight,2,383.648145896789,0.1304028034210205,0.0253274068236351,4.83939266204834
469124120816531,33.256755487161,126.61974805537,40.93724312325231,29.21643416487107,KR,lowlight,2,8213.24532894092,0.4008651673793793,0.28087174892425537,3.105968475341797
6544008378958782,42.576053933645,12.422579613177,47.12941722631386,28.854203994748776,IT,lowlight,2,1387.3941968308202,0.13242122530937195,0.03522513806819916,4.408834457397461
468826351040628,-32.904700967934,-52.731761718702,37.728740791538634,-113.65926969633938,UY,lowlight,2,10069.71821425096,0.14898370206356049,0.04745189845561981,4.330615997314453
458089889154332,49.9716081757907,38.98921274981689,55.37600316999532,23.670061786401515,UA,lowlight,2,1191.2413480594923,0.27486929297447205,0.1259930282831192,3.474693536758423
913455289198852,10.638477230341,-61.313394324688,4.461550156808841,-75.72692867374735,TT,lowlight,2,1730.1112445256354,0.28309011459350586,0.21590441465377808,4.476234436035156
391651555234292,4.7891910927864,103.42511490766,4.342628699309597,101.12970952448464,MY,lowlight,2,259.2269033360623,0.7562713623046875,0.6604973077774048,1.2834787368774414
169873605037737,10.045722702666,-83.299560625022,17.322514200563393,101.28827468683801,CR,lowlight,2,16930.396981964604,0.38505616784095764,0.044074684381484985,2.4716310501098633
1032233080991900,39.140834029054616,20.961949886464165,41.30866670719556,27.773871901979387,GR,lowlight,2,626.32114192505,0.16998662054538727,0.05096570402383804,3.7858119010925293
375451844456388,-26.804552190115,31.961012436385,-25.364677528234527,31.890766333184402,SZ,lowlight,2,160.26036784735376,0.9982761144638062,0.9981088042259216,0.02102074958384037
855805948342180,44.525909974035,15.903249699487,46.76394717433849,16.601334346878886,BA,lowlight,2,254.70337817091828,0.13808481395244598,0.07333044707775116,4.5304741859436035
139526285635637,13.217826050214152,2.929162678521952,-25.3183350250887,31.984016340687734,NE,lowlight,2,5317.2561302754675,0.9922648668289185,0.9890070557594299,0.07102818042039871
5442759149130487,67.890019179633,20.308537274689,61.34679103106039,16.78319015915335,SE,lowlight,2,746.4248803989353,0.3284187614917755,0.24282988905906677,3.282984972000122
3921179927973144,54.246330015747,-4.5628069974706,-7.252485109760998,109.75176430739769,IM,lowlight,2,12225.266526734797,0.10139811784029007,0.0013953745365142822,4.710676670074463
469492320924211,38.276346407666,57.98363402764,54.99724096770848,23.772667511350903,TM,lowlight,2,3155.875177909927,0.44209614396095276,0.3736690878868103,3.1859803199768066
310307137129739,48.189212227502,-106.60069617067,40.23483625061716,-111.684050805033,US,lowlight,2,972.3134942254518,0.47646015882492065,0.22764134407043457,1.9353466033935547
383397352939199,39.95006776682,140.12870703204,39.699343698826794,141.08331314606997,JP,lowlight,2,86.15675476143952,0.31858015060424805,0.2461393177509308,3.76247501373291
1688335251353973,-14.865382426326,35.3053829175,-1.9072787381225065,38.378521617982116,MW,lowlight,2,1479.8272717907264,0.29458263516426086,0.022008806467056274,2.573806047439575
368819684557497,9.8821178559993,-84.703514000306,37.66972409623676,-113.54796848675149,CR,lowlight,2,4226.203293929447,0.32621344923973083,0.023466497659683228,2.7817111015319824
3142165536067308,8.892556698116664,-64.244099923535,44.42786848573149,-79.85598841057623,VE,lowlight,2,4228.3375449826535,0.18201753497123718,0.10438419878482819,4.969167709350586
916461445802958,18.351592546824,-73.166686920189,44.1003162604805,22.34264276897264,HT,lowlight,2,9024.62678779275,0.15265339612960815,0.005454391241073608,4.050081729888916
1438450646526614,11.602056871897,43.143067800469,29.958717526095228,31.050929523819132,DJ,lowlight,2,2393.013367239013,0.19743159413337708,0.08500023931264877,4.115087032318115
171644361525352,3.2965683888889,-59.645080555556,37.29017427418935,-107.89977924938404,GY,lowlight,2,6192.41446563001,0.4297259449958801,0.28591805696487427,2.7442104816436768
3643623472415985,13.248359768362,-61.267804498546,-7.332688422339841,109.80292096617843,VC,lowlight,2,18837.773001170655,0.0782594159245491,0.013404332101345062,4.587791442871094
974847123463445,45.48089676461988,141.9141645369168,44.051242665757336,22.20302513963623,JP,lowlight,2,8424.01431679243,0.3734184801578522,0.27872782945632935,3.2988154888153076
219450919950414,4.2765353097168,73.575427012288,56.169136950152186,15.390450517406359,MV,lowlight,2,7697.936836201808,0.8328054547309875,0.8232408165931702,1.3288882970809937
197777158852668,18.542511750027,-72.425551013845,41.423211622229225,35.11892677107241,HT,lowlight,2,10032.415731636402,0.3036874830722809,0.14639770984649658,3.2398953437805176
1673203299531642,49.085005765367,-1.4823203864636,49.355559702019,-1.6073675550198567,FR,lowlight,2,31.425141099895406,0.22768518328666687,0.14928558468818665,4.216434478759766
1605231949662620,31.431741304615,7.0759601080198,37.131343369434425,-113.52521541014652,DZ,lowlight,2,10208.301068394667,0.12389736622571945,0.011019952595233917,4.711174488067627
451593852608237,49.039623298927,17.575489860882,56.18126225037581,15.558952153293948,CZ,lowlight,2,805.6100834934438,0.1878713071346283,0.07186347991228104,4.381746292114258
304641044593781,8.0755534487471,-80.948273440388,43.348060047260546,21.964455383635883,PA,lowlight,2,10418.530002686075,0.3386975824832916,0.2504107654094696,3.8304622173309326
537192110996228,33.673060807593,8.992445655067,45.90922086871224,3.2335818199363606,TN,lowlight,2,1445.8231918004165,0.1316293179988861,0.07476247847080231,5.030979156494141
2874567659528784,10.624021568983,103.55740436843,0.3303722438467724,32.515692525816625,KH,lowlight,2,7929.843193076279,0.5361678600311279,0.43496596813201904,2.6184840202331543
306873294180376,36.543159906681,-95.385746192161,41.40227807821842,27.739533329249422,US,lowlight,2,9596.556256841724,0.2327953726053238,0.05319884419441223,3.7834458351135254
474237406957052,38.032230216342,71.296052545699,35.64170135016641,34.43586315810451,TJ,lowlight,2,3269.679953209962,0.3648783564567566,0.2326873242855072,3.3394320011138916
893270331236297,35.542457911478,34.345047266311,43.328328975772244,22.01687049723902,CY,lowlight,2,1365.097541049692,0.12812617421150208,0.0020099878311157227,4.088502883911133
394355595015312,-10.420322783141,105.70164382136,44.00236110782527,22.16165660999807,CX,lowlight,2,10301.044785221979,0.20783481001853943,0.06355820596218109,4.091598987579346
1720688194781084,-2.0414077903770145,29.44965968721136,11.587930058708945,76.7700005509979,RW,lowlight,2,5444.788659022047,0.6058815717697144,0.4835909903049469,1.8346989154815674
1072181156643275,18.07465399978,-91.640772999734,37.11282821146966,140.81748363233905,MX,lowlight,2,11780.676814674762,0.3302304744720459,0.2823842763900757,4.328374862670898
4167670343253112,38.101113171443,70.434664027996,32.41060745048895,77.77745837256501,AF,lowlight,2,918.5772714316438,0.8499286770820618,0.779039204120636,0.8042389154434204
174020494657037,17.630108574846,-63.232604239636,13.890870811102683,-61.02416085315987,BQ,lowlight,2,478.23221476094824,0.7556938529014587,0.6241796016693115,1.220566749572754
841778303361650,4.4129500800509,-7.3568081852969,6.3120630382733465,1.2106523731353334,CI,lowlight,2,971.6609638151621,0.22416874766349792,0.09438973665237427,3.232537031173706
6128179790541161,55.439905979985,25.277989368239,54.61382704540554,25.045311495498574,LT,lowlight,2,93.04507653042681,0.16872268915176392,0.03574983775615692,4.387458324432373
860733724520470,42.906057348904,19.550997884227,43.34865274071731,22.10145300206634,ME,lowlight,2,212.7406953728026,0.3629955053329468,0.1817740648984909,1.955629825592041
864697561114910,-29.077441505083,27.74348424067,41.04856166747335,-111.85147996658289,LS,lowlight,2,16144.329295026308,0.41036415100097656,0.2458639293909073,3.027885913848877
470728414179183,-4.4035085235997,28.875651684315,11.530298556813847,76.46842399086232,BI,lowlight,2,5553.9209692574395,0.25961625576019287,0.21996831893920898,4.68254280090332
572376240384590,38.710627031317,20.595182002582,43.79194008188043,11.812094208446767,GR,lowlight,2,925.6079721045197,0.23635780811309814,0.15047256648540497,3.7638180255889893
121312253609017,-2.475605,101.08095666666668,-7.33802570949897,109.74574518474861,ID,lowlight,2,1101.4788468328934,0.10214173048734665,0.04738905653357506,5.036452770233154
1443161219370901,-20.998296188116,55.608257838223,11.477349341686446,76.56499148525621,RE,lowlight,2,4275.98543191903,0.7376967072486877,0.7184013724327087,1.881906509399414
935114343986233,14.756132710056,106.17208788727,-3.1072998875589786,16.055561938884825,LA,lowlight,2,10108.020557741866,0.8462148308753967,0.8153286576271057,0.986052930355072
528816851860286,13.929456140067,-90.641111213437,-17.495270488505973,146.30618390308064,GT,lowlight,2,13928.002602756691,0.7056432962417603,0.6106395721435547,1.5053203105926514
949677732469296,-3.949905939326,29.108488727431,17.892759735441693,98.8174632370922,BI,lowlight,2,8012.39061547631,0.6994273066520691,0.5673661828041077,1.483372449874878
535238961691986,-9.012128600000004,125.26142969997224,14.335426831144257,101.28001022614319,TL,lowlight,2,3706.1779886930776,0.24308475852012634,0.15620265901088715,3.833486318588257
785746405666869,-15.233412447604,27.672681901373,-25.05413343870533,32.087052524017594,ZM,lowlight,2,1184.9544832025279,0.9346106052398682,0.9281649589538574,0.5699180364608765
3016818381880651,49.809878371642,-121.45256952608,40.22413893804682,-111.66816353483944,CA,lowlight,2,1312.0040176767482,0.21063274145126343,0.02624368667602539,3.6488142013549805
381383576502282,45.377597713432,18.296766050051,45.34118039806674,19.95557137967862,HR,lowlight,2,129.66664964160526,0.23114879429340363,0.14219501614570618,4.186923503875732
610064709949694,39.354018070055,3.189777650907,40.74640107240396,-4.767578866657465,ES,lowlight,2,694.5107948457371,0.1046236902475357,0.03271681070327759,4.649384498596191
172787811514759,35.229088448061,33.767549827448,41.412327524325775,27.71028801136636,CY,lowlight,2,866.643652311207,0.857326865196228,0.7785568237304688,0.7126180529594421
782110492675930,20.011066718061,-75.671652777958,5.236576336783076,-75.00741137698196,CU,lowlight,2,1644.4185532083682,0.331900030374527,0.10807572305202484,3.0451064109802246
400250872119328,11.85196334791822,13.142710363889922,17.50954193401687,78.3028113268312,NG,lowlight,2,7006.124826691968,0.22480566799640656,0.07352003455162048,2.719500780105591
892609551301442,-6.2907747954542,176.31557778615,17.77380807515172,99.02521947750253,TV,lowlight,2,8888.149163535363,0.7624463438987732,0.7406893372535706,1.6108514070510864
202638525024688,49.252128640765,-2.2302663941837,44.0447291307374,22.26770236475424,JE,lowlight,2,1947.6455035809518,0.5011998414993286,0.34243321418762207,2.73186993598938
482179499657429,35.35863654069,-87.442281622797,39.42957845335345,-84.08098394725322,US,lowlight,2,541.2690245550742,0.4516751170158386,0.3850250840187073,2.932626962661743
166409505310564,-9.7930504284381,33.876999664849,-29.52329867004843,30.75537927729185,MW,lowlight,2,2217.7899488744424,0.6171723008155823,0.509341299533844,2.107682943344116
839128376686201,-21.379486131927,55.652855746499,55.52855413483984,9.714073554444917,RE,lowlight,2,9586.815205060333,0.1962343156337738,0.011973246932029724,4.4565863609313965
173546557995177,6.6979922509375,-57.920196653076,5.4376260202920905,100.48038897872719,GY,lowlight,2,17264.274413388877,0.5651437044143677,0.4428449273109436,2.0595951080322266
778732033031387,49.481310552598,-2.580607408903,52.25804970066426,6.014916139887955,GG,lowlight,2,677.0173126057997,0.42465367913246155,0.34363988041877747,3.2316982746124268
1459021641097176,19.327056989127,-81.381676002568,26.136789799139912,-80.10447783827357,KY,lowlight,2,768.4335022077345,0.4074123799800873,0.12115371227264404,2.31555438041687
968337867447613,25.014773599486723,55.87302113372367,24.971081777346523,55.6589316705439,AE,lowlight,2,22.11669791452741,0.23810528218746185,0.019906193017959595,3.108675241470337
516599479378641,56.372189487703,27.438134814115,55.92753260788187,26.39479572791405,LV,lowlight,2,81.36636962693261,0.23304744064807892,0.13490577042102814,3.8034088611602783
826574104989977,0.4096083408951371,9.468790964341348,36.685754261790116,2.961319730815204,GA,lowlight,2,4089.0293097851822,0.5899768471717834,0.528766930103302,2.489353656768799
298265468509297,-10.44607449126,105.70171289589,50.36426494159503,17.30089552657313,CX,lowlight,2,10787.532773138253,0.053563352674245834,0.0026596784591674805,5.188944339752197
135182671936165,24.97002129251,55.490379135321,-25.384680776455056,31.884974330712506,AE,lowlight,2,6147.348932824077,0.13026832044124603,0.0024621039628982544,4.300085067749023
369953761725438,-20.697927254597545,164.42307519257272,44.073876480162184,22.375816863864273,NC,lowlight,2,15664.776946610475,0.33208221197128296,0.2616180181503296,3.8987090587615967
150605930403453,1.5703799596146,10.84323380127,16.932594985335562,77.90881783262978,GQ,lowlight,2,7519.842332792551,0.2051945924758911,0.14166367053985596,4.557088375091553
942025196552576,18.04711135987549,-15.94458243190681,32.29684092392009,-8.948013768545255,MR,lowlight,2,1732.6336601213777,0.8975639939308167,0.8898849487304688,0.9017634987831116
4245112742269900,-15.204236527253409,13.710121098211696,-25.330154509012175,31.806135012844,AO,lowlight,2,2194.11130574371,0.26988574862480164,0.14254170656204224,3.965324878692627
800629050558884,1.5780520325706,10.841365858236,1.4427482263715337,103.77582949107695,GQ,lowlight,2,10329.190331139518,0.1347721815109253,0.0653129369020462,4.756324768066406
329089375465231,-4.7898646188584,11.8559793524,17.507920802702728,78.32690126504647,CG,lowlight,2,7700.385556438287,0.32609981298446655,0.17063167691230774,3.0967118740081787
2991410527805673,-4.1374600287328,29.078493212922,17.867718800610174,99.20919238524785,BI,lowlight,2,8062.989530700823,0.13813024759292603,0.0166957825422287,4.499328136444092
798429247478749,46.183809459674,20.174482609731,54.47772871168806,13.656821000391467,HU,lowlight,2,1030.7366202896421,0.09306562691926956,0.00666411966085434,4.240175247192383
2371116466357575,16.796385002204,107.11609099971,16.875531674753486,107.01572435328603,VN,lowlight,2,13.840362729255002,0.16462768614292145,0.0357193648815155,4.6597113609313965
468504837703680,49.210225417814,-2.0260057718567,47.25373919324898,4.167230629506909,JE,lowlight,2,507.48999740866026,0.29101911187171936,0.20696723461151123,4.242452144622803
544837470219031,25.294971915181225,67.28170930758036,28.590507505062273,75.38215826222395,PK,lowlight,2,882.3249015048299,0.09216830134391785,0.005686856806278229,5.380704879760742
962376597848366,-7.8679271311768,35.785662187966,-25.20864169643713,32.00609283504545,TZ,lowlight,2,1969.4393489915253,0.16187168657779694,0.014138251543045044,4.395989418029785
284560226710077,22.245356411415,113.94634816993,53.54983835963618,-2.026554946983807,HK,lowlight,2,9601.520512960564,0.10982947051525116,0.05052868276834488,5.119260787963867
366104118882534,-12.947203981722575,45.1622949013442,44.0791066011908,22.176851722079657,YT,lowlight,2,6754.754273355117,0.36203524470329285,0.30866265296936035,3.9496593475341797
302738837907407,13.971297523146,-60.953783885869,-8.371393000610507,115.71318983968361,LC,lowlight,2,19294.10644767961,0.16994725167751312,0.060861483216285706,4.406307220458984
212663677118887,61.377613835646,-149.52560052518,35.824677884266634,-78.76468436800587,US,lowlight,2,5568.251692312838,0.10236253589391708,0.030689842998981476,5.01170539855957
298675135079993,35.02573827135,0.1062064724418,36.45779437049019,4.432253848631204,DZ,lowlight,2,421.60576644790336,0.34093740582466125,0.2131519466638565,3.3678178787231445
200766568352215,12.2259298372,-69.032711700173,47.440033513868165,28.92545690785818,CW,lowlight,2,9596.566132490203,0.09512092918157578,0.03810301795601845,4.833303928375244
522150762114358,-51.767857219423,-59.20385240723,41.41765351872181,27.714706799090145,FK,lowlight,2,13304.48237890969,0.0786595493555069,0.018243025988340378,5.215397357940674
907645580029480,-10.531873592618,105.64908608946,44.11113433887911,20.80254810511625,CX,lowlight,2,10414.417629607644,0.3760647177696228,0.1985357701778412,3.3784759044647217
461637908454191,8.5770592738416,-9.8384949656858,0.3524184570205945,14.689978590077924,LR,lowlight,2,2866.4557253084417,0.8347903490066528,0.8083191514015198,1.262915015220642
737762176916399,-28.523157809827,26.988610572901,-29.54310291789866,30.77248255328594,ZA,lowlight,2,384.93723868340686,0.308968722820282,0.09695819020271301,3.1018598079681396
974044566464626,-8.9232594155592,125.57214462009,11.499717834677476,76.71471300769609,TL,lowlight,2,5859.874192695756,0.5911038517951965,0.5256514549255371,2.2662384510040283
207733560892728,62.969803716081,25.819453012454,63.88978555058927,19.870080006479178,FI,lowlight,2,312.94718053055794,0.07988906651735306,0.012085124850273132,4.704767227172852
935214247230705,38.662861546978,21.897000127107,44.022879406975534,22.161187441371712,GR,lowlight,2,596.4137266317057,0.2112429440021515,0.09179263561964035,4.136258125305176
308609804241585,45.352253598167,18.741494665616,45.32391362001015,19.824897090739654,HR,lowlight,2,84.7381915060525,0.3736286163330078,0.16813687980175018,2.5164599418640137
812815579353857,19.970422258885,95.026704859366,44.127170221574836,20.7999840088152,MM,lowlight,2,7237.76476768596,0.10272742062807083,0.03351543843746185,4.76676082611084
955193138582276,42.352822713826,18.93350046301,40.388491944837945,-111.66255570742197,ME,lowlight,2,9559.595218310624,0.33599141240119934,0.15006859600543976,3.450155258178711
314068633495505,18.384993994121,-64.663491419319,43.79409547144112,11.792016327018818,VG,lowlight,2,7533.079416697541,0.11861497908830643,0.05607981979846954,4.819967269897461
153100520088504,8.6445550800531,-10.895087890593,14.380412139057428,101.31658029748573,SL,lowlight,2,12114.36904461041,0.5684077143669128,0.41543614864349365,1.796201229095459
899516343957294,31.154817998866,35.36251239366,35.9969731680893,-114.79152596976222,IL,lowlight,2,11925.117324713287,0.21276354789733887,0.12155985087156296,4.170009136199951
362016302748290,-10.182357974219284,26.92114281109953,-25.29288915128236,32.02087945691016,CD,lowlight,2,1764.2572172788753,0.6777477264404297,0.5328514575958252,1.6993554830551147
784285982279583,12.468243816564,105.11776238356,-6.728065163702469,106.7199055078998,KH,lowlight,2,2141.865201992124,0.2993452548980713,0.09492041170597076,3.2424731254577637
741076933253733,55.559361968752,24.218044357931,59.291819844433434,18.13757314832933,LT,lowlight,2,551.6155650383621,0.1622948944568634,0.00022581219673156738,4.049213886260986
588238156406124,13.540014603247103,6.862262541663696,-25.276006952677548,31.997891202427752,NE,lowlight,2,5103.841248662461,0.9528006911277771,0.9442673325538635,0.3745173513889313
704583704721230,13.358425346344903,2.9695516051747206,-25.25352391818272,31.945877827545488,NE,lowlight,2,5319.27436874242,0.9214420914649963,0.8859051465988159,0.4716397225856781
743913432954382,12.506491685569,-70.011189878756,13.243816163575044,77.7084785335247,AW,lowlight,2,15447.477152986336,0.1762492060661316,0.05847993493080139,4.062082290649414
837216263894683,59.234310100905,25.661811016329,60.04353418735921,30.633260404658134,EE,lowlight,2,293.459292775961,0.18855322897434235,0.06543874740600586,4.235720157623291
4165344470189392,22.250944346283,113.98372956798,34.746731743275305,138.97803727886316,HK,lowlight,2,2798.150749513918,0.26714423298835754,0.181474506855011,4.008622169494629
123034153486017,8.896413266511479,-64.21983107316368,41.042757368643656,-111.99301789989498,VE,lowlight,2,5889.190484973073,0.10729578882455826,0.05168367922306061,5.25697135925293
495142175172477,52.064618461934,27.758129879211,65.66807686547871,22.073980174525826,BY,lowlight,2,1546.0111962752794,0.17277897894382477,0.072600819170475,4.5454421043396
278818637266368,21.668020820761,39.5871724527,35.999686794792105,-114.84994308104879,SA,lowlight,2,13061.689305841373,0.4322594404220581,0.26983749866485596,2.6399755477905273
311313370600056,34.298302972773,35.843733635285,36.44815793496989,4.404169044534255,LB,lowlight,2,2847.981797694941,0.6462035775184631,0.4120386838912964,1.3428281545639038
546356603055282,16.319144026137,-61.319536174119,12.799997713255516,99.95812434426266,GP,lowlight,2,16178.440668568772,0.18150782585144043,0.05518177151679993,3.8039731979370117
455880318809614,13.212934938654,103.97535020814,13.27401526962849,103.8818433623843,KH,lowlight,2,12.188636801246147,0.2347935140132904,0.14939773082733154,3.8561785221099854
561177494854490,65.249274201498,-14.3599477776,64.33395321071654,-20.85646821365551,IS,lowlight,2,323.89449680485865,0.19663657248020172,0.14398962259292603,4.519260883331299
591338181829945,40.948513592565,47.680340883083,44.02372034107009,22.233905813281186,AZ,lowlight,2,2105.7669041900467,0.2806778848171234,0.10989241302013397,3.2745790481567383
478603033472419,10.605368280525,-61.423503253964,41.008480727773865,-111.94007089400642,TT,lowlight,2,5968.174135615561,0.35076871514320374,0.16918513178825378,3.076950788497925
140993104682356,11.492434620243,14.669528720435,65.6895360994213,22.009736832055484,CM,lowlight,2,6052.375257191428,0.18032336235046387,0.12409739196300507,4.934605121612549
1365904140461073,16.782552049243,-62.177983430902,40.34408916490915,-5.61384256165865,MS,lowlight,2,5994.995400073705,0.3433196544647217,0.1143309473991394,3.0149827003479004
184854733517675,66.049214556266,-16.60518565352,37.02732702020282,-113.55090289600373,IS,lowlight,2,6589.348942573839,0.24745219945907593,0.15158042311668396,3.9411096572875977
484812855999457,11.316364972572,-60.600609669164,5.22947454983627,-74.91380377283447,TT,lowlight,2,1713.4612619426161,0.49399533867836,0.44319456815719604,2.8339388370513916
198374955275087,31.228889368174,35.249839466257,39.79370991048852,35.8532475446683,IL,lowlight,2,953.9219945751292,0.13909092545509338,0.07620348036289215,4.638808727264404
493661578655706,21.902623515855,58.249258213784,24.598788084356872,55.77884368691773,OM,lowlight,2,391.8673469250917,0.09593814611434937,0.009967297315597534,4.345589637756348
1421342044880216,-33.979765814868,-55.677857234372,-25.36182848070842,31.975453436839523,UY,lowlight,2,8265.24761337437,0.9297221899032593,0.9170529842376709,0.5890144109725952
791346968192465,47.64092226916,22.514698705141,45.33415659960921,19.936081957035476,RO,lowlight,2,323.6349950348391,0.2666851282119751,0.05183815956115723,2.8252310752868652
509490393519441,12.00528480685,15.133921129804,-25.24458162238634,31.8291974525334,CM,lowlight,2,4520.012311560108,0.21073293685913086,0.026159733533859253,3.325424909591675
365265328257309,-16.455863020951,-152.25124408953,40.64491763768915,17.878447896282996,PF,lowlight,2,17162.530348593278,0.43298858404159546,0.3755945563316345,3.661686897277832
373099774078768,15.381551450461,-61.278224581511,39.43373815792078,16.38706806068482,DM,lowlight,2,7881.390403534893,0.24387528002262115,0.12794163823127747,4.1487603187561035
3849748481728507,54.429547030142,-8.350480924746,42.36921744987788,-74.87496908712143,IE,lowlight,2,4892.406350794471,0.0804256722331047,0.010777100920677185,4.677347660064697
486814105900044,24.815009873567,55.581561784151,-25.32611779177976,31.824115119449903,AE,lowlight,2,6132.827684140418,0.2025187611579895,0.08180935680866241,3.6470978260040283
553493755814632,25.651486854641,55.817622488275,40.23720526169886,-111.68927391855195,AE,lowlight,2,12575.313117580772,0.2377752959728241,0.10446029901504517,4.267943382263184
294731518788880,12.182130031336,-68.992602507728,37.02679819663125,-113.53641175550392,CW,lowlight,2,5215.169031356675,0.0868677869439125,0.04736994579434395,5.023701190948486
526112418414577,-4.1889057701817,39.593824106105,45.30496975896527,19.8419545514434,KE,lowlight,2,5841.765317166425,0.12698398530483246,0.01937223970890045,4.680097579956055
1143243902846918,3.9423529755317,73.490255336254,17.731024466428547,99.13678941065137,MV,lowlight,2,3185.7369008439773,0.5992496013641357,0.5630806088447571,2.6103692054748535
1222724854903474,-15.992638795519348,27.473549745213845,16.794307329604102,78.34810609805011,ZM,lowlight,2,6663.456810709483,0.22736746072769165,0.008169978857040405,3.574126720428467
814962436102418,17.246826160842,-88.964928894179,34.91056471969501,10.36654556259042,BZ,lowlight,2,9735.475538305003,0.1295519918203354,0.050901561975479126,4.410643577575684
2588410498130022,8.6681322733063,15.915175571704,-25.271160359249848,31.97180482846654,TD,lowlight,2,4155.1206008589015,0.7829988598823547,0.6949449181556702,1.2536134719848633
757152124922572,40.280135692488,20.032560201339,41.22405006789769,32.439586644299645,AL,lowlight,2,1049.4538791037826,0.7715609073638916,0.7117323279380798,1.2849938869476318
3729075633885792,52.879324916405,14.84215981606,52.117802906170006,6.007104992826906,PL,lowlight,2,603.6434765589427,0.11421588808298111,0.041495829820632935,4.984386444091797
193255762642321,-25.463140138686,31.530813486271,45.907927931801126,3.288965532852237,SZ,lowlight,2,8432.876151266155,0.14809970557689667,0.07441423088312149,4.174671649932861
158748456176634,18.003107984756,-76.750140742066,-7.604444296790442,110.7935927690843,JM,lowlight,2,18599.502242145038,0.21522103250026703,0.012142539024353027,3.177446126937866
487059602744422,22.483846298693,88.311807710332,17.453112541919996,78.36412131720004,IN,lowlight,2,1180.0284091048375,0.3117435574531555,0.14110226929187775,2.3991425037384033
187972779810965,37.223202382218,126.95228008609,35.43285421608759,129.0579514177549,KR,lowlight,2,274.235319358767,0.5061161518096924,0.07566279172897339,0.9476020336151123
325108962571033,-14.007024453392,-171.59812253095,11.513705687580343,76.5869210459496,WS,lowlight,2,12640.562617944683,0.6750126481056213,0.5986517071723938,1.8573448657989502
506599274036580,54.629530708934,-8.6760286174409,67.61782418305759,14.325355867968018,IE,lowlight,2,1877.4840821619748,0.3666730523109436,0.2228899747133255,2.9935059547424316
507218187079443,37.843340581126,68.830014881381,32.01347664338224,-8.780312355068723,TJ,lowlight,2,6898.218631778197,0.43739598989486694,0.3152969777584076,2.8599600791931152
153324916692555,5.5180289616018,-6.5822215976398,40.40466785873481,-109.86590453673226,CI,lowlight,2,10721.500500003187,0.3004198670387268,0.19080428779125214,3.889345169067383
771731993706945,41.928551334201536,19.551310678151587,41.11514931391108,16.50233695882393,AL,lowlight,2,269.446527216589,0.15403158962726593,0.003582775592803955,4.2606611251831055
486481489451262,49.966660340065,17.026531427218,52.11340589725441,5.99618881535338,CZ,lowlight,2,806.375152546207,0.060819704085588455,0.009811442345380783,5.380670070648193
2949034095418835,3.9465097772644,-59.099420704396,45.370636741104164,23.467637756400986,GY,lowlight,2,9114.936634024925,0.26423829793930054,0.13105200231075287,3.9376018047332764
372845630827843,-27.768029274082,-64.271302066744,17.52436816676081,78.34340403454391,AR,lowlight,2,16030.610505321658,0.08686646819114685,0.027313176542520523,5.287166595458984
804236390516614,24.360035161271,90.528148543285,-6.6879680304322155,106.7196784223168,BD,lowlight,2,3872.9489000904014,0.7588508129119873,0.672174334526062,1.3714028596878052
1165449024229030,11.127732358514072,42.37283796780444,37.0261838171814,-113.52652150376812,DJ,lowlight,2,14098.110646106274,0.14201313257217407,0.05761275440454483,4.8492512702941895
465682694540312,47.092368215581565,15.033271683507603,47.956214959132545,13.63498265600229,AT,lowlight,2,142.2993648381227,0.09433912485837936,0.012184299528598785,4.544660568237305
1414034302297531,5.9652601827551,-10.011148216804,13.300258394000293,77.75776088661979,LR,lowlight,2,9614.910227145481,0.16362610459327698,0.07917741686105728,4.257591247558594
164124928906484,17.026658655636,-88.957499025099,44.097154892100576,22.17766370965408,BZ,lowlight,2,10286.888910831509,0.9076660871505737,0.8644970059394836,0.5758291482925415
265373079006579,12.19339030343679,-4.128458023871779,15.288847039062862,79.38489193259379,BF,lowlight,2,8969.526057444189,0.4078221917152405,0.017943739891052246,1.7811139822006226
211403467484458,-24.160264772744977,47.3486048183456,17.877576800731067,98.66658376567449,MG,lowlight,2,7266.616357488093,0.4576464891433716,0.36095696687698364,2.6382176876068115
4252117868180040,-31.701164589216,28.774388216841,37.01983378152375,-113.55443956174928,ZA,lowlight,2,16530.057216598165,0.5512798428535461,0.4285433888435364,2.371302843093872
1185546705230006,60.068284515535,20.263657107897,56.186206469586054,15.356053377554568,AX,lowlight,2,518.7018349220134,0.08508617430925369,0.0010276883840560913,4.3840155601501465
307549670912816,47.805455809752,29.008339682994,57.3762947310251,41.144774663489706,MD,lowlight,2,1339.2279677360502,0.864798903465271,0.8450137972831726,0.9713775515556335
1150240562161074,1.3857279016312,173.14547646453,17.761991159314643,99.1823429141118,KI,lowlight,2,8263.190906504617,0.05103037506341934,0.006617650389671326,5.558132171630859
1926367507521003,-34.006516340223,-62.239283065807,40.43769607859167,-99.38452305147918,AR,lowlight,2,9111.614356169228,0.34402790665626526,0.24282068014144897,3.3196043968200684
174862464516382,18.026136330252,-63.051721834115,26.070746870913,-80.21337868994564,SX,lowlight,2,1979.2832248582415,0.26708829402923584,0.16367372870445251,4.3221755027771
238608201397184,13.394898337011,-15.796480495355,14.21085689177732,101.20389924717523,GM,lowlight,2,12430.856032982814,0.1371191293001175,0.03404289484024048,4.857885837554932
168171301893400,-21.306913177085,47.234054757271,5.529111102689248,-73.44237774209026,MG,lowlight,2,13403.25756517908,0.6086065769195557,0.34957432746887207,1.4764246940612793
143601257800230,6.1813662366503,-10.476370028512,-2.4744637106476413,14.002365260745105,LR,lowlight,2,2883.251161675968,0.20131418108940125,0.011623695492744446,3.7852368354797363
1426576467702919,42.716570546448,19.37002352769,44.68261756863618,20.54980447534725,ME,lowlight,2,238.29420520199068,0.7519768476486206,0.7012662887573242,1.5818980932235718
582527629366762,13.909926027264,-60.995742963827,43.97876572820892,22.10586276335571,LC,lowlight,2,8392.290589252767,0.6677452921867371,0.5364491939544678,1.7302370071411133
789178535042815,10.848339859199,-14.344376628968,13.279274539710338,77.75420354603673,GN,lowlight,2,9955.11903381957,0.418253093957901,0.12786048650741577,2.0973169803619385
770818833619667,46.189989851656,27.550790956761,43.9284456948536,22.24513475208655,RO,lowlight,2,486.573218588444,0.22138053178787231,0.05581781268119812,3.6820755004882812
771812706865289,18.810877831997,-72.868700352417,18.811500955904528,-72.38994509617122,HT,lowlight,2,50.39170169235237,0.28232258558273315,0.025353670120239258,2.3168857097625732
1979924955729830,0.4210184118848502,9.466164114756396,17.444740805459517,78.33754059963657,GA,lowlight,2,7756.114930723655,0.219655379652977,0.010010167956352234,2.644221544265747
1215125515585698,-29.72467996101,27.401763312517,37.023213581311474,-113.52168364027604,LS,lowlight,2,16323.843633290682,0.12685246765613556,0.005250856280326843,4.307021141052246
525797611782911,33.53278970091,10.187082947953,37.0257302107677,-113.4749353334143,TN,lowlight,2,10238.407814104257,0.15637396275997162,0.09803527593612671,5.073607921600342
981736889296495,15.18213389856,106.76109629686,12.082330869052536,78.11107717793811,LA,lowlight,2,3112.850434946173,0.18885700404644012,0.06491412222385406,4.300873279571533
290546622610201,0.90650801653382,111.91071699724,43.97602160323426,22.18556673120348,MY,lowlight,2,9915.562106416408,0.2510828375816345,0.12587052583694458,3.159536600112915
925069178226405,-33.684138890591,120.78000000686,-25.28477011189018,31.75482068981586,AU,lowlight,2,8399.784834045651,0.18552923202514648,0.07536163926124573,4.901747703552246
841753896415038,-6.3002644508667,176.31963764015,56.11554207741724,15.685822598389205,TV,lowlight,2,14218.715372301041,0.41269731521606445,0.3395223021507263,3.9195914268493652
645048966783670,42.89641826045616,17.56617896330491,43.33575240991658,22.004268255260598,BA,lowlight,2,363.48774499853,0.5850175023078918,0.3822706937789917,1.7813408374786377
2157623727878098,42.203008413762,12.652366039877,41.93559062546309,14.585666591897434,IT,lowlight,2,162.3250230289643,0.09459330141544342,0.006348453462123871,4.165189743041992
491154428864902,34.78133892235,10.662689207895,42.01537639746443,14.60384444021366,TN,lowlight,2,874.3732632518289,0.134415403008461,0.00215911865234375,4.042214870452881
5023711767716996,27.43539864879576,89.6844986785493,37.8381320459308,22.297759726949632,BT,lowlight,2,6280.886180024266,0.2874431014060974,0.14817175269126892,2.985060691833496
502661524102239,25.24288508,105.72866675,44.06506465647385,22.0935568357295,CN,lowlight,2,7602.190882847241,0.8190426826477051,0.7933043837547302,1.1750630140304565
768051953908267,24.417738719697,124.24306124209,38.083313476741885,140.23363978329775,JP,lowlight,2,2143.003395471762,0.24205291271209717,0.11439679563045502,3.271346092224121
2634487660183183,15.505396860363,-61.465808232581,17.908009097761884,98.79487024062837,DM,lowlight,2,15716.017271832596,0.5342347025871277,0.4723697900772095,3.030277729034424
777370986311883,69.771194043132,-50.45379669083,56.0406372067915,12.612302300256387,GL,lowlight,2,3339.189645560617,0.08229919523000717,0.032558608800172806,5.2923264503479
214018630224328,-30.195842567793,28.141370668784,40.75108095102852,-111.31717733553253,LS,lowlight,2,16198.792593144393,0.23398196697235107,0.15140493214130402,3.812300443649292
898244168080774,48.39779130109938,69.97859259537432,-25.21377596595379,32.19887581721058,KZ,lowlight,2,9008.140583400362,0.27788010239601135,0.1624872237443924,4.09343147277832
4492529727427156,-28.146082771307,-51.513579498292,-24.028311693258335,-53.697747437472685,BR,lowlight,2,507.1415345032072,0.3991203010082245,0.22585885226726532,3.2786755561828613
285348029668834,24.497433158551,56.506035667282,37.0270070346251,-113.54059474064391,OM,lowlight,2,13094.893301894908,0.20803962647914886,0.07702073454856873,4.028454303741455
171014971604854,50.702549851864,3.6582481425115,51.0561457316538,4.516849946139766,BE,lowlight,2,71.93403362099353,0.125822976231575,0.011186741292476654,4.0083394050598145
4840639372618820,-14.92550912288379,13.489538311090364,42.357008306277756,20.541010001339515,AO,lowlight,2,6410.338044750018,0.3366492688655853,0.13111193478107452,3.0744662284851074
206149904648055,26.21207915528,44.093256403165,25.260464828210626,51.482050626615475,SA,lowlight,2,747.5119343434308,0.17689059674739838,0.10236816853284836,4.263163089752197
204252138180851,-21.559664995251,23.773974999472,39.10789422487965,-113.91740357031757,BW,lowlight,2,15561.797400893834,0.29016029834747314,0.004805386066436768,2.4976816177368164
920871192081755,-20.154762249788,28.582363111001,-25.90699768164671,32.70693552836344,ZW,lowlight,2,766.1712500682477,0.8987181186676025,0.8512762188911438,0.5746893882751465
219966586218279,47.029132462966,15.932431980783,47.28434215960103,8.71769632514375,AT,lowlight,2,546.0626319503809,0.19312728941440582,0.04001949727535248,3.5845985412597656
135549215221893,2.4175748743344,9.8423648123313,17.931678501159297,98.73203822071495,GQ,lowlight,2,9807.415878778349,0.10346132516860962,0.0006069988012313843,4.228620529174805
376262240365585,11.737844217402,-84.258740123025,11.606915290902256,-84.62278239818278,NI,lowlight,2,42.231325009086966,0.659308910369873,0.4884389638900757,1.3918436765670776
171728951493255,49.507376607171,105.95258746284,38.53939570688861,57.00773013851524,MN,lowlight,2,4020.3831763343132,0.07014217227697372,0.02878420799970627,5.544317722320557
253978489850814,48.281270225581,27.973739010266,55.53271010841931,38.269315469858796,MD,lowlight,2,1069.6927317798143,0.08358337730169296,0.03806649520993233,5.296693801879883
300413981460892,28.731055900238,48.000514767945,35.99055169352517,-114.84183401521575,KW,lowlight,2,12597.665483254008,0.2165893167257309,0.002129793167114258,3.5320377349853516
1184530975332530,-14.802947311274,-42.709531402229,-14.061821634151343,-42.491953983183365,BR,lowlight,2,85.67536531443015,0.25903889536857605,0.1851733773946762,4.069593906402588
1266617723756139,-2.7425780868466467,29.42359642013631,11.477549470832074,76.71036688748072,BI,lowlight,2,5461.85155314443,0.8155856728553772,0.7612414956092834,1.0263569355010986
473474263980538,21.715223057868,59.471278053944,37.0245958417584,-113.54461705881445,OM,lowlight,2,13442.577861317897,0.5855305194854736,0.4812479615211487,2.144094944000244
1249815355421012,41.352986665751,46.933972599593,40.66734359034466,46.28208984727667,AZ,lowlight,2,93.83083904991022,0.33855772018432617,0.14250656962394714,2.8456499576568604
228708892356879,48.677696253977,17.636842304644,56.03540914979056,12.635219435606322,SK,lowlight,2,885.2818360328557,0.12856806814670563,0.04966641962528229,4.991091728210449
573918251034517,24.9108887387342,90.79494731880273,9.610206352605482,76.3869431951386,BD,lowlight,2,2283.913583675592,0.0947001650929451,0.023801423609256744,4.169835090637207
2964997383812126,2.6098453233173,9.8422664516346,-0.9973558036335426,15.180448773047985,GQ,lowlight,2,716.2630161301136,0.24577395617961884,0.1770590841770172,3.994821548461914
216212559884926,39.033844678159,125.75376577506,53.034069783143906,44.80449229469125,KP,lowlight,2,6091.634634843085,0.8381083607673645,0.8071241974830627,0.9865808486938477
305136647878220,12.193469016038,-61.616092049056,-6.190323657718679,39.24792100158892,GD,lowlight,2,11328.963687075902,0.1731557697057724,0.06962554901838303,4.6982903480529785
1425023424516398,-16.694601299289,-60.803490901407,-25.10251714329097,31.865036636857266,BO,lowlight,2,9487.807026650626,0.946183979511261,0.9392960667610168,0.46136072278022766
454775888919551,46.828024824521,7.8088947836121,47.29177363057952,8.748252336841814,CH,lowlight,2,87.87550763775647,0.624117374420166,0.6004673838615417,2.3595378398895264
861104217828929,17.113853213721,-25.242018334352,43.3530142596211,21.999662821677273,CV,lowlight,2,5297.075579990044,0.13269604742527008,0.06713753938674927,4.420229434967041
1051007365779921,6.813554100014411,158.2040012,11.59344640372404,76.25984427959604,FM,lowlight,2,8982.802496331678,0.07961587607860565,0.010590694844722748,4.7974114418029785
1334507140366814,-23.48982047010992,35.38536972552172,6.216141269949141,1.1596117329359314,MZ,lowlight,2,4971.385041816933,0.31072938442230225,0.17579954862594604,3.4334142208099365
3912389445490209,49.325970928935,17.226098099604,43.98448165163975,22.406608460902664,CZ,lowlight,2,713.1305301494571,0.20987363159656525,0.10788685828447342,4.5908050537109375
265194928674974,13.23781099507,-59.544998005588,-6.045798878395851,39.27006237880093,BB,lowlight,2,11111.821053232425,0.08106754720211029,0.006091319024562836,5.021126747131348
130827665729646,41.660012138201,21.174396481341,44.032527225807875,22.2641197457069,MK,lowlight,2,278.3614867290008,0.7739228010177612,0.7335453033447266,1.1938621997833252
382514279656400,17.169493550421,-62.549673737704,15.61924476268892,-61.182108406742984,KN,lowlight,2,225.82093740724247,0.2528532147407532,0.13682353496551514,3.9913439750671387
490566595325309,32.35061764629,15.101938149737,41.03646979907547,16.874790182410973,LY,lowlight,2,978.6065803995477,0.30433374643325806,0.10274586081504822,2.696784734725952
177150824328343,-14.845732355681,35.25013351485,17.87117242241803,98.97950622376193,MW,lowlight,2,7874.630241017884,0.6529338359832764,0.49572888016700745,1.7529841661453247
337754307681723,22.908438446718,90.804919962877,53.08962548113221,44.72991194887584,BD,lowlight,2,5111.900579550871,0.24088378250598907,0.14927062392234802,3.8797082901000977
288297272916728,-17.786629070676,177.44305087069,-28.746130082013963,31.968835224550553,FJ,lowlight,2,13648.601548400347,0.16209720075130463,0.06454334408044815,4.243971824645996
485752159242168,60.005211059817,20.384442671458,56.03639223565417,12.655021289130907,AX,lowlight,2,633.2496266341116,0.11753178387880325,5.266815423965454e-05,4.19854736328125
495377298477425,41.941602973878,34.631294266421,41.87282242490888,34.90284160528625,TR,lowlight,2,23.73752282210811,0.3240080773830414,0.2119097262620926,3.54042387008667
2890584101196635,41.681667019865,21.147788358398,43.31700414691435,22.024748927309798,MK,lowlight,2,195.5348388952794,0.2644811272621155,0.18499144911766052,3.2605130672454834
401731674144754,23.355590466277,121.32187991241,24.754177322709094,120.93679832557368,TW,lowlight,2,160.35548069561918,0.18883027136325836,0.10790253430604935,4.479928493499756
1169142930166538,20.834467782196,-75.727264614924,17.451398186096768,-97.29099880869799,CU,lowlight,2,2294.33295066308,0.18489699065685272,0.0305025577545166,3.5595450401306152
306207777612908,-13.800621344179,-171.85935966246,16.272195012119695,73.77749396974508,WS,lowlight,2,12991.313028597047,0.34880954027175903,0.2169259786605835,3.13211727142334
2665542867084280,15.44922162275011,-15.809327283661323,-25.247757817350333,31.984039528722402,SN,lowlight,2,6875.447100741899,0.15488341450691223,0.02080744504928589,4.672586441040039
473236960624282,-11.390300678508,43.342774487865,-2.4850737297546135,11.49483483088312,KM,lowlight,2,3647.9634164045015,0.2253517061471939,0.04371406137943268,3.61942458152771
175640891118270,58.3416314331,22.123379209424,57.0783760353658,24.312319219344744,EE,lowlight,2,191.3905010843518,0.2369937151670456,0.0404939204454422,2.9604880809783936
940728323368212,5.5203195797668,16.760305199775,-25.241138772143284,31.81246493370966,CF,lowlight,2,3787.7286099631847,0.42420336604118347,0.3289593458175659,3.6624345779418945
159670792680757,4.8671591384211,31.498747958114,13.279945289412609,77.72911643959857,SS,lowlight,2,5153.239589971222,0.35535314679145813,0.290881484746933,3.846705675125122
490425192372401,-42.289566526657,-73.549884623054,44.328654089713154,20.778371999991496,CL,lowlight,2,13418.140826132927,0.31405285000801086,0.2691916227340698,4.161811828613281
140927168065220,14.884255893398,-24.355900858541,42.83334071567167,18.09804135696807,CV,lowlight,2,5089.3053646486605,0.4804891347885132,0.4149877429008484,2.5859591960906982
2148319455305366,12.658976107053,-1.5012029355804,-25.23678408435017,32.08375855779284,BF,lowlight,2,5567.957423179253,0.9835745096206665,0.9821397066116333,0.1595388501882553
950272148968894,-12.972416512525884,45.15611771647966,11.473107015332785,76.34175808966906,YT,lowlight,2,4384.91818558262,0.6378005743026733,0.4831257164478302,1.5904431343078613
153355823412892,49.184810534933,-2.0480987436129,43.63674023829449,-81.51063621642956,JE,lowlight,2,5837.5833485505,0.1880342662334442,0.09692246466875076,4.220885276794434
363513025083758,47.047992478928,8.7799077721095,44.07272738082646,20.77084701928739,CH,lowlight,2,989.2026247194757,0.20611146092414856,0.09023024886846542,4.097572326660156
512297363276315,31.456330474142,35.250774430442,41.42604909665521,27.794109945447087,PS,lowlight,2,1292.5485805365904,0.2946698069572449,0.17940831184387207,2.855271577835083
456622292570371,17.562683786778276,52.54996407813734,-23.424775298709378,-47.41576861332959,YE,lowlight,2,11758.284164153094,0.5592101216316223,0.411998450756073,1.9497634172439575
4527359417278295,12.574854908472,-70.042613806787,-0.9932498004986158,-80.64135077629811,AW,lowlight,2,1909.004659702962,0.26609086990356445,0.13044056296348572,3.380241870880127
537629581307027,13.181351944444442,-59.52259444444445,44.055630843658484,22.30953148861725,BB,lowlight,2,8345.163714403388,0.158516526222229,0.05521132051944733,4.714503288269043
795129897807041,35.163207188355,-6.1437231591152,5.398744760803955,100.48009560988899,MA,lowlight,2,11151.914451424893,0.07355285435914993,0.020983193069696426,5.241057395935059
351777130251541,39.481253041447,46.278721306968,24.825787439681722,120.96947007605118,AM,lowlight,2,7020.133115750559,0.14386409521102905,0.06230063736438751,4.1303606033325195
808281843784947,-9.017975593206083,125.18936083216094,34.527837502936464,-112.46422632941051,TL,lowlight,2,13522.798530033895,0.18791607022285461,0.03692126274108887,4.240305423736572
571640328046013,9.496515810605342,138.0909467705742,27.88920725067088,-82.55120343912853,FM,lowlight,2,13983.120437503874,0.2286638617515564,0.1397521048784256,4.32089376449585
1596718320725210,6.820059002595853,158.1889075956807,43.995237663623,22.172003552006625,FM,lowlight,2,12849.933941138275,0.6001579165458679,0.550478994846344,2.650071620941162
909068383276012,51.71872582063,71.017642467242,63.8860391880603,19.89330557460243,KZ,lowlight,2,3206.517300976538,0.634213924407959,0.4938732087612152,1.8169808387756348
201271568510246,11.498181689874,104.89298318393,25.000458144007627,121.21724898402329,KH,lowlight,2,2281.582533481475,0.1720300018787384,0.0626097247004509,4.025013446807861
865101847550557,14.337966085705,-11.307015681085,18.453193860638965,73.90467044856112,ML,lowlight,2,9015.383473867438,0.3759952485561371,0.2728067636489868,2.9885318279266357
273645621106204,11.400246031697,15.323762439617,39.38577371909054,-112.53168455772139,TD,lowlight,2,12214.4961758865,0.2843664884567261,0.12025266885757446,3.2034223079681396
816784312848146,47.27419583333333,110.70045194444444,39.49725996251165,36.045988978477745,MN,lowlight,2,5861.508591637573,0.0853503942489624,0.017313770949840546,4.96720552444458
205051911255970,15.898719949045,108.34769045302,-6.712432576986416,106.75219153886621,VN,lowlight,2,2520.3746181030315,0.10630074143409729,0.019925646483898163,4.407559394836426
1197452254025430,60.290261118231,20.017018951216,56.1839279355387,15.39044767563669,AX,lowlight,2,530.5834429822285,0.6001993417739868,0.5216330885887146,2.31475567817688
524857088520171,40.969687102424,47.506671390525,13.339497870659757,77.74003739844159,AZ,lowlight,2,4245.875553017302,0.3558659255504608,0.26424893736839294,3.8063125610351562
585468982429325,56.863557681775,25.533807915732,56.656440329528,24.881037668216965,LV,lowlight,2,45.97161117488892,0.20810407400131226,0.09702915698289871,3.2879621982574463
223293895846479,40.460441929706,49.654367032421,39.83576047545236,32.698889423913506,AZ,lowlight,2,1440.5913954915336,0.42427119612693787,0.38418757915496826,3.697044849395752
983815092358003,45.845665401276,-1.1566237774946,44.03951552598427,22.628251899899748,FR,lowlight,2,1875.71363236868,0.44896194338798523,0.33802518248558044,2.939734935760498
495004361712254,16.705985016912,-62.221856779895,36.015281967239545,-114.84774712197026,MS,lowlight,2,5588.735854428082,0.07993335276842117,0.004463851451873779,4.656303882598877
1116467962190839,49.234789455854,-2.1566386309068,-37.76477613044241,175.41898268039026,JE,lowlight,2,18724.9606778529,0.08993719518184662,0.02392706274986267,4.735367774963379
799261197806429,13.04112461881004,7.584578150427974,12.2607605807199,-8.218572392805136,NG,lowlight,2,1716.4856995078821,0.6097860932350159,0.5641512274742126,2.4529008865356445
375892980333603,53.800018986142,19.066495869964,54.999648602630415,23.75054928337685,PL,lowlight,2,331.1563139981565,0.1037059873342514,0.039343804121017456,4.4354143142700195
216735996617694,-51.729168266578,-59.221494505424,64.24068523783522,-20.796980154537476,FK,lowlight,2,13315.431114921239,0.3932105600833893,0.30392536520957947,3.5284087657928467
122836676470530,19.317250203375,-81.382868299519,17.336182549105136,-88.5732145688046,KY,lowlight,2,790.2027071331482,0.7897375226020813,0.7754478454589844,1.6952800750732422
864991334054817,22.630694715979,75.815649968185,55.34145428695465,23.782640338080753,IN,lowlight,2,5587.600172601331,0.20219026505947113,0.14298851788043976,5.016585350036621
303472461226103,30.448379399773,-91.249052345819,39.65723646642773,-83.97746753759034,US,lowlight,2,1218.2448422647665,0.199285089969635,0.12490144371986389,4.738973617553711
751120052245249,18.306901319254,-66.036105758042,24.890705908397596,121.23936214092281,PR,lowlight,2,15147.540946773817,0.1796370893716812,0.07689803093671799,4.307794094085693
618094669584037,1.0592725919843,104.01250864856,17.873339761153105,99.0614005490967,SG,lowlight,2,1946.3147444316353,0.2516099214553833,0.14122453331947327,3.826695203781128
204293011757830,15.079993126144066,39.21687884094408,-25.840678177592473,32.72929734909292,ER,lowlight,2,4604.0357265617395,0.711486279964447,0.6896320581436157,2.0831785202026367
2928508607437195,37.840107608369,68.802462308142,45.30467056884248,19.80462730909601,TJ,lowlight,2,4094.4166668607636,0.2946995198726654,0.06382159888744354,3.2924771308898926
1371451869918489,3.6333328691599,72.957712473483,1.286237490726303,103.85102262253947,MV,lowlight,2,3441.6026106246977,0.6151344180107117,0.53094083070755,2.2109487056732178
215955796651386,14.063525259413,-83.397823687399,18.585612100418505,99.41614542364127,NI,lowlight,2,16371.596843813564,0.09288791567087173,0.012649782001972198,4.923433780670166
137850255541406,24.545211603122045,88.5941532347436,-6.362752777174672,106.81052965850522,BD,lowlight,2,3963.0766934884555,0.5074576735496521,0.37385883927345276,2.221436023712158
300676795037037,47.54022479277,18.649560765963,39.192993900621964,-84.19938128382809,HU,lowlight,2,7730.39908085131,0.05625803768634796,0.002674039453268051,5.567319393157959
758419548202670,56.459896994613,24.509987996003,55.99981791496831,26.554907367563725,LV,lowlight,2,136.3486373403704,0.45798173546791077,0.4063440263271332,2.9988272190093994
234036278489604,30.859288137504,35.983036655163,41.01229153935868,-111.90466327938867,JO,lowlight,2,11368.836382938021,0.22211557626724243,0.0826214849948883,3.2694592475891113
1877580812408950,8.2904185166376,-13.160532748623,13.619339053401127,79.2684291550528,SL,lowlight,2,10050.904540056637,0.2335171401500702,0.0943184494972229,3.2434914112091064
508516997178857,-20.44017415751,57.716929198138,-28.37637381939568,32.33560019462054,MU,lowlight,2,2710.702848114152,0.32076436281204224,0.21392765641212463,3.730203628540039
2476936639119646,-17.187994442004,145.88923082343,-17.40773101212138,145.7368420971241,AU,lowlight,2,29.304314670747587,0.7124860286712646,0.6434537768363953,1.6972935199737549
170299241727097,29.609911657314345,104.99307446089506,47.70577774450071,5.984191021150081,CN,lowlight,2,8240.157484268442,0.18316078186035156,0.04438699781894684,4.487167835235596
297845861929140,19.00823988924,101.48346297652,17.913010193426683,98.8976172762078,LA,lowlight,2,298.6845678287166,0.7592605948448181,0.6099525094032288,1.1694824695587158
322702535907825,20.283683791944,105.67522750563,43.9314825936892,22.16339039090438,VN,lowlight,2,7953.497282908416,0.26314258575439453,0.19005157053470612,4.264902591705322
787272635685450,4.323621691762423,18.511948154254057,17.861852214203765,99.0800350082342,CF,lowlight,2,8863.180062369502,0.21629981696605682,0.11995915323495865,3.969325304031372
173788081866624,59.75612769558473,-127.47179840177547,37.023051963113076,-113.48084259787836,CA,lowlight,2,2717.7531279012273,0.7256488800048828,0.7112480998039246,2.001365900039673
233747548461554,9.3263006266193,2.619361832951,7.473863807300992,38.67704494232723,BJ,lowlight,2,3970.127291854059,0.19629380106925964,0.07718130201101303,3.7805685997009277
765041667535640,-33.099247370966,-56.459447149244,44.32627395818225,20.796974438013695,UY,lowlight,2,11613.303823413704,0.33459770679473877,0.3034156262874603,4.520716190338135
296876208707767,35.337232736933,0.33737085013529,35.77196127843802,-0.025862128285335625,DZ,lowlight,2,58.45040067571662,0.41303354501724243,0.18074382841587067,2.4266910552978516
5220870694689924,13.010537169214352,-15.781125774925767,-25.12822322154931,31.93620404354535,SN,lowlight,2,6687.291459022017,0.3195537030696869,0.21253255009651184,4.032339096069336
490774565689974,13.06406278563,-1.087121270677,6.200545212733232,1.1580812142406296,BF,lowlight,2,801.8479540996682,0.1200307086110115,0.02383667230606079,4.3739118576049805
218599310068075,-21.24302439442,55.333436310069,43.22156552769946,140.8578991517183,RE,lowlight,2,11258.728392208222,0.14532986283302307,0.07639959454536438,4.805710792541504
174969884519406,46.737187807587,8.3987859932934,40.37779089323579,-111.64624032809955,CH,lowlight,2,8657.269381335644,0.06412872672080994,0.018724679946899414,4.773304462432861
581849006299222,-16.292466257509595,167.67474403169504,17.746764647174306,99.20665396966955,VU,lowlight,2,8397.684690284597,0.3160112202167511,0.10198433697223663,2.715353012084961
514194699740537,49.025633194136,19.779030185528,42.99672524131422,19.447280186656165,SK,lowlight,2,670.8714514080516,0.27596092224121094,0.22179287672042847,3.9354679584503174
1636152166570934,13.748349438255,109.21278035386,-7.543245171042089,112.77157810489776,VN,lowlight,2,2399.8868239175918,0.5191040635108948,0.33032625913619995,2.3573834896087646
810831549638249,38.371680067627,71.17919493021,39.620522588830276,68.54624862204658,AF,lowlight,2,266.54684928839885,0.5615370273590088,0.2574402689933777,1.4316693544387817
126986893262506,9.535228699145444,138.11777436553538,-8.654785231977842,116.06019921891402,FM,lowlight,2,3171.0643925571,0.5367730855941772,0.43256303668022156,2.5710318088531494
355702972637605,13.535688328213,-8.1000075739741,-25.195412967178918,32.07080445082441,ML,lowlight,2,6123.429989060553,0.8417775630950928,0.8199286460876465,1.2058603763580322
939211946839909,40.900998111452,76.418995914539,40.98291186458661,-111.86627561952959,KG,lowlight,2,10871.702446788391,0.2846873700618744,0.2275068759918213,4.599791526794434
211629123827045,6.1356720399309,-3.8436536027728,0.7892528696239168,12.223845339531914,CI,lowlight,2,1879.2004875452537,0.12330227345228195,0.011959142982959747,4.231632232666016
696540331416062,44.87397500000002,15.571799722222226,44.05656427496515,22.29583166103356,HR,lowlight,2,541.1196347951324,0.3780193328857422,0.19515016674995422,2.741621255874634
942512046483923,57.98102591119,22.153417844629,56.17760591084868,15.425256457819673,EE,lowlight,2,453.08695378873676,0.19398713111877441,0.00495360791683197,3.7520036697387695
1794577467377638,2.2867934802243,111.96866392671,45.34002530021016,20.10707356018323,MY,lowlight,2,9972.082370065304,0.23437412083148956,0.0316288024187088,4.0298237800598145
569520134014537,45.631513310144,14.917895762855,44.0352850303384,22.34048288792817,SI,lowlight,2,611.3614492791719,0.6050360798835754,0.532027006149292,2.318004608154297
759618951395520,13.918783401918,-90.820453412238,16.901624979682932,100.49978830979892,GT,lowlight,2,16369.576775032463,0.23611554503440857,0.16184937953948975,4.304130554199219
317414069756073,8.849591446096811,17.846700004099304,43.99901200052751,22.217785349275047,TD,lowlight,2,3931.2581972665807,0.7467641830444336,0.5990740656852722,1.0767656564712524
310132177165029,32.35614104026,15.078246874263,35.95414906614065,0.543690203053451,LY,lowlight,2,1394.3820634618291,0.19426293671131134,0.10628828406333923,3.9268791675567627
378106816842746,47.677672060857,2.1491709666626,56.268299723978,10.190600563758519,FR,lowlight,2,1101.0099484189807,0.16480064392089844,0.03917078673839569,4.389298439025879
974285533334788,1.987119011826,-157.37182088346,37.02631555852666,-113.47493234698612,KI,lowlight,2,5940.996659210673,0.058696527034044266,0.003014061599969864,5.414516448974609
186014066630410,-0.26584500006505,29.929660585315,66.42826645076036,23.409489070814747,UG,lowlight,2,7433.978791922684,0.4148164689540863,0.33761101961135864,3.61568284034729
2045346162308378,6.372858133743794,2.3062901826009594,66.40622326699207,23.56284720958063,BJ,lowlight,2,6872.694523529679,0.19876500964164734,0.10889580845832825,4.648879528045654
1172091903236601,49.476195621557,-2.5778975923381,55.52200727393412,9.762844539951411,GG,lowlight,2,1069.648542485071,0.39973920583724976,0.3154250979423523,3.2804183959960938
1148818178927460,38.977689066483,-8.2445481523452,43.99991808173167,22.372756769047825,PT,lowlight,2,2594.7993796412493,0.1327022761106491,0.024794891476631165,4.392214298248291
1222613584876307,17.370666616194,-62.748620435823,57.44265534231607,40.96350832609828,KN,lowlight,2,9177.670120386869,0.12623025476932526,0.0054328665137290955,3.8823928833007812
2874363389509925,1.1429664809873,33.846541381524,-25.103909988890507,32.10373638372707,UG,lowlight,2,2924.5470893769407,0.9536707401275635,0.9364732503890991,0.32881319522857666
472676697278023,-11.651270507603,43.263829479505,-12.81661146056725,45.20911791849125,KM,lowlight,2,247.9444549155378,0.3249778747558594,0.05445697903633118,2.646393060684204
229441082274343,16.133435457207,-61.769410665445,4.494339524062405,-74.77069357653976,GP,lowlight,2,1920.9421445218638,0.2470998466014862,0.1519467830657959,4.251776695251465
588131552889375,-30.701177534770288,-55.134334723553735,17.36063550461902,101.20362562116752,BR,lowlight,2,17200.935761148743,0.4456840753555298,0.37959277629852295,3.292764186859131
282418593597680,-15.111719223373,167.09145508574,11.569166002376711,76.57860964459847,VU,lowlight,2,10394.817630134845,0.414725661277771,0.26841336488723755,3.1905276775360107
979772486214909,34.1336148881033,136.00098041765338,35.14976111816129,135.53488618674237,JP,lowlight,2,120.7676235033532,0.544644296169281,0.4611162543296814,2.2018485069274902
3774979212627875,-14.866355003204,34.792262380462,13.277986785652732,77.71500929380356,MW,lowlight,2,5666.074433547272,0.2419549524784088,0.055808261036872864,3.3430867195129395
426972879607348,-17.525550986516745,-149.84053510202472,1.381111526161761,103.76976525253586,PF,lowlight,2,11790.732071781194,0.7849512100219727,0.6591640114784241,1.017715573310852
1689362237932062,13.800606381009,-88.316570230116,-7.011623932091327,110.42690935902952,SV,lowlight,2,17832.129815382978,0.5004498958587646,0.43887874484062195,3.1730055809020996
1166613090443646,50.253231893566,106.33993531955,40.22007361348843,-111.69056442606242,MN,lowlight,2,9293.011849932047,0.11496888101100922,0.0059019774198532104,4.681981563568115
420134173638637,-10.810393821363714,31.731146261210167,-25.034531728909403,31.77733420848531,ZM,lowlight,2,1581.659468990434,0.32831883430480957,0.004153519868850708,2.8843469619750977
474713760445897,34.526350993866,69.196344342811,44.06337248552768,22.478547892086155,AF,lowlight,2,4099.241148394339,0.35654130578041077,0.22130805253982544,2.964897394180298
506851794060092,43.177582319251,19.311856309232,44.022902736119825,22.27768304273795,ME,lowlight,2,256.6324160498319,0.47768667340278625,0.3407719135284424,2.426182985305786
2995572500661892,38.898518256485,16.523049856494,44.652410548811126,20.580186130175502,IT,lowlight,2,722.6304912819769,0.07443693280220032,0.008324861526489258,4.989443778991699
115961117883320,28.43217928695932,36.51346701072073,33.43142630099092,10.448700049795466,SA,lowlight,2,2540.251105190061,0.19201868772506714,0.03909847140312195,4.1143035888671875
1007571866714652,55.571514078836,10.350650482308,51.34477493252281,22.569837480475798,DK,lowlight,2,933.7232937909187,0.08766315132379532,0.011075444519519806,4.368112087249756
1174895919599539,20.052558993471,103.35914721659,17.7808298238755,99.05817866073765,LA,lowlight,2,518.115114858336,0.44143086671829224,0.3043312430381775,2.181912899017334
912812452874701,-11.627287351809,43.262280127651,4.293322020918624,-75.8325682995884,KM,lowlight,2,13270.287496349058,0.30640020966529846,0.2591431140899658,4.485571384429932
173416451344450,35.019561811666,33.986374163354,13.231464199759357,77.68330188737922,CY,lowlight,2,4998.085828370819,0.12585212290287018,0.01724693924188614,4.260152816772461
1449896788674967,-5.4217682185916,141.29314063475,-7.6454278276023135,110.88624159831159,PG,lowlight,2,3367.478393745799,0.2277703434228897,0.04341724514961243,3.7174248695373535
232511111978904,-34.065025583843,-55.656389079107,37.08328567778481,36.22543520606049,UY,lowlight,2,12350.010565383147,0.16569706797599792,0.02061118185520172,4.160801410675049
1109815899545804,24.996104447036725,51.03225264110503,45.329938437313366,19.83762037664616,QA,lowlight,2,3588.0818414532296,0.2334948480129242,0.17219071090221405,4.629800796508789
736517197023313,6.5599786208778,-4.9915528001493,13.590244096638422,78.2751808805918,CI,lowlight,2,9112.259025324141,0.1937723159790039,0.015468806028366089,3.425396680831909
456214902348496,19.610685333333,37.215206138889,13.289445724447466,-8.495297910986674,SD,lowlight,2,4911.107548305889,0.4392493665218353,0.31482720375061035,2.998777151107788
345208620288312,19.224700165467,-69.390303678979,44.01909897794001,22.273331096022186,DO,lowlight,2,8665.470634799673,0.27487483620643616,0.2238587886095047,4.340602397918701
1468811220266965,7.362390601198927,134.50483736055023,37.09303315037016,140.83067701161707,PW,lowlight,2,3367.2578398910555,0.25062665343284607,0.16142559051513672,4.186648845672607
308427384185327,35.884648502247,14.544820145722,35.9242082046035,14.422229259830644,MT,lowlight,2,11.885428809906848,0.9363763332366943,0.9245702028274536,0.46725499629974365
395740224747116,6.5139480425193,2.6483266181429,6.189682236846112,1.148819408401171,BJ,lowlight,2,169.5910837522226,0.44328516721725464,0.295465886592865,2.365567922592163
1432327937141676,13.459201505715,-14.688767601582,4.254918115259979,-75.83339324502626,GM,lowlight,2,6779.161423809501,0.19759708642959595,0.1506831794977188,4.758430004119873
1797066053813454,45.212729270223,20.36112097384,47.764868413477636,5.708683458571666,RS,lowlight,2,1155.1386579143843,0.239054337143898,0.16760849952697754,4.2981085777282715
4182076221831792,70.667211583155,25.389289533957,67.56867332988271,24.038613287330563,NO,lowlight,2,348.65409199545763,0.5833550095558167,0.5439010262489319,2.4052233695983887
3450481218541153,25.63903018538021,51.51003081357617,45.29726664772032,19.838791645877716,QA,lowlight,2,3567.5519991292413,0.6684595346450806,0.6429151892662048,2.3358819484710693
881754115706919,18.443691037533,-64.642920411564,42.698817078626185,21.199771256534934,VG,lowlight,2,8298.232662110066,0.16802242398262024,0.0172787606716156,3.8373355865478516
512504643106571,-51.848040759038,-58.223206369416,56.04633809314396,12.647892853330237,FK,lowlight,2,13635.945704970243,0.11337192356586456,0.0640430748462677,5.3168044090271
172855664661959,10.37149331328,-12.099479736597,15.625317334689873,79.5914560433367,GN,lowlight,2,9876.693635847983,0.438231498003006,0.26189205050468445,2.5150372982025146
833358057538383,78.076451987378,14.16217603674,22.513159640158477,59.49515223851966,SJ,lowlight,2,6606.713817262396,0.1994948834180832,0.024714350700378418,4.153693199157715
214810390166469,3.5846135120697,23.723674547511,44.04092846793673,22.13976953693372,CD,lowlight,2,4501.227782357721,0.08836975693702698,0.012973450124263763,5.244620323181152
562840304708452,46.225408646208,15.611350197474,47.165703620943006,15.387557639336,SI,lowlight,2,105.93980246111744,0.14058518409729004,0.04387380927801132,4.057032108306885
817268602327565,-5.9419482354293,29.161401435445,13.061005423290757,102.82980969393802,CD,lowlight,2,8403.933731000048,0.09497634321451187,0.018906883895397186,4.65515661239624
1034524170413490,21.467073188908,-71.131572461898,-8.005775943694204,-34.89630461887908,TC,lowlight,2,5135.322503763221,0.16953909397125244,0.01599624752998352,3.436717987060547
1856356164529190,14.123830049658,99.400519963042,40.70808139273707,-111.34175561042085,TH,lowlight,2,13144.128396681917,0.16547462344169617,0.045024387538433075,4.5098772048950195
478137076746783,18.362805634492,-88.435381772096,57.41037094229985,41.07732342586528,BZ,lowlight,2,10388.8503615453,0.2070322036743164,0.15672308206558228,4.682869911193848
498318618261034,41.404988775836,21.780395818511,42.772722256838065,22.199409795547144,MK,lowlight,2,155.96532530242803,0.3682045340538025,0.06380227208137512,2.3638343811035156
2934584883419749,40.95347805494,47.883005000971,44.58577259760302,4.735987320298917,AZ,lowlight,2,3503.7619743232963,0.12540891766548157,0.03300853073596954,4.935119152069092
928316151288980,7.1879551740757,2.0018755441177,12.27903703111378,-8.117552184076331,BJ,lowlight,2,1244.7686643356733,0.1795739084482193,0.057177022099494934,4.536962985992432
684315855630498,-29.405735807316,27.816853497845,-29.48741444136285,30.76743848682394,LS,lowlight,2,285.84223706304135,0.526130199432373,0.31026896834373474,1.568861484527588
186849946625100,14.753512333683,-61.142985518229,17.502765585146026,97.42148873194779,MQ,lowlight,2,15726.595824720443,0.2670401632785797,0.12865868210792542,3.651459217071533
963176671141156,18.09268978577508,-15.935383158508005,36.63006715531775,2.876803027331387,MR,lowlight,2,2763.8641138084763,0.11926568299531937,0.01119910180568695,5.086679458618164
300283158416232,38.131370007974,13.274583161259,42.83832785869703,18.512145434929874,IT,lowlight,2,685.372181816076,0.19249218702316284,0.000993683934211731,3.1159231662750244
1247260492372230,-2.4010827279028115,29.579609392792413,17.89846371069152,98.9533052559172,RW,lowlight,2,7918.513247600925,0.5348811745643616,0.4061978757381439,2.2792181968688965
4176262119093022,14.688978023377,-91.548589043217,40.24246749752674,-111.6462491847365,GT,lowlight,2,3446.3611927193056,0.1929967701435089,0.08663173764944077,3.941663980484009
2762253127421121,2.0297128301047,45.335734728401,26.831283653278028,68.11141312398595,SO,lowlight,2,3674.5625557073918,0.08655432611703873,0.008007131516933441,4.821807384490967
225659908904821,25.948880833757,50.588428667013,35.98343362628113,-114.85683560316286,BH,lowlight,2,12961.088213088431,0.3719737231731415,0.18084323406219482,2.8819684982299805
149923280750483,7.361847187159381,134.51969303436232,56.18852604291666,15.391083367011417,PW,lowlight,2,11045.330641488,0.19343240559101105,0.05872899293899536,4.069325923919678
190898982868748,55.795733000622,26.378530002305,44.65182328113445,21.428675456994572,LT,lowlight,2,1287.3818197988946,0.24731729924678802,0.11574114859104156,3.3943231105804443
186306836702993,38.679684725081,-3.0625683543611,43.59940093375936,21.384459929229603,ES,lowlight,2,2110.510183466735,0.16668854653835297,0.05746074020862579,4.183779716491699
1146877169153705,18.59342674547,-68.388033766711,-23.2336940256149,-45.92870180933877,DO,lowlight,2,5251.360677114444,0.045919615775346756,0.013137567788362503,5.456467628479004
950737242436239,10.385183082561,-0.78958324298512,6.925715295634137,0.44700356841965755,GH,lowlight,2,407.980010748631,0.18288367986679077,0.09773228317499161,4.108598232269287
301977051516569,58.706895821146,13.896556360307,58.4677471959646,13.842776314566079,SE,lowlight,2,26.77414514619301,0.5368927121162415,0.43599191308021545,2.207423210144043
898624280682585,49.458533172147,-2.5981886348273,51.89057310520455,-8.508392823333423,GG,lowlight,2,496.3353737840178,0.6217666268348694,0.5663774013519287,2.2411437034606934
469891447444920,16.804499980025383,53.27984729115688,40.70925244325544,-111.41366879600713,YE,lowlight,2,13427.255761443925,0.22817710041999817,0.13686999678611755,4.158957481384277
530606458102780,11.557031237126,43.092310521315,7.470359782198597,38.28880371090261,DJ,lowlight,2,695.5999704562258,0.3234836161136627,0.20822182297706604,3.7930166721343994
310840073886034,-0.84581588834853,-80.17844601219,14.563372420706663,-90.44906799044071,EC,lowlight,2,2052.638838753575,0.40228143334388733,0.2378225177526474,2.660562515258789
477881999969065,24.946444828187,56.186213387143,36.54537836533431,36.164447945813905,AE,lowlight,2,2299.7430567946403,0.25025129318237305,0.039965465664863586,3.615424633026123
494687355014866,15.351932577531,-61.256287052693,43.95490213839092,22.20740397611504,DM,lowlight,2,8313.469210887268,0.23831318318843842,0.1697356402873993,4.180793285369873
1443285099355563,16.555627302292,96.198597103646,56.11019852552322,15.576319913529227,MM,lowlight,2,7907.916840279264,0.10756280273199081,0.0032134652137756348,4.727400779724121
4104851466266998,50.070544187764,5.8458119238789,49.86929651253987,9.412516552496959,LU,lowlight,2,256.0436007593025,0.1851842999458313,0.08881169557571411,4.67836332321167
1896496400517870,13.223609624878,-61.268552428199,5.1800705630557236,-74.65315557706926,VC,lowlight,2,1718.7973734040575,0.319123238325119,0.23292171955108643,3.2281761169433594
1077942902611364,51.861118010498,-1.6602529488605,52.67756307969801,-2.144172540875294,GB,lowlight,2,96.5713119018446,0.16327381134033203,0.08288758248090744,4.355637550354004
1365414380506403,21.476737171908,-71.132920671407,-8.021590464680344,-34.893295018058055,TC,lowlight,2,5137.454980152624,0.47976261377334595,0.32727187871932983,2.60124135017395
275646330919906,47.355981665822,13.66278897535,61.32318116922023,16.847611950386074,AT,lowlight,2,1566.2795921787404,0.6593985557556152,0.5518103241920471,2.0047965049743652
4085345498214305,54.3204660444997,-4.449369579381132,44.03735513342211,22.304744388079097,IM,lowlight,2,2235.8172944328785,0.3234962821006775,0.2897074222564697,4.223674297332764
319387202956018,36.746376386627,71.926086394726,42.93255123936424,18.442747223966133,TJ,lowlight,2,4540.519890105136,0.25662514567375183,0.16553471982479095,3.231036424636841
192500316060760,8.5018456161549,-10.886196315338,5.21911475192377,-74.74943219309542,SL,lowlight,2,7052.91062251547,0.3177309036254883,0.14466485381126404,2.9901082515716553
469096650835409,78.165866991509,14.615773975551,56.09756485901643,15.530038228712636,SJ,lowlight,2,2454.130168004849,0.2796629071235657,0.171012744307518,4.063198089599609
204485121341585,12.133472243206,-68.277416893276,1.384014787624388,103.88662900225671,BQ,lowlight,2,18280.678092643087,0.1047484427690506,0.01856401562690735,4.410336971282959
142251097914946,62.221882069575,-7.0387447331054,58.116192306067056,-5.670943756500565,FO,lowlight,2,462.73142647552385,0.6846606135368347,0.4440891444683075,0.9193133115768433
5522870664422058,42.480681608263,24.806056880296,46.90159936397781,29.233717737874652,BG,lowlight,2,603.2310628644349,0.43310534954071045,0.18878044188022614,2.3703064918518066
911536296350418,13.531493241774,2.048401634304,-25.191747769816967,32.09096896381829,NE,lowlight,2,5398.3720033369555,0.9681686162948608,0.9622355699539185,0.26696890592575073
217953836457406,10.205301098661,-14.000220074778,13.316257870880335,77.74360819959547,GN,lowlight,2,9933.23039060837,0.0963684618473053,0.033040329813957214,4.721508979797363
2915873148627226,47.806436500583,28.717659500757,57.42778617219111,41.06689254152111,MD,lowlight,2,1351.9983514820624,0.20153892040252686,0.10374253988265991,4.1015472412109375
1383220612042284,40.713663160769,75.04503308282,40.69294906440186,-111.3369080276234,KG,lowlight,2,10940.14290689557,0.5049799680709839,0.34914010763168335,2.688183307647705
966259830868758,43.623138586006,18.908434254799,44.667762480481,20.541165513937376,BA,lowlight,2,174.53382160071612,0.31134694814682007,0.12306150794029236,3.6147773265838623
216904886576725,-17.609749712456,168.24322430001,6.443517035863897,101.7713553509064,VU,lowlight,2,7769.282631998404,0.34577274322509766,0.1645217090845108,2.9937877655029297
1083924499211873,-15.604998425967928,-54.3918257160871,34.619917925483875,-120.20084082709856,BR,lowlight,2,8906.48771848151,0.08340849727392197,0.009807631373405457,4.845554351806641
515495726108152,-21.626125276138,46.991186348236,5.524841952021355,-73.42788882139463,MG,lowlight,2,13372.684099775484,0.08066661655902863,0.008162662386894226,5.062861919403076
995843031248300,0.35769064003091,6.56005755347,11.528073907981675,76.75235691372158,ST,lowlight,2,7842.873272229771,0.33776238560676575,0.1898840218782425,3.797255039215088
868028680411287,33.75473452141,35.539565617947,41.43234316289082,19.79169038423929,LB,lowlight,2,1625.2375764032424,0.7135000824928284,0.6513844728469849,1.621422529220581
497044088003103,39.80104505168,3.0309963190024,32.05316574981148,-8.766747446558776,ES,lowlight,2,1365.6030243532439,0.2588566839694977,0.1483328938484192,4.076973915100098
763955694314654,46.724388793399,10.079801957807,43.04618203561304,19.47527275392172,CH,lowlight,2,844.8865931514833,0.9160603880882263,0.9090120792388916,0.670276939868927
933520784110620,12.510164810275,-70.009077685586,51.222628163948116,22.590843584932895,AW,lowlight,2,9105.373626716762,0.6074243187904358,0.5633443593978882,2.5172133445739746
4220821467968709,8.70139122196,80.590505170341,13.326233945546514,77.75553289663374,LK,lowlight,2,600.1246607386946,0.5773693919181824,0.3341153860092163,1.6517252922058105
472361870697782,26.020756253761,50.623130115609,-25.379250161686382,31.914269152986527,BH,lowlight,2,6057.964396037697,0.9833074808120728,0.980207622051239,0.16485708951950073
658902925214070,22.641060199825,-79.087651499584,21.890687746142248,-79.02434424604385,CU,lowlight,2,83.69153626999164,0.4480913579463959,0.20153683423995972,2.725027322769165
1183079165486550,-5.70834515155,34.761777557018,57.4467413659055,41.03267633657911,TZ,lowlight,2,7045.380038802643,0.26085326075553894,0.16934853792190552,4.122038841247559
296065025397911,34.897985568931,32.528909790104,41.35954106409244,34.996453386389256,CY,lowlight,2,750.1142494136145,0.3676184415817261,0.08878129720687866,2.7659168243408203
298824355069041,42.200225487404,21.258956694741,41.24551954683371,32.381810637193965,XK,lowlight,2,928.5263377392494,0.24993465840816498,0.1270792931318283,3.4969775676727295
111691027649131,-22.530138328473,-59.8361857055,-13.932325524965755,-42.93891079974185,PY,lowlight,2,2022.0003205926603,0.6419607996940613,0.6032543778419495,2.4588286876678467
752480212123625,49.471066330606,-2.5339439207361,46.23362455332182,-1.0502529145059623,GG,lowlight,2,376.605095190382,0.3225553631782532,0.19086012244224548,2.869938850402832
1074377829753053,-6.7022282025878,-76.214917225524,40.747379436300726,-111.19402970430717,PE,lowlight,2,6370.847023225459,0.39570093154907227,0.3391726315021515,3.6405181884765625
525641785107823,50.160224002237,6.1091880533415,49.90271887461095,13.79335025439573,LU,lowlight,2,549.3662511730554,0.5859209895133972,0.5543665885925293,2.697343349456787
226167275508563,15.49826792628,-61.465568794916,37.36347788455382,-81.36338021127075,DM,lowlight,2,3121.705400829364,0.2779715657234192,0.19959837198257446,4.214165687561035
148887153873411,5.2121780980173,-52.75060936262,45.90604849220946,3.214959619762276,GF,lowlight,2,7011.734262907047,0.05203864723443985,0.006935127079486847,5.787917613983154
303850827922633,-34.01092105809,-55.839634214304,41.42925015720813,27.66460385674109,UY,lowlight,2,11947.459731215853,0.20047405362129211,0.1533764898777008,4.825178146362305
311706737236449,50.868855073513,8.8221774508729,50.66359722454281,12.9928156571988,DE,lowlight,2,294.16482417546644,0.12111242860555649,0.02890533208847046,4.324761390686035
1416886515315835,8.139352166375,34.375065339482,-15.804259888018859,-47.914869995943725,ET,lowlight,2,9438.311823625954,0.5373021364212036,0.4187849164009094,2.4848294258117676
178330404153531,-21.691747493695,-64.656846311167,41.050953923069514,-111.84882968801423,BO,lowlight,2,8506.471744890601,0.1661454737186432,0.03904321789741516,3.6043663024902344
218036349822435,41.14963208511,20.008913305496,40.77845205836157,31.30654730999683,AL,lowlight,2,948.8439559770947,0.27270030975341797,0.13353094458580017,3.500617027282715
2882903775325778,69.217437476679,-51.098566140502,63.89849482534798,19.849204141196783,GL,lowlight,2,3008.7475167689895,0.20689785480499268,0.10659944266080856,4.492012023925781
459460818448144,27.426607200988,89.643491444303,17.518226280061747,82.94817810379863,BT,lowlight,2,1298.1870561765284,0.5181078910827637,0.21281927824020386,1.5954794883728027
309590514053514,-21.85770610861,165.95185481884,43.3328654745687,22.106998604425684,NC,lowlight,2,15921.391174890043,0.12902258336544037,0.0543271079659462,5.065553188323975
179548807357974,23.005385103705,120.43121323661,36.174061277119016,127.23271349124347,TW,lowlight,2,1603.9889417094716,0.5192186236381531,0.4531171917915344,2.7772557735443115
528726041469936,3.6332857552313,72.958318596822,1.2701516089599234,103.86727844158764,MV,lowlight,2,3443.4894346692836,0.39743268489837646,0.3178865313529968,3.751356601715088
568831498116619,24.732585867741577,121.74077955053384,24.854671777104183,121.0060483634055,TW,lowlight,2,75.39979861925916,0.3997206687927246,0.11762166023254395,2.2434535026550293
871486690248300,-19.804021310365,-63.993881510197,41.397721495224765,35.023431594793465,BO,lowlight,2,12181.629505847279,0.27883321046829224,0.15011686086654663,3.8465282917022705
380042953234728,-19.161161992074,-64.572161532541,37.128171563508246,-113.52658263814239,BO,lowlight,2,8090.218106650279,0.7024337649345398,0.49416983127593994,1.0801454782485962
368884091223603,35.755508707073,53.366090359346,40.22240562838588,-111.71788904856973,IR,lowlight,2,11429.97908356949,0.2846444249153137,0.17226579785346985,3.520235300064087
512716496579771,12.164080960014,-68.283956526724,11.534800751607545,76.79600484277196,BQ,lowlight,2,15345.608895853622,0.54057377576828,0.4345915913581848,2.5226399898529053
485436899323868,65.609323761209,-37.633778515025,67.10141584906592,14.072484306451843,GL,lowlight,2,2245.0385620076318,0.47615426778793335,0.04830414056777954,1.3692728281021118
172629294662585,48.532451875231,17.496813301999,44.61114985913021,20.75782470720372,SK,lowlight,2,502.1393144859369,0.2253217250108719,0.07155513763427734,3.6889712810516357
506770377649958,-12.679904697999794,45.08466359942028,13.879358390494042,-61.05747256635356,YT,lowlight,2,12055.722077548362,0.25412115454673767,0.03411497175693512,3.386491298675537
265103101980958,14.721827633666,-60.947724527678,43.99798509521936,22.05963725750242,MQ,lowlight,2,8323.736757474167,0.22181819379329681,0.08191414177417755,3.045663356781006
517013032790983,42.403345896483,44.64336095767,42.851590996367534,18.271545303237705,GE,lowlight,2,2149.321529727423,0.12966535985469818,0.06351136416196823,3.904423475265503
825755764959780,20.340364998941,-87.352869999803,1.4240954567122663,103.79979052518563,MX,lowlight,2,17307.03493947286,0.13319282233715057,0.09562678635120392,5.197938919067383
3799534356839064,60.209940286403,20.246918494907,52.246628267232055,5.93632161822997,AX,lowlight,2,1246.5990332735048,0.1659238189458847,0.03068426251411438,3.688262701034546
134126825414739,38.270282754345,61.711075339758,-26.03007490329206,27.936181441122166,TM,lowlight,2,7968.655330956317,0.1069011464715004,0.030233018100261688,4.851892471313477
1397623030665407,14.493780516069648,-88.97344682800627,13.107427270543942,-86.19534684661433,HN,lowlight,2,337.2735747817122,0.10412785410881042,0.051094770431518555,4.967264175415039
170949221611851,33.305143801504,126.28817369339,36.20919583665908,127.13560718999689,KR,lowlight,2,332.061616348285,0.18777446448802948,0.06922274827957153,3.7927002906799316
978428179365285,33.705735440434,51.794214966505,52.25367340853845,5.9711156807987,IR,lowlight,2,4166.29806382968,0.09242178499698639,0.02722056955099106,4.946685791015625
333013904838174,32.340904308709,15.105537141291,37.74035641678313,-97.35873690465144,LY,lowlight,2,9547.524018337466,0.5350413918495178,0.49580875039100647,3.168884515762329
248513507027667,5.6150523860158,16.240852825971,-25.30592325176387,31.646705254137828,CF,lowlight,2,3820.191086255332,0.23946477472782135,0.025307223200798035,3.7786149978637695
237495388152862,-11.621236170917,43.26262853229,50.85823140431285,12.25549072180101,KM,lowlight,2,7567.39314238702,0.10112952440977097,0.0019329413771629333,4.773043632507324
3042776155952353,18.400872724367,-88.464242712832,4.324939009304662,-75.93169148930893,BZ,lowlight,2,2074.979029408149,0.09002929925918579,0.002418696880340576,5.210720539093018
487380732512751,4.8184532,114.77786780001,5.429445861430396,100.49252655725958,BN,lowlight,2,1583.527232900432,0.8818606734275818,0.8609619736671448,0.8197919130325317
290265362649999,26.177525761353,50.383620514714,25.265442441859392,51.55366948572796,BH,lowlight,2,154.99651587716656,0.42795857787132263,0.366117924451828,3.691434383392334
482049282914438,7.5885792292079,134.59098074356,11.49041407945763,76.59957886292756,PW,lowlight,2,6364.346276485504,0.33866363763809204,0.09224042296409607,2.5784356594085693
225571855612889,46.763350531273,-81.597671294692,40.69530300542323,-111.1724442518578,CA,lowlight,2,2454.0005161054332,0.6774933934211731,0.6271509528160095,2.0287814140319824
4804926129529176,15.24531506432567,-14.593708973874378,43.99383940006466,22.332707183282633,SN,lowlight,2,4723.6033386448935,0.1717866063117981,0.014374107122421265,3.8452677726745605
369883598351184,-20.367575551703407,57.57618979619237,5.437447158079041,100.59277443466577,MU,lowlight,2,5504.72463016828,0.7256755232810974,0.5244525074958801,1.1400679349899292
4121896524538487,24.635513307941,-76.169569569,-25.28447476041545,31.81435799055648,BS,lowlight,2,12852.116406473808,0.5259681940078735,0.4535050392150879,2.905588150024414
3863471930446023,-17.111944610128667,15.757158787596603,-25.16848609389327,31.888929224691694,AO,lowlight,2,1895.3954253413751,0.6422027945518494,0.5940161943435669,2.378300666809082
300728688257104,30.395743312589,35.487349115709,39.6518123533498,35.4102534570139,JO,lowlight,2,1029.2517309820778,0.1591869592666626,0.018606051802635193,3.874544382095337
1126228627789114,50.981438273289,3.9109549608118,44.117198564551906,22.23513685852711,BE,lowlight,2,1566.7636284756627,0.2851690351963043,0.1590486764907837,3.93337082862854
549637092752676,-14.934793656692474,13.483762083058584,-17.390799443628282,-66.18780611025909,AO,lowlight,2,8448.04063872625,0.20572367310523987,0.04754155874252319,4.597569465637207
1003284990411465,12.059176169795167,-15.322303903822672,17.86698789600448,98.90154533735227,GW,lowlight,2,12067.961727102687,0.1813684105873108,0.05099402368068695,4.138577938079834
549574962737771,14.061193852760738,-84.04279947361962,17.839021841926638,98.9983504166993,NI,lowlight,2,16452.297234618272,0.6174283027648926,0.5113292336463928,2.1545538902282715
542559790066195,33.009983226586,35.680040403337,40.74796536708844,-111.29392060664688,SY,lowlight,2,11141.485668686155,0.2845098078250885,0.14429070055484772,3.192089557647705
265445685298888,13.004017262133,109.35894392193,12.42409284846863,109.66184610728538,VN,lowlight,2,72.37218570369718,0.39779821038246155,0.23110394179821014,3.470613956451416
1444159855929152,12.212140324895,-61.65046673147,14.648684663462328,-61.108057451367834,GD,lowlight,2,277.20864821940694,0.5858777761459351,0.40169239044189453,1.8887529373168945
378257181042695,0.4223981532159322,9.46341740514976,1.2823728371384122,103.84982459677403,GA,lowlight,2,10494.09973330096,0.37309592962265015,0.2659079432487488,3.1485025882720947
136200968757362,15.043474943211962,-3.1134483369205417,12.63725425151566,-7.980325756047287,ML,lowlight,2,589.6087655916433,0.7388069033622742,0.6472447514533997,1.3670551776885986
533142534351766,-9.8840552815116,33.911477956503,7.432457208219937,38.737528708555736,MW,lowlight,2,1998.3060587676837,0.6668446660041809,0.5765227675437927,1.8639838695526123
522728752252154,41.038602463059,19.563694296348,43.56653275080621,21.504235870510023,AL,lowlight,2,323.21311850675113,0.6957236528396606,0.5566277503967285,1.2085031270980835
758888101326263,31.637988555726,73.231186805001,33.65984652886825,73.10523507236739,PK,lowlight,2,225.1293285246861,0.7356849312782288,0.675262451171875,1.702289342880249
305757657709496,1.0675572904673,103.9646409699,44.61337098988499,20.723459219418558,SG,lowlight,2,9389.544535916346,0.14730297029018402,0.012159556150436401,3.7906079292297363
223281329232117,12.507939003947,-70.014398687436,46.93953463810922,28.873822780013107,AW,lowlight,2,9655.38070300934,0.16908875107765198,0.09815836697816849,4.794847011566162
353672373022082,41.381628312913,22.307214335612,40.54036481454357,-111.79686663155623,MK,lowlight,2,9798.268117721318,0.3000168204307556,0.21807652711868286,4.066856384277344
855868761633795,18.030052213813,-63.078616758552,13.835208090366931,-60.97725098887497,SX,lowlight,2,517.7124851274447,0.37837591767311096,0.24561375379562378,3.571300983428955
510341753682172,18.547859996816,-68.613997996337,26.10051562538175,-80.23605666034072,DO,lowlight,2,1459.6483248957177,0.6073582172393799,0.5439392924308777,2.2629292011260986
3864898026890576,49.490894517019,-2.5725344431006,55.53643874082038,9.725093074995346,GG,lowlight,2,1067.160879196203,0.6267262101173401,0.5281283855438232,1.812915325164795
307754797548858,34.712695715026,-3.8563324324235,37.13039077483347,-113.47995362939554,MA,lowlight,2,9217.767664937002,0.7228541374206543,0.6377723217010498,1.4053739309310913
446821260679124,-9.024115630183084,125.29622320893388,5.4846830387835785,-73.4472404269878,TL,lowlight,2,17910.95112796749,0.6009326577186584,0.512696385383606,2.2926158905029297
947185652683658,-2.3270469336559,-78.929168380573,4.3966193473437585,-75.63264612174751,EC,lowlight,2,832.5427806242989,0.2706718146800995,0.15181535482406616,3.6960530281066895
2947290612262244,-11.652155080814,43.263890007029,13.172313111447945,-59.60323201615237,KM,lowlight,2,11672.62396403448,0.4447917938232422,0.30335453152656555,2.0714709758758545
2932426006995864,12.349827079376,105.09907855331,13.323236829183866,77.73202235863785,KH,lowlight,2,2967.5352169040293,0.4051162600517273,0.323311448097229,2.9456119537353516
271753411301610,-18.657738465691,-174.02787918873,-9.45361073739648,147.46197738156403,TO,lowlight,2,4268.260299842227,0.1827726811170578,0.08606486767530441,4.051085948944092
478264666827999,61.472372240129,-6.7939711372832,61.68896126744819,-6.976262234175759,FO,lowlight,2,25.943788248457608,0.8755872249603271,0.8051217198371887,0.5412276983261108
1101915547131650,-35.411992228208355,-71.29963328046824,43.33321908492615,22.009899652610923,CL,lowlight,2,12852.584024209447,0.3304469883441925,0.25797417759895325,3.726816415786743
3920872697958453,60.225200988406,20.059664271851,59.59053083345386,15.71843807400623,AX,lowlight,2,252.05854813896335,0.42678579688072205,0.3272005319595337,2.803147554397583
480958303108322,18.02673753942373,-15.984917957529673,44.48739809546942,-80.46747101479839,MR,lowlight,2,6604.588384147879,0.13697372376918793,0.008419021964073181,4.372061729431152
477439253471149,2.1909112658474,25.247273616721,11.58990818466874,76.3424894034099,CD,lowlight,2,5727.034810700715,0.09180213510990143,0.03217906504869461,4.749974727630615
2503535586463255,5.369009126207446,163.01297824070343,0.16146034960492348,149.78128502626274,FM,lowlight,2,1579.0688009791072,0.13359500467777252,0.01456468552350998,4.7614426612854
699303201033596,25.12900987620192,33.08865526570508,-25.214289895379263,32.10936191646491,EG,lowlight,2,5598.909509154931,0.5805301070213318,0.5012449026107788,2.4765164852142334
1109009986288059,-8.6876105869135,120.2374852281,17.929420487958403,99.08989779418712,ID,lowlight,2,3761.862264824833,0.2766967713832855,0.197133868932724,3.5918731689453125
945361122882179,12.134119747509,-68.278230013563,-25.2273990044048,32.1982519407998,BQ,lowlight,2,11620.03103510654,0.7581406831741333,0.7275866866111755,1.585383653640747
1086140081896052,17.025256612863,-61.868698580061,37.023871446172016,-113.50945746915016,AG,lowlight,2,5499.012700182987,0.18461863696575165,0.04656150937080383,4.404604434967041
2896487987274330,-8.6384264591615,125.60292428532,43.982947472107426,22.159125327267567,TL,lowlight,2,11747.313174137555,0.5531164407730103,0.42081958055496216,2.0154764652252197
2579869142308862,10.34358900767,-61.458152299031,4.478056099263421,-75.66838866489825,TT,lowlight,2,1696.5020956244337,0.3395329713821411,0.05288228392601013,2.574181079864502
267083508462188,52.899440738443,8.4141554815178,56.18266379508941,15.685171852557414,DE,lowlight,2,593.8482777179163,0.15680623054504395,0.08094143122434616,4.4023051261901855
135893315238976,8.7909434146234,-78.181606800432,45.347901159071064,20.005028779187683,PA,lowlight,2,9944.983495733488,0.413713663816452,0.33985793590545654,3.368695020675659
150017570480103,41.50666060749,21.935799073836,38.13630042498234,-97.99203581074913,MK,lowlight,2,9270.854298931587,0.15932710468769073,0.028510451316833496,4.265783786773682
869032447374518,45.14353499999999,14.845183055555555,45.161878534359296,14.64182178979067,HR,lowlight,2,16.076861300314576,0.4237897992134094,0.2893618941307068,2.6659562587738037
919042368661061,-35.376055559767,146.26475,53.159002914431305,44.48641392695828,AU,lowlight,2,13818.423263477027,0.0581926554441452,0.002252057194709778,5.293024063110352
985915661813386,-23.393263453848,44.397761247232,-25.262242096893758,32.06393102773219,MG,lowlight,2,1266.347685930667,0.8267468810081482,0.7797064781188965,1.1076428890228271
670850541182018,26.0204034,51.064903400000006,37.02514541935015,-113.50778060596689,QA,lowlight,2,12821.293835787565,0.1622156947851181,0.031449392437934875,3.7621047496795654
358677975646602,18.32970950933104,-64.95126838918696,13.22456317078433,-61.23235868378321,VI,lowlight,2,693.1604009627144,0.17237596213817596,0.0696021169424057,4.35684061050415
468571217849628,27.519976313624777,114.13899685380947,40.749736912134004,31.39073773169542,CN,lowlight,2,7479.882195662664,0.8253654837608337,0.799293577671051,1.2469456195831299
166033172108272,39.547581612083,46.441663046559,51.69757247344243,20.87280352500985,AM,lowlight,2,2384.1301629806417,0.48365169763565063,0.3982837200164795,3.1991190910339355
494503958271926,65.59525777881,-23.774501108369,64.38738556376084,-20.961571889698657,IS,lowlight,2,188.4450597491947,0.2511710524559021,0.1534414440393448,3.967029094696045
912539252641876,-6.3006910051682,176.31917767142,12.013238867011378,78.07672812118547,TV,lowlight,2,11045.62051157325,0.11871055513620377,0.03071536123752594,4.673468112945557
528519191857396,31.419084991343,35.033717818153,40.754494308772124,-111.29974707871858,PS,lowlight,2,11275.51633415412,0.2714706063270569,0.16399919986724854,3.683476209640503
2693852350916149,-22.134506991871,166.34104640683,42.79347593981593,22.180468967264005,NC,lowlight,2,15990.239064492373,0.16369205713272095,0.015425056219100952,4.325357913970947
943976513021626,17.310149834096,-62.711002505143,37.02897491009802,-113.4909309023479,KN,lowlight,2,5405.794224982103,0.12729287147521973,0.07704870402812958,5.01688814163208
314603156759488,27.431221771339,89.646958499505,24.945073139792115,121.32422916725429,BT,lowlight,2,3164.4163867876923,0.26768457889556885,0.1152782291173935,3.0640788078308105
142911821192377,18.124397901175595,-15.95930487738458,31.61584630453799,-7.98094831072611,MR,lowlight,2,1700.9567035093655,0.12869903445243835,0.02419111877679825,5.009782791137695
995608364307407,62.231154398192,-7.0203744109078,58.15589158391218,-5.7151633626229685,FO,lowlight,2,458.8306571638771,0.9660267233848572,0.9588369727134705,0.27278512716293335
920634065161187,49.245509981929,-2.1382669508349,56.179298437045276,15.5752027276825,JE,lowlight,2,1414.3460952244748,0.2019360065460205,0.1233338788151741,4.258762836456299
314870496880636,28.628362975198,48.038775336392,24.603685057723688,55.719341805771734,KW,lowlight,2,884.6861332113165,0.09050838649272919,0.003171980381011963,4.638835430145264
137727984953777,-6.2967650470378,176.31787733981,37.7646218354724,-113.5266818884938,TV,lowlight,2,8727.462083558878,0.224730983376503,0.1753787249326706,4.526733875274658
970870010403579,1.3869451851245,173.14684137479,39.09533947131423,-113.79582890470662,KI,lowlight,2,8454.4798929288,0.5035108327865601,0.22475594282150269,2.2180674076080322
319746332831620,37.296859809574,-5.7125450742042,41.1647014251074,16.531206873611243,ES,lowlight,2,1957.7783012106374,0.14310988783836365,0.02633974701166153,4.5875701904296875
3035810213314122,55.003356832716,24.139338741958,50.669428787563064,12.906879743634823,LT,lowlight,2,893.6854925246618,0.09366291761398315,0.002645738422870636,4.9458513259887695
288447642774684,-6.1571269966165,107.04394801454,-6.335265596101975,106.79188519435506,ID,lowlight,2,34.185317398519466,0.6399693489074707,0.38916248083114624,1.094422698020935
829997677895262,12.323432189112,-1.5533388682237,6.192052428001428,1.1704174551991597,BF,lowlight,2,744.3682302942648,0.24557264149188995,0.07097861170768738,3.8602304458618164
106381768201986,11.974525625543,39.044869566531,11.504888420333367,76.4775614902121,ET,lowlight,2,4072.4522195957684,0.2602691352367401,0.17283077538013458,3.9562087059020996
305230294414376,18.451313183212,-64.558514994681,26.04853362583102,-80.22366588800298,VG,lowlight,2,1817.887825843181,0.09640780091285706,0.011129193007946014,5.000476360321045
883910462466493,-15.648621030725534,39.34163432285212,-25.27874261159578,32.03956494188024,MZ,lowlight,2,1312.7500283362876,0.4213128387928009,0.3358531594276428,3.5617494583129883
492194012125902,46.117642,18.110710999899,55.07316119770313,23.44741959740889,HU,lowlight,2,1063.9064222554832,0.2597087323665619,0.0806456059217453,3.7041690349578857
1573490059506418,18.338429999176,-64.899272406242,13.080099855444699,42.17053620380417,VI,lowlight,2,11291.665704946108,0.1276005655527115,0.03031419962644577,4.488876819610596
766495730715953,44.706372569218,18.069343447503,44.145279152006715,20.784716152220764,BA,lowlight,2,224.4615721120013,0.1004989892244339,0.03095531463623047,5.128782272338867
781285156083286,32.087994573877,-8.2233968662806,31.944960484537308,-8.497776518243098,MA,lowlight,2,30.367109319806218,0.9374353289604187,0.9252033829689026,0.5090928077697754
745256106153583,52.344707039659,45.336839122968,45.925817316429494,3.267391352225104,RU,lowlight,2,3095.905161361306,0.12700887024402618,0.08260668069124222,5.093239784240723
1117334568775680,18.337748404316,-64.915702992028,25.747787318652634,-100.24114793336562,VI,lowlight,2,3721.040423714618,0.41085362434387207,0.1283528208732605,2.412097692489624
306286164527539,33.350146257859,126.25399959043,42.50655623034726,-76.4667962459067,KR,lowlight,2,11268.036530615962,0.14884430170059204,0.0715385377407074,4.335059642791748
336794264546437,4.9054666559617,-52.301588003183,44.65468521512814,21.55152100754822,GF,lowlight,2,8350.265819638007,0.26950377225875854,0.16426308453083038,3.984919548034668
153474173412155,38.399164295663,71.058858396182,32.34181397298635,77.67047193880508,AF,lowlight,2,901.1492743193843,0.8538213968276978,0.7429723143577576,0.635635495185852
350521240549818,31.321208568090835,27.27841709921041,63.898248511314435,19.848908718793197,EG,lowlight,2,3659.56789194558,0.28099724650382996,0.23601576685905457,4.086757183074951
218975556246226,7.8821057071516,-74.834139978895,17.869013337959913,98.85897458667074,CO,lowlight,2,17069.128553610386,0.5824142694473267,0.535515308380127,2.8409433364868164
1259603784501134,31.292411220432,35.534796522034,36.01426078951049,-114.82945344021175,JO,lowlight,2,11917.908783902081,0.26501786708831787,0.14195141196250916,3.8329007625579834
4309223739108363,2.1266240352603,45.323364966483,-25.268570742230153,32.07731984846085,SO,lowlight,2,3363.953032437905,0.19935928285121918,0.1300733983516693,4.677977085113525
259978149147748,40.965992824636,70.990742663385,37.103059400104364,-113.49884144198171,UZ,lowlight,2,11322.173770831572,0.17741848528385162,0.0979522317647934,4.672358989715576
764847514207415,29.990268063885,35.075916116471,40.67355430223314,29.322215991868248,JO,lowlight,2,1296.7409796533,0.11504381150007248,0.03795364499092102,4.724923133850098
248250033759700,29.80888569787,-8.8927590395819,41.839186029768165,14.50977059945013,MA,lowlight,2,2485.5278704321872,0.32935649156570435,0.07971523702144623,2.5401408672332764
454143095650719,4.754477618596,115.1672935653,51.17841827285363,4.930465626229362,BN,lowlight,2,10976.62117871235,0.08431161940097809,0.0041152313351631165,4.663234233856201
779725396245876,17.150242379267,95.997861485963,-6.338589462229265,106.79687398516688,MM,lowlight,2,2868.8233233181013,0.19545212388038635,0.07576023787260056,3.5636727809906006
580468796254927,1.0529367558583,104.00979134276,-6.341641141681544,106.79546368009547,SG,lowlight,2,878.456890978298,0.9272671937942505,0.9120575785636902,0.522844135761261
996366924230321,9.4509927129863,-5.632989557206,17.510152990189148,78.26625085023849,CI,lowlight,2,9052.25598374313,0.36249127984046936,0.1754641979932785,2.2140305042266846
167430881975593,48.946219066106,17.372135047934,54.454125456533966,18.46720162731879,CZ,lowlight,2,617.0626284273284,0.1393892616033554,0.030207142233848572,4.037435054779053
1287753361619391,41.902938185448,12.402760733592,36.69711546924671,3.0239970673470475,VA,lowlight,2,992.1795178628597,0.289679616689682,0.17770659923553467,3.5836706161499023
631066277884886,8.81662211291624,-82.90477256073295,14.396969528687729,101.31613374350867,PA,lowlight,2,17392.208303320233,0.8406382203102112,0.767241358757019,1.0303574800491333
1770786233100996,69.218294531367,-51.091665910743,69.65637386604794,18.167594080015498,GL,lowlight,2,2560.7474644119557,0.0897027775645256,0.03404923155903816,5.270392417907715
239943934683187,68.81413122743538,15.673939453479123,42.2341496187198,19.285868677234163,NO,lowlight,2,2963.118058685706,0.1820271760225296,0.016997873783111572,3.0439155101776123
481611806279393,19.322225516792,-81.380605067753,64.11773704670804,-21.865299181592796,KY,lowlight,2,6622.525326588778,0.23612922430038452,0.015553906559944153,3.3810105323791504
3800949300034619,38.343949995952,57.117059018247,17.750730046277127,99.05980011932992,TM,lowlight,2,4654.984224531799,0.08978390693664551,0.007340587675571442,4.007302284240723
823233711883166,29.068560075854,48.084048261556,30.10831375649694,31.654598291875264,KW,lowlight,2,1591.4647879815932,0.5908977389335632,0.40068578720092773,2.1287803649902344
450038362963389,38.978830137822,-7.2812361854766,38.16800193181313,-8.513376082065228,PT,lowlight,2,140.00534712162653,0.2500869333744049,0.02948826551437378,3.709850549697876
297933462444738,13.662316404789827,-16.430340101173016,13.332471036078262,77.7744106758316,GM,lowlight,2,10102.208759790672,0.719236433506012,0.5713561773300171,1.282142996788025
949917125580796,18.251570400358,-62.984528794394,56.09036972135312,15.691220116943636,AI,lowlight,2,7634.259933865084,0.8017694354057312,0.6756885647773743,0.973665177822113
313078556837128,55.266055994786,11.315098206416,56.0783699657741,8.878268582036444,DK,lowlight,2,177.48853892898353,0.14180709421634674,0.07781022042036057,4.7842254638671875
210766354219144,-26.628804736334,31.659445474276,-25.260676384570793,31.79394866913017,SZ,lowlight,2,152.7221854499567,0.9860556125640869,0.9840282201766968,0.13543593883514404
520708829313842,54.68692259669,9.0074931788196,52.26586131250364,6.014848483378484,DE,lowlight,2,334.1454626799625,0.30361661314964294,0.17039939761161804,3.9586191177368164
992154464938892,-17.65251068093,177.40709100849,13.292737381624733,77.72102790586712,FJ,lowlight,2,11458.337385773379,0.4052285850048065,0.3460904657840729,3.6536993980407715
150289013771703,50.348577719861,-4.6628826388904,44.63167314038614,20.61947233442945,GB,lowlight,2,1991.7405161466177,0.5156381726264954,0.34380948543548584,2.5466017723083496
1423738521294950,17.182641732455,-88.332789645282,44.062347346027124,22.226725861623503,BZ,lowlight,2,10234.673703188639,0.5717993974685669,0.47651875019073486,2.6113767623901367
1155605118288528,14.706942793316,-61.143095527488,-8.39857631120735,115.75643299225904,MQ,lowlight,2,19236.624856910967,0.1747940480709076,0.09067968279123306,4.070636749267578
2986698694926936,78.215334468879,15.012641390148,77.65198896150734,13.313512486240631,SJ,lowlight,2,74.04643103988747,0.34876370429992676,0.25184714794158936,3.44387149810791
2083829008422694,58.379655829272,6.1151443597417,62.306086629457546,17.357904592932726,NO,lowlight,2,755.5119690164302,0.555190920829773,0.4563143849372864,2.1082868576049805
155652916570780,42.348418071723,20.818276988414,42.37146220218887,20.5444612725374,XK,lowlight,2,22.643478451202284,0.09345715492963791,0.020999819040298462,4.285091400146484
845707173409060,13.15145888888889,-59.57003805555556,4.362796633609549,-75.8131519284852,BB,lowlight,2,2033.3205403615304,0.4038776755332947,0.18088798224925995,2.8442890644073486
792307658322895,52.913640031191,6.8640509875213,44.161242523083224,23.75758844934779,NL,lowlight,2,1572.6763855812937,0.16421100497245789,0.019024178385734558,3.6960227489471436
463829391356731,7.1956119778003,124.23640602451,60.04041914651165,30.63893594034132,PH,lowlight,2,9513.729718348155,0.11914563924074173,0.003425613045692444,5.196225166320801
190327429484222,18.406063827426,-66.173016157195,39.70024658878225,141.09207262674505,PR,lowlight,2,12961.596513193184,0.11654219031333923,0.04339142143726349,5.270712852478027
964385794363812,38.838166509572,140.96848476449,38.959474846076525,141.11345729418719,JP,lowlight,2,18.421259825146517,0.18720856308937073,0.09412278234958649,3.424649953842163
992350614846774,12.919375038455,-85.248546579532,11.521130005452145,76.72330709095628,NI,lowlight,2,16647.237390709757,0.15113100409507751,0.02601189911365509,3.7319955825805664
2898111640459899,32.288702684025,-64.767038528517,24.932831422778165,121.21149230519167,BM,lowlight,2,13620.798412416287,0.3074408173561096,0.23540687561035156,3.9618120193481445
156853596375003,19.653051191999,98.633327646919,17.77155756118965,98.93262437133863,TH,lowlight,2,211.57351158527166,0.8316195011138916,0.8081889152526855,1.2418932914733887
353101693221406,-16.097698333830845,28.68442044328358,44.126075565696695,22.267054033163895,ZW,lowlight,2,6728.252550301695,0.5402542948722839,0.3969113826751709,1.8989009857177734
