id,true_lat,true_lon,pred_lat,pred_lon,country,corruption_type,severity,error_km,top1_score,margin,entropy
1198015930637035,47.58736244394304,13.72243335782696,45.98686469968809,15.696379193450545,AT,lowlight,1,232.91952668689802,0.6803248524665833,0.61213219165802,1.7606017589569092
2627501530880734,-21.690540312924,165.67395409726,-29.7339703590318,30.92100366845161,NC,lowlight,1,12523.74120010686,0.9793309569358826,0.9752565026283264,0.18044285476207733
464312504633961,25.061219179854,-77.474052344488,34.991377766904066,-114.55883660604162,BS,lowlight,1,3713.050033077549,0.278396874666214,0.15155978500843048,3.5443832874298096
1640910792965420,14.05090975535,-83.408252576108,-8.666108337682946,116.12271292456994,NI,lowlight,1,17804.52716621392,0.5228353142738342,0.39193153381347656,1.9194856882095337
784509382269632,39.054295235447,125.75444015475,42.008306790844074,44.11177190489478,KP,lowlight,1,6630.9770121533265,0.9098082780838013,0.9007335305213928,0.6584766507148743
1203580403446328,59.403162352068,5.3346943684814,49.91026780688501,2.782470925077543,NO,lowlight,1,1068.0488379171366,0.31447917222976685,0.21249932050704956,3.963566541671753
529318031569520,35.884852698,14.543835095527,35.90788810005253,14.406594813024393,MT,lowlight,1,12.624716671983055,0.7453548908233643,0.6648027896881104,1.285278081893921
579627393601024,31.161290071016406,27.62620232776423,31.03333435384514,28.352520824429934,EG,lowlight,1,70.60488956828846,0.13847555220127106,0.012370005249977112,4.275790691375732
493287055050730,18.529699440908,-73.82906994801,-8.655518096235921,116.09920885963463,HT,lowlight,1,18480.99315660948,0.2687249481678009,0.1244034618139267,3.346977710723877
194636675718395,15.711283292961,-86.911458774945,-1.4307736876974637,-78.12293346376435,HN,lowlight,1,2136.8453652139947,0.6154961585998535,0.49477800726890564,1.5697605609893799
324862519056205,19.31841800221,-81.382583014952,-27.448564101172494,153.19668482146042,KY,lowlight,1,14414.484351165,0.505972146987915,0.37357473373413086,2.682387113571167
312497683776326,-3.5385285661184,29.342796802632,-0.2946280859444856,35.28863654538278,BI,lowlight,1,752.7400078247183,0.18747445940971375,0.08618707209825516,4.307151794433594
524249899215869,-20.36057432562562,57.57448506856856,-20.24826739036377,57.61808706749624,MU,lowlight,1,13.290030003819806,0.9726702570915222,0.9695246815681458,0.2584055960178375
762407414666903,18.261799133186,-66.040383948361,46.538195261444756,-117.02127279785513,PR,lowlight,1,5593.630414270229,0.2016323059797287,0.11667394638061523,4.515074729919434
1162773017520174,6.3181766455254,37.510104406035,7.493657715308545,37.70216177312721,ET,lowlight,1,132.415705414388,0.5936930775642395,0.35218241810798645,1.084835171699524
3356357477800408,-13.862024739384,-171.85937431059,-12.863785793899071,-171.9801672542962,WS,lowlight,1,111.76567848435026,0.9172927141189575,0.8540611863136292,0.3984246850013733
487479689165720,-0.79790097222466,-77.201507380967,1.5747324921593195,109.07332429998726,EC,lowlight,1,19312.184603819132,0.4500250518321991,0.34160667657852173,2.6455156803131104
255694192945304,0.23852452895088,109.87510053714,-7.324768817224707,109.72938976517756,ID,lowlight,1,841.1550828303073,0.5601534247398376,0.45908546447753906,1.8504141569137573
810188746588631,46.29075689375,10.078154998184,44.42230819363811,26.057707030475004,CH,lowlight,1,1263.4942844118852,0.13143007457256317,0.0161476731300354,3.82641863822937
152336490235316,6.1412981189533,-10.222955468447,0.04954068643077226,11.3621236497543,LR,lowlight,1,2489.3952237441886,0.8840943574905396,0.869605541229248,0.8023374080657959
1128248694323507,4.9712879947102,-52.440325961909,44.66007168730839,20.712262573231143,GF,lowlight,1,8290.33107947398,0.530921459197998,0.40708887577056885,2.6126344203948975
319600276196154,17.249258189479,-62.655520880016,42.771487656399806,18.04169989787953,KN,lowlight,1,7967.980227385748,0.46690112352371216,0.3923398554325104,3.072364330291748
227605128698501,30.534718182782,35.557018519973,37.011392017223876,-113.54750833543571,JO,lowlight,1,11844.468477846618,0.5403338670730591,0.3650997281074524,2.075021743774414
469353001013618,-4.8497851046353,11.90522368749,5.340719824699735,-3.3751650829057396,CG,lowlight,1,2040.4065288803024,0.5073623061180115,0.27156582474708557,1.7159972190856934
312137333614311,50.147457733865,106.21881807879,40.67363332176254,45.884429878643786,MN,lowlight,1,4691.590610798475,0.28479546308517456,0.01451161503791809,2.992032051086426
417436926432877,-9.466630277777776,160.38180111111112,-9.51602763670921,158.63271175779013,SB,lowlight,1,191.9058203956071,0.2536122798919678,0.027053996920585632,2.779526710510254
521833368998076,33.828288106674,35.578984207651,42.37287008838799,20.472538138416123,LB,lowlight,1,1623.8579169463305,0.24290819466114044,0.11713568866252899,3.137763023376465
804138920493771,-0.43494769438863,-76.201325946671,2.9390722455051668,101.7584520228848,EC,lowlight,1,19655.996489476605,0.8880764245986938,0.8153212070465088,0.5530725121498108
302261168190071,-13.859325484052,-171.70998038915,7.316790972830096,159.85313278708568,WS,lowlight,1,3923.574376035399,0.2170373946428299,0.07082036137580872,3.7056376934051514
1226452984452730,18.570054722222,52.82152305555601,38.94365109127335,-109.78053483727514,YE,lowlight,1,13368.199999002485,0.29911109805107117,0.20985257625579834,3.5763328075408936
321769825972532,56.815207379952,13.937240092613,52.130906249203015,5.921720848368002,SE,lowlight,1,733.6359225320792,0.21133941411972046,0.15133461356163025,4.094999313354492
773469050698883,0.4364979004820079,9.440864620026538,54.210952464732486,28.39594847551218,GA,lowlight,1,6226.442369609575,0.08004187047481537,0.017631560564041138,4.832391262054443
333032548339836,51.706235270322,-9.7173149835356,51.86222483734563,-9.767815006595447,IE,lowlight,1,17.689681443743268,0.12972310185432434,0.021682769060134888,3.767568588256836
321482029535925,44.652229350002,21.162756330018,43.577523254712226,21.595083289185784,RS,lowlight,1,124.3854507714679,0.35170885920524597,0.2045295238494873,2.5461390018463135
832510974027702,-17.456552891966,-65.728142843828,40.505694776404695,-6.771201899934385,BO,lowlight,1,8859.719952369265,0.06693191826343536,0.019844822585582733,5.285508155822754
109891514526025,48.213328182129,28.09057650588,47.188357352326605,28.492944289039077,UA,lowlight,1,117.88159488299198,0.3639892637729645,0.18597309291362762,2.8429832458496094
2942639579308445,34.805369127435,127.95898406217,37.34583416532428,127.35417669389494,KR,lowlight,1,287.66656296952175,0.4602370858192444,0.38899579644203186,3.1805472373962402
370894024357836,15.425447150296,-61.271269855519,15.576458630707018,-61.402669704709425,DM,lowlight,1,21.91334608938509,0.8206661343574524,0.6730591058731079,0.6481015086174011
788101518532706,11.258356617235,-60.564806768225,16.316038102439553,-61.47226890302455,TT,lowlight,1,570.8564219674087,0.5692642331123352,0.41569584608078003,1.3378733396530151
3872288566218352,50.796778330451,21.153443346433,49.886370776872106,20.843129643696425,PL,lowlight,1,103.59997927696588,0.2318771332502365,0.05002008378505707,3.3310463428497314
1002859423856924,17.09712846732,-24.97047664313,44.28581482608301,7.33778831866748,CV,lowlight,1,4271.07557050556,0.2939601242542267,0.018017083406448364,3.1881096363067627
238160651412928,-46.337650900733,167.79026062048,41.297256257501175,22.951841566174377,NZ,lowlight,1,17163.39828177479,0.3344147801399231,0.12042565643787384,3.437871217727661
2563203020654329,54.32142990519237,-4.456551481932205,42.43270010871895,14.171223090666087,IM,lowlight,1,1896.9699640402798,0.14690038561820984,0.06251443177461624,4.577446937561035
732194144134616,9.3458958330497,-79.823967302875,9.386655803607228,-79.72352975316582,PA,lowlight,1,11.914936221438312,0.9040654301643372,0.8636049628257751,0.47849801182746887
476322813419625,17.628516606198,-63.231308396649,17.13951708530725,-62.46069987443011,BQ,lowlight,1,98.20113712763158,0.6584119200706482,0.5270010232925415,1.3395004272460938
1136304350214402,-39.328969954559,174.63690058405,-35.41648814065119,173.60622902921733,NZ,lowlight,1,444.4693586078538,0.4147436022758484,0.29480957984924316,2.870640754699707
486828262519306,14.646929324615,-60.975801183717,14.582542549560324,-60.98675405543221,MQ,lowlight,1,7.2558286555912215,0.8366698026657104,0.7976864576339722,0.8954103589057922
1387937924894828,47.907557209354,107.17858480002,51.204176693526726,87.18602359373283,MN,lowlight,1,1482.8658043750781,0.15830403566360474,0.027843058109283447,4.186851978302002
944100506347413,4.8670503980303,31.542952103365,42.33560182176955,-84.31935165232878,SS,lowlight,1,11710.649856611157,0.11684710532426834,0.006916612386703491,4.188065528869629
225738692700446,69.2342740620203,17.971246283328018,39.294085789029864,16.34875190837354,NO,lowlight,1,3330.601033494362,0.3651737570762634,0.1788816899061203,3.3069398403167725
138012564971418,-17.546030537707,-149.57580216474,37.76860233919151,140.45492542308526,PF,lowlight,1,9538.716725339571,0.14334438741207123,0.015439629554748535,4.021832466125488
1349102025473123,60.210439476288,20.246196471172,57.421304728301,16.521179404866576,AX,lowlight,1,376.94493158557344,0.7411878108978271,0.7116475105285645,1.784621000289917
481515363098541,8.3835270285271,-82.196719096621,-0.2441890955631714,-79.22858865301396,PA,lowlight,1,1014.1689323839898,0.8447562456130981,0.8229250311851501,1.033742904663086
208681127527124,49.241162571487,-2.1218631166228,54.100772587793074,10.771807148116856,JE,lowlight,1,1038.1646360849181,0.15772606432437897,0.08347895741462708,4.189085006713867
496883494997876,12.508559533613,-70.010590958509,4.3916910407554095,101.34174945700043,AW,lowlight,1,17906.845903204176,0.2546398937702179,0.11931884288787842,3.595256805419922
1258448591563623,-8.614371141011388,35.602892240053215,43.9795853185073,21.983278500295963,TZ,lowlight,1,6007.138760328727,0.5072916150093079,0.29893308877944946,2.6361794471740723
849655245900069,5.9311045328258,15.65109465938,19.562479172589924,101.70309536719243,CF,lowlight,1,9374.95498916776,0.2816055715084076,0.18567505478858948,3.991058349609375
1448430112350839,11.026769583975025,-8.632346605323722,-37.39287395438881,141.9592152078414,GN,lowlight,1,15867.667913685056,0.40751171112060547,0.24640463292598724,2.7037086486816406
711741309997504,-35.434392939173,-67.582981443437,-32.58226475629528,-68.28549072237725,AR,lowlight,1,323.6822826552358,0.1342858523130417,0.051990680396556854,4.673471927642822
330646891800305,14.870259800656,-24.373949477736,43.91363441737195,22.17821790743474,CV,lowlight,1,5442.241529753763,0.31504103541374207,0.17402230203151703,3.2633614540100098
844947319428707,12.572384044567,-70.044602664275,-1.0122192890361918,-80.64061114026049,AW,lowlight,1,1910.2801055373816,0.24018540978431702,0.012372612953186035,3.0933523178100586
1424082877926694,39.063764515107,125.77381801639,40.247509277721065,116.47349794148371,KP,lowlight,1,806.5970485847964,0.14807449281215668,0.02269500494003296,4.840667247772217
262049738998529,15.746495092756,-86.857367093038,15.477730739952298,-88.0912164114011,HN,lowlight,1,135.47306955367176,0.9014564752578735,0.8683545589447021,0.5523260831832886
2941932222749741,8.8904169624644,80.720461103422,15.510512958424426,79.48720073678489,LK,lowlight,1,748.2090773914962,0.293489009141922,0.09325525164604187,3.290738344192505
2957416491247002,22.534707236092,-79.367474703615,54.80003284257249,8.414615117310849,CU,lowlight,1,7839.491897188297,0.39697524905204773,0.19606275856494904,2.976539134979248
1339793246404338,78.178055846086,15.902100697497,77.72898287649866,15.469558930491845,SJ,lowlight,1,50.93322957562587,0.5748867392539978,0.4309934973716736,2.388711929321289
742849163058043,7.9945228460384,126.06338592216,-7.261984176119879,109.76674822975718,PH,lowlight,1,2478.3180891167867,0.8610323667526245,0.8385946154594421,0.9364012479782104
487902825754300,18.349709806038,-64.886627593059,42.23707863807003,19.37638367552103,VI,lowlight,1,8187.1100939020225,0.16376051306724548,0.06960158795118332,4.692899703979492
188819323085799,41.434692972264,43.314083402676,41.35617268090728,43.38094511152989,GE,lowlight,1,10.360349832709177,0.22023630142211914,0.0017626583576202393,2.7759265899658203
449823653747421,53.88835461402647,-122.76729722632489,51.20003313875584,-114.05409699846517,CA,lowlight,1,660.0907391680032,0.7957609295845032,0.7025765180587769,0.9031240940093994
227770655816183,49.479739351354,-2.5890746408905,53.48656242253945,-9.029213491685777,GG,lowlight,1,629.9099234472787,0.8662934303283691,0.8529823422431946,0.9722763299942017
216079839905055,19.324976978962,-81.381549997813,26.028184838323753,-81.5181684637055,KY,lowlight,1,745.494263189291,0.2698669731616974,0.09986872971057892,3.4262583255767822
828630294440097,3.9058095275261,11.829761470611,44.02273094637063,22.16199842342768,CM,lowlight,1,4574.619310397022,0.40789341926574707,0.30263903737068176,3.4332282543182373
860118858181209,-20.177979,57.661693,-20.24906471154309,57.496867972406356,MU,lowlight,1,18.928344409556573,0.946843683719635,0.9242981672286987,0.29273390769958496
114507540681851,35.729256605436,128.41830771074,-6.69714187321554,106.72289999976871,KR,lowlight,1,5234.575620367157,0.17126743495464325,0.0668286383152008,3.7607522010803223
661381454786146,-18.972548731094268,29.805283361910963,-25.319452052559836,31.09904278259774,ZW,lowlight,1,718.1929618136096,0.6232636570930481,0.3456127941608429,1.222854733467102
222747492577837,61.352664593679,27.429725107498,59.58930217531505,15.726367783236494,FI,lowlight,1,669.634305667948,0.2799598276615143,0.19504690170288086,3.718712568283081
138806294926443,38.717835758735,58.495184798492,45.17510704116807,74.1233038988618,TM,lowlight,1,1474.924220595186,0.46291184425354004,0.047286272048950195,1.4824637174606323
135421499385396,13.275246919086468,2.911011286873044,-24.247826671652234,31.66656804629603,NE,lowlight,1,5211.562878465198,0.28728029131889343,0.10110774636268616,3.2497196197509766
517034622643483,-9.0920015075631,160.82242285539,-9.387863578401998,159.55208960014482,SB,lowlight,1,143.25036484343627,0.8204566240310669,0.7738666534423828,1.0088136196136475
2526299567665760,35.829307962213,14.558295593658,38.02339476816937,12.979724917791927,MT,lowlight,1,281.4331308626483,0.41838338971138,0.19496026635169983,1.9571011066436768
281947363629492,78.231350087799,15.142395905188,78.26167784172311,13.056703143335515,SJ,lowlight,1,47.35977195119373,0.9440208673477173,0.9227097630500793,0.33906885981559753
309954333906145,40.335258934887,19.990673334292,36.09403461992962,36.127510581114386,AL,lowlight,1,1484.0211060159315,0.5324341654777527,0.22783079743385315,1.2415703535079956
163258222377928,-8.7192284268616,160.86453616743,44.00455613942501,22.146138129466014,SB,lowlight,1,14428.80960706374,0.31393536925315857,0.12006594240665436,2.8826568126678467
497041608993768,7.354967160960991,134.4972694391149,-26.949678275919297,-56.89633501596634,PW,lowlight,1,17526.33092160388,0.11478665471076965,0.060777079313993454,5.260628700256348
325055798982586,-10.203132697528,31.216979658259,-24.372319259776823,-54.01579144545167,ZM,lowlight,1,9063.714959450184,0.4307265877723694,0.15569180250167847,2.0682923793792725
361816321938390,12.57472666996,-70.041979864956,-0.970936328410629,-80.60655938924216,AW,lowlight,1,1904.7149587876777,0.6876583695411682,0.4069717526435852,0.8561655282974243
1145510005966861,18.05148025828786,-15.896397560721027,36.3241598869544,43.84738600360927,MR,lowlight,1,6147.162218530896,0.2630995810031891,0.06713292002677917,3.1881766319274902
262345932212210,15.140006372867152,39.26672870985676,7.514976932162678,38.12127787081283,ER,lowlight,1,856.9978800925688,0.7333029508590698,0.7078520655632019,1.6460785865783691
901986960835723,13.278551582622178,2.917996515380901,-28.338618135480914,29.971506354594805,NE,lowlight,1,5467.016820403331,0.4191621243953705,0.15569010376930237,2.3717973232269287
317050140097070,43.4276581353825,24.38127115862344,44.005144769772386,22.22817104302216,BG,lowlight,1,184.56415464191412,0.7146404981613159,0.6578340530395508,1.8762726783752441
994714827967018,22.682567905302,39.11769149111,24.753379678406993,54.9144342180731,SA,lowlight,1,1623.5994879387254,0.1440754234790802,0.037464335560798645,3.7547411918640137
145209974249665,16.762668175828,-62.220769939941,17.137677700019175,-62.34818544180865,MS,lowlight,1,43.846192375853676,0.4771853983402252,0.151823490858078,1.2852309942245483
763480160945552,3.114388438698,31.177872023014,7.4019209715847305,37.941900687871026,UG,lowlight,1,887.6713395666804,0.21806438267230988,0.1419709026813507,4.014516830444336
4405163029511350,43.682079175037,23.978223195064,43.570101285052594,21.436169935178622,BG,lowlight,1,204.97853122571783,0.2364499270915985,0.015365347266197205,2.3429224491119385
326659798812032,12.410385336248002,-16.110049424682003,16.617972853855253,73.44977608294211,GW,lowlight,1,9569.816609477188,0.19215521216392517,0.058355510234832764,3.163424015045166
895631547651467,12.080356238018,-61.704118318475,14.600893487862812,-61.03186295076327,GD,lowlight,1,289.55324203176065,0.9929034113883972,0.9896994233131409,0.05284527689218521
953292548822411,18.0817933464398,-15.894888251115804,7.370817781107706,38.1700953809854,MR,lowlight,1,5962.630411604744,0.43733566999435425,0.2530577480792999,2.28310227394104
1179673359141283,-27.440457092686,31.884625638401,-25.311566270456353,31.78822218729716,SZ,lowlight,1,236.91654642406237,0.9998071789741516,0.9997430443763733,0.002389750676229596
1391570534555001,12.121586777999,-61.634729332904,14.21207940066636,-60.90487116248874,GD,lowlight,1,245.51544977763697,0.4807572364807129,0.12940388917922974,1.212480902671814
1931718050309638,42.316673318457,42.610766550542,36.36633488917292,138.42333441867657,GE,lowlight,1,7804.879427247454,0.34185361862182617,0.24195992946624756,4.125765323638916
1441784959495240,18.614866388889,52.371751388889,24.54892548681646,55.631020016231716,YE,lowlight,1,740.8137821138105,0.6502092480659485,0.6086819767951965,1.9417328834533691
1092193684624091,13.222041768155,-61.27004985443,15.63791537053596,-88.35826864097137,VC,lowlight,1,2927.4186182552808,0.32002493739128113,0.2548424005508423,3.720177173614502
545855749735091,44.933679619312,10.542218724088,43.512705649005625,21.60780283473045,IT,lowlight,1,895.0678729129219,0.3861718773841858,0.07677796483039856,2.090737819671631
2774084016236056,4.2465653216704,73.54886569526,-8.424702143862188,115.28734121066542,MV,lowlight,1,4838.000479125707,0.2711610794067383,0.003004699945449829,2.759190082550049
193239609283383,16.442716181297,97.600636667113,24.81493938200098,120.92984309419607,MM,lowlight,1,2595.2718477456606,0.12523750960826874,0.005971632897853851,4.305187225341797
838605060406461,-38.684857801033,-62.245177670808,-44.05801261783928,171.347766740562,AR,lowlight,1,9358.494182596343,0.3067263662815094,0.041582196950912476,2.0141658782958984
1398766300483374,-20.281888888888,139.05741666667,-19.992847613883075,145.93542740109896,AU,lowlight,1,718.7143712967194,0.9735292196273804,0.9491673707962036,0.1366930902004242
309592324146292,-40.470381504032,175.24679558692,-41.29146835485102,174.7995963295092,NZ,lowlight,1,98.73824459199389,0.4050165116786957,0.05229613184928894,1.4468772411346436
787330225321281,78.186979979764,14.79210601878,78.27083908677577,13.972074669092585,SJ,lowlight,1,20.80767644135623,0.5703718662261963,0.30442294478416443,1.8633129596710205
481435006457069,41.714515597444,19.778002854189,42.78268599520856,18.682803146123454,AL,lowlight,1,149.10716621662118,0.13599205017089844,0.04249443858861923,3.987042188644409
562746315113072,-21.036239487922,55.673092800575,16.00579941124325,-61.66056691589612,RE,lowlight,1,13424.115522755741,0.2902611196041107,0.013866186141967773,1.6085705757141113
251075026766241,42.736773777269,78.935492923137,41.207838947876446,71.5522387232213,KZ,lowlight,1,633.3654344917146,0.22461283206939697,0.05788598954677582,3.753746271133423
4010096302418176,13.274118,121.232275,14.93596946877274,120.83375222738167,PH,lowlight,1,189.72102651237552,0.701897919178009,0.5095652341842651,1.0760879516601562
385537683018740,8.58587702121514,-10.943586617629483,23.843066202011006,90.37169916766871,SL,lowlight,1,10755.321273418367,0.2097475379705429,0.02852645516395569,3.4005813598632812
180372857328994,49.843429916622,73.222888258927,40.735062381093265,-113.37959472311569,KZ,lowlight,1,9922.5693401582,0.6262133121490479,0.5827113389968872,1.892849326133728
907851513392138,-18.164645479454,178.22136593468,43.966117178034544,22.161449991666903,FJ,lowlight,1,16378.572762313883,0.7113012671470642,0.69129878282547,1.956106424331665
1131598217344189,54.864195040685,8.7383931888414,52.72525924582067,-2.199669722899287,DE,lowlight,1,755.8283143756739,0.07067087292671204,0.009378131479024887,4.883305072784424
3247097405547891,33.97288015656933,71.60789771722264,31.59152234839493,74.27311238139734,PK,lowlight,1,363.55619155926064,0.39534157514572144,0.15621794760227203,2.29888916015625
1063412324270300,-15.431355385415,167.20499794568,-1.8445288314286126,149.78862629016527,VU,lowlight,1,2435.010954528848,0.9972514510154724,0.9959060549736023,0.02545679546892643
478746096705872,12.1865576631,-0.3910576992899,12.542720469319091,-86.843011090497,BF,lowlight,1,9338.05530755437,0.8767193555831909,0.8509390950202942,0.863113522529602
163486722253544,18.376454722061,-65.907019733384,26.101853304275554,-80.2180967300672,PR,lowlight,1,1703.2086648673683,0.6189062595367432,0.46320733428001404,1.7671796083450317
1394646127681740,50.27605756468763,-5.022433442071348,53.294768014800134,-1.5671444156153564,GB,lowlight,1,411.1862687702102,0.09396994113922119,0.017364412546157837,4.836470603942871
311036310426740,10.534375285392,-85.108561963834,-25.059265712093158,31.9470517527454,CR,lowlight,1,13215.614648381305,0.5288709998130798,0.39537739753723145,1.9480494260787964
180655490594869,-4.2955834051727,39.583247618282,44.02924109392295,22.209003316061747,KE,lowlight,1,5647.3399123611425,0.1729499250650406,0.07903267443180084,4.194001197814941
225040172344104,54.10668466178,-8.5444506137227,45.90746640711513,0.6976107006104991,IE,lowlight,1,1123.8193559079411,0.20678631961345673,0.05048726499080658,3.4450576305389404
590599688583224,62.579080335013,22.030513453623,60.34272199024667,24.782373714260043,FI,lowlight,1,288.40235802470175,0.6504942178726196,0.6058217287063599,1.994377613067627
378410597431210,11.755141729610802,11.99142765025279,36.24366208859995,127.21198027567581,NG,lowlight,1,11394.614258542848,0.5281533002853394,0.46883654594421387,2.6249096393585205
769560623930363,13.781555904684,-60.954984062834,13.85829069431294,-60.96761994920629,LC,lowlight,1,8.640914113950842,0.664259135723114,0.5137777328491211,1.727294683456421
191217559525689,10.598613143242,103.76819114404,16.456907402014334,101.63609604017176,KH,lowlight,1,690.9517570096466,0.15379011631011963,0.08528181165456772,4.210738182067871
960119301406916,8.934567996624,15.810201192055,10.09995020867134,-13.411662486075342,TD,lowlight,1,3206.18425617679,0.7974618673324585,0.7350460290908813,1.054234266281128
162029952434974,10.416592641005,-6.9267518159549,17.84960955953261,98.98969705281561,CI,lowlight,1,11298.932066153417,0.3228206932544708,0.18108992278575897,3.470231056213379
777563772895063,60.262939806644,20.372533414245,60.25515948397876,20.163121698483558,AX,lowlight,1,11.583812521552787,0.17583508789539337,0.022363662719726562,4.095754623413086
483016122754010,8.2177331232449,-10.640871255174,50.79878385428335,5.750004232047967,SL,lowlight,1,4969.523988665876,0.17001746594905853,0.06356905400753021,4.58635139465332
945669026244322,32.28289364111786,34.89665697754903,44.05023891771726,20.909793567731406,IL,lowlight,1,1785.8887244808623,0.2657206952571869,0.16682219505310059,3.616408109664917
834907740772712,-51.828914124143,-58.391576104278,38.170591762428565,-111.16667583686417,FK,lowlight,1,11237.993979425864,0.1786462515592575,0.01765081286430359,3.1128921508789062
315786796574792,17.029958580939,-61.837386119134,45.09357209317603,20.172743660154776,AG,lowlight,1,8057.978816454047,0.27751898765563965,0.18163733184337616,3.5312447547912598
3935353219835220,5.0624805680856,-52.559930285878,-22.763905908992147,-47.617754603723355,GF,lowlight,1,3140.442562146016,0.3294016420841217,0.018119364976882935,2.6414244174957275
703624374104706,11.148071748184186,42.461472571281,32.049125952425214,-8.802202976988177,DJ,lowlight,1,5722.903741407272,0.2406630516052246,0.1284855306148529,3.573772668838501
552376936150414,45.747934121718,28.392399493234,47.694243482727074,27.925354864174402,MD,lowlight,1,219.32740664252475,0.26086297631263733,0.1032913476228714,2.4942727088928223
279990610516417,-25.052590421722,25.938389437355,-25.224683891327945,25.822334930667935,BW,lowlight,1,22.420106104972007,0.5310163497924805,0.34298428893089294,1.7924621105194092
244594784129468,17.181606776437,-25.056350793491,28.85494426478682,-17.799095458659448,CV,lowlight,1,1494.4620521440881,0.5477703213691711,0.4610874056816101,2.25258469581604
916296905814911,29.986443376454,35.073653850875,31.305861383855827,35.42737836379892,JO,lowlight,1,150.56410268440018,0.47627291083335876,0.20787018537521362,2.041168689727783
160409959286661,13.609489121743,-15.203056960483,34.96365832118987,10.405785565366042,GM,lowlight,1,3496.9884401430104,0.7047660946846008,0.6433537602424622,1.9339267015457153
375549574325666,-8.088511666666667,156.78238944444445,14.185907916905387,-60.90299609035524,SB,lowlight,1,15853.056602260001,0.8085964918136597,0.7503812909126282,1.1342891454696655
6504127516293875,-20.153986376711,28.58502890468,-33.31106420291943,26.58320633930711,ZW,lowlight,1,1476.3415322038586,0.4265694320201874,0.37746769189834595,3.667401075363159
955352585280405,53.073543217589,5.6644949286343,53.0749670274205,5.608319274367045,NL,lowlight,1,3.7560757209970492,0.31209295988082886,0.19330765306949615,3.1650233268737793
198798338740227,41.487329996943,45.08669320994,40.802218588344324,19.57083531760859,GE,lowlight,1,2130.1764334857994,0.3608029782772064,0.17740856111049652,2.5275418758392334
747640439246618,6.555528380315,-10.331525634335,0.35250646199440877,15.952769429789672,LR,lowlight,1,2996.29981242523,0.8122835159301758,0.7798143625259399,1.2769296169281006
537333261008423,39.113511978868,117.21046994629,35.854485250743174,115.48935991926334,CN,lowlight,1,392.8984444025059,0.8131706118583679,0.7951376438140869,1.3955278396606445
5205930492794121,13.596220054527333,-87.36529096486619,16.58909128459462,-95.15765639743832,HN,lowlight,1,900.1973310638614,0.12438371777534485,0.006291404366493225,3.83595871925354
282961036881213,36.025363064061,14.258923344808,40.60400954606253,17.985732727639544,MT,lowlight,1,603.9455215947531,0.28519898653030396,0.06691500544548035,2.446396827697754
2898417523733065,12.385310410818,-5.9561351141694,-25.203800090873216,32.13848551036905,ML,lowlight,1,5874.584601181928,0.8970609307289124,0.8638092875480652,0.6408296227455139
814006309495024,18.427369706947,-64.568261557542,17.133410205946525,-62.296400508714434,VG,lowlight,1,280.2921228177153,0.37102431058883667,0.1337711364030838,1.4151496887207031
363924908375174,-4.7913317580586,11.855642981142,-6.819438016139658,39.26857890738079,CG,lowlight,1,3040.4541519946247,0.6383652091026306,0.45489558577537537,1.2598680257797241
520091355848418,69.217861349712,-51.109419049396,63.82952848430846,20.265485582354334,GL,lowlight,1,3029.3169503946797,0.37100517749786377,0.09498077630996704,2.404292583465576
840734783196696,32.126256113931,44.324859980182,33.666843836784516,73.08788795947466,IQ,lowlight,1,2682.2951176719966,0.22145523130893707,0.07999072968959808,3.4229750633239746
226163689282727,12.168906318554,-68.967070805139,16.383349783436767,-61.49299492347437,CW,lowlight,1,931.609356667685,0.16217167675495148,0.03720909357070923,4.403183460235596
341214407334376,-19.377102833928,34.400509607794,54.90769129095923,36.12711086576583,MZ,lowlight,1,8261.72181950836,0.31179505586624146,0.13567805290222168,3.2601144313812256
894968224414635,34.986110625975,32.668982915426,34.99887827747994,32.66100141860232,CY,lowlight,1,1.5950445663910398,0.7584081292152405,0.7278077602386475,1.463884949684143
462694431488011,18.632063011792,-68.389902993932,26.108584953100173,-80.22506145162343,DO,lowlight,1,1472.488917055104,0.17194627225399017,0.08531640470027924,3.914170265197754
857893648147331,-10.905676698416,14.247198141961,14.313775387384998,101.28267668755782,AO,lowlight,1,9992.045581283523,0.4475627541542053,0.36881718039512634,2.7771332263946533
382009819762071,39.329365017441,27.62045985936,38.319955120241005,30.52201756079483,TR,lowlight,1,275.2608261404942,0.23941797018051147,0.09786319732666016,3.1612210273742676
271875871339932,11.850545983225,38.038235893261,12.546216848039657,31.074080001093513,ET,lowlight,1,760.8113723527381,0.9991664886474609,0.9986639618873596,0.007739004213362932
525646118616107,-15.637682963249,166.84078278513,-4.778927067473803,143.01846959064505,VU,lowlight,1,2868.5800317016324,0.19634635746479034,0.016223102807998657,3.4500527381896973
2982805328705469,64.437207664635,24.181485346398,54.60959247689331,25.04288835482925,FI,lowlight,1,1093.8346176083742,0.14538997411727905,0.029092974960803986,4.342189788818359
320116623608771,23.185410152402003,91.17769833999328,22.82519081374718,90.76174218814728,BD,lowlight,1,58.454074495024535,0.9452582001686096,0.9205915927886963,0.37929224967956543
803534963702486,51.121882315762,3.1082009025971,51.11753131525952,17.119026184470073,BE,lowlight,1,976.4278823350686,0.1482168585062027,0.0903530940413475,4.288514614105225
376395010415901,13.924250043571,-61.056412107275,5.10783634930944,153.340056890102,LC,lowlight,1,15669.891528745273,0.1339407116174698,0.008531242609024048,4.383111000061035
303078421392591,-16.446930463398,-152.24847310031,15.080873834057124,104.32649380537325,PF,lowlight,1,11873.201333875204,0.23185200989246368,0.06795622408390045,4.043657302856445
312172783608841,49.510993358681,6.3452033888591,48.82412845655738,21.512838338723803,LU,lowlight,1,1103.5234111162565,0.48976290225982666,0.37763500213623047,2.8774495124816895
6235880006437043,-3.1366812272296,-79.214143657851,5.470604798470332,-73.55832061398965,EC,lowlight,1,1144.822850163499,0.7471706867218018,0.647068202495575,1.1567714214324951
965921670819949,-10.479678823577,105.67386300715,26.033580134495356,-81.45841672021436,CX,lowlight,1,18129.946316420323,0.16121068596839905,0.06314850598573685,4.352402687072754
925871031561258,-6.2639877158616,107.06741782953,-6.221103556182308,106.86216749510807,ID,lowlight,1,23.183178667318252,0.43686872720718384,0.08611157536506653,1.2814016342163086
1164097447347216,4.8674337462563,31.519362784566,8.002788793496979,38.95508487095583,SS,lowlight,1,892.4096288340024,0.494497150182724,0.1951969563961029,1.7977534532546997
4396227090475829,-1.2678653976589,36.678122304876,12.577135683732534,75.27400783769293,KE,lowlight,1,4528.843192271527,0.5611876845359802,0.3836648464202881,1.8050874471664429
865652107497194,25.981085501999,50.457665915183,26.023510923375902,50.54439954293332,BH,lowlight,1,9.868676033213143,0.26606833934783936,0.01222240924835205,3.162949323654175
299799271640333,2.1039771270774,45.331583431777,13.57826305021759,78.35777220894587,SO,lowlight,1,3848.228156955315,0.4876650869846344,0.3759554922580719,2.4409964084625244
461018955189846,14.544694692651,-60.871651329228,11.602015169893214,76.74524367438568,MQ,lowlight,1,14514.448994617664,0.2313794642686844,0.0812864899635315,4.158210754394531
848673612668103,42.673726026337,20.952183058644,42.95332368508378,18.32160810839297,XK,lowlight,1,216.8051530407824,0.4233652353286743,0.32212263345718384,2.628666639328003
1416342685418545,-18.613385898721,-174.00201190817,11.667025139600266,76.34191139413248,TO,lowlight,1,12468.489436791864,0.5524708032608032,0.4506154954433441,2.096095085144043
494963678607139,41.553688076193,76.443594560854,-43.016937346534064,170.9495241064158,KG,lowlight,1,13310.428689513643,0.8305009007453918,0.776010274887085,0.9694216251373291
219389349648885,10.15103545444,-0.08621895664982,10.461538351587688,-1.1579507900107755,TG,lowlight,1,122.22601195067847,0.9989720582962036,0.9987026453018188,0.010847313329577446
3089177431309627,15.373065639057,-61.261521114061,16.014276910086775,-61.67974105267712,DM,lowlight,1,84.19006711305032,0.6728633046150208,0.4725341200828552,1.4116525650024414
267446095163419,-24.410317211088,31.569065250692,-25.2757052053553,31.862688896483697,ZA,lowlight,1,100.68459722950962,0.786279022693634,0.6600421071052551,0.8442859649658203
302215634735033,41.271908839255,44.308127758638,14.599045275950052,-90.76202984540835,AM,lowlight,1,12276.521535279166,0.11824112385511398,0.05807974934577942,5.5141448974609375
2667851503513129,17.27324849632742,52.95912218803253,17.455355390876047,53.10753072197572,YE,lowlight,1,25.653566834840383,0.9303362965583801,0.9178599119186401,0.5412752032279968
153409713461640,8.790179318271212,17.833063690255294,13.306068517996318,-7.952432089256585,TD,lowlight,1,2856.8489052057917,0.11692697554826736,0.015037506818771362,4.174402713775635
197648665524336,32.845770012076,3.9393382718177,15.176968770292074,79.30575699356456,DZ,lowlight,1,7750.92797948198,0.5900441408157349,0.5341433882713318,2.388944387435913
186111083366529,51.38944480684,5.6393438286668,53.947495914264266,10.805124935443052,NL,lowlight,1,449.5214988401142,0.10402962565422058,0.011998429894447327,4.136242389678955
2778308682433187,46.907087389519,21.768223720096,50.398248090404415,17.25803670806519,RO,lowlight,1,510.16327909879897,0.17742666602134705,0.08722073584794998,4.504025459289551
937732960392917,57.179863762985,9.5235696942098,57.13970727583828,9.587183833523744,DK,lowlight,1,5.886658589473479,0.9904627203941345,0.9875909686088562,0.07513026893138885
1146261095856485,7.3615432427089,134.43713448334,14.629047179027575,-61.09631571382012,PW,lowlight,1,17029.545978632308,0.5546398758888245,0.37592005729675293,1.3746302127838135
481510253092194,55.547652479706,10.237061583967,56.02691280934407,8.473172884808116,DK,lowlight,1,122.47678889515748,0.15492913126945496,0.10227110981941223,4.651366710662842
373515770750013,52.085212737279,23.57416942403,51.176454613135874,22.767965176258773,PL,lowlight,1,115.35585341915976,0.40375950932502747,0.29586753249168396,2.984222412109375
509958026699758,8.7996562999047,17.834358755261146,44.00416658444225,22.310562160253316,TD,lowlight,1,3938.4599571679864,0.6676158308982849,0.6014584898948669,1.634031891822815
898715014311013,48.970224789976,9.8639365242088,43.51935621419701,1.1244787054696368,DE,lowlight,1,903.9501214154053,0.5320972800254822,0.47157663106918335,2.676727771759033
1199206943853136,-16.678932002412,-60.816984800192,-34.152106177117425,20.763438548996966,BO,lowlight,1,8218.085404271236,0.179029181599617,0.06442252546548843,4.10154390335083
498260671492955,-38.013275055456,-73.225185383762,41.94643689139192,23.667354648515882,CL,lowlight,1,13211.571082741491,0.3054114878177643,0.13235777616500854,3.0553159713745117
894859321231304,12.227082918058008,-69.07847800166279,5.163275068158102,-1.2124684232844345,CW,lowlight,1,7484.202620332943,0.13460081815719604,0.01204865425825119,4.140931129455566
1389207538112280,-18.237830811581,177.83923612892,-7.26614861980226,109.76341297084387,FJ,lowlight,1,7445.721258541132,0.8266830444335938,0.7927857041358948,1.0583159923553467
853984918525885,16.723203555806,-62.23130997289,3.277519898966565,-75.16959899637008,MS,lowlight,1,2057.257567031008,0.416376531124115,0.3295147716999054,3.2605817317962646
122049223635653,-9.093844554597762,143.20550105803093,11.943750732659742,-86.33325231505115,PG,lowlight,1,14596.607385357904,0.1807927042245865,0.14239349961280823,5.253846168518066
503430330798585,15.754797111762,-86.834109918362,15.564829923705597,-87.39039858159003,HN,lowlight,1,63.19523804152266,0.4645097255706787,0.02618083357810974,1.1672378778457642
909387153127451,28.736208967151,48.003263644262,29.982380941263983,31.68072295251309,KW,lowlight,1,1586.5797360654055,0.9811175465583801,0.9733262658119202,0.13621053099632263
906902016543352,31.331782024306,46.203432956327,16.78033791932374,78.47381561206394,IQ,lowlight,1,3634.979861500499,0.5268006920814514,0.4088582992553711,2.6918845176696777
2928214434172169,1.1206763559822,104.10141369167,1.4094789748142835,103.79204261944957,SG,lowlight,1,47.054056014975146,0.2669650614261627,0.007286131381988525,2.6701014041900635
450152016285778,44.280050101707,22.571319099243,44.09688983508784,22.44541590647085,RS,lowlight,1,22.706089029316928,0.8642625212669373,0.8318151831626892,0.8373602032661438
364335675754039,27.44091865174831,89.6695301948495,13.631509235745272,79.38453172744784,BT,lowlight,1,1869.903582253644,0.7733012437820435,0.7270248532295227,1.2566697597503662
1465192193846342,49.242897458505,-2.1257188472841,53.15770348434995,-0.7036250814227978,JE,lowlight,1,446.4163800288631,0.2763943672180176,0.13387593626976013,3.037581205368042
307943760727803,32.017590561359,35.44667005004,31.063480513766915,35.287014958824116,PS,lowlight,1,107.16560224882205,0.41792869567871094,0.05278688669204712,1.6365585327148438
460785571683103,37.925916394446,71.433043060589,41.953618611764554,44.308896287040966,TJ,lowlight,1,2345.1479141456134,0.10073332488536835,0.03809991478919983,5.159984111785889
1128725237604299,-29.134916665635,150.74974999676,-29.342731158668627,149.69075279682247,AU,lowlight,1,105.31796443755795,0.6269607543945312,0.5370656847953796,1.7722777128219604
490647468911155,40.963268605415,72.227703152599,47.287706971482564,28.806051042281236,UZ,lowlight,1,3489.3566329119076,0.30080440640449524,0.06546016037464142,2.432873249053955
333643931662411,5.6383973900144,16.079947991405,-16.684715612124393,-48.62921335961341,CF,lowlight,1,7530.766830078052,0.2464793473482132,0.09648251533508301,3.8653361797332764
1227174381045729,47.768093183573,107.23115509769,48.22248001338898,14.620637727137616,MN,lowlight,1,6435.385367589443,0.13657280802726746,0.07534028589725494,4.642672538757324
1407497409603690,3.0843020507054,19.86280519181,19.674389691576902,101.50815993626263,CD,lowlight,1,9017.755638322446,0.23136378824710846,0.09975750744342804,2.9986050128936768
3723636841075361,45.568657163831,14.018918146853,44.337198784805025,20.867763884134007,SI,lowlight,1,555.872241342601,0.16007566452026367,0.017660677433013916,4.328915119171143
165305525550262,8.3525370889256,-10.025850369874,-26.650004548203874,-54.11448152402216,GN,lowlight,1,6143.552150063008,0.30961883068084717,0.10204356908798218,2.5407705307006836
340729614142712,18.491135,53.019456388889,55.0903025467625,8.488035079226643,YE,lowlight,1,5524.7381574659685,0.16464763879776,0.022252067923545837,4.0993194580078125
454659182301876,-11.625933853582,43.262174830246,-12.821286892893793,45.19065825866693,KM,lowlight,1,248.16743768789178,0.5990411639213562,0.48821520805358887,1.6676807403564453
668193423973890,-24.287426139806,25.329460617088,-24.162048118516516,24.768301875707177,BW,lowlight,1,58.5863141250112,0.29230886697769165,0.12932391464710236,3.051541566848755
838630760070492,25.060757368329,105.86456403205,43.87886785890095,21.961105655744614,CN,lowlight,1,7641.19357029674,0.8136477470397949,0.6982789039611816,0.8679367303848267
390606075408650,42.986310463262,19.555681585034,44.69147505782632,20.51962080408091,ME,lowlight,1,204.75755859079678,0.4812600016593933,0.4310314953327179,2.9936437606811523
131134676170300,-12.948481303182872,45.128315287832365,1.6081457789534377,11.860446043234678,YT,lowlight,1,4011.3773822906264,0.18871255218982697,0.024071529507637024,2.690685987472534
1792656240942534,13.919496365755608,-90.97051612073146,16.918522521240714,100.60734425680612,GT,lowlight,1,16358.008064346322,0.21961472928524017,0.1352616399526596,3.6998252868652344
170823461623752,16.241110201764,-89.025642613932,17.314867851483157,-88.46297888753088,BZ,lowlight,1,133.57998151406858,0.3044722378253937,0.1071772426366806,2.605551242828369
326797512347685,20.477204466217,103.99483406515,21.59660749616662,102.03402059752518,LA,lowlight,1,238.54412312261263,0.6092782616615295,0.3151393234729767,1.125867486000061
603719283920573,40.194963555707,44.545682589004,47.00126972210476,28.84593088164178,AM,lowlight,1,1469.472790724933,0.3187186121940613,0.11288757622241974,2.1922006607055664
307023807471036,48.822446939892,15.635962976885,54.23909008594871,28.291148325841547,AT,lowlight,1,1060.1474697060207,0.22820615768432617,0.006977289915084839,3.238816738128662
1360919617610849,48.744206328516,20.484833979395,39.359676362245594,-76.61442798990281,SK,lowlight,1,7289.852908276377,0.07561592757701874,0.009656883776187897,5.031681537628174
4130359377021158,12.744808419842,-86.016174505038,13.51633311754474,-84.80151482412182,NI,lowlight,1,157.03624751678444,0.5271100997924805,0.4357246458530426,2.263477325439453
186509513837116,-9.162518629974178,125.26855431414576,-6.730174271779688,106.82348871269828,TL,lowlight,1,2048.902517542664,0.7034452557563782,0.6110885143280029,1.2858935594558716
305027981215954,-18.157704641057,178.42394691893,8.398807627835147,76.79336196463964,FJ,lowlight,1,11519.027328579,0.19828467071056366,0.08493053913116455,4.1078667640686035
156576193076602,-0.78254800116056,36.454570001926,11.947882424938387,-86.38872519567042,KE,lowlight,1,13591.753108275982,0.5671111941337585,0.4895201325416565,2.0044374465942383
713195779986935,15.71706020536666,-87.91892889999826,6.027579135689439,-75.15084376161126,HN,lowlight,1,1760.5000582700284,0.3069380819797516,0.2141588032245636,3.5681278705596924
211686643757850,18.378333055477,-65.856644722755,14.576378409778728,-61.03180075242284,PR,lowlight,1,665.7804500741012,0.41435521841049194,0.2977045774459839,2.485743761062622
1127316044444733,45.524200027704,20.00828632566,44.02329872463571,22.25533692693231,RS,lowlight,1,243.52765893225697,0.22870972752571106,0.005949288606643677,2.624760389328003
1705161749686063,1.6727266549458,109.85191823171,5.426290728278833,100.53317600173129,MY,lowlight,1,1115.0766914119556,0.515303909778595,0.276092529296875,1.537612795829773
1180959432346280,4.2166399722222,-55.441371916667,-27.083160689543565,-53.727263614166155,SR,lowlight,1,3485.2485630049923,0.8631614446640015,0.80971360206604,0.7486346364021301
152378826822821,62.297150880353,-6.3605044614883,62.45890131182238,-7.054549909502561,FO,lowlight,1,40.046627960024715,0.992070734500885,0.9889518618583679,0.05911359563469887
2163885233752606,46.261529486069,41.00615902421,45.924905802626014,40.331674280128745,RU,lowlight,1,64.07937934634731,0.7260861396789551,0.617852509021759,1.4582300186157227
828943404645761,-4.2440126883445,39.574345953224,-6.853188536396697,39.24791513726749,KE,lowlight,1,292.3674052701571,0.7447457909584045,0.696229100227356,1.772759199142456
145074444769704,19.85141683329288,-70.79678177411726,43.93162296385728,22.16121785830496,DO,lowlight,1,8720.486247841094,0.2513119876384735,0.061385467648506165,2.7382540702819824
167921538557854,32.347416850468,15.10321327924,34.792533664161375,10.750373889824195,LY,lowlight,1,486.29131130643765,0.5659743547439575,0.463547945022583,2.315391778945923
628318788994208,13.152619444444444,-59.56710666666667,43.95865302867358,22.283696854187603,BB,lowlight,1,8349.57082418268,0.34813886880874634,0.07401812076568604,2.762346029281616
842741859611073,16.018956092128,-61.581760537768,11.947663381038165,-86.33246706606707,GP,lowlight,1,2706.8181747103254,0.20494626462459564,0.06049007177352905,3.5152735710144043
310752417096783,66.229694079253,29.133889499018,63.882000228898164,19.843706215061562,FI,lowlight,1,507.16100088158146,0.2323482483625412,0.011324837803840637,3.1218364238739014
280932113713079,11.564178753638,15.28787472986,8.950277775196946,1.560712163966997,CM,lowlight,1,1529.6070965930176,0.9961344003677368,0.9956305027008057,0.04432269558310509
306629164189671,31.994107162003,34.880880875532,1.3342709004941142,103.67025738869944,IL,lowlight,1,7938.402597782961,0.7045595645904541,0.6748835444450378,1.8261873722076416
375713220429607,-20.444336397825,57.719071106087,56.59147032729727,36.72018725495532,MU,lowlight,1,8789.141477503705,0.10427883267402649,0.034627482295036316,4.5493669509887695
935998006944813,2.0128177809748,-157.40717950301,5.002309970521122,100.5999121140004,KI,lowlight,1,11315.171358591135,0.1675526648759842,0.10595567524433136,4.484867572784424
243279310922728,22.002956746269,59.647583227775,22.466736369783437,59.545773302917354,OM,lowlight,1,52.62381767071554,0.21860875189304352,0.02868524193763733,3.04268217086792
302369984598824,4.2729453578223,11.366798338452,-3.196601646613583,13.103572492454498,CM,lowlight,1,852.6989063326805,0.580851674079895,0.43864530324935913,1.7921154499053955
1410294946017903,39.031705816026,125.75630076806,45.731641273841056,8.383960715852263,KP,lowlight,1,8713.93940572907,0.25287407636642456,0.10932348668575287,3.645615577697754
557405362093639,36.954042854563,8.9131949083518,35.24402339751803,25.000244917644622,TN,lowlight,1,1456.0224517455931,0.35370931029319763,0.1447184830904007,2.1522927284240723
508273253877668,60.696459628121,23.784802432989,55.56977316637742,22.72493077086173,FI,lowlight,1,573.4271759029463,0.13055424392223358,0.014332309365272522,4.201221942901611
822631438351061,41.306291815096,76.061806069928,39.7542726709571,33.58748560348615,KG,lowlight,1,3557.8234331957806,0.2948768734931946,0.2021525502204895,3.6622159481048584
1138310456645189,43.382281881015,16.41157939924,40.603745465508815,18.03315650030939,HR,lowlight,1,336.75267169478593,0.1130351722240448,0.008242189884185791,4.536532402038574
222871899226271,-15.510435536345,40.349633637766,-25.155326353994077,32.179282918153135,MZ,lowlight,1,1368.6948692116412,0.5064757466316223,0.4007558822631836,2.246572971343994
653703302135487,21.606686370966,39.215434593079,30.000049353846894,31.67968720627729,SA,lowlight,1,1199.275172109513,0.9747251272201538,0.9691697955131531,0.19494494795799255
512353726583180,57.378685294191,22.247361108176,59.58446989189862,15.714416527161731,LV,lowlight,1,451.775463849588,0.1819131076335907,0.06138129532337189,3.6180217266082764
221188212807394,5.9007667928315,15.424776553249,-23.42478822656074,-47.432765005058414,CF,lowlight,1,7554.995391837007,0.17195995151996613,0.06033887714147568,4.351810932159424
319019459840888,18.609369461477,-74.151456712619,4.752934212223505,-74.57361250663976,HT,lowlight,1,1541.4471322232444,0.15857252478599548,0.06010621786117554,3.866877317428589
3291218371154050,-17.313447180213565,37.46183809351605,-2.3602011963397787,14.85103249333797,MZ,lowlight,1,2976.7241392735273,0.6195874214172363,0.33813682198524475,1.3689875602722168
584561212946534,-19.59947361892,169.46805368552,-7.320835743444315,109.8291507230983,VU,lowlight,1,6560.598261835062,0.20932377874851227,0.1346399486064911,4.004593372344971
304491461128491,-24.913992289767,-56.992001471465,-24.904459108413047,-57.61345242470492,PY,lowlight,1,62.68295439177887,0.4411550760269165,0.21278567612171173,2.0689003467559814
297816615150376,21.480754782652,-71.133236713743,21.46183767142636,-72.64225745229263,TC,lowlight,1,156.164185394685,0.5628676414489746,0.1839657425880432,1.0754568576812744
393440354996585,52.70481457742,27.450028836652,53.03006593027824,29.152230661881553,BY,lowlight,1,119.84248325381026,0.6785762906074524,0.6483331918716431,2.178272247314453
473720683849376,40.29467551394,43.521641209406,40.397257522305864,43.62278392738323,TR,lowlight,1,14.268215450775545,0.9883032441139221,0.984849214553833,0.10770021378993988
454870842476357,28.72600008284,48.263573067355,30.100315491121513,31.587104668316577,KW,lowlight,1,1621.0758570756968,0.633455753326416,0.4554755687713623,1.5642739534378052
151442870324225,56.727613998069,9.8232903910496,56.178512192393924,12.662671656794897,DK,lowlight,1,184.8341313051288,0.393623411655426,0.3008789122104645,2.912576198577881
3734785956631637,-32.223694448748,147.71777777513,-32.310232684016825,148.6010275279215,AU,lowlight,1,83.60123718684704,0.9614911079406738,0.9328231811523438,0.19522009789943695
2674396816191889,2.5936083377885,9.8483489898272,7.352553591246961,36.3171934967351,GQ,lowlight,1,2978.4409744595428,0.9720922708511353,0.9602711796760559,0.1944546103477478
1379450249134838,11.1299017047619,42.37458637619046,13.071324225433596,102.93500028356935,DJ,lowlight,1,6572.49859716081,0.46942612528800964,0.15498405694961548,1.8121337890625
275414690944598,-13.67751150128,-71.664754722863,5.5910292748221755,-73.48233837874032,PE,lowlight,1,2151.9374044983256,0.4378828704357147,0.15285980701446533,2.0577008724212646
1234218287109955,-20.82413546364793,164.48620687630458,44.04334555695324,22.237438113199925,NC,lowlight,1,15690.865183514577,0.2831364572048187,0.09490911662578583,3.2510366439819336
302961411491361,46.996007579057,27.801513788055,46.49879309982564,27.788384052779293,RO,lowlight,1,55.29677717179366,0.29644450545310974,0.03150162100791931,2.6333799362182617
948698085931649,49.321417002248,19.543460957034,41.87703121813994,34.692093277075465,SK,lowlight,1,1435.9741800930178,0.5375590920448303,0.3793097734451294,1.94637930393219
328279275310503,2.1101448348,45.328888943853,13.30502776368881,77.65255603620083,SO,lowlight,1,3766.504917905519,0.5130760073661804,0.28480374813079834,1.644385814666748
3938529579574500,12.745875526918,-6.8748541915599,13.370210106146754,-6.649039171113852,ML,lowlight,1,73.60587375891546,0.6828763484954834,0.542046308517456,1.160958170890808
1194874720960051,12.083080655367,-61.701340518071,16.029947902758202,-61.718398595325546,GD,lowlight,1,438.87546928374843,0.6520870923995972,0.5026508569717407,1.0615878105163574
2660802827398825,16.196727547951927,-16.262142180464767,16.810967260018952,78.38343234212144,SN,lowlight,1,9967.920205542501,0.2677057087421417,0.11064000427722931,3.294430732727051
474318140350732,-30.186929671859,28.721722313277,38.94443881223626,-109.69996692516862,LS,lowlight,1,16121.122616150868,0.2764774560928345,0.13877536356449127,3.4092702865600586
131538628927343,23.927591478789,56.89006326826,24.283122708906873,56.699601810027204,OM,lowlight,1,44.0066439008171,0.10053044557571411,0.014425672590732574,4.669516086578369
956252018280238,5.6732085786965,16.632589745091,19.804133787791894,101.43033173279525,CF,lowlight,1,9251.54747721892,0.4598104953765869,0.2778520882129669,2.370628833770752
986557568784559,47.96199867689,3.329329196682,45.21774105844813,7.6613935249752885,FR,lowlight,1,450.08891845324723,0.30358558893203735,0.19411055743694305,3.756765842437744
858888201360481,27.431311876486,89.411968800978,46.759713631973575,25.604761213884682,BT,lowlight,1,5876.00307257147,0.1532067507505417,0.028379179537296295,3.701754570007324
1122494928228049,-6.2923231452892,176.31516236757,23.11481875669144,89.67977413574401,TV,lowlight,1,9939.841701601184,0.5631210803985596,0.3393823504447937,1.6723451614379883
822289958383794,41.363620514254,46.930408712763,41.63633476943154,46.183460674488884,AZ,lowlight,1,69.20331366633238,0.30461862683296204,0.06295065581798553,2.200183391571045
507580496941067,41.24483557588,71.582892060753,43.97202708919087,22.36267060714649,UZ,lowlight,1,3979.5161320850552,0.5548118948936462,0.505134105682373,2.3940351009368896
850897392160274,15.37337039371,101.11838827961,-29.540049999949826,30.907900236255752,TH,lowlight,1,9026.940110304093,0.7863787412643433,0.7264463305473328,1.200840950012207
1479666545728283,-2.207944528615442,29.59226081231841,4.404891505914694,-75.73681993074176,RW,lowlight,1,11725.159032801525,0.32604119181632996,0.04873710870742798,2.2270143032073975
580789552886656,50.678594855093,4.8188742178492,43.98580538711714,22.42940178623854,BE,lowlight,1,1516.1188696482498,0.4557221531867981,0.33174481987953186,2.761850357055664
795872621134242,21.469950825343,-71.131968567748,21.53528286130085,-72.99693363170215,TC,lowlight,1,193.07710425845914,0.9305347800254822,0.8885894417762756,0.31389907002449036
537185557301814,21.468632587884,-71.131614335596,26.52465201576422,-78.69189328072754,TC,lowlight,1,951.3952290208637,0.7558948397636414,0.542593777179718,0.7317864298820496
533124681034633,9.6221481881675,5.9902728883701,47.16906150255648,28.384263366686564,NG,lowlight,1,4678.161929487252,0.6522214412689209,0.5922715663909912,1.8041412830352783
459637375114061,16.326241192515,-61.485416089177,44.671152678917935,20.579439749818146,GP,lowlight,1,8120.735232377879,0.32425200939178467,0.1762957125902176,3.0374903678894043
761065858107101,18.02556598756,-63.076095445477,-8.563416004782072,125.56435019403058,SX,lowlight,1,18608.364304430972,0.1946260631084442,0.12994158267974854,4.677713871002197
175886771114688,37.132743072818,71.445580058334,37.150701424071116,72.32801620431248,TJ,lowlight,1,78.24294930539519,0.5638040900230408,0.47144219279289246,2.2853381633758545
3028763490743210,44.505071370572,14.497751817403,40.66833847663945,17.870274086984963,HR,lowlight,1,508.0648686490705,0.2794230282306671,0.10487645864486694,2.8421716690063477
4083027895078105,6.922264444172,81.810604007404,12.989850989940415,76.20486663227925,LK,lowlight,1,911.9929728587044,0.2976199984550476,0.15093904733657837,3.1311211585998535
196273232181806,10.57170873112,-61.274575577684,-7.3257625182196255,109.83415308952391,TT,lowlight,1,18974.04968474768,0.5761652588844299,0.5055024027824402,2.342649459838867
311046543750546,5.8181956657151,-55.229591655912,5.836249838873855,-55.15677463161304,SR,lowlight,1,8.301440527343713,0.3835020363330841,0.11031690239906311,2.187018632888794
1340777496415094,-24.184041937054644,-56.01406804634483,-25.24461041030719,-57.512693242187574,PY,lowlight,1,191.88753301444606,0.24707578122615814,0.11453171074390411,3.1310479640960693
320265609670289,38.422783933334,-28.447899110035,37.498197852702,139.95049358725473,PT,lowlight,1,11489.783252287238,0.07180117070674896,0.012686621397733688,5.017130374908447
587462658901340,49.482634783129,7.2198204378864,56.27258794324402,43.93760691307868,DE,lowlight,1,2542.617908644711,0.5392246246337891,0.5088034868240356,3.1569480895996094
1117419915461502,-13.3507635470948,24.07831798797145,-31.072937081107458,-57.65104360388186,ZM,lowlight,1,8469.606383118815,0.573665976524353,0.4606318175792694,2.2978811264038086
293849812373143,21.729330866875,58.283925067403,24.60707969707641,55.81084184741603,OM,lowlight,1,407.78473979995897,0.3565974533557892,0.19712390005588531,3.1885108947753906
913136816207204,27.685309394915,84.245084160599,12.882943176797749,77.54884523643291,NP,lowlight,1,1786.903027801573,0.16144171357154846,0.06536279618740082,3.5833778381347656
1427947294218129,38.134538979321,20.602291273787,39.891887541840156,24.39758830952295,GR,lowlight,1,381.6641543027414,0.5644247531890869,0.34177738428115845,1.4206147193908691
950864868999393,51.137636946693,23.395299320308,51.15801680990781,22.84768683593387,PL,lowlight,1,38.2652586831942,0.5382310152053833,0.33905836939811707,2.0318603515625
223308666224105,10.524123082769,-2.6530083555487,-25.097618407143266,31.9549569746139,GH,lowlight,1,5454.631368411505,0.5663219690322876,0.45546746253967285,2.276932716369629
202168424910797,63.087501381586,29.619921161522,54.21757672367821,27.838142272454206,FI,lowlight,1,991.5638418795353,0.13257163763046265,0.01552467793226242,4.186826705932617
134334415352783,34.771117780932,10.388663407803,34.74240445656294,10.456597780848522,TN,lowlight,1,6.97928798103729,0.4213360548019409,0.01747247576713562,1.7326321601867676
1123967504754624,2.462911169111,9.8411851986574,0.5876141993780112,32.19175365769998,GQ,lowlight,1,2493.0026304264657,0.23318569362163544,0.06109572947025299,3.150089740753174
563150931329907,-16.454467194083,-152.25488087725,18.458749861486346,-73.178371173714,PF,lowlight,1,9480.040485648047,0.6008597016334534,0.502498984336853,2.0622661113739014
527782441730123,19.613317472222,37.21518325,10.781045031380547,-13.786486348336613,SD,lowlight,1,5540.392751691386,0.8363599181175232,0.8207065463066101,1.2273948192596436
874132063313509,2.1211650392132,45.325477296944,-6.609304723604251,-78.98472508526194,SO,lowlight,1,13823.669157810868,0.422698438167572,0.13246479630470276,2.1335885524749756
1414690518888723,4.4280699971271,-7.3572366993037,6.169997315612396,1.1935718483669964,CI,lowlight,1,966.3097070414005,0.586794376373291,0.3427485227584839,1.4297093152999878
1488652064809969,31.757099517069,35.492951999494,27.851870321325215,69.24618559186146,PS,lowlight,1,3272.484210257449,0.07840216904878616,0.008388765156269073,4.788698196411133
548267689892757,4.8188638046841,31.553307958678,12.258887979770373,-8.232600264284203,SS,lowlight,1,4447.2296267267075,0.39318564534187317,0.30012214183807373,3.11146879196167
151479410277523,13.926511407569,-90.820049410327,16.44572746180543,-94.92853269338744,GT,lowlight,1,522.3113188265968,0.9530293345451355,0.9419687390327454,0.35195741057395935
282741450237053,40.63918244788,14.689358309553,40.677898216340346,14.430131159193682,IT,lowlight,1,22.286359711520348,0.2975737154483795,0.11118005216121674,2.7396984100341797
466856821203613,32.362756289357,15.075112091192,34.75827687714192,10.76364222025754,LY,lowlight,1,480.0763458638611,0.24705453217029572,0.07433247566223145,2.978647232055664
503692787493112,-8.4956747146718,28.873913205907,13.23017191935953,-7.928347185688476,ZM,lowlight,1,4727.53454224784,0.24309591948986053,0.09424984455108643,3.1126952171325684
129527739201981,50.74400552946,15.089402768176,50.919920956662125,14.718013627486688,CZ,lowlight,1,32.602712019986505,0.34791600704193115,0.08132106065750122,2.4050803184509277
459080448727005,43.398268683651,17.872251876102,42.93430858636357,18.606091631811587,BA,lowlight,1,78.76298976880634,0.2815360128879547,0.08205656707286835,2.586488962173462
2599771000325900,10.491317886291,-66.940783689543,4.415602310668167,-75.85482228231007,VE,lowlight,1,1192.2129823530188,0.4557900130748749,0.374328076839447,2.582430362701416
1586218158513391,-35.09726470656671,-71.96444205112698,34.65331863605363,-112.02161087709088,CL,lowlight,1,8801.234249828058,0.19447939097881317,0.08618058264255524,4.2529401779174805
790312034924185,6.4665061966066,-73.264673048874,-23.48912176227505,-47.46183711047781,CO,lowlight,1,4352.702100812032,0.4101347327232361,0.0833304226398468,1.9874892234802246
3828714587227647,-28.982228650362,17.795137519664,-28.39639932679506,18.931770845313572,ZA,lowlight,1,128.59111163138041,0.7990677952766418,0.7604721188545227,1.1975630521774292
915335685911826,-26.650343222475,31.676701721271,-25.195674174894563,32.18530107960609,SZ,lowlight,1,169.55970079847722,0.924406886100769,0.8705694675445557,0.33460521697998047
295989332000056,-21.294072972472,55.453451741806,-20.93362338173447,55.406315415186256,RE,lowlight,1,40.37729955112264,0.8230341076850891,0.7916174530982971,1.1640385389328003
762826894424335,15.953620769688,-61.226106662441,16.33189776901598,-61.462613237079225,GP,lowlight,1,49.06515881798906,0.9576093554496765,0.9239428639411926,0.22892524302005768
748877299000226,37.48624814219,-5.6260757420713,41.40203829087178,27.4568633348039,ES,lowlight,1,2856.293242994475,0.23006124794483185,0.011383607983589172,2.8871452808380127
995130811306873,23.092040987381,59.032220074214,23.581436925725466,57.55617645737135,OM,lowlight,1,160.22460390589146,0.17702163755893707,0.01637779176235199,4.300629615783691
173462692069034,50.00493277190843,-109.16881836125964,45.67788447674369,-111.7455958207638,CA,lowlight,1,518.0728359535206,0.2275182008743286,0.08252900838851929,3.1815295219421387
374397180633667,51.090338894144,4.5540810997605,50.95327738831841,3.938720615612937,BE,lowlight,1,45.65944157478997,0.2569204568862915,0.09888462722301483,3.3561933040618896
925791128266982,3.9464155812419,-59.099715656841,17.932116985180386,98.83391729345442,GY,lowlight,1,16583.93014265989,0.5791873335838318,0.5072988271713257,2.535005569458008
1008151256597783,5.4088235841337,-54.080394782482,17.743690898588262,104.75843466494644,SR,lowlight,1,16547.76874022144,0.6058791279792786,0.5611116290092468,2.720151424407959
183020897030038,12.165472591779,-68.284782803721,17.50835574707433,78.33012188857096,BQ,lowlight,1,15083.082159400581,0.4880066514015198,0.3745740056037903,2.8740029335021973
497361505026790,24.459011977771,39.707017834424,25.251326245213978,51.53352424027706,SA,lowlight,1,1196.0967307996996,0.20816998183727264,0.12577608227729797,4.393813133239746
312120757154735,47.999359257395,28.38593989914,47.11702051150502,28.88508436750296,MD,lowlight,1,105.01737251450453,0.36756667494773865,0.07468795776367188,2.0980048179626465
507960406990835,40.602484593203,70.9323931635,47.11564611664565,28.892422255672507,UZ,lowlight,1,3404.436607290432,0.39815622568130493,0.20638059079647064,2.4333913326263428
1068908920302393,28.118257713069,84.092550077463,24.673920338663976,121.73633587101362,NP,lowlight,1,3754.1986837640834,0.08081909269094467,0.006138063967227936,4.407052040100098
2455881761214087,9.3112240684333,7.2316171757752,13.245385604638603,39.18751977984928,NG,lowlight,1,3509.5339760889906,0.4847826361656189,0.4020358920097351,3.019103765487671
308361434006892,4.4588854980948,-75.339098450144,8.071643554573729,98.71383147482432,CO,lowlight,1,18473.501412360147,0.593151330947876,0.5080207586288452,1.8804478645324707
155484156583350,-42.588544997261,171.13273084297,35.446163977925664,138.66101255326868,NZ,lowlight,1,9282.568776891034,0.052280619740486145,0.012534011155366898,5.579821586608887
792143884742189,53.499641726189,-10.025130557347,53.50401360820988,-9.936194994259145,IE,lowlight,1,5.902111978502215,0.5017895102500916,0.3746228814125061,2.677077293395996
538480140482205,46.417273237497,15.981580762317,44.60963416038532,20.793897238563147,SI,lowlight,1,425.33989254720166,0.10513312369585037,0.022548004984855652,4.303652763366699
968891463855525,40.418204733364,44.58904057928,46.76549743269145,29.05068854919169,AM,lowlight,1,1433.0253391445588,0.3947433531284332,0.2695208787918091,2.750821113586426
2562980810671463,39.539716862316,22.649912734594,45.33130561251136,19.839591278198466,GR,lowlight,1,683.9277401590605,0.24155622720718384,0.048004165291786194,3.211670398712158
840569223558585,53.471437474357,30.369358954069,56.95326235434911,23.94195571983116,BY,lowlight,1,561.8494223107849,0.24303573369979858,0.12584631145000458,3.525066614151001
212713197082595,42.7199422641,21.124316375918,42.6118642345677,21.149625345152064,XK,lowlight,1,12.194589724520089,0.8540827035903931,0.8180325627326965,0.8805065155029297
300368228286972,2.6515753388508,99.632830332947,11.55138395983782,76.64222271529017,ID,lowlight,1,2720.2760260551913,0.11874566227197647,0.021368935704231262,4.263007164001465
803382520382829,-28.928078796683,27.877133995547,-29.031443862094015,27.99863592579678,LS,lowlight,1,16.485987713788973,0.34684497117996216,0.1508762538433075,2.6197612285614014
1251699818583166,9.3253458360703,36.511457430463,35.717128448645155,-97.48836186464011,ET,lowlight,1,13066.830975007506,0.4952211081981659,0.39990633726119995,2.756455898284912
134346362021204,-20.169316372954,57.574783850557,55.010902375969295,-7.663522229313174,MU,lowlight,1,10371.086778592791,0.40711405873298645,0.3760562837123871,3.890214443206787
2659684644176450,15.207410023546576,-14.26851329497232,8.657695845109053,1.1793444610488015,SN,lowlight,1,1830.4700379119165,0.3272481858730316,0.1374109536409378,3.001986265182495
338266731040151,-27.714887442632,27.237097549584,39.152939802893236,-88.72028685361755,ZA,lowlight,1,14060.624635746846,0.38093313574790955,0.158835306763649,2.137054920196533
290719459343271,25.048779030648,-77.341776655437,21.469406951453898,-104.8052041524747,BS,lowlight,1,2828.7645990930732,0.7347330451011658,0.6711688041687012,1.8438124656677246
592656634965955,46.682736593205,21.206630159237,44.94045710273098,16.700859947569583,HU,lowlight,1,399.26866174432234,0.125538632273674,0.01273210346698761,4.1230998039245605
327481305476197,3.6341919176295,72.959377283817,-8.82029218920943,115.19954662153707,MV,lowlight,1,4882.956755892315,0.516368567943573,0.3678709864616394,2.1215434074401855
511298200008833,41.001835659413,71.969851087691,40.810650228391616,71.79140976847064,UZ,lowlight,1,26.015756767738775,0.9661604762077332,0.9508083462715149,0.20575501024723053
1048097032779725,43.42241145892943,4.995993425198574,44.002107641414234,22.27521686732738,FR,lowlight,1,1387.7493281487048,0.1315503716468811,0.02358696609735489,3.749988555908203
275678077530743,-17.141803188939,177.19494791591,-9.53382571053777,147.44926663459555,FJ,lowlight,1,3323.0812598510147,0.239061176776886,0.04598110914230347,2.805171012878418
292380389132080,14.868771348072,-61.121170377502,14.791918886343366,-61.22136046172772,MQ,lowlight,1,13.748080275426313,0.49063771963119507,0.04580116271972656,0.9089038372039795
195963679022241,41.444760586953,46.861020646343,40.56292247114879,46.479282867401025,AZ,lowlight,1,103.15543092816141,0.7808878421783447,0.7000676393508911,0.9806313514709473
967102544034985,16.986811638045,120.77076999861,44.02783273434549,22.167336956570743,PH,lowlight,1,9368.215690485958,0.1264825165271759,0.01503802090883255,4.473731517791748
132001678913743,-38.053559635768,-63.429009930635,-27.457376554143035,-58.99000210019708,AR,lowlight,1,1248.7751926412063,0.1256031095981598,0.05526511371135712,5.217189788818359
4323012444383952,-25.366368202834,-57.609654895019,-25.519204247649302,-54.649135863832356,PY,lowlight,1,297.74680564677317,0.8154236674308777,0.7408167123794556,0.7036641836166382
1156261378535995,32.32323776884,-64.709264213971,14.59776636487871,-61.073769819132174,BM,lowlight,1,2005.132677455012,0.846238374710083,0.8098456263542175,0.902096688747406
1022165461521852,10.726476338495,-14.376868641028,17.488459129950726,79.02163630722067,GN,lowlight,1,10005.125611197647,0.6470247507095337,0.5441699624061584,1.7472764253616333
193167485884135,44.181071716568,19.719133913291,44.25719571816197,19.94560147842035,RS,lowlight,1,19.933844329337987,0.8400415778160095,0.7917290329933167,0.8135465979576111
2679866852305147,50.425563977087,60.525062163106,47.119994911981365,28.87321789463085,RU,lowlight,1,2330.2510630100273,0.45596516132354736,0.3561381995677948,2.818422794342041
924145305018051,45.915356124611,13.677818254528,43.99882829584462,22.423177856091055,SI,lowlight,1,719.9355137882994,0.22125613689422607,0.048626527190208435,4.1619553565979
3991894140857885,6.396085635246,-10.578195078991,6.465026965806772,-10.655431401204899,LR,lowlight,1,11.471699142433168,0.6383532881736755,0.4248998761177063,1.2433005571365356
3753076561487105,2.0937663139626,45.333850241529,-6.643255310442932,-78.87810781339577,SO,lowlight,1,13812.345277463666,0.255990207195282,0.11005289852619171,3.692744493484497
4014259028668392,-23.777002866313,29.535916133115,-28.679885310364494,29.51389151119465,ZA,lowlight,1,545.180075349362,0.13045509159564972,0.02376139909029007,4.405880451202393
1164259444051011,-33.004571460529,-56.45950492044,47.55033086795776,20.744676888335327,UY,lowlight,1,11792.783279588999,0.13796181976795197,0.008596017956733704,4.600271701812744
427797935584192,-3.381688479243244,-44.524339863567576,-17.934955998918316,-63.3882091896108,BR,lowlight,1,2615.591986018335,0.2694309949874878,0.03150109946727753,2.493253707885742
348228456711934,0.368039651477356,6.712420799552506,16.307831515442526,73.46278887998905,ST,lowlight,1,7519.657660573686,0.3207295536994934,0.18991519510746002,2.741511344909668
4037485459669920,4.8556815609205,31.589953699137,-3.977262231569354,16.602727479670758,SS,lowlight,1,1932.9342955401708,0.4603342115879059,0.3895756006240845,2.89790678024292
157040263028996,18.045966582305,-63.112275507715,-9.387037573498532,147.1377195459511,MF,lowlight,1,16614.117066265833,0.16536648571491241,0.0708928257226944,4.137521266937256
1124425647962016,-8.100649444444445,156.82296055555554,-2.5320258506643225,149.3353955506565,SB,lowlight,1,1034.4493924384178,0.937877893447876,0.9156585335731506,0.4062305688858032
190098606266094,55.069795005888,22.812891905378,57.330067010337025,24.99200260521716,LT,lowlight,1,285.1612702874731,0.10947908461093903,0.00942656397819519,4.165170669555664
3863626387049111,15.379540488714,-61.26786022339,15.417958603958542,-61.17775578898239,DM,lowlight,1,10.56194486354504,0.5985897779464722,0.3618757724761963,1.4838699102401733
807900806500123,19.60787766549,37.220870972767,14.764462521383377,-17.35953781124176,SD,lowlight,1,5800.020266167128,0.14024119079113007,0.011122792959213257,3.6754376888275146
135555819075899,46.30515446867184,15.555693802754446,48.04153804599455,14.282865990712382,SI,lowlight,1,215.7125651560053,0.32864272594451904,0.18715471029281616,3.0294077396392822
152233856857550,11.552312562133,43.119735981314,7.576075632495046,37.87880524811217,DJ,lowlight,1,724.9651933287859,0.22524772584438324,0.0915115475654602,3.411987781524658
319392699542913,1.3294518861992,34.311410798855,1.2130415253429603,30.825851629914578,UG,lowlight,1,387.69715351523274,0.7818716168403625,0.6274773478507996,0.9033125638961792
991289955033112,34.234741855173,35.65948675276,36.69073867826209,3.0290573566119035,LB,lowlight,1,2953.6149609445874,0.8982867002487183,0.8474357724189758,0.5557294487953186
328520695545965,63.434626046589,-19.024249484436,62.1078672770109,-7.0801847079870415,IS,lowlight,1,624.3168838692841,0.7785388231277466,0.7555493712425232,1.5433647632598877
464789361418887,3.807393,113.74682650005,5.2794590677091255,115.55270230375983,MY,lowlight,1,258.57348582970087,0.6032888293266296,0.41984209418296814,1.4994688034057617
1310937239362809,-16.05923501421255,28.45034874273332,-15.654888537306565,28.20970399523389,ZM,lowlight,1,51.80802752638779,0.6747745871543884,0.5090230107307434,1.4395010471343994
1177148709364507,3.9517282399816,-59.127383286379,-27.454640824864867,-58.95753322372029,GY,lowlight,1,3492.2764608407547,0.7167689800262451,0.6526480317115784,1.5051047801971436
141607461308537,-22.361528273609,-59.837892878355,37.99362281801543,-98.12797385815362,PY,lowlight,1,7811.950306140287,0.2797413468360901,0.0751028060913086,3.806766986846924
463077528107904,-4.7878008330033,11.864756923075,5.331943857819365,-3.9788634354515127,CG,lowlight,1,2088.4825175380565,0.6934128403663635,0.5548238754272461,1.126227855682373
173215948022940,8.5714365537216,-9.8691302343456,3.7636255607432134,11.211429203221101,LR,lowlight,1,2390.174318691148,0.7184543013572693,0.5236088633537292,1.0274640321731567
3926033430843905,32.171256244263,35.467920604541,32.1404907373707,35.23032171942959,PS,lowlight,1,22.627177488537047,0.961955726146698,0.9527241587638855,0.2611086368560791
916665025779516,24.524150796485,67.540287646591,38.06315035239457,63.271650686947794,PK,lowlight,1,1558.6223241935463,0.21886767446994781,0.09129603207111359,3.7743453979492188
842532369808274,41.215589499727,-7.4506176074975,43.29309576450614,22.167412298892504,PT,lowlight,1,2435.72661696922,0.7288925647735596,0.631014347076416,1.3956804275512695
909312326294088,28.050014468342,-14.340539294975,36.22038769058917,10.556749276800026,ES,lowlight,1,2505.1962217543346,0.562461256980896,0.526397705078125,2.6492764949798584
1207676993015897,10.787243979814,-68.323068119416,12.809803470588347,80.17097224233652,VE,lowlight,1,15658.602366120247,0.7172578573226929,0.6102320551872253,1.5497527122497559
317484316498860,51.531648181729,128.20909035955,56.7842795313395,60.74324840351198,RU,lowlight,1,4250.044064795357,0.6282137036323547,0.560857892036438,1.9371639490127563
947661819318356,17.121694235905,-24.994762874038,28.79363907865733,-17.774828109937566,CV,lowlight,1,1492.6095343136762,0.8780839443206787,0.7890454530715942,0.5322484970092773
3947329925333716,12.679493966294,-6.7269231036328,12.556111753482478,-6.2964368233897465,ML,lowlight,1,48.68488065266902,0.8614151477813721,0.7934184670448303,0.7047998905181885
142131454599179,24.557496611483,35.148695104321,16.925184429096962,53.5226465707505,EG,lowlight,1,2087.875958471996,0.8519765734672546,0.7952086329460144,0.9340377449989319
165567675960284,19.612087898208788,-70.1751715983372,21.430080979564835,-88.77261921149189,DO,lowlight,1,1946.0747789798331,0.33943411707878113,0.2702661454677582,3.0607104301452637
1366666657062368,47.544360211205,12.177256693404,44.36038537289555,19.106722328271612,AT,lowlight,1,641.746876003396,0.07726854085922241,0.0005305781960487366,3.980712890625
829244944391118,39.11803685393,-7.7196219014644,40.61111889331926,17.87085787611616,PT,lowlight,1,2182.712826086935,0.4798721671104431,0.38454848527908325,3.022014856338501
298013541938371,41.541448730912,-8.7560397976019,43.3074807106864,21.99700153488429,PT,lowlight,1,2517.557002399864,0.3672741651535034,0.2697162628173828,3.168821334838867
930318810923353,12.290897526921208,-69.09122276531554,42.21081845107285,11.814368531732281,CW,lowlight,1,8348.899416239596,0.6857865452766418,0.6347488164901733,1.948193073272705
503246924141783,15.602839427825,32.487242561959,31.61039930922556,-8.020929581104168,SD,lowlight,1,4461.870421388642,0.2975795567035675,0.09176062047481537,2.9339945316314697
449325599700589,50.12174331487,4.4948783441326,44.66322638819966,20.798663373658066,BE,lowlight,1,1365.2571408388217,0.10276000946760178,0.026853486895561218,3.9872164726257324
467405711031097,17.992572255683,-66.263814308226,12.666539280731467,80.1981668044744,PR,lowlight,1,14998.929622851923,0.7629000544548035,0.7038488388061523,1.533403754234314
288246882935326,40.557590089793,75.163197454637,35.98610157743145,-114.85046327118349,KG,lowlight,1,11442.537123780297,0.1532965451478958,0.11165747046470642,5.285534858703613
505540450790369,22.70995468898,92.098773627243,22.985496134108402,90.44649047874712,BD,lowlight,1,172.05919626242735,0.18861916661262512,0.07691790163516998,3.237351179122925
591386078920254,62.107759453888,-6.6834959276139,67.29783689942938,14.094859129356875,FO,lowlight,1,1135.5672020102618,0.8103474974632263,0.7055992484092712,0.8173738121986389
370606561029319,10.210502973191,-0.07341133185964,10.251401420583578,-0.6049177636088706,TG,lowlight,1,58.33862059247806,0.9853833913803101,0.9817418456077576,0.11581140011548996
439450394288287,50.054284237917,38.880788589348505,56.76591477410957,60.74027162871784,UA,lowlight,1,1619.982415639139,0.4741550087928772,0.25311344861984253,2.0720081329345703
310375324029868,-37.347698548595,-71.82270654997,43.601053754000894,21.287597965100787,CL,lowlight,1,12978.464518108243,0.2570638656616211,0.15332737565040588,3.6191771030426025
981591149045969,18.008278271819,-76.772753375805,9.98112120536603,-84.15686845313692,JM,lowlight,1,1195.8897116675741,0.5445922017097473,0.4476310610771179,2.244281530380249
538662890462002,22.639099459104,-80.443942528532,8.436920713842191,1.3986882194630448,CU,lowlight,1,8815.476121482043,0.5172829031944275,0.23431438207626343,1.5747488737106323
481222069768896,22.306404025662,114.25196352132,22.254022745739523,114.19138708918412,HK,lowlight,1,8.530782388011694,0.7885411381721497,0.5987570285797119,0.6097403764724731
853822608822418,-13.764240001823,34.415945000478,7.479631579274091,37.81894760179416,MW,lowlight,1,2391.890256135308,0.5506218075752258,0.4999406039714813,2.560290813446045
2945544342367414,18.448984494982,-64.550096065019,33.978438845702364,-6.843563078355372,VG,lowlight,1,5930.66297201873,0.08898395299911499,0.018139824271202087,4.57827091217041
733805970633940,26.209879663614,44.103482474166,30.272768205994964,31.272719982773996,SA,lowlight,1,1334.5910701913617,0.38017573952674866,0.29314348101615906,3.2303073406219482
2579377392357434,34.360744713034,0.072177953700416,32.31558690633441,-8.735777926954182,DZ,lowlight,1,848.9147171199677,0.8468115925788879,0.7768646478652954,0.8341302275657654
321976292610460,2.6050561253904,-76.72716581048,3.776693921216227,-76.36724138766101,CO,lowlight,1,136.27049629058052,0.4821644425392151,0.2807639241218567,1.870949387550354
246778030560130,22.378053670525,103.87749530607,-24.094006833825176,-46.67775699072843,VN,lowlight,1,17005.93941814645,0.3802723288536072,0.3012182116508484,3.816267967224121
132463405538393,51.895041095248,4.7359317785887,53.44254577478356,5.689765647355372,NL,lowlight,1,183.69780760638977,0.11867965012788773,0.0017554610967636108,3.679558277130127
159985626091830,42.085182325218,23.055097885585,43.34194922876111,21.93817718827117,BG,lowlight,1,166.8977411772272,0.3076973259449005,0.08297839760780334,2.346459150314331
740422473321001,35.328722082019,33.504620154232,35.40171082998113,34.040505830647454,CY,lowlight,1,49.26563329342113,0.6233817934989929,0.5181905031204224,1.5719935894012451
6049840251722845,8.4468470660858,-83.484163463651,11.975165642616242,-86.31910190156775,CR,lowlight,1,500.1373190086067,0.44052132964134216,0.3164697587490082,2.7150990962982178
138432154861804,35.516834375223,24.116877817233,-33.82764376606521,150.82970082250577,GR,lowlight,1,15198.910723079754,0.1364297717809677,0.0494660809636116,4.305058002471924
171677658627663,18.637934456903466,98.81616605062511,17.88804133209376,99.26401067488791,TH,lowlight,1,95.86036097171323,0.7364940047264099,0.6723787784576416,1.518561601638794
473447400410020,45.472666923779,13.751881662375,38.94829596400918,140.81829605451773,SI,lowlight,1,9244.800985295513,0.13323284685611725,0.07384802401065826,4.5133562088012695
208370247526297,56.307504479799,9.1351912802156,47.28512475285009,8.743694584311935,DK,lowlight,1,1003.5996710732859,0.06742622703313828,0.004077538847923279,4.607714653015137
1163829564042676,17.629236812387,-63.23181172096,-8.681523345849126,115.11877796250985,BQ,lowlight,1,19004.282128788465,0.5849123001098633,0.5464480519294739,2.8478591442108154
1180300995725561,32.355451166141,15.079114167989,35.94222703643207,0.5969757587928929,LY,lowlight,1,1389.5155705163331,0.7711361646652222,0.6800861358642578,1.0502262115478516
1162905660800863,17.15804609038,-62.622664100026,14.594068483594764,-61.08025445264073,KN,lowlight,1,329.3794016158453,0.906220018863678,0.8667134046554565,0.4453984498977661
780194756204466,31.983423754021,34.895586904175,16.80258020248418,77.22809643129794,IL,lowlight,1,4571.914398408625,0.5173966884613037,0.3810843825340271,2.3546111583709717
789897778580281,54.185632103826,28.47319812173,56.035583411826515,37.542041441298046,BY,lowlight,1,611.8358442271642,0.3243320882320404,0.19792336225509644,3.164188861846924
769108033797400,-13.06839043317,-76.274611371143,36.52204396391638,50.66795136784727,PE,lowlight,1,14147.604335699816,0.3080601096153259,0.1909363567829132,3.454745292663574
5011086665646025,13.613395452952757,-16.429313461515747,5.391705154101138,-0.641220991076586,GM,lowlight,1,1956.4377128947613,0.787964940071106,0.7070633172988892,1.017341136932373
3772032009586752,-4.0767885530923,29.088814837055,-6.823473161633885,39.245429940650915,BI,lowlight,1,1164.8854753650592,0.21713019907474518,0.10001020133495331,3.8391833305358887
971793776898906,-34.758013649475,-55.95646902546,-27.45110012007741,-58.96964368361221,UY,lowlight,1,861.5122276027013,0.3734264671802521,0.2561545670032501,2.596118211746216
745163459490620,31.824187546378,35.267560408259,35.316295458350496,25.166226440725985,PS,lowlight,1,1012.578949699848,0.1229448989033699,0.011126704514026642,4.6852240562438965
531383694528931,37.605095136322,48.695122536588,36.35891802278891,50.22452645735645,IR,lowlight,1,194.04642588198197,0.23030725121498108,0.12301939725875854,3.3902385234832764
355157592673467,1.0703328887576,103.96283377749,1.4225942559503282,103.78577144671547,SG,lowlight,1,43.83735080266031,0.3348049223423004,0.11723305284976959,2.3910787105560303
303575617923017,-9.4382405064784,147.20811425115,-9.285685422231316,146.77038871299845,PG,lowlight,1,50.93241969009218,0.9359831809997559,0.9255797863006592,0.5108696222305298
1038259080102537,-26.782850103384,31.938656241877,-25.260268815379334,31.959854738643283,SZ,lowlight,1,169.31656367824743,0.8682621717453003,0.8414954543113708,0.8770278692245483
459158871851075,10.792404464252,-12.298637806325,-25.11800403508054,32.073755410178116,GN,lowlight,1,6249.266107284424,0.7072594165802002,0.6505350470542908,1.7900424003601074
288005262963881,-21.597843332119,23.667795003616,42.41352306027754,-109.87362492383164,BW,lowlight,1,15139.189652474932,0.4826372563838959,0.06686508655548096,1.3944580554962158
311438013831843,16.840623273889,121.74439328693,1.4193764356963272,103.77693418747941,PH,lowlight,1,2608.692576344624,0.45207494497299194,0.31270602345466614,2.444934606552124
457187265449390,18.32580535956599,-64.95398969507924,8.047808021808347,98.53271222780297,VI,lowlight,1,16567.801336951787,0.437121719121933,0.33587294816970825,3.240945339202881
327825698973041,39.559288635696525,72.9109157130074,39.06181681761591,-113.86529364930891,KG,lowlight,1,11245.65471110338,0.8602535724639893,0.8091715574264526,0.9341374039649963
1376712112713014,5.1198336159589,-52.65735432583,45.39564372995817,20.120943269206,GF,lowlight,1,8261.728463463174,0.5772238969802856,0.4675029218196869,2.276376724243164
524817781855332,-14.010419075563,-171.76031777505,-12.41712044924904,-171.55720013238184,WS,lowlight,1,178.5258230708847,0.5163891315460205,0.36631327867507935,2.002720832824707
858561451393926,36.701828275673,67.096598041303,36.68451573770743,2.9487278598396007,AF,lowlight,1,5604.392672609916,0.5433615446090698,0.498060017824173,2.715763807296753
177928610855949,6.391780060521,2.6237783121974,5.248185929951251,-3.83631045493088,BJ,lowlight,1,725.8360519879203,0.34364256262779236,0.15865936875343323,2.602276086807251
747501719832988,-9.89210909998267,38.8967731000014,-14.621840470384354,40.050850618568774,TZ,lowlight,1,540.656660482478,0.29002153873443604,0.11265629529953003,2.6690731048583984
488569252193683,12.539996192436,-81.714972968868,10.536440668512885,124.48938419306681,CO,lowlight,1,16147.755115767615,0.3936920464038849,0.24263976514339447,2.5079329013824463
762294004482937,20.222569995853,-76.036013281341,44.46456956678602,-79.91815683525444,CU,lowlight,1,2719.332826552882,0.149309441447258,0.003012418746948242,4.079370975494385
526448611961086,7.924136171510359,-11.169831512240096,-1.6571421620735203,29.33137796195038,SL,lowlight,1,4615.799198203177,0.24492980539798737,0.114445760846138,2.6012351512908936
1359226914447321,10.466207945458,-85.77513112055,13.489637011867424,-88.16340213526546,CR,lowlight,1,424.843523007395,0.25565046072006226,0.1073864996433258,2.891101837158203
478165190183611,12.430745089839997,-15.317974157219002,8.93331037233712,1.7062067839330644,GW,lowlight,1,1899.8701567095166,0.9930134415626526,0.9921095371246338,0.07192043960094452
336533984561274,18.419385888373,-72.877030607553,12.992654370483212,42.58567066564989,HT,lowlight,1,12125.968346809459,0.9475201368331909,0.9168146252632141,0.2986714243888855
292195892390772,-13.068772639841,-76.278890129748,17.963652926216806,106.27002643624625,PE,lowlight,1,19406.176010753992,0.6652072668075562,0.6416993141174316,2.297971487045288
786215532287048,19.827903639239,94.949804250429,21.489234611199947,-104.71583317797278,MM,lowlight,1,14947.701732727104,0.4744007885456085,0.3368658423423767,2.2381680011749268
4028024750648073,-1.455427434928822,29.883620710338125,-2.402647329849509,29.203575416084004,RW,lowlight,1,129.6340455945531,0.34934553503990173,0.06874397397041321,2.0068435668945312
481816143100801,26.018200502837,50.622605427635,45.29909403191637,19.746365731563646,BH,lowlight,1,3482.0321842502253,0.44123050570487976,0.1825958788394928,1.854082465171814
304881227850189,22.470625099054,114.10853488259,22.36575726324715,114.19792435577976,HK,lowlight,1,14.84592416565247,0.562536895275116,0.5109610557556152,2.5072646141052246
126797393065714,49.84047838484732,15.803297909812008,51.20583487107012,22.619824334909865,CZ,lowlight,1,505.0170564029557,0.38179370760917664,0.2502092123031616,2.8649394512176514
1211101869349798,-10.507365795363,105.65356096619,35.64698602371528,34.50097307117672,CX,lowlight,1,9036.437817636232,0.6071714162826538,0.5806751251220703,2.7351772785186768
1357493864625552,2.1640539673148,30.64994870704,2.0029815212768916,30.639364330826012,UG,lowlight,1,17.949015257623117,0.7648635506629944,0.670404314994812,1.1254239082336426
934011534098551,12.028286166295,-61.732840110417,14.093683147997073,-60.97590184556573,GD,lowlight,1,243.85659063362644,0.8064630031585693,0.6349010467529297,0.5736691951751709
500159881489089,7.342259838854188,134.46879110851162,4.333268111976501,-75.8632889130761,PW,lowlight,1,16407.675478096928,0.6252925395965576,0.5931239724159241,2.71155047416687
2829740963958043,-2.733735821930212,29.43081567684662,1.1067558778207995,34.20125059221796,BI,lowlight,1,680.866343100082,0.5074005722999573,0.38240230083465576,1.7589584589004517
300848138109718,4.2523717777778,-55.444873805556,14.256915361242637,98.10030616411203,SR,lowlight,1,16445.018433315265,0.30049654841423035,0.07968579232692719,2.6547465324401855
2960966407518451,59.940574907434,18.785342625587,16.87798706625693,77.58638226111253,SE,lowlight,1,6674.780200651593,0.09929420799016953,0.02974683791399002,4.833341121673584
220493529416834,14.451610237561,99.415018949546,17.940326982140572,98.79029446580775,TH,lowlight,1,393.61939778743994,0.38625118136405945,0.2151622474193573,2.678722858428955
516560806259751,-18.175596732511,178.20009731967,42.79684320524229,22.200449794334524,FJ,lowlight,1,16465.991273885455,0.5523141622543335,0.3317517638206482,1.9473531246185303
294110862335495,53.181595920049,5.7480942483866,53.4718199371412,5.713752785252621,NL,lowlight,1,32.35192539138524,0.15096913278102875,0.012261524796485901,3.7317233085632324
244296907493001,65.57013399313,-19.349029020965,64.75191055559571,-14.703615975155737,IS,lowlight,1,235.21734535552125,0.6376909017562866,0.44522029161453247,1.4345574378967285
233889245170464,4.8560503387361,31.612436706474,18.454123250175815,73.90403345214341,SS,lowlight,1,4831.476399130342,0.9459105134010315,0.9348961710929871,0.3724355697631836
1927622730739430,40.369069324101,18.219159988562,40.60762133780081,17.985905313611067,IT,lowlight,1,33.05638819036372,0.13769306242465973,0.05211673676967621,5.134082794189453
471926114136200,4.5631962676901,114.07349517648,1.3458566433921606,103.67972754215008,BN,lowlight,1,1208.2204086499132,0.477765291929245,0.35195720195770264,2.3777780532836914
1192683651176123,9.0895860909637,-79.618866004971,11.967978466848226,-86.32032294700589,PA,lowlight,1,799.393334562768,0.387462317943573,0.2845020592212677,3.294806957244873
1413530045696031,-15.969463833371,168.26130683879,17.764234350510574,99.09790599782039,VU,lowlight,1,8452.070874962372,0.3346364498138428,0.09620401263237,2.489539384841919
299499428465574,22.36370144725,113.94841256522,24.992697833514352,121.27294125125191,HK,lowlight,1,800.9541032931942,0.21930108964443207,0.005792528390884399,2.352165460586548
189606749553432,56.525393057968,10.08101978509,55.27837194451341,11.643157992078304,DK,lowlight,1,169.43071736545988,0.1929345279932022,0.12927159667015076,3.5856447219848633
1108722216274003,1.3887705484241,173.14385660736,-1.996578149004191,148.68815196241422,KI,lowlight,1,2744.8495053664883,0.6947885751724243,0.6622440218925476,2.2812283039093018
240591061153313,9.7075559946148,100.00619099387,13.791259256264397,100.53242894707857,TH,lowlight,1,457.68497296528915,0.34930890798568726,0.1918361634016037,2.121755361557007
794974811139135,32.804114385981,13.043328230439,39.81288826672888,35.97866843294591,LY,lowlight,1,2190.241376926971,0.3713523745536804,0.20276780426502228,2.9295432567596436
1107588656407422,-46.062736055573,169.00760704864,-44.92783461469722,170.84779225972784,NZ,lowlight,1,191.03454103874114,0.9128501415252686,0.8679141998291016,0.48041272163391113
1279096795825768,54.406755367854,-8.4796165911836,54.256944511604964,-8.527556125838334,IE,lowlight,1,16.94570643787595,0.7601960301399231,0.709589958190918,1.5078234672546387
193108499326081,-6.7004249966118,39.206861112601,-33.8445778792513,25.53246081725956,TZ,lowlight,1,3330.048487978344,0.8768537044525146,0.8159148693084717,0.6055338382720947
291897862594169,27.521924666676,89.820270487386,11.549991779997098,76.7668122825616,BT,lowlight,1,2237.790039999461,0.400734007358551,0.33479422330856323,2.973717451095581
123070833137806,5.8145917994639,-55.143095980408,5.872310427208394,-55.14615522535517,SR,lowlight,1,6.4269339766546425,0.9254150390625,0.8605870008468628,0.3067924976348877
5396405327097940,69.21259125489,-51.103395948712,77.66118583954832,13.457467526590206,GL,lowlight,1,2105.511867811636,0.6835127472877502,0.6073219180107117,2.095001220703125
957601181668431,-51.706042723598,-57.906993308318,35.63461112913787,34.4305547074267,FK,lowlight,1,13181.264980466112,0.5652092695236206,0.4684406816959381,2.545927047729492
604130717650197,-1.9959688798483,30.050157126173,-1.9230511651150917,30.1668156161655,RW,lowlight,1,15.290933047045755,0.5833585262298584,0.31236976385116577,1.1966432332992554
1941512039367524,30.98571832847058,-7.229221956634584,64.53186918124167,-20.724881031345028,MA,lowlight,1,3845.9368538107883,0.41734063625335693,0.12033474445343018,2.617007255554199
196243366278308,13.167682777777776,-59.53696416666668,13.307415601364578,-59.65034550305837,BB,lowlight,1,19.799723941319943,0.9972545504570007,0.9967785477638245,0.03167911618947983
215411967015224,-16.468819194731,-71.941378039278,36.691949275696985,-116.76911439500206,PE,lowlight,1,7551.8142209193065,0.2609419822692871,0.06895442306995392,3.5586555004119873
1450360272005106,15.921467840879,-16.279407687736,11.945243718709444,-86.2916862086068,SN,lowlight,1,7535.401276479932,0.13473613560199738,0.017180196940898895,3.983919620513916
756714068376834,4.8155110248734,114.77642618053,15.119557867336379,100.13393672436337,BN,lowlight,1,1968.8239184944846,0.28386205434799194,0.04261624813079834,2.6072380542755127
2918063678449936,8.0011665869234,38.705149393002,8.29827562762075,39.023224291046944,ET,lowlight,1,48.13752023337779,0.9970462918281555,0.9943821430206299,0.021961577236652374
1001295333882125,40.63113853803493,-6.0362211199295865,37.790970520589596,13.259656086721046,ES,lowlight,1,1688.5867898282027,0.15188118815422058,0.013347849249839783,4.03679084777832
808035410091724,16.206487661547,77.345926501434,8.955571731565843,7.361667759944564,IN,lowlight,1,7605.783680162782,0.5946009159088135,0.387866735458374,1.5474510192871094
268897404930235,57.163975404144,-3.6875044027183,43.327642779415335,22.066985266154013,GB,lowlight,1,2366.53896992613,0.22093209624290466,0.12758105993270874,4.181280136108398
1125401674596218,39.823992064377,42.428897726042,39.77375459635684,40.74038994920238,TR,lowlight,1,144.35625359870247,0.9701551795005798,0.9605777859687805,0.21529042720794678
526674661844363,36.219109563696,44.414746657631,39.84593416925776,32.786343014066134,IQ,lowlight,1,1094.3330835499862,0.5020827054977417,0.30618637800216675,2.2425761222839355
964858007616084,4.2630124849459,73.563178328896,-6.307365122212642,39.348009471040704,MV,lowlight,1,3976.1823808771505,0.16397804021835327,0.07606065273284912,4.159450531005859
5490667957675480,5.2624334865771205,163.0047322024813,4.680595811428956,153.6557205811369,FM,lowlight,1,1037.6574125966692,0.2726783752441406,0.011418163776397705,2.5611510276794434
573195574072375,-15.671003834964,-48.191441316741,-16.547514080866573,-48.46249005790788,BR,lowlight,1,101.67374575184485,0.4497007429599762,0.32400381565093994,2.3609414100646973
892381884955306,58.981961021242,24.221882703215,58.61642771627608,23.745165695783516,EE,lowlight,1,49.05205159364345,0.3268607556819916,0.20430059731006622,3.3220667839050293
5416581451690167,8.876751843202419,-64.23554389395768,-27.4412145593261,-59.00667971267259,VE,lowlight,1,4077.4622328140767,0.22257089614868164,0.07833009958267212,3.430835247039795
482078066336394,-18.636202891772,-174.01936863548,43.86209827628913,21.987924906806626,TO,lowlight,1,16837.06039590999,0.44337841868400574,0.388251394033432,2.990398406982422
329210971927794,5.843070862629,-55.089876855582,1.3018415403166563,103.89520166223235,SR,lowlight,1,17550.16821980499,0.09813407808542252,0.006805837154388428,4.587233543395996
251937010050891,47.507459505795,21.685088460781,42.803192147713794,22.04132575775827,HU,lowlight,1,523.8342921511013,0.1570340096950531,0.0010855793952941895,4.470402240753174
469124120816531,33.256755487161,126.61974805537,24.837805450168883,121.00735900526793,KR,lowlight,1,1083.0181664485046,0.765365719795227,0.7357293367385864,1.4041364192962646
6544008378958782,42.576053933645,12.422579613177,43.55865359355926,21.68531500649344,IT,lowlight,1,759.9251318594372,0.11389361321926117,0.051704537123441696,4.607483863830566
468826351040628,-32.904700967934,-52.731761718702,40.203119026890974,-98.6571264364699,UY,lowlight,1,9398.975242265185,0.38953539729118347,0.1477024406194687,2.378807306289673
458089889154332,49.9716081757907,38.98921274981689,56.766653294788725,60.732337247820986,UA,lowlight,1,1618.6753130660334,0.522925853729248,0.43814098834991455,2.3352746963500977
913455289198852,10.638477230341,-61.313394324688,4.44937071738218,-75.71744103067874,TT,lowlight,1,1729.708152354313,0.14932864904403687,0.02751871943473816,4.276360511779785
391651555234292,4.7891910927864,103.42511490766,5.416104961096275,100.52566037778941,MY,lowlight,1,328.60418695065,0.5094500184059143,0.07726719975471497,1.0110571384429932
169873605037737,10.045722702666,-83.299560625022,10.451816016986816,-84.66656346249339,CR,lowlight,1,156.24534533270358,0.2185783088207245,0.10981054604053497,3.6371235847473145
1032233080991900,39.140834029054616,20.961949886464165,35.62626651027277,34.442334956625906,GR,lowlight,1,1252.0708425917894,0.20838594436645508,0.08844026923179626,3.2672083377838135
375451844456388,-26.804552190115,31.961012436385,-25.321391094595576,31.971438220962327,SZ,lowlight,1,164.9232769190693,0.9948040843009949,0.9928796887397766,0.049586594104766846
855805948342180,44.525909974035,15.903249699487,45.38333759963802,23.626512659810608,BA,lowlight,1,614.9189993422499,0.2737342417240143,0.20660829544067383,3.7656800746917725
139526285635637,13.217826050214152,2.929162678521952,-24.327926994863997,31.649366024790694,NE,lowlight,1,5210.993449428269,0.2908821105957031,0.055662959814071655,2.6024527549743652
5442759149130487,67.890019179633,20.308537274689,60.31021320855457,17.465967612893387,SE,lowlight,1,853.8435583757595,0.19885048270225525,0.0070146918296813965,3.470095157623291
3921179927973144,54.246330015747,-4.5628069974706,57.602489355187934,-6.30025885223844,IM,lowlight,1,388.536013904553,0.7578024864196777,0.6823354363441467,1.2509925365447998
469492320924211,38.276346407666,57.98363402764,47.70066140088259,28.85047709820646,TM,lowlight,1,2571.1575537339654,0.16303743422031403,0.008839711546897888,3.1951487064361572
310307137129739,48.189212227502,-106.60069617067,40.23450882715838,-111.679056918217,US,lowlight,1,972.1823966218701,0.23625348508358002,0.057674407958984375,3.295292615890503
383397352939199,39.95006776682,140.12870703204,39.44883660012925,140.6856731995441,JP,lowlight,1,73.32704444042128,0.3721960484981537,0.15548862516880035,2.822519063949585
1688335251353973,-14.865382426326,35.3053829175,-1.8823370252401939,38.35616051471692,MW,lowlight,1,1481.9731471500834,0.5483380556106567,0.38001108169555664,1.9934265613555908
368819684557497,9.8821178559993,-84.703514000306,19.768248306938112,-70.5886151986119,CR,lowlight,1,1871.5800242528544,0.20314976572990417,0.0912180095911026,3.9966673851013184
3142165536067308,8.892556698116664,-64.244099923535,19.421908821760606,-70.66013529581426,VE,lowlight,1,1359.3001315316149,0.25978362560272217,0.07226905226707458,2.8665685653686523
916461445802958,18.351592546824,-73.166686920189,43.32439611165867,21.961664619305342,HT,lowlight,1,9020.52084909793,0.23690277338027954,0.05915577709674835,3.364490270614624
1438450646526614,11.602056871897,43.143067800469,35.534765833245714,-6.019996687331079,DJ,lowlight,1,5598.298241531995,0.2747098505496979,0.18178224563598633,3.7305214405059814
171644361525352,3.2965683888889,-59.645080555556,63.29085279933191,9.830135239628094,GY,lowlight,1,8668.104383524003,0.5815528035163879,0.48363733291625977,2.385545253753662
3643623472415985,13.248359768362,-61.267804498546,4.744644614896713,-74.50433433758698,VC,lowlight,1,1732.9224734571783,0.239904522895813,0.10930564999580383,3.2805140018463135
974847123463445,45.48089676461988,141.9141645369168,43.93660569887675,22.106887842286344,JP,lowlight,1,8438.764417072865,0.9210771322250366,0.9036707878112793,0.572665810585022
219450919950414,4.2765353097168,73.575427012288,1.2854119498260137,103.85928717064483,MV,lowlight,1,3379.3714546653064,0.3153580129146576,0.19813358783721924,3.599048376083374
197777158852668,18.542511750027,-72.425551013845,43.27504138226475,22.029063045806943,HT,lowlight,1,8955.49263528017,0.30682557821273804,0.07207760214805603,2.715109348297119
1673203299531642,49.085005765367,-1.4823203864636,49.34731744411252,-1.6377694206230535,FR,lowlight,1,31.276778121973255,0.785283625125885,0.7552500367164612,1.4565068483352661
1605231949662620,31.431741304615,7.0759601080198,24.57000717776164,55.655007446404746,DZ,lowlight,1,4791.894505871084,0.7416849136352539,0.7029125094413757,1.817016839981079
451593852608237,49.039623298927,17.575489860882,44.03456782795579,22.11587431782603,CZ,lowlight,1,655.7269479984237,0.47869470715522766,0.37160083651542664,2.8810179233551025
304641044593781,8.0755534487471,-80.948273440388,43.32976166167034,21.95049970770584,PA,lowlight,1,10417.956279666432,0.3845359683036804,0.24917730689048767,2.634225845336914
537192110996228,33.673060807593,8.992445655067,51.21824673715622,22.681109312532968,TN,lowlight,1,2242.804375150648,0.1347174495458603,0.04600082337856293,4.587580680847168
2874567659528784,10.624021568983,103.55740436843,0.34280602923537906,32.52235025003766,KH,lowlight,1,7928.850424571266,0.521296501159668,0.4068202078342438,1.9291340112686157
306873294180376,36.543159906681,-95.385746192161,35.729191884642276,-97.32714682420144,US,lowlight,1,196.43127395276954,0.35536545515060425,0.13965101540088654,3.0808045864105225
474237406957052,38.032230216342,71.296052545699,35.636466156966655,34.42491021133621,TJ,lowlight,1,3270.790750126773,0.7609163522720337,0.6676581501960754,1.3456306457519531
893270331236297,35.542457911478,34.345047266311,35.61673260433658,34.436499768673634,CY,lowlight,1,11.688153183331767,0.7233591079711914,0.6366292238235474,1.466040849685669
394355595015312,-10.420322783141,105.70164382136,43.95464740852354,22.166874763728664,CX,lowlight,1,10299.536801944454,0.3953937888145447,0.244865283370018,2.7079050540924072
1720688194781084,-2.0414077903770145,29.44965968721136,-1.6490721502232535,29.32238163590748,RW,lowlight,1,45.86168623764146,0.4837234318256378,0.29622259736061096,1.7684377431869507
1072181156643275,18.07465399978,-91.640772999734,43.313371986243936,20.898644698716154,MX,lowlight,1,10340.97909591776,0.09038697183132172,0.05236247554421425,5.355126857757568
4167670343253112,38.101113171443,70.434664027996,38.48656784049932,69.18932128123384,AF,lowlight,1,116.8265782957115,0.7871327996253967,0.7197924256324768,0.9040490984916687
174020494657037,17.630108574846,-63.232604239636,16.022829952250014,-61.73662563134101,BQ,lowlight,1,239.35559107827737,0.6182840466499329,0.404038667678833,1.2759242057800293
841778303361650,4.4129500800509,-7.3568081852969,-3.9457922441994238,14.293824387977807,CI,lowlight,1,2578.6122647925326,0.30149343609809875,0.10159507393836975,2.0987019538879395
6128179790541161,55.439905979985,25.277989368239,55.046375439772234,24.29606711104235,LT,lowlight,1,76.0865882896095,0.9537273645401001,0.9444329738616943,0.3304825723171234
860733724520470,42.906057348904,19.550997884227,43.03058529178898,22.85402531692118,ME,lowlight,1,269.08898295227976,0.4884696304798126,0.1749928593635559,1.5666502714157104
864697561114910,-29.077441505083,27.74348424067,-28.656074019265855,28.769577416231353,LS,lowlight,1,110.35853444425595,0.20487651228904724,0.012647271156311035,2.8993005752563477
470728414179183,-4.4035085235997,28.875651684315,-23.987970054088613,-53.82036924278664,BI,lowlight,1,9067.4408360586,0.1678445190191269,0.09426102787256241,4.564008712768555
572376240384590,38.710627031317,20.595182002582,38.66384570314924,20.80466073524694,GR,lowlight,1,18.91127742120995,0.6599916219711304,0.5334560871124268,1.6052982807159424
121312253609017,-2.475605,101.08095666666668,-6.741365046978958,110.91685904925443,ID,lowlight,1,1188.6437020813373,0.3917914927005768,0.07104447484016418,2.0900425910949707
1443161219370901,-20.998296188116,55.608257838223,11.537754475785379,76.55416931479051,RE,lowlight,1,4281.020938034359,0.22499439120292664,0.14097777009010315,3.6304280757904053
935114343986233,14.756132710056,106.17208788727,19.805722304102645,101.42994180476242,LA,lowlight,1,754.0273682247066,0.48453858494758606,0.33468884229660034,1.6824426651000977
528816851860286,13.929456140067,-90.641111213437,-8.514716413327516,115.33670174524163,GT,lowlight,1,17120.525147619635,0.2753860652446747,0.014988511800765991,2.76798152923584
949677732469296,-3.949905939326,29.108488727431,14.412786055931404,101.26612710003987,BI,lowlight,1,8206.753757120447,0.23656512796878815,0.07019171118736267,2.9179234504699707
535238961691986,-9.012128600000004,125.26142969997224,-6.566234129844666,-78.4993210216399,TL,lowlight,1,16863.142735574416,0.986500084400177,0.9843572974205017,0.11651290953159332
785746405666869,-15.233412447604,27.672681901373,29.937283897962615,-97.93920260264494,ZM,lowlight,1,14251.836231028614,0.15714722871780396,0.0583944246172905,4.0345845222473145
3016818381880651,49.809878371642,-121.45256952608,40.96091722301887,-111.81436351842126,CA,lowlight,1,1236.7140509734759,0.1895320862531662,0.11673903465270996,4.470970153808594
381383576502282,45.377597713432,18.296766050051,44.07699090195841,22.419072286708758,HR,lowlight,1,356.2730914860133,0.7772656083106995,0.69484543800354,1.2783641815185547
610064709949694,39.354018070055,3.189777650907,45.1849288761116,14.652948890001072,ES,lowlight,1,1142.8197460182344,0.13717927038669586,0.02053958922624588,3.738654851913452
172787811514759,35.229088448061,33.767549827448,35.398800794324565,34.07224466013084,CY,lowlight,1,33.47300101486628,0.6276992559432983,0.4273582696914673,1.2782220840454102
782110492675930,20.011066718061,-75.671652777958,-38.77594174193318,143.56141032206605,CU,lowlight,1,15724.986441026087,0.20021668076515198,0.07790789008140564,3.7235865592956543
400250872119328,11.85196334791822,13.142710363889922,13.125076122151725,77.5682473631526,NG,lowlight,1,6975.98787259594,0.3291468322277069,0.13961657881736755,2.6714203357696533
892609551301442,-6.2907747954542,176.31557778615,23.131366079859895,89.66786900632317,TV,lowlight,1,9941.251256882151,0.17383290827274323,0.01054835319519043,3.4378345012664795
202638525024688,49.252128640765,-2.2302663941837,46.33750543351535,-0.5495899372772708,JE,lowlight,1,347.5347857900662,0.7378684878349304,0.715923011302948,1.8615621328353882
482179499657429,35.35863654069,-87.442281622797,39.44336951045847,-84.05820477667415,US,lowlight,1,543.6388405787287,0.1854555755853653,0.11581435799598694,4.0118207931518555
166409505310564,-9.7930504284381,33.876999664849,-28.89746739162266,31.75293685771071,MW,lowlight,1,2135.822964517365,0.4422793388366699,0.25646883249282837,1.9913392066955566
839128376686201,-21.379486131927,55.652855746499,44.104648653276605,22.44685409922852,RE,lowlight,1,8027.852989273293,0.2326239049434662,0.14678117632865906,4.250879287719727
173546557995177,6.6979922509375,-57.920196653076,5.434414002549863,100.46591423866504,GY,lowlight,1,17263.04815690113,0.5766200423240662,0.4091590344905853,1.548919439315796
778732033031387,49.481310552598,-2.580607408903,53.42101721523338,5.5718364812423795,GG,lowlight,1,714.1400402500218,0.42036163806915283,0.3712042272090912,3.52323579788208
1459021641097176,19.327056989127,-81.381676002568,40.25580200558047,-111.68476751091801,KY,lowlight,1,3704.861327563985,0.39648687839508057,0.27315542101860046,2.5210928916931152
968337867447613,25.014773599486723,55.87302113372367,24.462062973452053,54.66011165963475,AE,lowlight,1,137.04448924973426,0.5088359713554382,0.2792344093322754,1.5881109237670898
516599479378641,56.372189487703,27.438134814115,56.53927356060717,26.90799358124794,LV,lowlight,1,37.49982951756277,0.24363453686237335,0.08368222415447235,3.2106270790100098
826574104989977,0.4096083408951371,9.468790964341348,30.118390967426688,31.67330437499657,GA,lowlight,1,4052.684236474408,0.4300321936607361,0.28576260805130005,2.927525758743286
298265468509297,-10.44607449126,105.70171289589,43.96566307835189,22.01692581869027,CX,lowlight,1,10313.53696740401,0.1929505616426468,0.041134342551231384,3.9604296684265137
135182671936165,24.97002129251,55.490379135321,25.136703325953146,55.26050514271909,AE,lowlight,1,29.659929703868332,0.21491459012031555,0.10769360512495041,3.6671295166015625
369953761725438,-20.697927254597545,164.42307519257272,43.33302022315872,21.983150281006917,NC,lowlight,1,15727.161152429218,0.5105880498886108,0.3877775967121124,2.4353041648864746
150605930403453,1.5703799596146,10.84323380127,-9.489718706713257,147.4520338594133,GQ,lowlight,1,15137.615409207252,0.09651598334312439,0.010331481695175171,4.015712261199951
942025196552576,18.04711135987549,-15.94458243190681,22.18802734458513,58.54655152110887,MR,lowlight,1,7713.1186686770525,0.164746955037117,0.013849541544914246,4.032325744628906
4245112742269900,-15.204236527253409,13.710121098211696,-25.307433810914063,31.897304093658548,AO,lowlight,1,2201.0952924739045,0.5232161283493042,0.10798096656799316,1.1167912483215332
800629050558884,1.5780520325706,10.841365858236,-23.39573427634139,-47.42065064885067,GQ,lowlight,1,6878.219359752275,0.17017732560634613,0.09576454758644104,4.164440631866455
329089375465231,-4.7898646188584,11.8559793524,-3.676314941289768,15.591770147928383,CG,lowlight,1,432.3697788173497,0.21281936764717102,0.08846727758646011,3.249899387359619
2991410527805673,-4.1374600287328,29.078493212922,18.970437527441227,-98.21504255925224,BI,lowlight,1,14067.176143742669,0.2983943819999695,0.249528169631958,4.0626301765441895
798429247478749,46.183809459674,20.174482609731,56.4625196630625,21.10020485001641,HU,lowlight,1,1144.721607755254,0.3894171118736267,0.28207677602767944,2.745429754257202
2371116466357575,16.796385002204,107.11609099971,16.771139357590357,107.13288971771439,VN,lowlight,1,3.328443592140666,0.5761955380439758,0.4252433776855469,1.641370415687561
468504837703680,49.210225417814,-2.0260057718567,47.23024541945257,4.1471763823716,JE,lowlight,1,507.3704490160267,0.5861591696739197,0.5094781517982483,2.4510934352874756
544837470219031,25.294971915181225,67.28170930758036,25.03106177421092,67.23934954865662,PK,lowlight,1,29.653522018637062,0.11268794536590576,0.01175389438867569,3.724179983139038
962376597848366,-7.8679271311768,35.785662187966,-24.373351632255048,-53.943955481294125,TZ,lowlight,1,9620.267318813909,0.19222429394721985,0.12129238247871399,4.263148307800293
284560226710077,22.245356411415,113.94634816993,22.402792532127915,114.19441602489835,HK,lowlight,1,30.944360618589652,0.9664198160171509,0.9590492248535156,0.2884283661842346
366104118882534,-12.947203981722575,45.1622949013442,-12.793683910342935,45.17493282819702,YT,lowlight,1,17.125536671957928,0.4981965124607086,0.11370512843132019,1.4069099426269531
302738837907407,13.971297523146,-60.953783885869,18.964311184918728,-97.04800218294393,LC,lowlight,1,3881.906223271445,0.5205526351928711,0.3018883466720581,2.10145902633667
212663677118887,61.377613835646,-149.52560052518,61.17186066092636,-149.80607655916643,US,lowlight,1,27.351481636486213,0.7440357208251953,0.6407580375671387,1.5426937341690063
298675135079993,35.02573827135,0.1062064724418,35.57584098427169,0.059879663478188835,DZ,lowlight,1,61.31293333170008,0.23926548659801483,0.05105936527252197,2.3480961322784424
200766568352215,12.2259298372,-69.032711700173,5.176790971617099,-1.3004118739715405,CW,lowlight,1,7469.384253710095,0.15634450316429138,0.0071373432874679565,3.8047165870666504
522150762114358,-51.767857219423,-59.20385240723,64.32787738582304,-20.68270947138827,FK,lowlight,1,13330.276873604747,0.29598429799079895,0.20455460250377655,4.445033550262451
907645580029480,-10.531873592618,105.64908608946,44.125545438770395,20.75768229818217,CX,lowlight,1,10418.240921131013,0.6819782257080078,0.5760985612869263,1.851474404335022
461637908454191,8.5770592738416,-9.8384949656858,-0.3199785744135133,13.203494492221742,LR,lowlight,1,2737.7892801610205,0.9391368627548218,0.9275675415992737,0.4627716541290283
737762176916399,-28.523157809827,26.988610572901,-29.497669046890795,30.773219535300502,ZA,lowlight,1,383.6263474330448,0.6181198358535767,0.3643885552883148,1.1239666938781738
974044566464626,-8.9232594155592,125.57214462009,5.493496425220871,-73.50261516296548,TL,lowlight,1,17877.03043403371,0.7242900133132935,0.6477653980255127,1.568487286567688
207733560892728,62.969803716081,25.819453012454,63.72817441535558,20.119619616574752,FI,lowlight,1,296.41834896932073,0.10672320425510406,0.026181049644947052,4.318539619445801
935214247230705,38.662861546978,21.897000127107,43.008631306167956,22.846027600717726,GR,lowlight,1,489.76870683606825,0.3365107476711273,0.2596083879470825,3.796889543533325
308609804241585,45.352253598167,18.741494665616,45.321778070046,19.830785447162796,HR,lowlight,1,85.20882366879907,0.60309237241745,0.5577901601791382,2.1494696140289307
812815579353857,19.970422258885,95.026704859366,47.761378636415685,27.96877271961411,MM,lowlight,1,6678.085073333062,0.08071780949831009,0.0064758434891700745,5.104695796966553
955193138582276,42.352822713826,18.93350046301,42.39031106663727,18.8086178478548,ME,lowlight,1,11.073615041916632,0.16883696615695953,0.04229332506656647,4.169449806213379
314068633495505,18.384993994121,-64.663491419319,-38.77150601923883,143.59907373869214,VG,lowlight,1,16470.283180928676,0.37695828080177307,0.29386571049690247,3.0504775047302246
153100520088504,8.6445550800531,-10.895087890593,-17.19473641378887,175.8301912942978,SL,lowlight,1,18817.588723917823,0.8893998861312866,0.8344090580940247,0.5779496431350708
899516343957294,31.154817998866,35.36251239366,31.074368000244885,35.21911423779721,IL,lowlight,1,16.321142162497626,0.4920274317264557,0.3415720462799072,2.51377010345459
362016302748290,-10.182357974219284,26.92114281109953,-11.59161009518841,29.77338538278714,CD,lowlight,1,348.63774632277546,0.12973470985889435,0.05866412818431854,4.286893844604492
784285982279583,12.468243816564,105.11776238356,-8.635032865379173,116.1182729884097,KH,lowlight,1,2642.7191986999255,0.2663363218307495,0.18798106908798218,3.391948699951172
741076933253733,55.559361968752,24.218044357931,57.11962094423586,14.571821915738523,LT,lowlight,1,618.7102071162639,0.34162360429763794,0.28984904289245605,3.702683687210083
588238156406124,13.540014603247103,6.862262541663696,-24.242764865087953,31.660841818170837,NE,lowlight,1,4990.341826052294,0.7872748970985413,0.6065000295639038,0.7088446021080017
704583704721230,13.358425346344903,2.9695516051747206,-25.30284370124517,32.12370730551336,NE,lowlight,1,5334.89100292154,0.8703986406326294,0.7833266258239746,0.6216186285018921
743913432954382,12.506491685569,-70.011189878756,16.797429595891753,78.01323243570465,AW,lowlight,1,15223.217673187271,0.2747184932231903,0.10461333394050598,3.1567089557647705
837216263894683,59.234310100905,25.661811016329,59.98010932748657,12.977322901582752,EE,lowlight,1,717.2587836250983,0.16209423542022705,0.006276324391365051,3.517143487930298
4165344470189392,22.250944346283,113.98372956798,22.37760821703056,114.19655465748114,HK,lowlight,1,26.032078266897766,0.8699201941490173,0.8165608644485474,0.7526126503944397
123034153486017,8.896413266511479,-64.21983107316368,-6.804670270259306,39.25155108284777,VE,lowlight,1,11596.712344684609,0.35539111495018005,0.2720896005630493,3.7899112701416016
495142175172477,52.064618461934,27.758129879211,53.92553647023464,27.508704266169723,BY,lowlight,1,207.59651889743398,0.48311880230903625,0.24099168181419373,2.370359182357788
278818637266368,21.668020820761,39.5871724527,24.961331815995234,55.561476609525535,SA,lowlight,1,1670.6658954712625,0.27159175276756287,0.046668216586112976,2.5971338748931885
311313370600056,34.298302972773,35.843733635285,33.94889537245846,35.59769015280798,LB,lowlight,1,44.97167546762078,0.9796500205993652,0.9682677984237671,0.12486539781093597
546356603055282,16.319144026137,-61.319536174119,16.355937822785634,-61.491256288479335,GP,lowlight,1,18.774594869016436,0.48638057708740234,0.44354957342147827,3.1410763263702393
455880318809614,13.212934938654,103.97535020814,17.780103457849826,105.38428856703393,KH,lowlight,1,529.7970995423291,0.6388424038887024,0.5610220432281494,1.823624849319458
561177494854490,65.249274201498,-14.3599477776,67.80700611218559,20.048295834774915,IS,lowlight,1,1529.154210579549,0.6685891151428223,0.4781140685081482,1.149003267288208
591338181829945,40.948513592565,47.680340883083,40.46173296502227,46.562574697291,AZ,lowlight,1,108.6606453420997,0.2702209949493408,0.07645431160926819,2.3395705223083496
478603033472419,10.605368280525,-61.423503253964,10.67782217572905,-61.465528067021786,TT,lowlight,1,9.27356762859807,0.19242826104164124,0.10020691901445389,3.812764883041382
140993104682356,11.492434620243,14.669528720435,44.08007694185908,22.63827595551344,CM,lowlight,1,3703.2133072020206,0.09273171424865723,0.013841360807418823,5.34591007232666
1365904140461073,16.782552049243,-62.177983430902,43.371963410176086,21.49793747180712,MS,lowlight,1,8232.996792916285,0.1141887977719307,0.011539898812770844,4.528180122375488
184854733517675,66.049214556266,-16.60518565352,65.8070365355537,-17.01485192672989,IS,lowlight,1,32.71671021973229,0.9860413670539856,0.9814866781234741,0.10515351593494415
484812855999457,11.316364972572,-60.600609669164,14.603932345593384,-61.004446051989355,TT,lowlight,1,368.1699267185733,0.823845624923706,0.679404079914093,0.5540465116500854
198374955275087,31.228889368174,35.249839466257,44.96583146533166,74.01399262353178,IL,lowlight,1,3675.743416610578,0.1269887238740921,0.046073704957962036,4.666758060455322
493661578655706,21.902623515855,58.249258213784,22.18507461497815,58.36858833533533,OM,lowlight,1,33.72936986435837,0.7007995247840881,0.5898144245147705,1.606088638305664
1421342044880216,-33.979765814868,-55.677857234372,-34.21242417163584,-55.65924987738814,UY,lowlight,1,25.927104089301793,0.3436649441719055,0.2969885766506195,3.8024070262908936
791346968192465,47.64092226916,22.514698705141,45.0489615381614,19.812545654947048,RO,lowlight,1,355.038559248813,0.3421735167503357,0.1281605213880539,2.739135265350342
509490393519441,12.00528480685,15.133921129804,8.79199313430011,1.9478002927855784,CM,lowlight,1,1485.4474157937063,0.22123433649539948,0.1580430269241333,4.006864070892334
365265328257309,-16.455863020951,-152.25124408953,18.85545227978778,-96.94302397771237,PF,lowlight,1,7210.875010140887,0.11776883155107498,0.028859198093414307,4.808897018432617
373099774078768,15.381551450461,-61.278224581511,15.36341708419984,-61.215617695032996,DM,lowlight,1,7.008834645008126,0.4104454219341278,0.13020488619804382,1.848147988319397
3849748481728507,54.429547030142,-8.350480924746,54.31444389279785,-3.6266594733051787,IE,lowlight,1,306.18752761993824,0.2784557342529297,0.053639113903045654,2.560999870300293
486814105900044,24.815009873567,55.581561784151,24.563300212076133,55.77431102646039,AE,lowlight,1,34.09679815765811,0.2802478075027466,0.01959151029586792,2.283045768737793
553493755814632,25.651486854641,55.817622488275,25.262511287871682,55.54465275978084,AE,lowlight,1,51.20370711366938,0.24315157532691956,0.05381311476230621,2.754676342010498
294731518788880,12.182130031336,-68.992602507728,12.499155630389977,-69.37427006564651,CW,lowlight,1,54.419784419905454,0.300632119178772,0.07236604392528534,2.7237038612365723
526112418414577,-4.1889057701817,39.593824106105,12.7913190392448,99.93978517211913,KE,lowlight,1,6926.1486207957405,0.28737226128578186,0.16623283922672272,3.1242246627807617
1143243902846918,3.9423529755317,73.490255336254,9.995962034849118,76.18318498499237,MV,lowlight,1,735.773758050411,0.5182161927223206,0.38194072246551514,2.543055534362793
1222724854903474,-15.992638795519348,27.473549745213845,17.411801521510153,78.33407187589293,ZM,lowlight,1,6697.170161512993,0.900911271572113,0.8908108472824097,0.7897669672966003
814962436102418,17.246826160842,-88.964928894179,30.954535150126954,-88.60833641743571,BZ,lowlight,1,1524.6540951579973,0.37491294741630554,0.17945079505443573,2.973083972930908
2588410498130022,8.6681322733063,15.915175571704,8.556535478420086,1.8130856500138368,TD,lowlight,1,1550.3605599729608,0.7425777316093445,0.6159148812294006,1.3202201128005981
757152124922572,40.280135692488,20.032560201339,41.21132183192555,32.51447713431467,AL,lowlight,1,1055.6762998853378,0.7730600237846375,0.6173076033592224,0.8728934526443481
3729075633885792,52.879324916405,14.84215981606,53.04803473893327,7.562416745607258,PL,lowlight,1,487.71196533719325,0.14590178430080414,0.09452037513256073,5.008859157562256
193255762642321,-25.463140138686,31.530813486271,-25.443963428817696,31.3180952174633,SZ,lowlight,1,21.463454148434895,0.35116198658943176,0.22138100862503052,2.911189317703247
158748456176634,18.003107984756,-76.750140742066,22.774592204971928,89.29050329223931,JM,lowlight,1,15233.690447701916,0.20334897935390472,0.006878882646560669,2.786909580230713
487059602744422,22.483846298693,88.311807710332,13.758200680825897,100.55106958595758,IN,lowlight,1,1615.3879217090575,0.5161226391792297,0.34556013345718384,1.8533821105957031
187972779810965,37.223202382218,126.95228008609,35.496420071691695,128.96283346836455,KR,lowlight,1,263.1987898792595,0.7834082841873169,0.648658037185669,0.7069833278656006
325108962571033,-14.007024453392,-171.59812253095,11.32360534656325,76.86577300970872,WS,lowlight,1,12606.839542068394,0.5800614953041077,0.39554113149642944,1.6856868267059326
506599274036580,54.629530708934,-8.6760286174409,50.583085588796195,-4.702992653072558,IE,lowlight,1,523.6667068380907,0.21432770788669586,0.05674926936626434,3.669064998626709
507218187079443,37.843340581126,68.830014881381,39.856037746117124,32.67470902439209,TJ,lowlight,1,3117.64008632442,0.7127209901809692,0.6804404854774475,1.7609262466430664
153324916692555,5.5180289616018,-6.5822215976398,40.41180993070065,-109.84995259603463,CI,lowlight,1,10720.006886489036,0.41327327489852905,0.16841742396354675,2.1366140842437744
771731993706945,41.928551334201536,19.551310678151587,43.350261904501465,21.921120950750627,AL,lowlight,1,250.11760985712164,0.4921394884586334,0.32633131742477417,2.066331624984741
486481489451262,49.966660340065,17.026531427218,48.31810947958493,14.296107064015136,CZ,lowlight,1,270.2461655802395,0.10100524872541428,0.036846600472927094,4.634331703186035
2949034095418835,3.9465097772644,-59.099420704396,17.870971115050622,98.82138918499977,GY,lowlight,1,16587.567943855054,0.37007448077201843,0.27782079577445984,3.460639238357544
372845630827843,-27.768029274082,-64.271302066744,40.79860641598808,-96.65117749391827,AR,lowlight,1,8323.44537343903,0.5426137447357178,0.4751163423061371,2.832817554473877
804236390516614,24.360035161271,90.528148543285,23.113484947541693,89.64471204369693,BD,lowlight,1,165.22245774427114,0.4650132656097412,0.3085155487060547,2.0888280868530273
1165449024229030,11.127732358514072,42.37283796780444,13.979422146471906,41.13291968564022,DJ,lowlight,1,344.46300368200747,0.27178213000297546,0.14480188488960266,3.4181125164031982
465682694540312,47.092368215581565,15.033271683507603,47.95226304224768,13.645497174993366,AT,lowlight,1,141.42336617826666,0.14670811593532562,0.040696047246456146,4.363646030426025
1414034302297531,5.9652601827551,-10.011148216804,0.8100956877735873,9.134730276482838,LR,lowlight,1,2200.4205371200505,0.21810799837112427,0.0657423883676529,3.8043017387390137
164124928906484,17.026658655636,-88.957499025099,43.93476493933529,22.244782734215754,BZ,lowlight,1,10299.82228916137,0.1853123903274536,0.11585880070924759,4.173871994018555
265373079006579,12.19339030343679,-4.128458023871779,24.603224515453352,73.72936752679202,BF,lowlight,1,8233.561907637088,0.45196229219436646,0.2699837386608124,2.506974220275879
211403467484458,-24.160264772744977,47.3486048183456,43.97141573442785,22.01458789401632,MG,lowlight,1,8003.976048644672,0.31982260942459106,0.2618923485279083,4.091686248779297
4252117868180040,-31.701164589216,28.774388216841,-31.30424324192492,29.317940507032652,ZA,lowlight,1,67.84913172353912,0.3199087381362915,0.1363004446029663,2.4645068645477295
1185546705230006,60.068284515535,20.263657107897,59.68247129719205,16.62988319090372,AX,lowlight,1,207.2488239276256,0.171914204955101,0.05277319252490997,3.7953379154205322
307549670912816,47.805455809752,29.008339682994,47.741946023759326,28.907579624938155,MD,lowlight,1,10.323215810948826,0.8066659569740295,0.7403391003608704,0.9184392094612122
1150240562161074,1.3857279016312,173.14547646453,-8.035677785706453,-34.94149454565022,KI,lowlight,1,16817.832723629028,0.23107151687145233,0.03623874485492706,3.817028760910034
1926367507521003,-34.006516340223,-62.239283065807,-27.466641033948864,-58.94604260025215,AR,lowlight,1,792.2503811875961,0.6231908798217773,0.4519432783126831,1.5643450021743774
174862464516382,18.026136330252,-63.051721834115,13.156740575287644,-59.599375273255376,SX,lowlight,1,655.5810426518796,0.21375367045402527,0.0925738587975502,4.092697620391846
238608201397184,13.394898337011,-15.796480495355,16.30423350361017,73.73191428900776,GM,lowlight,1,9543.827992593699,0.4030437171459198,0.268703430891037,3.088346004486084
168171301893400,-21.306913177085,47.234054757271,5.506208947612983,-73.44465197181698,MG,lowlight,1,13402.557500772176,0.5809589624404907,0.48194068670272827,2.0984156131744385
143601257800230,6.1813662366503,-10.476370028512,-2.789473300055576,14.614643932522165,LR,lowlight,1,2959.0837708768936,0.6478590369224548,0.5461997389793396,1.5785844326019287
1426576467702919,42.716570546448,19.37002352769,44.660721735471014,20.544887557325374,ME,lowlight,1,235.91115014838698,0.6537646651268005,0.48089009523391724,1.5524910688400269
582527629366762,13.909926027264,-60.995742963827,13.843131608903334,-60.9504248838931,LC,lowlight,1,8.893574905049629,0.9013875126838684,0.8209160566329956,0.3969648778438568
789178535042815,10.848339859199,-14.344376628968,10.208003059175331,-13.942240182340212,GN,lowlight,1,83.68067367637691,0.4884472191333771,0.2913205623626709,2.018552303314209
770818833619667,46.189989851656,27.550790956761,46.21954045963619,27.5421732361669,RO,lowlight,1,3.352134904336473,0.3828728199005127,0.3138759732246399,3.2037830352783203
771812706865289,18.810877831997,-72.868700352417,18.71972284773835,-72.33313290259667,HT,lowlight,1,57.290570505659915,0.9357622861862183,0.9049883484840393,0.36195284128189087
1979924955729830,0.4210184118848502,9.466164114756396,17.523387116566123,78.33526563470355,GA,lowlight,1,7756.819189387801,0.24170304834842682,0.007410958409309387,2.5851407051086426
1215125515585698,-29.72467996101,27.401763312517,-30.12088469822395,27.733706716327028,LS,lowlight,1,54.44531012749897,0.7929064631462097,0.7445358037948608,1.003524661064148
525797611782911,33.53278970091,10.187082947953,35.386799819038046,9.030343356108892,TN,lowlight,1,231.83030645552617,0.3952495753765106,0.304115891456604,3.5326077938079834
981736889296495,15.18213389856,106.76109629686,14.3926239824863,101.37560934346428,LA,lowlight,1,585.6034113222712,0.3064335286617279,0.20900572836399078,3.7624239921569824
290546622610201,0.90650801653382,111.91071699724,19.762542138709996,101.45493526930198,MY,lowlight,1,2385.6226134201643,0.28326255083084106,0.14360861480236053,3.0572943687438965
925069178226405,-33.684138890591,120.78000000686,-23.242202222515154,29.978331160063288,AU,lowlight,1,8671.562737963353,0.4752075672149658,0.2633013129234314,2.232447862625122
841753896415038,-6.3002644508667,176.31963764015,-16.90955105324982,145.7542362957172,TV,lowlight,1,3525.4355360880604,0.5617246031761169,0.45622575283050537,2.476929187774658
645048966783670,42.89641826045616,17.56617896330491,42.48044830382897,18.7795400893913,BA,lowlight,1,109.4273352058368,0.2124883234500885,0.011989519000053406,2.429868459701538
2157623727878098,42.203008413762,12.652366039877,42.19595744370369,11.856904993732838,IT,lowlight,1,65.53006874183201,0.3192397654056549,0.04940709471702576,2.3376026153564453
491154428864902,34.78133892235,10.662689207895,36.61473380228307,2.8752621714596556,TN,lowlight,1,731.9221252410632,0.9089863896369934,0.8609172105789185,0.4869304299354553
5023711767716996,27.43539864879576,89.6844986785493,40.77159843749858,39.239649090876135,BT,lowlight,1,4804.0309787621945,0.19971822202205658,0.013967007398605347,3.016636610031128
502661524102239,25.24288508,105.72866675,44.02541215164737,22.056024571096614,CN,lowlight,1,7606.215670959317,0.4472047686576843,0.21629878878593445,2.2368998527526855
768051953908267,24.417738719697,124.24306124209,44.63448088098714,20.6455549719775,JP,lowlight,1,9124.86425053075,0.08613785356283188,0.006866544485092163,4.514434814453125
2634487660183183,15.505396860363,-61.465808232581,9.95140003645009,-84.65127964238654,DM,lowlight,1,2587.5448373932522,0.6023300886154175,0.32766300439834595,1.287278175354004
777370986311883,69.771194043132,-50.45379669083,77.521325833057,15.718376877721536,GL,lowlight,1,2096.647607749979,0.3035120368003845,0.22057634592056274,4.141395568847656
214018630224328,-30.195842567793,28.141370668784,40.924490838726825,29.148443854089457,LS,lowlight,1,7908.8994584258435,0.4735168218612671,0.4102938175201416,2.7890396118164062
898244168080774,48.39779130109938,69.97859259537432,34.94647888918249,-109.83167317916921,KZ,lowlight,1,10747.607645743055,0.07632733136415482,0.03196442127227783,5.300291061401367
4492529727427156,-28.146082771307,-51.513579498292,-23.977711348371493,-53.67876075587227,BR,lowlight,1,511.44216114283773,0.860049843788147,0.7686166167259216,0.5671297907829285
285348029668834,24.497433158551,56.506035667282,24.618555433927735,56.00676249405545,OM,lowlight,1,52.25991765402003,0.7498655319213867,0.6881201267242432,1.2846262454986572
171014971604854,50.702549851864,3.6582481425115,51.08174721504723,3.4637674868028423,BE,lowlight,1,44.31637002163919,0.30393990874290466,0.1622890830039978,3.1463711261749268
4840639372618820,-14.92550912288379,13.489538311090364,43.96216519813341,22.222249230619386,AO,lowlight,1,6607.840714823027,0.7372514009475708,0.6877089142799377,1.5226476192474365
206149904648055,26.21207915528,44.093256403165,23.6323758645797,57.593743088579345,SA,lowlight,1,1390.5526363485656,0.2385328859090805,0.09022542834281921,3.528557300567627
204252138180851,-21.559664995251,23.773974999472,39.0950756424061,-113.86285501053959,BW,lowlight,1,15557.545890681151,0.09949971735477448,0.04050399363040924,4.814992427825928
920871192081755,-20.154762249788,28.582363111001,-25.890761330856346,32.64403603942643,ZW,lowlight,1,761.1503429462244,0.9658642411231995,0.9376967549324036,0.1914113461971283
219966586218279,47.029132462966,15.932431980783,44.0753012877347,22.261819708654087,AT,lowlight,1,591.965534646714,0.4590776860713959,0.024466484785079956,1.4714996814727783
135549215221893,2.4175748743344,9.8423648123313,8.158041355967594,35.00542513752218,GQ,lowlight,1,2856.9239492530583,0.15798692405223846,0.018529370427131653,3.78629732131958
376262240365585,11.737844217402,-84.258740123025,11.773699272545636,-84.14434784971175,NI,lowlight,1,13.075687383716735,0.9473005533218384,0.9004073143005371,0.2358648180961609
171728951493255,49.507376607171,105.95258746284,56.17653607336065,44.12867481198227,MN,lowlight,1,4073.6275425809627,0.6123782396316528,0.384782999753952,1.5738533735275269
253978489850814,48.281270225581,27.973739010266,58.39553196250651,41.690384104459525,MD,lowlight,1,1441.4680148564203,0.12078429013490677,0.04682432860136032,4.431822776794434
300413981460892,28.731055900238,48.000514767945,29.963915779102482,31.668355432578597,KW,lowlight,1,1587.5624081493338,0.8874399065971375,0.8495067358016968,0.6403623223304749
1184530975332530,-14.802947311274,-42.709531402229,-14.103686027845134,-42.46502507782315,BR,lowlight,1,82.0905234240048,0.9175205826759338,0.9083280563354492,0.6187350153923035
1266617723756139,-2.7425780868466467,29.42359642013631,-2.3709186384071583,29.048274783400217,BI,lowlight,1,58.703788206019134,0.5625661015510559,0.47216713428497314,2.0205957889556885
473474263980538,21.715223057868,59.471278053944,22.450807454499692,59.81616216633509,OM,lowlight,1,89.1791526382471,0.578400731086731,0.4345911741256714,2.101166009902954
1249815355421012,41.352986665751,46.933972599593,41.729981551578256,46.31442209158599,AZ,lowlight,1,66.4529483805694,0.5718859434127808,0.26330041885375977,1.2274352312088013
228708892356879,48.677696253977,17.636842304644,48.78379475789969,17.88127163531153,SK,lowlight,1,21.46102426493499,0.21748881042003632,0.04816083610057831,3.3204522132873535
573918251034517,24.9108887387342,90.79494731880273,22.051339490506294,88.61951215065558,BD,lowlight,1,387.69950892853143,0.3659180998802185,0.17498819530010223,2.538478374481201
2964997383812126,2.6098453233173,9.8422664516346,-7.280045656526989,109.72773405416919,GQ,lowlight,1,11133.990410906708,0.4586191773414612,0.3769436478614807,2.786555051803589
216212559884926,39.033844678159,125.75376577506,42.642686499947054,41.410164758120274,KP,lowlight,1,6796.462690256751,0.7664918303489685,0.654265284538269,1.113815426826477
305136647878220,12.193469016038,-61.616092049056,14.57877599869285,-61.03549456147815,GD,lowlight,1,272.5673512853227,0.8698785901069641,0.8090342879295349,0.6029638051986694
1425023424516398,-16.694601299289,-60.803490901407,-8.033338545944353,-34.95527526954247,BO,lowlight,1,2964.162500202338,0.12757794559001923,0.03226274251937866,4.317176342010498
454775888919551,46.828024824521,7.8088947836121,47.29019593568659,8.761872132230298,CH,lowlight,1,88.61195072494239,0.6208167672157288,0.47398293018341064,1.600365400314331
861104217828929,17.113853213721,-25.242018334352,42.81941987120825,18.35981466713738,CV,lowlight,1,4998.803794839985,0.1926542967557907,0.028850436210632324,3.224397659301758
1051007365779921,6.813554100014411,158.2040012,6.905363244339511,157.8739238331912,FM,lowlight,1,37.843183450169995,0.6710724234580994,0.48444756865501404,1.450767159461975
1334507140366814,-23.48982047010992,35.38536972552172,-6.816412358464187,39.26689629299336,MZ,lowlight,1,1899.8322355329517,0.7987703084945679,0.7179189324378967,1.1770918369293213
3912389445490209,49.325970928935,17.226098099604,43.88084345260528,22.303943786233656,CZ,lowlight,1,718.704251186455,0.24253633618354797,0.08959247171878815,3.491870403289795
265194928674974,13.23781099507,-59.544998005588,-6.0324017341494605,39.26172001821158,BB,lowlight,1,11110.599530521868,0.09701275825500488,0.020906217396259308,4.8744049072265625
130827665729646,41.660012138201,21.174396481341,43.97765816902277,22.323792124843667,MK,lowlight,1,274.22402155693766,0.8457304239273071,0.775926947593689,0.6992083191871643
382514279656400,17.169493550421,-62.549673737704,14.030459894500769,-60.92215291820165,KN,lowlight,1,390.13464033954943,0.8333066701889038,0.7337810397148132,0.6218597292900085
490566595325309,32.35061764629,15.101938149737,33.97506944643398,-6.835894810583956,LY,lowlight,1,2046.1112501175214,0.19199493527412415,0.014884933829307556,2.802748203277588
177150824328343,-14.845732355681,35.25013351485,7.6181379199177846,38.08565082667873,MW,lowlight,1,2517.3548637150957,0.30082714557647705,0.15521755814552307,3.5007781982421875
337754307681723,22.908438446718,90.804919962877,22.972080635044097,90.6951992725843,BD,lowlight,1,13.278382453038004,0.24203087389469147,0.00038054585456848145,2.656073570251465
288297272916728,-17.786629070676,177.44305087069,-28.684036180796653,32.207597311495576,FJ,lowlight,1,13638.909679089027,0.4515905976295471,0.3207961618900299,2.5751500129699707
485752159242168,60.005211059817,20.384442671458,60.10844585760736,20.10611792932005,AX,lowlight,1,19.245720897083842,0.4799060523509979,0.228919118642807,1.9606560468673706
495377298477425,41.941602973878,34.631294266421,41.879349864806265,34.76931630023515,TR,lowlight,1,13.35530226706217,0.9469338059425354,0.9292152523994446,0.38312822580337524
2890584101196635,41.681667019865,21.147788358398,43.92970648720644,22.256746051067644,MK,lowlight,1,265.83063778359485,0.30044424533843994,0.17327582836151123,2.836089849472046
401731674144754,23.355590466277,121.32187991241,24.58768037290958,120.87734748121773,TW,lowlight,1,144.2548211633422,0.35751447081565857,0.14438943564891815,2.335216999053955
1169142930166538,20.834467782196,-75.727264614924,-6.18160928902186,39.247256685248196,CU,lowlight,1,12843.722624559037,0.1839151680469513,0.062497638165950775,3.9297571182250977
306207777612908,-13.800621344179,-171.85935966246,16.37112530072424,73.82562022123759,WS,lowlight,1,12987.656621299857,0.42849433422088623,0.29169961810112,2.503345489501953
2665542867084280,15.44922162275011,-15.809327283661323,15.728526488315973,-16.220789885583002,SN,lowlight,1,53.91357444531439,0.36871662735939026,0.15734848380088806,2.1917409896850586
473236960624282,-11.390300678508,43.342774487865,15.33397771749533,79.23652348095301,KM,lowlight,1,4944.509419072752,0.4907275140285492,0.3972899913787842,2.442709445953369
175640891118270,58.3416314331,22.123379209424,55.50609655736666,22.857000432700968,EE,lowlight,1,318.4195064774824,0.11158169060945511,0.0064410194754600525,4.034112453460693
940728323368212,5.5203195797668,16.760305199775,-24.322388526188607,-53.892659272857344,CF,lowlight,1,8326.13342642117,0.7092835307121277,0.582695722579956,1.2020524740219116
159670792680757,4.8671591384211,31.498747958114,13.105381928357295,102.90970711509232,SS,lowlight,1,7874.4402176613385,0.5014286637306213,0.28071218729019165,2.332353353500366
490425192372401,-42.289566526657,-73.549884623054,48.31323684335515,14.258279080478236,CL,lowlight,1,13223.997797494065,0.4301455020904541,0.3604472279548645,3.309025287628174
140927168065220,14.884255893398,-24.355900858541,42.85055900432952,18.28315441633122,CV,lowlight,1,5103.844456185422,0.45302408933639526,0.25910770893096924,1.8379782438278198
2148319455305366,12.658976107053,-1.5012029355804,10.509033166474397,-1.0241384278966894,BF,lowlight,1,244.6449936936521,0.40438517928123474,0.006989389657974243,1.362815022468567
950272148968894,-12.972416512525884,45.15611771647966,-12.778786608816425,45.147846011587305,YT,lowlight,1,21.549325234058035,0.7606016397476196,0.5635594129562378,0.7442582249641418
153355823412892,49.184810534933,-2.0480987436129,52.72957192381865,-2.0239087289012265,JE,lowlight,1,394.16311766808974,0.8137770891189575,0.7908461689949036,1.3508996963500977
363513025083758,47.047992478928,8.7799077721095,47.42049222369685,12.857258826676057,CH,lowlight,1,310.58360845582524,0.16431385278701782,0.07027722895145416,4.145009994506836
512297363276315,31.456330474142,35.250774430442,35.64465354235325,34.43507754544292,PS,lowlight,1,471.8086011256922,0.3661625385284424,0.1293189972639084,2.5238101482391357
456622292570371,17.562683786778276,52.54996407813734,36.384741361478746,42.990223431990096,YE,lowlight,1,2294.1089131829317,0.6113654375076294,0.40817883610725403,1.5818666219711304
4527359417278295,12.574854908472,-70.042613806787,-1.0244327612101853,-80.6608146940971,AW,lowlight,1,1913.0731834970086,0.8145657777786255,0.7202146649360657,0.8077327609062195
537629581307027,13.181351944444442,-59.52259444444445,13.889243899631198,-60.98854792177139,BB,lowlight,1,176.94945447929433,0.958268404006958,0.9461271166801453,0.29398632049560547
795129897807041,35.163207188355,-6.1437231591152,40.620702213949045,17.88558862041546,MA,lowlight,1,2186.3739845725254,0.8353142142295837,0.8155001997947693,1.278836965560913
351777130251541,39.481253041447,46.278721306968,35.778733744412214,51.484548264022834,AM,lowlight,1,615.9615977503267,0.2518058121204376,0.0435529500246048,3.2506940364837646
808281843784947,-9.017975593206083,125.18936083216094,-8.629847035970034,116.09216268009575,TL,lowlight,1,1000.4943431309221,0.5613281726837158,0.408922016620636,2.1436569690704346
571640328046013,9.496515810605342,138.0909467705742,27.896041641726164,-82.53338294832729,FM,lowlight,1,13984.04213030309,0.287405401468277,0.07436008751392365,3.3195271492004395
1596718320725210,6.820059002595853,158.1889075956807,6.828435675315365,155.11945167654753,FM,lowlight,1,338.89057268285234,0.6445785164833069,0.6017164587974548,2.2220120429992676
909068383276012,51.71872582063,71.017642467242,-16.368838020121686,-48.4327457686664,KZ,lowlight,1,13442.987433337761,0.5037396550178528,0.26723238825798035,2.1463863849639893
201271568510246,11.498181689874,104.89298318393,17.594567802106006,105.85417439012681,KH,lowlight,1,685.7270156030472,0.5081759691238403,0.42366039752960205,2.3440418243408203
865101847550557,14.337966085705,-11.307015681085,18.444020225684145,73.90785055306408,ML,lowlight,1,9015.927439122739,0.3577902913093567,0.29280751943588257,3.4565460681915283
273645621106204,11.400246031697,15.323762439617,-25.310982311068734,31.991653098477528,TD,lowlight,1,4463.825591469103,0.41171103715896606,0.306682825088501,2.713022232055664
816784312848146,47.27419583333333,110.70045194444444,45.200559055938164,73.8916634716232,MN,lowlight,1,2813.9512030303554,0.4953935444355011,0.3609079122543335,2.8072621822357178
205051911255970,15.898719949045,108.34769045302,21.224293049370168,105.71894903013755,VN,lowlight,1,653.7439134014339,0.28717073798179626,0.17746827006340027,3.386247158050537
1197452254025430,60.290261118231,20.017018951216,59.817111253048196,16.66157305001137,AX,lowlight,1,193.51532762717224,0.3398912847042084,0.14075349271297455,2.5944111347198486
524857088520171,40.969687102424,47.506671390525,13.340257192026948,77.75250377550293,AZ,lowlight,1,4246.638585152644,0.3118501901626587,0.27054834365844727,4.205524444580078
585468982429325,56.863557681775,25.533807915732,57.579866955037126,25.468246484240364,LV,lowlight,1,79.74767141237966,0.22920925915241241,0.07752975821495056,3.405414581298828
223293895846479,40.460441929706,49.654367032421,39.83035030509306,32.68192252905888,AZ,lowlight,1,1442.11144284065,0.30823710560798645,0.0840747207403183,2.517537832260132
983815092358003,45.845665401276,-1.1566237774946,53.0619307559676,7.440744789638753,FR,lowlight,1,1013.4292390006221,0.4781186580657959,0.35804125666618347,2.7834091186523438
495004361712254,16.705985016912,-62.221856779895,35.167163503721966,25.664711667396958,MS,lowlight,1,8760.816000706656,0.2820098400115967,0.19956091046333313,3.9013190269470215
1116467962190839,49.234789455854,-2.1566386309068,51.34412869329165,0.17891245760179705,JE,lowlight,1,287.2718563487724,0.1172262579202652,0.042228929698467255,3.9360251426696777
799261197806429,13.04112461881004,7.584578150427974,6.337446629145714,2.411296837828145,NG,lowlight,1,936.3594151649654,0.31929630041122437,0.13094505667686462,2.7884812355041504
375892980333603,53.800018986142,19.066495869964,54.604972521513936,25.02051618514068,PL,lowlight,1,397.3285394750444,0.09860549867153168,0.010483242571353912,3.7865500450134277
216735996617694,-51.729168266578,-59.221494505424,64.30355676308852,-20.718517624850172,FK,lowlight,1,13323.376781245923,0.9356050491333008,0.9247643947601318,0.5064435601234436
122836676470530,19.317250203375,-81.382868299519,17.34536504478407,-88.83088586917503,KY,lowlight,1,816.056582463532,0.9976859092712402,0.9966310262680054,0.020341556519269943
864991334054817,22.630694715979,75.815649968185,5.447141845622272,100.55141999066026,IN,lowlight,1,3271.160802354136,0.7250701189041138,0.6690454483032227,1.780738115310669
303472461226103,30.448379399773,-91.249052345819,37.152621454575936,-77.52435183796085,US,lowlight,1,1468.7754776294607,0.14840973913669586,0.03661109507083893,4.395045280456543
751120052245249,18.306901319254,-66.036105758042,12.657565377959003,100.9165435148068,PR,lowlight,1,16286.443312202467,0.28653356432914734,0.12663787603378296,3.4324913024902344
618094669584037,1.0592725919843,104.01250864856,1.0818235335860151,104.08068648777227,SG,lowlight,1,7.983718374941954,0.11762037873268127,0.015236876904964447,4.43703031539917
204293011757830,15.079993126144066,39.21687884094408,-6.826454008648554,39.276857683054565,ER,lowlight,1,2435.8947524061878,0.309756338596344,0.0204603374004364,1.7460591793060303
2928508607437195,37.840107608369,68.802462308142,38.53181404341735,68.82790248348633,TJ,lowlight,1,76.9463771361931,0.42700859904289246,0.19321545958518982,2.6364331245422363
1371451869918489,3.6333328691599,72.957712473483,13.76366309902923,100.5690604772033,MV,lowlight,1,3232.5956956554087,0.3840045928955078,0.05946260690689087,2.208294630050659
215955796651386,14.063525259413,-83.397823687399,11.954052314329715,-86.40301949938338,NI,lowlight,1,401.2618266489979,0.1766131967306137,0.025234967470169067,3.3845531940460205
137850255541406,24.545211603122045,88.5941532347436,22.529158495416375,89.2153189379457,BD,lowlight,1,232.945561848328,0.6071669459342957,0.48969900608062744,1.6500359773635864
300676795037037,47.54022479277,18.649560765963,43.565842010408105,21.564154760259374,HU,lowlight,1,496.7043909103492,0.16751351952552795,0.03483857214450836,4.013491630554199
758419548202670,56.459896994613,24.509987996003,56.68005694630483,23.421993466819174,LV,lowlight,1,71.00254088599175,0.30619487166404724,0.23038819432258606,3.743032932281494
234036278489604,30.859288137504,35.983036655163,33.31657695950748,-112.05929246432551,JO,lowlight,1,12129.149003209608,0.6161292791366577,0.5540373921394348,2.2217464447021484
1877580812408950,8.2904185166376,-13.160532748623,8.3019852654696,-13.133718510932471,SL,lowlight,1,3.21855732593136,0.5438512563705444,0.44001927971839905,2.2609643936157227
508516997178857,-20.44017415751,57.716929198138,14.62420474582613,-61.01615530302771,MU,lowlight,1,13521.713828846458,0.5504592657089233,0.45775148272514343,1.8528053760528564
2476936639119646,-17.187994442004,145.88923082343,-17.43622323124872,145.85769784465174,AU,lowlight,1,27.804026051975264,0.4051831066608429,0.06410476565361023,1.4538679122924805
170299241727097,29.609911657314345,104.99307446089506,17.640727990227123,83.09387431070532,CN,lowlight,1,2590.3958737839666,0.24701547622680664,0.15305721759796143,3.907482862472534
297845861929140,19.00823988924,101.48346297652,18.0273144989543,105.58543946818142,LA,lowlight,1,446.02939150797584,0.8001326322555542,0.7437773942947388,1.1566675901412964
322702535907825,20.283683791944,105.67522750563,44.63382001984743,20.51531536505255,VN,lowlight,1,8067.15509791864,0.5725510716438293,0.48868072032928467,2.4342105388641357
787272635685450,4.323621691762423,18.511948154254057,14.288120696309582,103.48047361101091,CF,lowlight,1,9347.895500498425,0.6978655457496643,0.6247156858444214,1.5684655904769897
173788081866624,59.75612769558473,-127.47179840177547,37.01370991366873,-113.52149876779401,CA,lowlight,1,2717.6852069348047,0.42493531107902527,0.29030129313468933,2.7281172275543213
233747548461554,9.3263006266193,2.619361832951,18.99147367271157,-98.24905016510519,BJ,lowlight,1,10794.424251464232,0.5165307521820068,0.35062161087989807,2.1912012100219727
765041667535640,-33.099247370966,-56.459447149244,-23.91756985348424,-53.978746464460144,UY,lowlight,1,1049.222035625026,0.8590458035469055,0.7977997064590454,0.7801556587219238
296876208707767,35.337232736933,0.33737085013529,35.42912716825554,0.09137618389039298,DZ,lowlight,1,24.530624610952664,0.49847134947776794,0.07594552636146545,1.1051565408706665
5220870694689924,13.010537169214352,-15.781125774925767,-25.11341474806743,32.289460658575145,SN,lowlight,1,6715.9846187706435,0.8806682229042053,0.8554359674453735,0.8068976402282715
490774565689974,13.06406278563,-1.087121270677,-1.9873339297237702,30.191840306127528,BF,lowlight,1,3835.50789849147,0.21846434473991394,0.0824974924325943,2.9869914054870605
218599310068075,-21.24302439442,55.333436310069,-20.931691435682463,55.422366219344575,RE,lowlight,1,35.82702606960467,0.6532427072525024,0.48800790309906006,1.3879567384719849
174969884519406,46.737187807587,8.3987859932934,46.70896823470788,13.002306296107815,CH,lowlight,1,350.8761442387752,0.10427242517471313,0.02983822673559189,4.229040145874023
581849006299222,-16.292466257509595,167.67474403169504,-6.98798986659414,110.38563553235747,VU,lowlight,1,6305.102825010169,0.19302070140838623,0.0013972222805023193,3.3231091499328613
514194699740537,49.025633194136,19.779030185528,48.7738157420637,20.12523861275348,SK,lowlight,1,37.74224832489813,0.2705145478248596,0.019596874713897705,2.407101631164551
1636152166570934,13.748349438255,109.21278035386,56.200594314067025,44.125253699031504,VN,lowlight,1,7210.183239271846,0.11428894102573395,0.02560056746006012,4.433906555175781
810831549638249,38.371680067627,71.17919493021,38.56916721159019,69.09026388138324,AF,lowlight,1,183.17459045074156,0.9787705540657043,0.9681037664413452,0.13568593561649323
126986893262506,9.535228699145444,138.11777436553538,5.7154836997579475,155.52861788254165,FM,lowlight,1,1964.827677358012,0.9430286884307861,0.9068604707717896,0.31482574343681335
355702972637605,13.535688328213,-8.1000075739741,-25.280374991425937,32.20907754847451,ML,lowlight,1,6140.1546465111405,0.5048590302467346,0.34954574704170227,2.7431838512420654
939211946839909,40.900998111452,76.418995914539,38.06261192295255,-97.93530216747749,KG,lowlight,1,11216.001629767714,0.22284580767154694,0.09138070046901703,4.3594489097595215
211629123827045,6.1356720399309,-3.8436536027728,-0.7454494828562125,12.941072830369901,CI,lowlight,1,2014.1597247793118,0.9288950562477112,0.911048412322998,0.5121645331382751
696540331416062,44.87397500000002,15.571799722222226,44.052878387101565,16.816934716820306,HR,lowlight,1,134.5334842107479,0.4968338906764984,0.18749719858169556,1.9496372938156128
942512046483923,57.98102591119,22.153417844629,59.389741002271236,24.504278218157346,EE,lowlight,1,207.32732781154746,0.05120017006993294,0.006163567304611206,5.102758407592773
1794577467377638,2.2867934802243,111.96866392671,-26.79661166338544,-49.158749591816445,MY,lowlight,1,16627.567702719734,0.24079449474811554,0.18424533307552338,4.01140022277832
569520134014537,45.631513310144,14.917895762855,44.01521688314902,22.45663070546874,SI,lowlight,1,620.8607256115216,0.223443403840065,0.021542921662330627,2.6314234733581543
759618951395520,13.918783401918,-90.820453412238,6.00013457915378,-75.11800094376677,GT,lowlight,1,1930.552804253607,0.15987317264080048,0.02742539346218109,4.03348445892334
317414069756073,8.849591446096811,17.846700004099304,43.99006830458354,22.31834665619931,TD,lowlight,1,3931.331327137569,0.24814294278621674,0.14067485928535461,3.190124034881592
310132177165029,32.35614104026,15.078246874263,36.73212100797822,3.0870798317342416,LY,lowlight,1,1200.0535752202536,0.46280524134635925,0.2735453248023987,1.9248052835464478
378106816842746,47.677672060857,2.1491709666626,56.269625436977186,10.14877636721842,FR,lowlight,1,1099.721702055131,0.4789349138736725,0.3727588355541229,3.0550284385681152
974285533334788,1.987119011826,-157.37182088346,39.17499993793415,-113.7661874207049,KI,lowlight,1,6042.864219399379,0.3627322316169739,0.10057449340820312,2.8453660011291504
186014066630410,-0.26584500006505,29.929660585315,-3.0118696679752026,15.141514561829343,UG,lowlight,1,1671.6561106296763,0.11326748132705688,0.014270484447479248,4.682806968688965
2045346162308378,6.372858133743794,2.3062901826009594,7.5734190575394145,38.313500328898435,BJ,lowlight,1,3975.3662350653885,0.15754295885562897,0.08319133520126343,4.6632232666015625
1172091903236601,49.476195621557,-2.5778975923381,49.50206824637183,-2.1460388596732676,GG,lowlight,1,31.32608515215175,0.24802710115909576,0.1634291708469391,3.7127833366394043
1148818178927460,38.977689066483,-8.2445481523452,43.103001964180656,3.070819980319468,PT,lowlight,1,1052.8469597125102,0.25641384720802307,0.10711902379989624,3.513503313064575
1222613584876307,17.370666616194,-62.748620435823,14.78772286335498,-61.06405454308507,KN,lowlight,1,338.936783288323,0.25840315222740173,0.02757386863231659,3.0872182846069336
2874363389509925,1.1429664809873,33.846541381524,1.0311944606908154,34.1497802749218,UG,lowlight,1,35.93053489975759,0.4794725477695465,0.23401609063148499,2.0277657508850098
472676697278023,-11.651270507603,43.263829479505,-12.79693614199194,45.197450379869544,KM,lowlight,1,245.72987550558685,0.9974321722984314,0.9952991604804993,0.019174180924892426
229441082274343,16.133435457207,-61.769410665445,11.155880785082784,-60.7506079305188,GP,lowlight,1,564.3131186117229,0.6246768832206726,0.5615469813346863,1.974185824394226
588131552889375,-30.701177534770288,-55.134334723553735,-24.002494039987777,-53.83720780380957,BR,lowlight,1,755.7736840384575,0.8996307849884033,0.8443450927734375,0.5934675931930542
282418593597680,-15.111719223373,167.09145508574,2.9958756263128183,153.01134194134914,VU,lowlight,1,2541.0503245224377,0.9904691576957703,0.9868905544281006,0.07888856530189514
979772486214909,34.1336148881033,136.00098041765338,33.89530343308583,133.31879976061873,JP,lowlight,1,248.62283970170196,0.48550426959991455,0.32568037509918213,1.795976161956787
3774979212627875,-14.866355003204,34.792262380462,13.279278801929145,77.67196454612137,MW,lowlight,1,5662.203403099762,0.21296699345111847,0.06804382801055908,3.529078960418701
426972879607348,-17.525550986516745,-149.84053510202472,1.362191354160928,103.77637755693335,PF,lowlight,1,11789.387536229984,0.21663698554039001,0.040512025356292725,2.913513660430908
1689362237932062,13.800606381009,-88.316570230116,13.342302602875057,-86.37488714012778,SV,lowlight,1,215.97406169304256,0.18833152949810028,0.12006640434265137,4.18101692199707
1166613090443646,50.253231893566,106.33993531955,56.11595504360303,44.18834030541435,MN,lowlight,1,4048.313247238584,0.27974215149879456,0.18429872393608093,4.31939697265625
420134173638637,-10.810393821363714,31.731146261210167,48.59941476610843,21.54548498171065,ZM,lowlight,1,6681.574363312339,0.07558712363243103,0.0022030621767044067,4.6962456703186035
474713760445897,34.526350993866,69.196344342811,40.45934214001177,115.92477220246681,AF,lowlight,1,4126.516828075718,0.6191093325614929,0.5196347236633301,1.8434487581253052
506851794060092,43.177582319251,19.311856309232,44.01180825618646,22.194662478318953,ME,lowlight,1,249.9845988468992,0.2873554825782776,0.13687802851200104,2.649251699447632
2995572500661892,38.898518256485,16.523049856494,39.32680342844233,16.346379858877736,IT,lowlight,1,50.00295140878137,0.19867151975631714,0.12695573270320892,4.300495147705078
115961117883320,28.43217928695932,36.51346701072073,13.075918488737756,42.979079094486785,SA,lowlight,1,1834.0446153598505,0.6344450116157532,0.5207310914993286,2.0120975971221924
1007571866714652,55.571514078836,10.350650482308,54.64224790413892,8.397847291841515,DK,lowlight,1,161.56441512697674,0.18586641550064087,0.10138099640607834,3.9984970092773438
1174895919599539,20.052558993471,103.35914721659,19.71911707820519,101.59316706938962,LA,lowlight,1,188.34336776235025,0.4026774764060974,0.24239158630371094,2.1960957050323486
912812452874701,-11.627287351809,43.262280127651,-11.679383224856613,43.46721853696494,KM,lowlight,1,23.057909269803112,0.6816356778144836,0.6107090711593628,1.611905574798584
173416451344450,35.019561811666,33.986374163354,35.18251490021198,33.14285393482973,CY,lowlight,1,78.84744400246898,0.5777027010917664,0.4217752516269684,1.7182095050811768
1449896788674967,-5.4217682185916,141.29314063475,17.357918120227126,-93.2556024951529,PG,lowlight,1,13944.0590495237,0.1735202670097351,0.010211512446403503,3.9815750122070312
232511111978904,-34.065025583843,-55.656389079107,36.04552863232729,10.253026317029361,UY,lowlight,1,10365.76355662499,0.5869117975234985,0.3740791082382202,1.8737552165985107
1109815899545804,24.996104447036725,51.03225264110503,30.08739149874804,31.689158670949823,QA,lowlight,1,1986.391245195863,0.26541638374328613,0.1517581045627594,3.044377565383911
736517197023313,6.5599786208778,-4.9915528001493,13.102192332268435,102.96220789377684,CI,lowlight,1,11764.961439701923,0.6554053425788879,0.5630536675453186,1.9643462896347046
456214902348496,19.610685333333,37.215206138889,12.635340706229822,-8.003716935914522,SD,lowlight,1,4878.358970940984,0.3279842436313629,0.017418861389160156,2.681036949157715
345208620288312,19.224700165467,-69.390303678979,43.8835304806874,22.167884288545707,DO,lowlight,1,8661.261088016638,0.5093097686767578,0.4173429012298584,3.129977226257324
1468811220266965,7.362390601198927,134.50483736055023,34.81044526653958,134.43828953335608,PW,lowlight,1,3052.092016464838,0.20592688024044037,0.13794928789138794,4.593042373657227
308427384185327,35.884648502247,14.544820145722,35.907265605974175,14.413070511172132,MT,lowlight,1,12.131171511813308,0.9577866792678833,0.9205236434936523,0.206724151968956
395740224747116,6.5139480425193,2.6483266181429,6.186228112005048,1.1654312463936816,BJ,lowlight,1,167.88118404914735,0.7701565027236938,0.6552537679672241,0.9676275253295898
1432327937141676,13.459201505715,-14.688767601582,59.31480301096864,24.297176273842904,GM,lowlight,1,6019.029282816648,0.21208134293556213,0.1627267599105835,4.944519519805908
1797066053813454,45.212729270223,20.36112097384,44.57513401394832,4.712733160544567,RS,lowlight,1,1232.7568387955155,0.8187642097473145,0.7601775527000427,0.9928361773490906
4182076221831792,70.667211583155,25.389289533957,68.50482772491314,16.236608751418842,NO,lowlight,1,428.0834087232476,0.32515978813171387,0.0074141621589660645,2.560227394104004
3450481218541153,25.63903018538021,51.51003081357617,25.62431161730528,51.455545720942595,QA,lowlight,1,5.7021918489396,0.6236310601234436,0.48209166526794434,1.9265241622924805
881754115706919,18.443691037533,-64.642920411564,22.28517845563236,114.21859037213905,VG,lowlight,1,15484.551426467582,0.1136319637298584,0.017590075731277466,4.286964416503906
512504643106571,-51.848040759038,-58.223206369416,52.94697043523468,29.436356773534555,FK,lowlight,1,14206.529101575436,0.10778959840536118,0.0374184176325798,5.093119144439697
172855664661959,10.37149331328,-12.099479736597,12.82490124325809,75.13524548003241,GN,lowlight,1,9457.464117231188,0.483806848526001,0.09956860542297363,1.160427212715149
833358057538383,78.076451987378,14.16217603674,62.65988302618896,-7.101426141184178,SJ,lowlight,1,1862.7940802518056,0.5924257040023804,0.4926271438598633,2.189410448074341
214810390166469,3.5846135120697,23.723674547511,47.105474970736765,28.882358509044312,CD,lowlight,1,4864.703005927768,0.18311403691768646,0.10287874937057495,4.629188060760498
562840304708452,46.225408646208,15.611350197474,46.75148413298409,15.369185272835177,SI,lowlight,1,61.36445884940729,0.47848454117774963,0.3679620027542114,2.37606143951416
817268602327565,-5.9419482354293,29.161401435445,-27.58455936486576,-55.677328842282016,CD,lowlight,1,9194.686191275263,0.11944876611232758,0.022785916924476624,4.405743598937988
1034524170413490,21.467073188908,-71.131572461898,21.31088163091417,-73.30008895992825,TC,lowlight,1,225.18943538850624,0.6880602836608887,0.39283958077430725,0.7062430381774902
1856356164529190,14.123830049658,99.400519963042,44.16234172663244,20.795431818712714,TH,lowlight,1,8016.5130854942445,0.15684157609939575,0.060329586267471313,4.189630508422852
478137076746783,18.362805634492,-88.435381772096,17.39195503664149,-88.3781464752598,BZ,lowlight,1,108.12344231969269,0.9958391189575195,0.9950201511383057,0.042761754244565964
498318618261034,41.404988775836,21.780395818511,43.94168068539354,22.180954661576916,MK,lowlight,1,283.96074120423873,0.4499841332435608,0.23345956206321716,1.957661747932434
2934584883419749,40.95347805494,47.883005000971,16.12972514688646,108.17406679437207,AZ,lowlight,1,6360.783359675322,0.7389023303985596,0.6970929503440857,1.6502716541290283
928316151288980,7.1879551740757,2.0018755441177,12.287729066801338,-8.093658885115783,BJ,lowlight,1,1242.864836426406,0.5890424847602844,0.3088255524635315,1.4111579656600952
684315855630498,-29.405735807316,27.816853497845,-33.898635285424625,19.6195588658556,LS,lowlight,1,922.3247743878165,0.39367151260375977,0.13261452317237854,1.578457236289978
186849946625100,14.753512333683,-61.142985518229,-6.682380137713805,106.8950355066414,MQ,lowlight,1,18430.75445207786,0.10989510267972946,0.008889526128768921,3.6938436031341553
963176671141156,18.09268978577508,-15.935383158508005,32.17897675663524,-8.811772110401487,MR,lowlight,1,1721.3855086386304,0.8767009377479553,0.8427780270576477,0.7997775077819824
300283158416232,38.131370007974,13.274583161259,40.54101126780465,-111.80235581492653,IT,lowlight,1,9638.928221578952,0.11498499661684036,0.0080970898270607,3.6186037063598633
1247260492372230,-2.4010827279028115,29.579609392792413,-2.5582648956735294,28.967641182890688,RW,lowlight,1,70.19474780373508,0.4867853820323944,0.2232649326324463,1.8653117418289185
4176262119093022,14.688978023377,-91.548589043217,12.993837008000897,-85.95581550491296,GT,lowlight,1,632.5273449094706,0.23305676877498627,0.07718053460121155,2.8104565143585205
2762253127421121,2.0297128301047,45.335734728401,33.13462653543148,-7.716933702660987,SO,lowlight,1,6505.775146943567,0.4205794632434845,0.3709823489189148,3.604261875152588
225659908904821,25.948880833757,50.588428667013,26.04280481714213,50.53090671581122,BH,lowlight,1,11.921648199923219,0.30098190903663635,0.06240557134151459,2.2486813068389893
149923280750483,7.361847187159381,134.51969303436232,11.958768263848636,-86.3069261235858,PW,lowlight,1,15015.905138556263,0.17137354612350464,0.1339859515428543,4.982354164123535
190898982868748,55.795733000622,26.378530002305,55.86513346442138,26.276776999159406,LT,lowlight,1,9.996680356828561,0.15369287133216858,0.01272951066493988,4.659189701080322
186306836702993,38.679684725081,-3.0625683543611,39.641146301655354,36.09062173279729,ES,lowlight,1,3350.433874950587,0.08039216697216034,0.017633594572544098,5.278676986694336
1146877169153705,18.59342674547,-68.388033766711,14.82585450766604,-90.22180961623515,DO,lowlight,1,2361.040462452039,0.07120928913354874,0.014074116945266724,4.977733612060547
950737242436239,10.385183082561,-0.78958324298512,66.45141396963356,23.59185558569694,GH,lowlight,1,6499.7571195820265,0.5609145164489746,0.43847060203552246,2.11250638961792
301977051516569,58.706895821146,13.896556360307,58.46995814134052,13.86054462116167,SE,lowlight,1,26.42879617250104,0.4830888509750366,0.3890191614627838,2.2726073265075684
898624280682585,49.458533172147,-2.5981886348273,49.24411399169036,-2.143291162889073,GG,lowlight,1,40.67145011526456,0.22570300102233887,0.0826709121465683,3.6396894454956055
469891447444920,16.804499980025383,53.27984729115688,17.208714270914783,54.08281119427611,YE,lowlight,1,96.48879014974315,0.2975594103336334,0.04656499624252319,2.664978504180908
530606458102780,11.557031237126,43.092310521315,34.66820608317948,11.107992532566373,DJ,lowlight,1,4127.0498873444,0.8256626129150391,0.7903229594230652,1.113469123840332
310840073886034,-0.84581588834853,-80.17844601219,3.47803425637538,-76.5082713103141,EC,lowlight,1,630.5090943030734,0.34349846839904785,0.04412856698036194,1.880866289138794
477881999969065,24.946444828187,56.186213387143,22.998687220684346,57.72410315641675,AE,lowlight,1,267.0556973546114,0.38554200530052185,0.2943457365036011,3.3249735832214355
494687355014866,15.351932577531,-61.256287052693,-8.632596026837549,116.01121139124895,DM,lowlight,1,19211.059504365036,0.4658726453781128,0.38479405641555786,2.7989511489868164
1443285099355563,16.555627302292,96.198597103646,14.018071914903388,100.84780305625313,MM,lowlight,1,572.9182652156139,0.2966271936893463,0.23012816905975342,4.297172546386719
4104851466266998,50.070544187764,5.8458119238789,43.54388964840333,144.4848570340133,LU,lowlight,1,8860.369999104916,0.30590179562568665,0.2700479030609131,4.405974864959717
1896496400517870,13.223609624878,-61.268552428199,6.194714995279859,-75.5686459177183,VC,lowlight,1,1750.325826691759,0.3306639492511749,0.2661451995372772,3.4534311294555664
1077942902611364,51.861118010498,-1.6602529488605,55.07416891617611,12.221483623839376,GB,lowlight,1,983.7911379545284,0.23353798687458038,0.13074475526809692,4.220579624176025
1365414380506403,21.476737171908,-71.132920671407,21.374978200822657,-73.46149660356626,TC,lowlight,1,241.29492389967342,0.5644437074661255,0.2502553164958954,1.1784731149673462
275646330919906,47.355981665822,13.66278897535,63.85340322185915,20.178044248948645,AT,lowlight,1,1877.2001097455723,0.11192019283771515,0.03608106076717377,4.522342205047607
4085345498214305,54.3204660444997,-4.449369579381132,42.4248711411019,14.18117867214431,IM,lowlight,1,1897.7232534305033,0.12750311195850372,0.04290870577096939,4.587711811065674
319387202956018,36.746376386627,71.926086394726,23.48770530147054,57.54836914678761,TJ,lowlight,1,2016.4884512953554,0.4351591467857361,0.26276493072509766,2.261664390563965
192500316060760,8.5018456161549,-10.886196315338,9.182697881018752,1.2997555526106632,SL,lowlight,1,1340.9824334208852,0.45892050862312317,0.21050478518009186,2.2024667263031006
469096650835409,78.165866991509,14.615773975551,62.38588559266694,-7.321212465276307,SJ,lowlight,1,1909.2725931295622,0.828150749206543,0.6936897039413452,0.7186578512191772
204485121341585,12.133472243206,-68.277416893276,1.3802966568940302,103.87729213494917,BQ,lowlight,1,18280.522296396437,0.16368959844112396,0.03182974457740784,4.020997524261475
142251097914946,62.221882069575,-7.0387447331054,57.60689829111302,-6.264310680059785,FO,lowlight,1,514.9655084239597,0.741904079914093,0.5261392593383789,0.7726588845252991
5522870664422058,42.480681608263,24.806056880296,41.50321664866981,22.066281614790107,BG,lowlight,1,251.14517785389555,0.8150379657745361,0.7371585369110107,0.9661511182785034
911536296350418,13.531493241774,2.048401634304,-16.45817442943671,-48.44868048532051,NE,lowlight,1,6472.491564073655,0.35120639204978943,0.25022608041763306,2.7194061279296875
217953836457406,10.205301098661,-14.000220074778,16.39466143910777,73.4944377239249,GN,lowlight,1,9425.187985995119,0.6218143105506897,0.5213772058486938,2.056878089904785
2915873148627226,47.806436500583,28.717659500757,47.90024945545181,28.514392750257613,MD,lowlight,1,18.407819550572853,0.17790651321411133,0.05427074432373047,2.998417377471924
1383220612042284,40.713663160769,75.04503308282,40.232042077218516,-111.71652199628888,KG,lowlight,1,10988.377935883887,0.16448882222175598,0.01914094388484955,4.005826950073242
966259830868758,43.623138586006,18.908434254799,44.28616641909228,7.457036715255784,BA,lowlight,1,918.8686860428257,0.6100193858146667,0.545357346534729,2.122267007827759
216904886576725,-17.609749712456,168.24322430001,6.0484230527059,102.00095539537261,VU,lowlight,1,7729.61918649288,0.18458688259124756,0.010369688272476196,3.1826894283294678
1083924499211873,-15.604998425967928,-54.3918257160871,-25.316031255262565,31.0024722383281,BR,lowlight,1,8822.469351946414,0.8481776714324951,0.7473715543746948,0.7003268003463745
515495726108152,-21.626125276138,46.991186348236,5.531647954919702,-73.43366942530962,MG,lowlight,1,13373.559609361224,0.5114956498146057,0.22541934251785278,1.7777775526046753
995843031248300,0.35769064003091,6.56005755347,16.035288622928743,-61.63620287225104,ST,lowlight,1,7670.222667659207,0.7863824963569641,0.7271751165390015,1.1708046197891235
868028680411287,33.75473452141,35.539565617947,41.42490751456148,19.809354545938948,LB,lowlight,1,1623.550559774567,0.19253294169902802,0.06257109344005585,3.462287187576294
497044088003103,39.80104505168,3.0309963190024,32.12093877521223,-8.480964304587527,ES,lowlight,1,1340.6807951428325,0.651506781578064,0.45411503314971924,1.6111406087875366
763955694314654,46.724388793399,10.079801957807,47.18902281265023,11.58469825491228,CH,lowlight,1,125.35476810039637,0.18210238218307495,0.09727359563112259,3.4420011043548584
933520784110620,12.510164810275,-70.009077685586,42.83968626558642,2.9772765707373714,AW,lowlight,1,7683.535422255171,0.1186065822839737,0.015423491597175598,4.126654624938965
4220821467968709,8.70139122196,80.590505170341,8.124325411366788,81.00592436839004,LK,lowlight,1,78.77456760636345,0.706596314907074,0.47163933515548706,0.9212286472320557
472361870697782,26.020756253761,50.623130115609,52.251129717380785,5.996889091704896,BH,lowlight,1,4715.003281044585,0.09019643813371658,0.017054565250873566,4.472917079925537
658902925214070,22.641060199825,-79.087651499584,21.841974595641503,-78.71523154857928,CU,lowlight,1,96.76899493790214,0.4390825033187866,0.042556554079055786,1.8106279373168945
1183079165486550,-5.70834515155,34.761777557018,59.25868459496437,24.295363687022963,TZ,lowlight,1,7283.381822332473,0.41717764735221863,0.32072705030441284,3.116915702819824
296065025397911,34.897985568931,32.528909790104,39.93407010454141,24.45059073017708,CY,lowlight,1,906.2966388956942,0.33461251854896545,0.14358477294445038,2.4289023876190186
298824355069041,42.200225487404,21.258956694741,42.791875389919355,22.05463960971688,XK,lowlight,1,92.64780315337752,0.582365870475769,0.5242053270339966,2.4127962589263916
111691027649131,-22.530138328473,-59.8361857055,12.243775780380558,-86.65818045875497,PY,lowlight,1,4846.976868920349,0.586912214756012,0.4715360403060913,1.8506336212158203
752480212123625,49.471066330606,-2.5339439207361,46.129309360680594,-1.110127747297799,GG,lowlight,1,386.485399440683,0.6956643462181091,0.4777448773384094,1.1511478424072266
1074377829753053,-6.7022282025878,-76.214917225524,3.0990622859402723,-76.5284705459931,PE,lowlight,1,1090.4094128395755,0.5073440670967102,0.3317701816558838,2.17515230178833
525641785107823,50.160224002237,6.1091880533415,49.896509990988534,13.771650218236152,LU,lowlight,1,547.8921593607112,0.3757096230983734,0.3312334418296814,3.527613878250122
226167275508563,15.49826792628,-61.465568794916,15.60193662548795,-61.425347810176504,DM,lowlight,1,12.306352236573234,0.7766582369804382,0.7224507927894592,1.23113214969635
148887153873411,5.2121780980173,-52.75060936262,45.366096920430934,19.943905151436237,GF,lowlight,1,8247.396032398632,0.2280551642179489,0.08206310868263245,3.663408041000366
303850827922633,-34.01092105809,-55.839634214304,-34.208888796933856,-55.90050311206435,UY,lowlight,1,22.715112145262744,0.7115013003349304,0.6529989838600159,1.659811019897461
311706737236449,50.868855073513,8.8221774508729,51.40873631375427,8.905950311665011,DE,lowlight,1,60.31588515210156,0.31605255603790283,0.27017495036125183,3.657026529312134
1416886515315835,8.139352166375,34.375065339482,-26.910463255864716,-56.9759951976179,ET,lowlight,1,10549.04585827547,0.26499029994010925,0.07102493941783905,3.6584248542785645
178330404153531,-21.691747493695,-64.656846311167,-12.732346605456154,-76.07660682548389,BO,lowlight,1,1568.2638187629018,0.3441780209541321,0.06288474798202515,2.614870071411133
218036349822435,41.14963208511,20.008913305496,43.30055255843669,22.138777196716738,AL,lowlight,1,296.55567931708066,0.32911232113838196,0.10320088267326355,3.230570077896118
2882903775325778,69.217437476679,-51.098566140502,66.24916506025068,23.602098505583974,GL,lowlight,1,2967.6745769185122,0.416752427816391,0.2186959981918335,3.2270264625549316
459460818448144,27.426607200988,89.643491444303,0.4246367946338522,33.2046339001419,BT,lowlight,1,6715.0885249009225,0.5639473795890808,0.27514106035232544,1.5123614072799683
309590514053514,-21.85770610861,165.95185481884,-24.54670662514257,30.993887755635157,NC,lowlight,1,12923.337196839642,0.14433330297470093,0.02895461767911911,4.029787540435791
179548807357974,23.005385103705,120.43121323661,41.96904774333251,44.20794141220144,TW,lowlight,1,7215.651848423787,0.4772040545940399,0.15478304028511047,1.9599204063415527
528726041469936,3.6332857552313,72.958318596822,1.2702721715351217,103.87865834212775,MV,lowlight,1,3444.7486436023123,0.21842871606349945,0.14840559661388397,4.335256576538086
568831498116619,24.732585867741577,121.74077955053384,24.736575365487727,121.80474868048171,TW,lowlight,1,6.475674852476995,0.7303112149238586,0.5921169519424438,0.9782063961029053
871486690248300,-19.804021310365,-63.993881510197,6.74619196309958,80.98313623056772,BO,lowlight,1,15968.232697405378,0.19444258511066437,0.11133050918579102,3.936371326446533
380042953234728,-19.161161992074,-64.572161532541,37.12307577787097,-113.53079353709818,BO,lowlight,1,8090.1192212072965,0.831350564956665,0.7852414846420288,1.0146434307098389
368884091223603,35.755508707073,53.366090359346,-32.86588090187493,-68.82069956459362,IR,lowlight,1,14773.194665099218,0.23350664973258972,0.02890758216381073,3.1909594535827637
512716496579771,12.164080960014,-68.283956526724,5.205580949819202,-1.013010581146656,BQ,lowlight,1,7418.68868095181,0.2122710645198822,0.01709267497062683,3.689979314804077
485436899323868,65.609323761209,-37.633778515025,68.29992689198237,14.40215927395616,GL,lowlight,1,2215.595548164946,0.36669763922691345,0.004628688097000122,1.5259692668914795
172629294662585,48.532451875231,17.496813301999,44.58130613711527,20.70056240794411,SK,lowlight,1,502.9130117748563,0.6535266041755676,0.5473759770393372,1.7520180940628052
506770377649958,-12.679904697999794,45.08466359942028,16.016101556780047,-61.975144594724206,YT,lowlight,1,12188.428422962668,0.9504594802856445,0.914623498916626,0.24913182854652405
265103101980958,14.721827633666,-60.947724527678,44.14133122387777,20.7289052123872,MQ,lowlight,1,8216.379884596747,0.1397484838962555,0.012393862009048462,3.6262307167053223
517013032790983,42.403345896483,44.64336095767,44.01525515432573,22.258105315627734,GE,lowlight,1,1817.4117805922035,0.12857060134410858,0.019599221646785736,3.4754772186279297
825755764959780,20.340364998941,-87.352869999803,-12.96177271374792,-39.147887740401046,MX,lowlight,1,6441.028022347698,0.2088996320962906,0.15277588367462158,4.407740592956543
3799534356839064,60.209940286403,20.246918494907,57.42044514105509,16.511632046015578,AX,lowlight,1,377.3161891270161,0.5132208466529846,0.3934897184371948,2.599252223968506
134126825414739,38.270282754345,61.711075339758,37.81839343692209,62.749878725281214,TM,lowlight,1,103.92196204949491,0.27774396538734436,0.10451805591583252,2.7526721954345703
1397623030665407,14.493780516069648,-88.97344682800627,5.557796176012787,-73.43839620027278,HN,lowlight,1,1968.2179381175695,0.3504036068916321,0.003613024950027466,2.0711891651153564
170949221611851,33.305143801504,126.28817369339,36.21145581284814,127.176490016041,KR,lowlight,1,333.1951483885147,0.4042242467403412,0.1251620054244995,1.6636130809783936
978428179365285,33.705735440434,51.794214966505,31.93616110687688,-8.40105939975411,IR,lowlight,1,5545.933632409702,0.6723558306694031,0.617857813835144,2.1628832817077637
333013904838174,32.340904308709,15.105537141291,34.78761004757425,10.75004533146509,LY,lowlight,1,486.6158555354494,0.35654768347740173,0.2839028239250183,3.5248804092407227
248513507027667,5.6150523860158,16.240852825971,-24.36165058687107,-53.86625667810889,CF,lowlight,1,8278.203956503057,0.2946373522281647,0.08070789277553558,2.94525408744812
237495388152862,-11.621236170917,43.26262853229,-25.552955042908636,-54.62478354655148,KM,lowlight,1,10226.595155624489,0.2707240581512451,0.01662924885749817,2.345114231109619
3042776155952353,18.400872724367,-88.464242712832,17.012589411574716,-88.36173971573982,BZ,lowlight,1,154.75141729445784,0.26323530077934265,0.12947489321231842,2.9940383434295654
487380732512751,4.8184532,114.77786780001,5.43200813013905,100.4609267033691,BN,lowlight,1,1587.0324475005457,0.6845226883888245,0.6252014636993408,1.7425841093063354
290265362649999,26.177525761353,50.383620514714,30.096590235498525,31.635184046413027,BH,lowlight,1,1886.8671413164514,0.2198655605316162,0.051288142800331116,3.3288021087646484
482049282914438,7.5885792292079,134.59098074356,8.076871782377847,98.64870422597261,PW,lowlight,1,3958.416766817895,0.1964551955461502,0.03659500181674957,4.024740695953369
225571855612889,46.763350531273,-81.597671294692,49.65198613412313,-84.40068604175892,CA,lowlight,1,382.4493706895735,0.230971097946167,0.1258390098810196,4.565574645996094
4804926129529176,15.24531506432567,-14.593708973874378,43.58584553708484,21.586845299448,SN,lowlight,1,4648.906620078595,0.2889498472213745,0.153342142701149,3.5851051807403564
369883598351184,-20.367575551703407,57.57618979619237,1.5476096145405933,109.48723694210877,MU,lowlight,1,6153.528446505634,0.40855172276496887,0.19907161593437195,1.9565722942352295
4121896524538487,24.635513307941,-76.169569569,39.70475562012274,2.673132154052249,BS,lowlight,1,7374.547201498302,0.2593958377838135,0.18750764429569244,4.3548102378845215
3863471930446023,-17.111944610128667,15.757158787596603,-24.272913752400893,25.33067618854066,AO,lowlight,1,1274.216501376405,0.6502722501754761,0.5881444811820984,1.8674736022949219
300728688257104,30.395743312589,35.487349115709,35.60129009662986,34.3627663558596,JO,lowlight,1,588.2400003915604,0.16710512340068817,0.038573890924453735,3.4114818572998047
1126228627789114,50.981438273289,3.9109549608118,52.26187761248492,5.977962291051058,BE,lowlight,1,201.56329373351258,0.09243600815534592,0.019574150443077087,4.677227020263672
549637092752676,-14.934793656692474,13.483762083058584,-8.90675788437791,13.278114911440195,AO,lowlight,1,670.659912792226,0.13542234897613525,0.051847875118255615,3.691786766052246
1003284990411465,12.059176169795167,-15.322303903822672,40.98906332338735,-95.92822948430698,GW,lowlight,1,8348.165279231504,0.2903546690940857,0.18504905700683594,3.6759774684906006
549574962737771,14.061193852760738,-84.04279947361962,47.214563272302684,28.452681979312576,NI,lowlight,1,10478.121528700716,0.6765397191047668,0.5854912400245667,1.5922826528549194
542559790066195,33.009983226586,35.680040403337,16.77539229286533,77.8353705426789,SY,lowlight,1,4580.98569946971,0.20579758286476135,0.11312010884284973,3.951510190963745
265445685298888,13.004017262133,109.35894392193,12.406211196859605,109.76875005359837,VN,lowlight,1,79.96670608030344,0.454765260219574,0.27444344758987427,1.9935882091522217
1444159855929152,12.212140324895,-61.65046673147,14.611418136446735,-61.02421588805802,GD,lowlight,1,275.25092280883723,0.8945584297180176,0.8005689978599548,0.39359158277511597
378257181042695,0.4223981532159322,9.46341740514976,1.290172529379164,103.84689234431774,GA,lowlight,1,10493.765873731567,0.45708945393562317,0.2990911602973938,2.0940732955932617
136200968757362,15.043474943211962,-3.1134483369205417,12.260297301232965,-8.127731554314197,ML,lowlight,1,623.9030622138287,0.767585277557373,0.6564656496047974,1.076844573020935
533142534351766,-9.8840552815116,33.911477956503,-14.294205669235286,29.3394666199072,MW,lowlight,1,698.1780200107436,0.8628445863723755,0.8302498459815979,0.9024996757507324
522728752252154,41.038602463059,19.563694296348,43.54648282122402,21.58054479324137,AL,lowlight,1,324.4509747981433,0.8611108064651489,0.8264175653457642,0.8006235957145691
758888101326263,31.637988555726,73.231186805001,33.61722380244786,73.10901966508841,PK,lowlight,1,220.3780162137587,0.9136655926704407,0.8663120269775391,0.4610563814640045
305757657709496,1.0675572904673,103.9646409699,12.77615804810299,99.9810887021401,SG,lowlight,1,1373.932779618767,0.5618864297866821,0.48136162757873535,2.1312999725341797
223281329232117,12.507939003947,-70.014398687436,35.15336291798186,33.392055541276754,AW,lowlight,1,10392.419957667786,0.4729076027870178,0.391965389251709,2.9768357276916504
353672373022082,41.381628312913,22.307214335612,43.31883095822598,22.17709800183999,MK,lowlight,1,215.67224196421608,0.21056300401687622,0.13802677392959595,4.056811809539795
855868761633795,18.030052213813,-63.078616758552,13.846011283158152,-60.952280667225395,SX,lowlight,1,517.793968389842,0.849939227104187,0.7483581304550171,0.7022839784622192
510341753682172,18.547859996816,-68.613997996337,27.76118316899912,-80.50033996610657,DO,lowlight,1,1587.635020731182,0.2540026605129242,0.12928369641304016,3.069957971572876
3864898026890576,49.490894517019,-2.5725344431006,56.08502652034628,8.912155911626554,GG,lowlight,1,1062.424188159786,0.1030375063419342,0.014140233397483826,4.3502020835876465
307754797548858,34.712695715026,-3.8563324324235,34.369764943967695,-3.7237011481362674,MA,lowlight,1,40.02046896776513,0.1556539237499237,0.030060753226280212,3.0439629554748535
446821260679124,-9.024115630183084,125.29622320893388,-6.660631184683441,-78.3753599777554,TL,lowlight,1,16864.91930241443,0.8732088208198547,0.8248072266578674,0.7012934684753418
947185652683658,-2.3270469336559,-78.929168380573,-2.3388605149745505,-79.0720004558519,EC,lowlight,1,15.923314427686599,0.9244481325149536,0.8902508020401001,0.42015182971954346
2947290612262244,-11.652155080814,43.263890007029,-12.798349949751033,45.227521213467305,KM,lowlight,1,248.55377066775873,0.9951525926589966,0.992935061454773,0.038892291486263275
2932426006995864,12.349827079376,105.09907855331,16.729375690782522,78.13438352502885,KH,lowlight,1,2940.344020815745,0.287519246339798,0.18404904007911682,2.8591530323028564
271753411301610,-18.657738465691,-174.02787918873,12.007275721505493,-84.04243020809903,TO,lowlight,1,10430.367575793345,0.12801332771778107,0.019209526479244232,4.391201972961426
478264666827999,61.472372240129,-6.7939711372832,61.66653436434025,-6.8919958329016895,FO,lowlight,1,22.204736295093287,0.9982995390892029,0.9968229532241821,0.013779427856206894
1101915547131650,-35.411992228208355,-71.29963328046824,-34.955521752353484,-71.70956319065459,CL,lowlight,1,62.961751090758185,0.8550865054130554,0.833307683467865,0.9206629991531372
3920872697958453,60.225200988406,20.059664271851,59.58890078433736,15.715152670293813,AX,lowlight,1,252.2907115031863,0.4464912414550781,0.3612937331199646,2.532649040222168
480958303108322,18.02673753942373,-15.984917957529673,54.19893103581884,28.512488479823187,MR,lowlight,1,5518.296857316158,0.14892619848251343,0.09729684889316559,4.885623931884766
477439253471149,2.1909112658474,25.247273616721,-27.623021213420643,-55.54779245344032,CD,lowlight,1,9216.11632420594,0.21429458260536194,0.01852048933506012,2.758570671081543
2503535586463255,5.369009126207446,163.01297824070343,-0.2914430394054532,150.06020353190138,FM,lowlight,1,1569.965887825381,0.9000734686851501,0.8386567831039429,0.5320551991462708
699303201033596,25.12900987620192,33.08865526570508,-25.84209809013214,32.545429660527994,EG,lowlight,1,5668.028953521775,0.3140386939048767,0.21531566977500916,3.667006731033325
1109009986288059,-8.6876105869135,120.2374852281,16.90855602292111,100.57836350140228,ID,lowlight,1,3574.029940724846,0.3076408803462982,0.20863226056098938,3.347275733947754
945361122882179,12.134119747509,-68.278230013563,-25.237717908816805,32.390510960714785,BQ,lowlight,1,11639.370361110816,0.14970746636390686,0.002595677971839905,4.132145404815674
1086140081896052,17.025256612863,-61.868698580061,17.107987732404226,-61.70036890928757,AG,lowlight,1,20.119447148245637,0.5449232459068298,0.2023325264453888,1.0621758699417114
2896487987274330,-8.6384264591615,125.60292428532,21.696194524238162,96.46165357913287,TL,lowlight,1,4635.148346718545,0.4459383189678192,0.12456512451171875,1.5865117311477661
2579869142308862,10.34358900767,-61.458152299031,15.310772289364461,-61.39721431110929,TT,lowlight,1,552.3650663122681,0.43301835656166077,0.3532801866531372,2.778386116027832
267083508462188,52.899440738443,8.4141554815178,51.07753508826502,6.711614932808929,DE,lowlight,1,233.72123534779138,0.0929853543639183,0.02544505149126053,4.28669548034668
135893315238976,8.7909434146234,-78.181606800432,19.113938356130262,100.86659044535286,PA,lowlight,1,16910.45206800337,0.20757846534252167,0.036417409777641296,2.9731812477111816
150017570480103,41.50666060749,21.935799073836,38.064907256661854,-97.90997771679754,MK,lowlight,1,9272.168872631073,0.1713508516550064,0.0692300796508789,4.670657157897949
869032447374518,45.14353499999999,14.845183055555555,45.18770268525678,14.596650862481482,HR,lowlight,1,20.09410580917159,0.290575236082077,0.012279331684112549,2.153610944747925
919042368661061,-35.376055559767,146.26475,53.32764254053193,44.4312253818309,AU,lowlight,1,13826.802421146569,0.3666335940361023,0.07446271181106567,2.1883020401000977
985915661813386,-23.393263453848,44.397761247232,-25.212321697601812,32.00664150850631,MG,lowlight,1,1271.422269052026,0.17763613164424896,0.02905924618244171,3.7087666988372803
670850541182018,26.0204034,51.064903400000006,22.516626354504865,59.49295361723735,QA,lowlight,1,938.6673136648749,0.13958103954792023,0.010710105299949646,3.7255876064300537
358677975646602,18.32970950933104,-64.95126838918696,13.185371485045124,-61.22981308410806,VI,lowlight,1,696.9098753033088,0.6735795736312866,0.5683159232139587,1.6800156831741333
468571217849628,27.519976313624777,114.13899685380947,44.28046294832156,7.41143730029875,CN,lowlight,1,9113.621501889604,0.4706847667694092,0.31271445751190186,2.716813564300537
166033172108272,39.547581612083,46.441663046559,40.4223770333255,46.38396332175752,AM,lowlight,1,97.39694694702094,0.5336347222328186,0.45895642042160034,2.7848868370056152
494503958271926,65.59525777881,-23.774501108369,64.30878951996729,-20.904708864584165,IS,lowlight,1,196.72605213495032,0.561263918876648,0.24966466426849365,1.3217337131500244
912539252641876,-6.3006910051682,176.31917767142,12.057151050854548,78.10328790392313,TV,lowlight,1,11043.125397278838,0.3040389120578766,0.09022034704685211,3.4527578353881836
528519191857396,31.419084991343,35.033717818153,32.09175960926239,35.20430572818751,PS,lowlight,1,76.51717926496082,0.7090632319450378,0.5741724371910095,1.105028510093689
2693852350916149,-22.134506991871,166.34104640683,42.81381796897465,22.16439733795152,NC,lowlight,1,15990.547317207502,0.39042600989341736,0.3090527355670929,3.1953885555267334
943976513021626,17.310149834096,-62.711002505143,17.185019733969195,-62.510194376036274,KN,lowlight,1,25.46252812820847,0.7216420769691467,0.4524756371974945,0.6543776392936707
314603156759488,27.431221771339,89.646958499505,16.384724205235994,121.12018676953628,BT,lowlight,1,3458.9894841853984,0.3394004702568054,0.27292871475219727,3.5914573669433594
142911821192377,18.124397901175595,-15.95930487738458,36.62105681464282,2.547545437456744,MR,lowlight,1,2740.599832921089,0.5465741753578186,0.4132729172706604,1.87750244140625
995608364307407,62.231154398192,-7.0203744109078,58.123305509840385,-5.6722922823339985,FO,lowlight,1,462.78905847128885,0.8459159731864929,0.7443379163742065,0.6714166402816772
920634065161187,49.245509981929,-2.1382669508349,56.156589218468625,10.20927401393275,JE,lowlight,1,1129.5548872272072,0.19287827610969543,0.1289265900850296,4.604857444763184
314870496880636,28.628362975198,48.038775336392,30.125462179253567,31.668423686508657,KW,lowlight,1,1593.555069530122,0.3672187328338623,0.09994521737098694,2.1531519889831543
137727984953777,-6.2967650470378,176.31787733981,9.712521094930251,76.29019388651837,TV,lowlight,1,11219.571897109758,0.244709312915802,0.16789835691452026,3.9632179737091064
970870010403579,1.3869451851245,173.14684137479,-3.1373225448835917,147.10231797373032,KI,lowlight,1,2938.3062825584016,0.9908658862113953,0.9890558123588562,0.09308362007141113
319746332831620,37.296859809574,-5.7125450742042,39.93874409722647,-5.113271033957901,ES,lowlight,1,298.3398788351454,0.09256762266159058,0.033994000405073166,4.982094764709473
3035810213314122,55.003356832716,24.139338741958,55.05350040963251,24.310547277740092,LT,lowlight,1,12.253749933709074,0.4164009988307953,0.3323921859264374,3.0321383476257324
288447642774684,-6.1571269966165,107.04394801454,-6.986790042904357,110.4871591869495,ID,lowlight,1,391.3759264762745,0.8359569311141968,0.7871882319450378,0.8220484852790833
829997677895262,12.323432189112,-1.5533388682237,6.194170877521428,1.1338617535009865,BF,lowlight,1,742.5513799211659,0.8870952725410461,0.8306697607040405,0.5858256816864014
106381768201986,11.974525625543,39.044869566531,13.25084100750832,41.67248802046833,ET,lowlight,1,318.4873088469885,0.6787440776824951,0.36534062027931213,0.6751462817192078
305230294414376,18.451313183212,-64.558514994681,14.582807633162863,-61.078081053174,VG,lowlight,1,568.0095564611157,0.529873788356781,0.2550636827945709,1.046979546546936
883910462466493,-15.648621030725534,39.34163432285212,-5.601648827116616,39.13611357558324,MZ,lowlight,1,1117.3974669428567,0.30190661549568176,0.14532075822353363,3.485862970352173
492194012125902,46.117642,18.110710999899,47.97716923922503,19.876998812740446,HU,lowlight,1,246.28388973896767,0.11421709507703781,0.019902445375919342,3.931361198425293
1573490059506418,18.338429999176,-64.899272406242,20.339511740075597,97.43780326132527,VI,lowlight,1,15302.859266452555,0.3789064884185791,0.3136029839515686,3.49202823638916
766495730715953,44.706372569218,18.069343447503,44.036179556977764,22.237400461247177,BA,lowlight,1,339.53298133824507,0.2228720337152481,0.113699771463871,3.718881130218506
781285156083286,32.087994573877,-8.2233968662806,31.96164889484724,-8.477749283785295,MA,lowlight,1,27.79112317045288,0.999903678894043,0.9998212456703186,0.001109118340536952
745256106153583,52.344707039659,45.336839122968,52.66901434520625,45.04506073870478,RU,lowlight,1,41.114300756659176,0.809044361114502,0.7768670916557312,1.2212741374969482
1117334568775680,18.337748404316,-64.915702992028,17.032210936914073,-61.83620105327546,VI,lowlight,1,357.07113634305136,0.2200206071138382,0.049385249614715576,2.8508403301239014
306286164527539,33.350146257859,126.25399959043,-26.36101506610706,-51.26562365726637,KR,lowlight,1,19202.03994933267,0.22720867395401,0.14804640412330627,3.967637777328491
336794264546437,4.9054666559617,-52.301588003183,-12.797976578191756,45.220509443043696,GF,lowlight,1,10941.889323047386,0.3588293790817261,0.28820469975471497,3.6671502590179443
153474173412155,38.399164295663,71.058858396182,32.365880972912976,77.6580901008823,AF,lowlight,1,898.349144567881,0.9995972514152527,0.9994921684265137,0.0045204549096524715
350521240549818,31.321208568090835,27.27841709921041,31.05189250223923,28.339779808870958,EG,lowlight,1,105.30991466254635,0.7704434394836426,0.7017748355865479,1.3658373355865479
218975556246226,7.8821057071516,-74.834139978895,-27.417943138331804,-59.02499434115779,CO,lowlight,1,4278.245062088491,0.9667580723762512,0.960818886756897,0.29398784041404724
1259603784501134,31.292411220432,35.534796522034,35.713384012247815,51.16494011192108,JO,lowlight,1,1528.2516051627372,0.20476900041103363,0.14237096905708313,4.197487831115723
4309223739108363,2.1266240352603,45.323364966483,16.796343241001708,78.18950622797081,SO,lowlight,1,3945.6541732281516,0.15015685558319092,0.03250895440578461,3.8684778213500977
259978149147748,40.965992824636,70.990742663385,38.09767326291871,-110.87658454041926,UZ,lowlight,1,11221.560680256596,0.5507987141609192,0.45685064792633057,2.492548942565918
764847514207415,29.990268063885,35.075916116471,43.767974569588084,11.776797135009087,JO,lowlight,1,2562.0851997064465,0.11155671626329422,0.06857450306415558,5.426017761230469
248250033759700,29.80888569787,-8.8927590395819,40.41503068198793,-109.72327857348655,MA,lowlight,1,8736.720476343957,0.6482614874839783,0.5215663313865662,1.804700493812561
454143095650719,4.754477618596,115.1672935653,-6.437217685636436,106.89064655359272,BN,lowlight,1,1546.8649771999224,0.11809775233268738,0.047690585255622864,4.446278095245361
779725396245876,17.150242379267,95.997861485963,13.095571730169214,102.89950370708752,MM,lowlight,1,867.0688051061155,0.21497492492198944,0.004236787557601929,2.832202911376953
580468796254927,1.0529367558583,104.00979134276,1.1084646301788887,104.05441687330433,SG,lowlight,1,7.92069666059464,0.9284735321998596,0.8896976709365845,0.39906904101371765
996366924230321,9.4509927129863,-5.632989557206,17.51068624700238,78.2753115121665,CI,lowlight,1,9053.20157977526,0.23913614451885223,0.021586596965789795,3.242964267730713
167430881975593,48.946219066106,17.372135047934,54.46001269597115,18.489075164491105,CZ,lowlight,1,617.8968413746682,0.14475494623184204,0.03478127717971802,3.893726110458374
1287753361619391,41.902938185448,12.402760733592,37.012708575955934,35.28460209884105,VA,lowlight,1,2031.4642348343134,0.7284700870513916,0.6677656173706055,1.4984583854675293
631066277884886,8.81662211291624,-82.90477256073295,17.316064376418,-88.49117632253567,PA,lowlight,1,1121.8515957812583,0.7582595944404602,0.6639304161071777,1.1816027164459229
1770786233100996,69.218294531367,-51.091665910743,41.29615285063051,23.449362039849735,GL,lowlight,1,5173.079949690496,0.37195882201194763,0.2727929353713989,3.9242258071899414
239943934683187,68.81413122743538,15.673939453479123,40.53521305503499,-111.80800058384935,NO,lowlight,1,7113.050237704761,0.4686427116394043,0.2763565182685852,2.1867551803588867
481611806279393,19.322225516792,-81.380605067753,26.593719654348625,-78.09385826554133,KY,lowlight,1,875.6518403186476,0.6515455842018127,0.5110548138618469,1.5149494409561157
3800949300034619,38.343949995952,57.117059018247,35.51752585405535,52.25821772144301,TM,lowlight,1,533.9953377255367,0.13960088789463043,0.0046002864837646484,3.9212234020233154
823233711883166,29.068560075854,48.084048261556,30.139623359485118,31.65181406719666,KW,lowlight,1,1591.7396830162288,0.961107611656189,0.9549714922904968,0.3143883943557739
450038362963389,38.978830137822,-7.2812361854766,39.07732848791617,-7.1831351029623915,PT,lowlight,1,13.847974434641694,0.7498018741607666,0.6623058915138245,1.4511833190917969
297933462444738,13.662316404789827,-16.430340101173016,13.080901853887072,102.71629538203484,GM,lowlight,1,12681.73174670696,0.16496175527572632,0.004354014992713928,3.3149609565734863
949917125580796,18.251570400358,-62.984528794394,57.59315322247334,-6.260395836274189,AI,lowlight,1,6345.474570204776,0.48372599482536316,0.06538578867912292,1.3362301588058472
313078556837128,55.266055994786,11.315098206416,48.17690382257733,11.833952917970116,DK,lowlight,1,789.0815624167144,0.2614368796348572,0.04027740657329559,3.388363838195801
210766354219144,-26.628804736334,31.659445474276,-25.057847335357344,30.975880349875975,SZ,lowlight,1,187.59802236152998,0.8593682646751404,0.7632210850715637,0.582203209400177
520708829313842,54.68692259669,9.0074931788196,55.90897037404506,11.519151180282542,DE,lowlight,1,209.130969935145,0.5119143724441528,0.473957896232605,3.0487685203552246
992154464938892,-17.65251068093,177.40709100849,12.556194271634958,75.39778552553052,FJ,lowlight,1,11679.664380648617,0.8156226277351379,0.7703467607498169,1.1621668338775635
150289013771703,50.348577719861,-4.6628826388904,44.63161771993915,20.588281622290182,GB,lowlight,1,1989.5564696365393,0.614246666431427,0.570609986782074,2.4898977279663086
1423738521294950,17.182641732455,-88.332789645282,6.808305888156309,79.93398170715022,BZ,lowlight,1,17052.096388693008,0.2655426859855652,0.11561475694179535,3.046135902404785
1155605118288528,14.706942793316,-61.143095527488,14.663722682744288,-61.16633874354262,MQ,lowlight,1,5.417264250027269,0.6632646918296814,0.5441334247589111,1.57210373878479
2986698694926936,78.215334468879,15.012641390148,78.2734794662636,13.77761842826735,SJ,lowlight,1,28.71561771667144,0.9451032876968384,0.9012869596481323,0.27467790246009827
2083829008422694,58.379655829272,6.1151443597417,63.82948830955969,20.196399614073982,NO,lowlight,1,965.8088567873565,0.31120815873146057,0.15210236608982086,2.6179428100585938
155652916570780,42.348418071723,20.818276988414,41.70412371950443,21.677987551984945,XK,lowlight,1,100.87161643870813,0.149204820394516,0.045991361141204834,3.802440643310547
845707173409060,13.15145888888889,-59.57003805555556,13.22030215779363,-59.64114895971142,BB,lowlight,1,10.856764881884917,0.9473181962966919,0.9235673546791077,0.36671608686447144
792307658322895,52.913640031191,6.8640509875213,52.774353950608585,6.7661214336961635,NL,lowlight,1,16.826519213009835,0.13596251606941223,0.01223522424697876,4.1958231925964355
463829391356731,7.1956119778003,124.23640602451,-1.63532382968805,29.137463911712693,PH,lowlight,1,10592.679481073435,0.19611868262290955,0.13494721055030823,4.283364295959473
190327429484222,18.406063827426,-66.173016157195,18.376679227817355,-66.18947574695918,PR,lowlight,1,3.7003100081883225,0.9712236523628235,0.9675400853157043,0.26593324542045593
964385794363812,38.838166509572,140.96848476449,38.94763604387033,141.1187515387437,JP,lowlight,1,17.812794738329334,0.5439471006393433,0.41951099038124084,2.0933754444122314
992350614846774,12.919375038455,-85.248546579532,13.033424639745288,-85.88252218938376,NI,lowlight,1,69.85537080536128,0.6726325154304504,0.6019965410232544,1.6213337182998657
2898111640459899,32.288702684025,-64.767038528517,4.736861991579659,114.95366098624739,BM,lowlight,1,15897.925944637294,0.1278858631849289,0.005437113344669342,3.695720672607422
156853596375003,19.653051191999,98.633327646919,18.585561440858683,99.37735352265173,TH,lowlight,1,142.12526449014584,0.2755533456802368,0.037567079067230225,2.77587890625
353101693221406,-16.097698333830845,28.68442044328358,43.33144049683259,21.966030672684443,ZW,lowlight,1,6643.671509093189,0.28452423214912415,0.04181183874607086,2.4276299476623535
