id,true_lat,true_lon,pred_lat,pred_lon,country,corruption_type,severity,error_km,top1_score,margin,entropy
1198015930637035,47.58736244394304,13.72243335782696,47.264290531690165,15.793639513761091,AT,noise,1,159.89551508439146,0.2312125265598297,0.02913646399974823,3.481968402862549
2627501530880734,-21.690540312924,165.67395409726,35.79292290429053,140.6698225921938,NC,noise,1,6912.597791539608,0.13410727679729462,0.028058327734470367,4.661850452423096
464312504633961,25.061219179854,-77.474052344488,-22.99682622595193,-43.42915593324803,BS,noise,1,6482.808698785933,0.2509731352329254,0.09703634679317474,3.7240781784057617
1640910792965420,14.05090975535,-83.408252576108,12.736470156714795,76.62408516701822,NI,noise,1,16312.258064277738,0.6508069634437561,0.5715440511703491,1.7777938842773438
784509382269632,39.054295235447,125.75444015475,47.02015759610238,28.85856919467084,KP,noise,1,7403.956046386916,0.3437784016132355,0.17966772615909576,2.9220731258392334
1203580403446328,59.403162352068,5.3346943684814,42.86803431334531,-8.491683863711565,NO,noise,1,2066.875710263799,0.21620513498783112,0.02041494846343994,3.3545918464660645
529318031569520,35.884852698,14.543835095527,35.58367021642416,10.920635551509973,MT,noise,1,328.7235697635412,0.3892436921596527,0.27066561579704285,2.9571945667266846
579627393601024,31.161290071016406,27.62620232776423,30.048706298367847,31.442488070573162,EG,noise,1,385.59408483372425,0.13333046436309814,0.013030946254730225,4.146181583404541
493287055050730,18.529699440908,-73.82906994801,18.379081103823268,-73.97489175968686,HT,noise,1,22.739059990077177,0.5452991127967834,0.1494574248790741,0.9640546441078186
194636675718395,15.711283292961,-86.911458774945,-1.4567543464452837,-78.12378329964882,HN,noise,1,2139.388032000029,0.6191783547401428,0.4783506393432617,1.6445608139038086
324862519056205,19.31841800221,-81.382583014952,27.208829937987154,-80.56969120321058,KY,noise,1,881.2851427739095,0.18552261590957642,0.08913476765155792,4.034659385681152
312497683776326,-3.5385285661184,29.342796802632,49.60197009788197,18.14912828327935,BI,noise,1,6006.383194290127,0.6163355708122253,0.41690897941589355,1.7194199562072754
524249899215869,-20.36057432562562,57.57448506856856,-20.208692348930416,-40.40937246966451,MU,noise,1,10020.362394479056,0.5315536856651306,0.455366849899292,2.925431251525879
762407414666903,18.261799133186,-66.040383948361,4.446929953086944,-75.75028403888153,PR,noise,1,1863.889641867883,0.29398882389068604,0.04865351319313049,3.311807155609131
1162773017520174,6.3181766455254,37.510104406035,10.500012489613386,36.83556956986636,ET,noise,1,470.878767898158,0.5034196972846985,0.22399190068244934,1.5421135425567627
3356357477800408,-13.862024739384,-171.85937431059,-13.741646119677528,-171.95727449893624,WS,noise,1,17.056727198599514,0.289813369512558,0.036720067262649536,3.3441390991210938
487479689165720,-0.79790097222466,-77.201507380967,1.613228151936175,109.47647187604605,EC,noise,1,19267.184983301075,0.8437856435775757,0.7656053304672241,0.8556796908378601
255694192945304,0.23852452895088,109.87510053714,28.67077189752145,-81.2307250253076,ID,noise,1,16590.22730117071,0.3228056728839874,0.2593039870262146,4.040227890014648
810188746588631,46.29075689375,10.078154998184,55.91053295468541,37.329284460489056,CH,noise,1,2162.3721856930856,0.3267629146575928,0.2315635085105896,3.5365445613861084
152336490235316,6.1412981189533,-10.222955468447,-13.021507254472214,28.37244007829424,LR,noise,1,4765.997970369585,0.6365292072296143,0.5854135751724243,2.1896395683288574
1128248694323507,4.9712879947102,-52.440325961909,40.73515577456458,22.982194542091225,GF,noise,1,8420.44225475737,0.6883009672164917,0.6030328273773193,1.787757396697998
319600276196154,17.249258189479,-62.655520880016,16.07248382609823,108.14690539262722,KN,noise,1,16175.19664132122,0.11237461864948273,0.002122648060321808,4.284413814544678
227605128698501,30.534718182782,35.557018519973,30.820243133923377,35.59982771728007,JO,noise,1,32.01179497659588,0.5502688884735107,0.4623759388923645,2.659928321838379
469353001013618,-4.8497851046353,11.90522368749,7.830869617641103,-11.217015373749351,CG,noise,1,2926.9351578956494,0.3484203517436981,0.2704043984413147,3.794895887374878
312137333614311,50.147457733865,106.21881807879,-29.452241045531604,27.559441854619646,MN,noise,1,11734.440564633747,0.5497600436210632,0.427181214094162,2.678471803665161
417436926432877,-9.466630277777776,160.38180111111112,19.54083634757383,-96.80606207793952,SB,noise,1,11690.842975454252,0.5380917191505432,0.2926143705844879,1.9240903854370117
521833368998076,33.828288106674,35.578984207651,33.90162884617573,35.61276773685518,LB,noise,1,8.731310893813044,0.99949049949646,0.9993682503700256,0.0064020357094705105
804138920493771,-0.43494769438863,-76.201325946671,-26.899654106296254,-48.766101740822535,EC,noise,1,4153.457573645852,0.6151971220970154,0.46993696689605713,1.7975748777389526
302261168190071,-13.859325484052,-171.70998038915,-17.44526932329334,145.64738647951475,WS,noise,1,4574.206386949504,0.2729767858982086,0.1902003288269043,3.800593852996826
1226452984452730,18.570054722222,52.82152305555601,55.51452926695717,8.334260354931235,YE,noise,1,5538.00283919751,0.2010270208120346,0.09950470924377441,4.2972612380981445
321769825972532,56.815207379952,13.937240092613,56.05939186474598,14.549094503966694,SE,noise,1,92.07486329904832,0.1504490077495575,0.023888185620307922,3.489351987838745
773469050698883,0.4364979004820079,9.440864620026538,25.22237687324716,121.58941380805346,GA,noise,1,12202.914970846374,0.22112712264060974,0.08717086911201477,3.6434237957000732
333032548339836,51.706235270322,-9.7173149835356,51.8687270629444,-9.737217905140874,IE,noise,1,18.120050519064673,0.9505330324172974,0.9390860795974731,0.361959308385849
321482029535925,44.652229350002,21.162756330018,44.67148299272453,21.30771951206839,RS,noise,1,11.663218566171071,0.18278321623802185,0.04605688154697418,3.9652163982391357
832510974027702,-17.456552891966,-65.728142843828,40.60845802653894,-7.495918752599412,BO,noise,1,8815.423899081998,0.292539119720459,0.15088960528373718,3.2001378536224365
109891514526025,48.213328182129,28.09057650588,47.02083922420096,28.857945325302417,UA,noise,1,144.53420780204692,0.3934990465641022,0.1587757170200348,2.4550065994262695
2942639579308445,34.805369127435,127.95898406217,42.01283287398528,-8.817526614164574,KR,noise,1,10406.132424897205,0.34505990147590637,0.20643697679042816,3.4307925701141357
370894024357836,15.425447150296,-61.271269855519,12.348759187915471,102.39433770883285,DM,noise,1,16441.65271901034,0.24766474962234497,0.16982880234718323,3.8213839530944824
788101518532706,11.258356617235,-60.564806768225,16.21674529156457,-61.61264572538499,TT,noise,1,562.8363978613937,0.3041995167732239,0.14145785570144653,3.2121615409851074
3872288566218352,50.796778330451,21.153443346433,51.43154827546247,11.049677760910889,PL,noise,1,708.2438850988494,0.2806786000728607,0.2286154329776764,3.6919877529144287
1002859423856924,17.09712846732,-24.97047664313,42.59400824202754,-2.954035295263346,CV,noise,1,3518.9827008576276,0.3268352448940277,0.2770349383354187,4.121338844299316
238160651412928,-46.337650900733,167.79026062048,37.124814321579805,140.0973342255841,NZ,noise,1,9683.773378925318,0.2752065658569336,0.18805155158042908,3.7057790756225586
2563203020654329,54.32142990519237,-4.456551481932205,50.11549346352591,-5.49957578368569,IM,noise,1,473.03124986801777,0.46501612663269043,0.3940275311470032,2.7254116535186768
732194144134616,9.3458958330497,-79.823967302875,20.41630581906736,-98.0969357673185,PA,noise,1,2314.024610400867,0.2789565622806549,0.17438575625419617,3.4199657440185547
476322813419625,17.628516606198,-63.231308396649,17.173012010268103,-62.48125602190398,BQ,noise,1,94.33536419911238,0.15302203595638275,0.004133477807044983,3.447357177734375
1136304350214402,-39.328969954559,174.63690058405,-35.416743368638656,174.23868727321957,NZ,noise,1,436.43912739368994,0.43132805824279785,0.25099897384643555,2.2338218688964844
486828262519306,14.646929324615,-60.975801183717,14.617071808739823,-60.99991578934047,MQ,noise,1,4.213507269100404,0.9641704559326172,0.9546230435371399,0.2588403820991516
1387937924894828,47.907557209354,107.17858480002,42.83663832733956,77.96315098719863,MN,noise,1,2335.5199686199107,0.321370393037796,0.201941579580307,3.4663326740264893
944100506347413,4.8670503980303,31.542952103365,30.067878935572672,31.41326627411096,SS,noise,1,2802.23733136388,0.7289531826972961,0.6882029175758362,1.7355108261108398
225738692700446,69.2342740620203,17.971246283328018,61.42253009162117,35.34965981327515,NO,noise,1,1177.1739136742126,0.9173476696014404,0.8669102191925049,0.4917721152305603
138012564971418,-17.546030537707,-149.57580216474,25.12831422742673,121.56967102287744,PF,noise,1,10714.660109643994,0.27061375975608826,0.18766120076179504,3.255870819091797
1349102025473123,60.210439476288,20.246196471172,52.36824565106728,13.673049891505388,AX,noise,1,960.6464011283135,0.12748757004737854,0.04003286361694336,4.884929656982422
481515363098541,8.3835270285271,-82.196719096621,6.186743609258019,-75.3158364092376,PA,noise,1,797.2310044238592,0.8451728820800781,0.7545005679130554,0.752190351486206
208681127527124,49.241162571487,-2.1218631166228,49.25224079024649,-2.133446883157674,JE,noise,1,1.491461784050389,0.2708572745323181,0.08707113564014435,2.8496978282928467
496883494997876,12.508559533613,-70.010590958509,26.0637691889384,-80.2165333009909,AW,noise,1,1847.0473692863222,0.8137590885162354,0.7706968784332275,1.0670894384384155
1258448591563623,-8.614371141011388,35.602892240053215,39.238851750563235,16.48939244781725,TZ,noise,1,5675.073776270305,0.20881110429763794,0.07176806032657623,3.9257748126983643
849655245900069,5.9311045328258,15.65109465938,31.384790890207253,-85.58937669955186,CF,noise,1,10720.68899539316,0.7874724268913269,0.7695268392562866,1.600961446762085
1448430112350839,11.026769583975025,-8.632346605323722,-18.76220463455995,-49.51893341472343,GN,noise,1,5573.781643543638,0.7855516672134399,0.7291589975357056,1.0658698081970215
711741309997504,-35.434392939173,-67.582981443437,-32.402779420821155,135.35484255453193,AR,noise,1,12101.907260544614,0.7701616883277893,0.728870689868927,1.315484642982483
330646891800305,14.870259800656,-24.373949477736,-21.326103950099057,55.45224199791744,CV,noise,1,9588.674509029355,0.39424678683280945,0.18462152779102325,2.4809043407440186
844947319428707,12.572384044567,-70.044602664275,11.028139068167826,-74.80560751812452,AW,noise,1,545.8968604492431,0.968451738357544,0.952645480632782,0.22873032093048096
1424082877926694,39.063764515107,125.77381801639,42.895245461012195,143.18303676695103,KP,noise,1,1519.0808530676095,0.4619929790496826,0.3925836682319641,2.732013463973999
262049738998529,15.746495092756,-86.857367093038,-23.477030470799924,-46.418514346036865,HN,noise,1,6191.574013344791,0.45671436190605164,0.21821889281272888,2.279284954071045
2941932222749741,8.8904169624644,80.720461103422,16.348213746222722,79.59160425265378,LK,noise,1,838.2523313310295,0.25094911456108093,0.1818629801273346,4.489428997039795
2957416491247002,22.534707236092,-79.367474703615,54.80917381223663,8.427054103916145,CU,noise,1,7840.065667461923,0.21055535972118378,0.07081915438175201,3.743696928024292
1339793246404338,78.178055846086,15.902100697497,64.3404127176072,-20.94819695523954,SJ,noise,1,1955.7216472523673,0.39959263801574707,0.19655446708202362,2.7132058143615723
742849163058043,7.9945228460384,126.06338592216,-23.19798530588044,-45.91424076301866,PH,noise,1,18120.163103963794,0.46776074171066284,0.2807612419128418,2.581233501434326
487902825754300,18.349709806038,-64.886627593059,-28.101263414106874,-48.96028255764573,VI,noise,1,5441.982260182551,0.14807870984077454,0.0260508731007576,3.8235232830047607
188819323085799,41.434692972264,43.314083402676,41.82009125951724,22.738946552352896,GE,noise,1,1706.5701802304218,0.5015050172805786,0.39220017194747925,2.4166226387023926
449823653747421,53.88835461402647,-122.76729722632489,44.44818297808276,-79.8350265632151,CA,noise,1,3235.8348224244037,0.5023334622383118,0.38130897283554077,2.118546485900879
227770655816183,49.479739351354,-2.5890746408905,53.268794740797546,-6.133612615582589,GG,noise,1,487.75747026533844,0.30980151891708374,0.12943145632743835,3.1637442111968994
216079839905055,19.324976978962,-81.381549997813,26.094296142681184,-80.21303067850927,KY,noise,1,762.1805222835392,0.41772016882896423,0.1820307970046997,2.3624088764190674
828630294440097,3.9058095275261,11.829761470611,7.947444713106598,-11.718996973363408,CM,noise,1,2642.247975136554,0.08912809193134308,0.03659850358963013,5.10126256942749
860118858181209,-20.177979,57.661693,-20.245293673161598,57.47069307007023,MU,noise,1,21.28962391849126,0.7007502317428589,0.49099117517471313,0.9304408431053162
114507540681851,35.729256605436,128.41830771074,25.126381610984268,121.5378098649829,KR,noise,1,1350.0171724275638,0.7032746076583862,0.6593088507652283,2.017082929611206
661381454786146,-18.972548731094268,29.805283361910963,-13.34216367707776,26.979539090737074,ZW,noise,1,694.9478367754327,0.12498089671134949,0.01710449904203415,4.10833215713501
222747492577837,61.352664593679,27.429725107498,61.00855719777458,36.16191275669278,FI,noise,1,469.2657031136658,0.5940396785736084,0.4874809980392456,2.3238821029663086
138806294926443,38.717835758735,58.495184798492,27.088334854084884,34.20313128021154,TM,noise,1,2598.541473253628,0.4962521195411682,0.40126919746398926,2.7197964191436768
135421499385396,13.275246919086468,2.911011286873044,0.025280757421418363,29.70757641268107,NE,noise,1,3299.5265041223383,0.3316298723220825,0.2850557565689087,4.184006690979004
517034622643483,-9.0920015075631,160.82242285539,5.290608420047952,100.53848354785804,SB,noise,1,6869.913009545788,0.5755776762962341,0.5365716814994812,2.665051221847534
2526299567665760,35.829307962213,14.558295593658,35.90685781453424,14.329002985452487,MT,noise,1,22.388550304007477,0.6452897787094116,0.4838934540748596,1.4571729898452759
281947363629492,78.231350087799,15.142395905188,62.3728057572146,-7.023747616831017,SJ,noise,1,1919.631125988523,0.8324582576751709,0.767372190952301,0.7931740880012512
309954333906145,40.335258934887,19.990673334292,43.3465163757362,1.4552727901408475,AL,noise,1,1568.0461211145644,0.6289219856262207,0.556338906288147,2.030879020690918
163258222377928,-8.7192284268616,160.86453616743,46.23202380322819,17.893298559717934,SB,noise,1,14560.37294550885,0.1840183436870575,0.0530155748128891,3.6529147624969482
497041608993768,7.354967160960991,134.4972694391149,-26.94433928196721,-56.840217043788414,PW,noise,1,17529.697275554317,0.7269562482833862,0.5878742933273315,1.2062816619873047
325055798982586,-10.203132697528,31.216979658259,-12.54602233795107,27.82238477811804,ZM,noise,1,452.52827779115336,0.22928445041179657,0.021087616682052612,3.6924331188201904
361816321938390,12.57472666996,-70.041979864956,-6.144943150930022,-35.107156815342925,AW,noise,1,4386.061577461439,0.6293572783470154,0.5176684856414795,1.6678242683410645
1145510005966861,18.05148025828786,-15.896397560721027,30.05826897991222,31.40647095886744,MR,noise,1,4948.218044198963,0.7339658141136169,0.6162240505218506,1.0786739587783813
262345932212210,15.140006372867152,39.26672870985676,-24.52945489470654,-50.52676837803444,ER,noise,1,10679.438499086227,0.6864824891090393,0.5692107677459717,1.5258351564407349
901986960835723,13.278551582622178,2.917996515380901,36.03481905815117,-111.1356393663713,NE,noise,1,11197.366386793736,0.20051030814647675,0.03801220655441284,3.287415027618408
317050140097070,43.4276581353825,24.38127115862344,40.73226694290334,22.99990977034904,BG,noise,1,320.6504249405574,0.10562389343976974,0.05953793227672577,5.151388645172119
994714827967018,22.682567905302,39.11769149111,24.908451635630463,36.88787089292212,SA,noise,1,335.73375920456147,0.19429972767829895,0.0999920517206192,4.437962532043457
145209974249665,16.762668175828,-62.220769939941,17.030797726495674,-61.84688413386466,MS,noise,1,49.7123104951597,0.49975186586380005,0.3473908007144928,2.063877820968628
763480160945552,3.114388438698,31.177872023014,8.334580416867695,2.029390955633535,UG,noise,1,3275.3348456300437,0.7981622815132141,0.6982333064079285,1.0118653774261475
4405163029511350,43.682079175037,23.978223195064,48.512280648794615,18.003593493384923,BG,noise,1,707.1539959132849,0.5600602626800537,0.48651039600372314,2.3324077129364014
326659798812032,12.410385336248002,-16.110049424682003,16.506017034697564,80.72495106127103,GW,noise,1,10328.648802828995,0.5414339303970337,0.5010749101638794,3.0353434085845947
895631547651467,12.080356238018,-61.704118318475,15.599184227069282,-61.44131892245378,GD,noise,1,392.3028542337359,0.19589106738567352,0.05066676437854767,3.2194323539733887
953292548822411,18.0817933464398,-15.894888251115804,17.327792059828642,78.37754809929488,MR,noise,1,9849.300119227066,0.43106895685195923,0.2621903717517853,2.976118564605713
1179673359141283,-27.440457092686,31.884625638401,-14.09000879606081,-42.6481729695951,SZ,noise,1,7785.493410900708,0.5820484757423401,0.3285932242870331,1.6616337299346924
1391570534555001,12.121586777999,-61.634729332904,15.606633614067201,-61.445321134291824,GD,noise,1,388.0584207055278,0.9158362150192261,0.8837058544158936,0.47122836112976074
1931718050309638,42.316673318457,42.610766550542,33.1226049587188,-86.91287940363205,GE,noise,1,10174.698308451814,0.6039476990699768,0.5724036693572998,2.6235952377319336
1441784959495240,18.614866388889,52.371751388889,31.332157001840347,36.54348915156716,YE,noise,1,2127.1970758963616,0.8443896174430847,0.8274936079978943,1.1691350936889648
1092193684624091,13.222041768155,-61.27004985443,-8.296304961557246,-35.02555828317098,VC,noise,1,3758.230447496071,0.706200897693634,0.6687857508659363,1.7590142488479614
545855749735091,44.933679619312,10.542218724088,42.972449548702926,25.38201943800965,IT,noise,1,1205.9858843228376,0.2526164650917053,0.12209920585155487,3.679535388946533
2774084016236056,4.2465653216704,73.54886569526,10.105848946095975,76.19953790515535,MV,noise,1,714.0869343640593,0.44908520579338074,0.23852892220020294,2.2858474254608154
193239609283383,16.442716181297,97.600636667113,53.179054643513716,44.70555474933389,MM,noise,1,6117.425080319925,0.11049602180719376,0.03263898938894272,5.297865867614746
838605060406461,-38.684857801033,-62.245177670808,-36.861952667681685,-59.12561383788916,AR,noise,1,340.9404252899902,0.7887487411499023,0.7607272863388062,1.4541243314743042
1398766300483374,-20.281888888888,139.05741666667,45.47798330783383,8.40300657095603,AU,noise,1,14733.768431544398,0.2729817032814026,0.18379148840904236,4.306581974029541
309592324146292,-40.470381504032,175.24679558692,-41.28860038545234,174.81782148939635,NZ,noise,1,97.86883880841111,0.5935997366905212,0.5087618827819824,1.897716999053955
787330225321281,78.186979979764,14.79210601878,62.53866021204979,-7.203544530599837,SJ,noise,1,1895.5563908536712,0.39247435331344604,0.2026367336511612,2.8446133136749268
481435006457069,41.714515597444,19.778002854189,43.28925806100008,-4.055968303231158,AL,noise,1,1955.0413154441494,0.34460049867630005,0.26459717750549316,3.354361057281494
562746315113072,-21.036239487922,55.673092800575,14.606097632605604,-61.00580985431219,RE,noise,1,13314.316093470561,0.5422236323356628,0.27666589617729187,1.4519835710525513
251075026766241,42.736773777269,78.935492923137,43.2904702642112,143.42017763930065,KZ,noise,1,5106.413856236409,0.16786128282546997,0.04437911510467529,3.694744110107422
4010096302418176,13.274118,121.232275,14.936313359768112,120.77662626360998,PH,noise,1,191.2475890229049,0.42625105381011963,0.12166151404380798,1.8155523538589478
385537683018740,8.58587702121514,-10.943586617629483,5.341710505446487,-0.637754111617337,SL,noise,1,1193.1591703864353,0.5526924133300781,0.4528217911720276,2.360267400741577
180372857328994,49.843429916622,73.222888258927,35.793870693704925,-119.77431775246924,KZ,noise,1,10407.070643641426,0.20892764627933502,0.11445145308971405,4.0447540283203125
907851513392138,-18.164645479454,178.22136593468,23.192159101222135,119.37298026078615,FJ,noise,1,7871.483319561711,0.23047161102294922,0.08371233940124512,4.050384044647217
1131598217344189,54.864195040685,8.7383931888414,51.892682590691635,0.7217573672328806,DE,noise,1,625.4825993976361,0.4748011529445648,0.4000707268714905,2.9893364906311035
3247097405547891,33.97288015656933,71.60789771722264,34.00314480168772,71.56942459976501,PK,noise,1,4.88950393207668,0.35256633162498474,0.17397992312908173,3.0909829139709473
1063412324270300,-15.431355385415,167.20499794568,-16.717042212426986,176.15431611747468,VU,noise,1,966.7428151769486,0.35306668281555176,0.2607211470603943,3.332059621810913
478746096705872,12.1865576631,-0.3910576992899,5.794124409913901,-72.92204701342052,BF,noise,1,7977.7437762833615,0.32010459899902344,0.1841253936290741,3.1074371337890625
163486722253544,18.376454722061,-65.907019733384,27.189105104700037,-80.24334534786196,PR,noise,1,1764.1408634419818,0.41005972027778625,0.27305543422698975,2.5713648796081543
1394646127681740,50.27605756468763,-5.022433442071348,51.89841166724126,0.8402278706534362,GB,noise,1,447.288064907698,0.1940668225288391,0.015188589692115784,4.031719207763672
311036310426740,10.534375285392,-85.108561963834,-18.99581519364292,-48.17454348961004,CR,noise,1,5212.628689844502,0.7444599270820618,0.7009279131889343,1.322740077972412
180655490594869,-4.2955834051727,39.583247618282,-12.492851180259724,27.971234867272265,KE,noise,1,1568.245580640255,0.5147035717964172,0.4516640305519104,3.2242374420166016
225040172344104,54.10668466178,-8.5444506137227,53.270781119295755,-8.920891283525528,IE,noise,1,96.19621156649212,0.3068163990974426,0.05213019251823425,2.022054672241211
590599688583224,62.579080335013,22.030513453623,63.24165330541664,18.170345348078595,FI,noise,1,208.84859902218253,0.16492341458797455,0.04010613262653351,3.4057798385620117
378410597431210,11.755141729610802,11.99142765025279,27.078828855283604,67.87069927209764,NG,noise,1,6052.198744912546,0.11731226742267609,0.02281789481639862,4.782028675079346
769560623930363,13.781555904684,-60.954984062834,24.447667594725964,124.19054623583995,LC,noise,1,15727.641301920597,0.21511802077293396,0.1471555531024933,4.851553440093994
191217559525689,10.598613143242,103.76819114404,13.941912805201257,100.35698527399566,KH,noise,1,524.9138027697401,0.15396609902381897,0.03064124286174774,3.8981878757476807
960119301406916,8.934567996624,15.810201192055,10.92672175905386,76.09189611201623,TD,noise,1,6595.796044337735,0.07846161723136902,0.04553292691707611,5.845057487487793
162029952434974,10.416592641005,-6.9267518159549,7.909822105358416,-11.070786441184033,CI,noise,1,533.4848804542737,0.38650625944137573,0.24148455262184143,2.7737574577331543
777563772895063,60.262939806644,20.372533414245,52.41279334167543,13.580017914224575,AX,noise,1,966.9266436538031,0.21254995465278625,0.12349069118499756,4.548032760620117
483016122754010,8.2177331232449,-10.640871255174,-26.763910046590656,-49.18215464603431,SL,noise,1,5691.333638346652,0.4614149034023285,0.3013378381729126,2.0483791828155518
945669026244322,32.28289364111786,34.89665697754903,52.37777417412463,10.753720494999445,IL,noise,1,2960.2414463969894,0.26540398597717285,0.10083846747875214,3.7161264419555664
834907740772712,-51.828914124143,-58.391576104278,38.10328130454632,-109.40918622377873,FK,noise,1,11155.421617968175,0.18846045434474945,0.08062759786844254,4.1259613037109375
315786796574792,17.029958580939,-61.837386119134,25.165857400464162,121.55129117362044,AG,noise,1,15308.79144114475,0.3425065279006958,0.21747523546218872,3.119554042816162
3935353219835220,5.0624805680856,-52.559930285878,-24.720173195832835,-47.54708708400681,GF,noise,1,3355.802915926932,0.2668597996234894,0.1580522060394287,3.47110915184021
703624374104706,11.148071748184186,42.461472571281,56.02745155543009,8.537330152771236,DJ,noise,1,5785.3094709886245,0.26346632838249207,0.02171725034713745,3.753784656524658
552376936150414,45.747934121718,28.392399493234,42.232928854684715,22.642761923572284,MD,noise,1,603.3234323770199,0.4060133695602417,0.22259454429149628,2.279323101043701
279990610516417,-25.052590421722,25.938389437355,-32.73879239170155,137.9030748738785,BW,noise,1,10364.584647354093,0.3437286913394928,0.2726582884788513,3.347559690475464
244594784129468,17.181606776437,-25.056350793491,35.56635099112374,135.4292452687861,CV,noise,1,13799.617134268372,0.09108050167560577,0.00334109365940094,4.398335933685303
916296905814911,29.986443376454,35.073653850875,31.79579395943734,35.438784534563744,JO,noise,1,204.18462741004842,0.3811052143573761,0.030206114053726196,1.8742172718048096
160409959286661,13.609489121743,-15.203056960483,52.86413965724946,26.441367103432516,GM,noise,1,5697.64032895116,0.11125192791223526,0.02760898321866989,4.180980682373047
375549574325666,-8.088511666666667,156.78238944444445,8.041645493087987,-11.799618477625843,SB,noise,1,18758.05173414358,0.4339366555213928,0.38540300726890564,3.845033645629883
6504127516293875,-20.153986376711,28.58502890468,-23.21920356529653,-45.919501921719345,ZW,noise,1,7618.051228279969,0.2420884519815445,0.17793980240821838,4.768503665924072
955352585280405,53.073543217589,5.6644949286343,56.00251337050519,8.482705004767592,NL,noise,1,372.9222089798365,0.48899075388908386,0.3786449730396271,2.4084551334381104
198798338740227,41.487329996943,45.08669320994,40.23562705480487,-112.73153723979853,GE,noise,1,10656.191149161103,0.24626553058624268,0.16750545799732208,3.8907690048217773
747640439246618,6.555528380315,-10.331525634335,6.446209945944836,-10.76268428215828,LR,noise,1,49.16090086496171,0.1626182347536087,0.08426132053136826,4.266960620880127
537333261008423,39.113511978868,117.21046994629,22.636202705622242,120.28544518116732,CN,noise,1,1855.2127934004827,0.6579188704490662,0.481540322303772,1.2688332796096802
5205930492794121,13.596220054527333,-87.36529096486619,13.66494749143957,-87.15937613140434,HN,noise,1,23.527540906134806,0.7559500336647034,0.6592935919761658,1.2889894247055054
282961036881213,36.025363064061,14.258923344808,38.417909923816296,16.518035060374693,MT,noise,1,332.824204998254,0.22528664767742157,0.07370609045028687,3.239384412765503
2898417523733065,12.385310410818,-5.9561351141694,12.31793401875819,-6.115149881338568,ML,noise,1,18.827193896355496,0.4601627588272095,0.21054431796073914,1.72170889377594
814006309495024,18.427369706947,-64.568261557542,15.592089732299558,-61.450810913142675,VG,noise,1,457.4306869859718,0.6363889575004578,0.3175770938396454,0.8700417280197144
363924908375174,-4.7913317580586,11.855642981142,5.585915983113458,-0.1835086215637653,CG,noise,1,1765.9514862734143,0.14693382382392883,0.011189401149749756,3.4636390209198
520091355848418,69.217861349712,-51.109419049396,62.00489595832235,-7.044682348740248,GL,noise,1,2118.6979846620034,0.2656603753566742,0.0398024320602417,2.5643863677978516
840734783196696,32.126256113931,44.324859980182,24.871836831246505,67.14003733842203,IQ,noise,1,2365.1151909724667,0.43133223056793213,0.12788161635398865,2.439802408218384
226163689282727,12.168906318554,-68.967070805139,21.366310800849433,-73.40985045275322,CW,noise,1,1126.5179058562803,0.5028713941574097,0.4507269859313965,3.1353538036346436
341214407334376,-19.377102833928,34.400509607794,11.093200255975214,37.527388786813965,MZ,noise,1,3405.4191915134998,0.1370130479335785,0.019527509808540344,4.161538124084473
894968224414635,34.986110625975,32.668982915426,34.91656970130257,32.810108286000144,CY,noise,1,15.007570415785649,0.8237714767456055,0.6921701431274414,0.7194391489028931
462694431488011,18.632063011792,-68.389902993932,28.630844251518454,-81.27227669282368,DO,noise,1,1717.6380013729286,0.2788844704627991,0.16949912905693054,3.809830665588379
857893648147331,-10.905676698416,14.247198141961,19.423800308891245,-103.63965078847033,AO,noise,1,13314.41685523994,0.6810984015464783,0.6241436004638672,2.1000351905822754
382009819762071,39.329365017441,27.62045985936,40.75476851584133,23.043522366184952,TR,noise,1,420.56015812857095,0.46685701608657837,0.1973264217376709,2.0572564601898193
271875871339932,11.850545983225,38.038235893261,11.47876361299139,38.070563196327015,ET,noise,1,41.48993421284529,0.6153420209884644,0.5200412273406982,1.7032338380813599
525646118616107,-15.637682963249,166.84078278513,61.517661799850664,35.60228206056465,VU,noise,1,13639.177258892534,0.5969631671905518,0.4035887122154236,1.9195873737335205
2982805328705469,64.437207664635,24.181485346398,61.220749265234275,35.85348726562103,FI,noise,1,690.7029519177886,0.12888523936271667,0.023219607770442963,4.383913516998291
320116623608771,23.185410152402003,91.17769833999328,24.022147122109892,90.65775890477589,BD,noise,1,107.06614457240313,0.5174509882926941,0.3005104064941406,1.9172298908233643
803534963702486,51.121882315762,3.1082009025971,51.99250727260526,7.617198237089815,BE,noise,1,326.34602736086975,0.16394466161727905,0.00789216160774231,3.9556846618652344
376395010415901,13.924250043571,-61.056412107275,5.26461050115843,100.51668181631025,LC,noise,1,17067.710145364403,0.15892189741134644,0.08731696009635925,4.699688911437988
303078421392591,-16.446930463398,-152.24847310031,24.968130465302462,121.31863232499195,PF,noise,1,10424.61276923477,0.22651608288288116,0.11573495715856552,4.098520278930664
312172783608841,49.510993358681,6.3452033888591,46.50911749571086,15.609749456552734,LU,noise,1,765.0555358806182,0.3438933491706848,0.24305716156959534,3.2085158824920654
6235880006437043,-3.1366812272296,-79.214143657851,5.8130609310491925,-72.99937336705108,EC,noise,1,1211.0628593264432,0.5986811518669128,0.47811946272850037,1.8141649961471558
965921670819949,-10.479678823577,105.67386300715,29.302552900533684,-81.09668445903954,CX,noise,1,17807.036743124438,0.1179991289973259,0.04792114347219467,5.113279342651367
925871031561258,-6.2639877158616,107.06741782953,-6.313573270077477,106.79377965342374,ID,noise,1,30.74255533635321,0.9365158081054688,0.9003169536590576,0.33970606327056885
1164097447347216,4.8674337462563,31.519362784566,13.31139010057666,-5.978468867450205,SS,noise,1,4217.1004290669725,0.6612725853919983,0.6027414798736572,1.8250970840454102
4396227090475829,-1.2678653976589,36.678122304876,-1.155802793025865,36.69216065102365,KE,noise,1,12.558143684854246,0.12173854559659958,0.004320681095123291,4.316134452819824
865652107497194,25.981085501999,50.457665915183,16.933792941820656,53.87680250604916,BH,noise,1,1066.245047916109,0.13290935754776,0.001708701252937317,3.982516050338745
299799271640333,2.1039771270774,45.331583431777,-7.189523638397745,-34.85486451501913,SO,noise,1,8955.41484510164,0.6184589266777039,0.49921470880508423,2.07326078414917
461018955189846,14.544694692651,-60.871651329228,25.122006872780094,121.59665111688402,MQ,noise,1,15596.241454992589,0.9438807368278503,0.9357603788375854,0.4422449767589569
848673612668103,42.673726026337,20.952183058644,42.81855570492501,26.984735241329854,XK,noise,1,492.7641534810513,0.11442337185144424,0.023513242602348328,4.4126667976379395
1416342685418545,-18.613385898721,-174.00201190817,-2.172383502722671,-49.754321914445555,TO,noise,1,13497.894837142661,0.1432214230298996,0.0014827102422714233,4.074152946472168
494963678607139,41.553688076193,76.443594560854,41.277476665403164,-111.80015961362042,KG,noise,1,10767.380347715836,0.1190945953130722,0.02268967777490616,4.25734806060791
219389349648885,10.15103545444,-0.08621895664982,10.341873567408143,-0.42105070393833866,TG,noise,1,42.339412956476345,0.9665808081626892,0.9538832902908325,0.2472265660762787
3089177431309627,15.373065639057,-61.261521114061,18.588529953071227,-74.10111471158189,DM,noise,1,1411.0301544077483,0.9836173057556152,0.9820588231086731,0.16353660821914673
267446095163419,-24.410317211088,31.569065250692,-24.50324045973109,30.977758427992285,ZA,noise,1,60.736096561762665,0.6937603950500488,0.6435851454734802,1.614365816116333
302215634735033,41.271908839255,44.308127758638,49.84835294407854,43.23343523828799,AM,noise,1,957.2921957508605,0.13923941552639008,0.038062915205955505,5.005606651306152
2667851503513129,17.27324849632742,52.95912218803253,35.013331613775016,-114.52161230888373,YE,noise,1,14052.64916780929,0.8146845698356628,0.7871559858322144,1.1227748394012451
153409713461640,8.790179318271212,17.833063690255294,-13.527490498371566,26.98426644800987,TD,noise,1,2679.3452881937565,0.7479603290557861,0.6531930565834045,1.1335476636886597
197648665524336,32.845770012076,3.9393382718177,25.3477664915977,36.78220060079675,DZ,noise,1,3283.6648912471123,0.7348578572273254,0.6786813735961914,1.4703634977340698
186111083366529,51.38944480684,5.6393438286668,56.040213870121185,14.096908148708845,NL,noise,1,758.7541677008866,0.40404054522514343,0.24114549160003662,2.4714300632476807
2778308682433187,46.907087389519,21.768223720096,51.45092607195644,11.004605641076218,RO,noise,1,929.9263731233281,0.3014582097530365,0.12989549338817596,3.2010393142700195
937732960392917,57.179863762985,9.5235696942098,57.208623971218685,9.576402139718198,DK,noise,1,4.511960729030264,0.8990933895111084,0.8380398154258728,0.4971221685409546
1146261095856485,7.3615432427089,134.43713448334,16.36003301069343,-61.49195148797796,PW,noise,1,16848.0955612005,0.9094167351722717,0.8376889228820801,0.37553346157073975
481510253092194,55.547652479706,10.237061583967,56.152983225043506,14.286581779668643,DK,noise,1,261.53618360780877,0.2872273027896881,0.07408119738101959,2.8977890014648438
373515770750013,52.085212737279,23.57416942403,49.30665125619725,17.39702113608362,PL,noise,1,533.3336349973707,0.14976593852043152,0.060209013521671295,4.291659355163574
509958026699758,8.7996562999047,17.834358755261146,-13.451250406041183,26.82003814967798,TD,noise,1,2665.6438580796607,0.8045812249183655,0.7405529022216797,1.0842483043670654
898715014311013,48.970224789976,9.8639365242088,53.409400846076814,10.457990819947096,DE,noise,1,495.342056140321,0.3143579959869385,0.18123166263103485,3.9343948364257812
1199206943853136,-16.678932002412,-60.816984800192,-7.3321688485611745,-35.467910077777695,BO,noise,1,2942.2311937679397,0.4140359163284302,0.2873827815055847,2.6151251792907715
498260671492955,-38.013275055456,-73.225185383762,45.622175077417324,5.714447469944502,CL,noise,1,12180.260709112194,0.22142474353313446,0.10298541188240051,3.48140287399292
894859321231304,12.227082918058008,-69.07847800166279,12.187539368036454,-68.66356827659591,CW,noise,1,45.30654282056448,0.7727370262145996,0.7442587018013,1.5341945886611938
1389207538112280,-18.237830811581,177.83923612892,15.635519236655531,-61.45429613204295,FJ,noise,1,13728.396738683961,0.3006885051727295,0.192124605178833,3.8086588382720947
853984918525885,16.723203555806,-62.23130997289,53.42081225055145,5.484906084843061,MS,noise,1,7051.6836217751625,0.714675784111023,0.671246349811554,1.7830979824066162
122049223635653,-9.093844554597762,143.20550105803093,3.7079720133681455,98.50640097515674,PG,noise,1,5154.463617625965,0.14384104311466217,0.04748526215553284,4.706564426422119
503430330798585,15.754797111762,-86.834109918362,15.561533886518559,-87.5401712881647,HN,noise,1,78.59189925974411,0.8179987072944641,0.7355135679244995,0.9600403308868408
909387153127451,28.736208967151,48.003263644262,30.045170310968153,47.69673148646034,KW,noise,1,148.54848006154756,0.5060163140296936,0.34060370922088623,1.792039394378662
906902016543352,31.331782024306,46.203432956327,26.00713259845406,34.95656191478962,IQ,noise,1,1245.8030989367317,0.3377426862716675,0.09935198724269867,3.000213861465454
2928214434172169,1.1206763559822,104.10141369167,3.098350548842557,101.40082375098704,SG,noise,1,372.0259116230124,0.9259461164474487,0.8993077874183655,0.5485494136810303
450152016285778,44.280050101707,22.571319099243,47.029074827523026,28.87470881932002,RS,noise,1,577.1882590094468,0.330502986907959,0.17677287757396698,3.0642826557159424
364335675754039,27.44091865174831,89.6695301948495,40.227344613866016,21.361766008282512,BT,noise,1,6312.041263084464,0.618777871131897,0.5731972455978394,2.1264309883117676
1465192193846342,49.242897458505,-2.1257188472841,49.264877884267534,-2.1263712501897913,JE,noise,1,2.4445704452381207,0.14217635989189148,0.04277434200048447,3.96002197265625
307943760727803,32.017590561359,35.44667005004,32.10687776952737,35.270126439848866,PS,noise,1,19.37380334537052,0.895940363407135,0.8798030614852905,0.7956849336624146
460785571683103,37.925916394446,71.433043060589,49.5832136403622,18.11419402587252,TJ,noise,1,4373.809245480471,0.5781205296516418,0.5352066159248352,2.858531951904297
1128725237604299,-29.134916665635,150.74974999676,-29.346741590255455,150.4864047003516,AU,noise,1,34.7512750184497,0.7144610285758972,0.5809165239334106,1.264040231704712
490647468911155,40.963268605415,72.227703152599,55.12275709491159,61.319381876287636,UZ,noise,1,1766.2501333292594,0.4753538966178894,0.20270738005638123,1.7876960039138794
333643931662411,5.6383973900144,16.079947991405,42.445809335527194,-5.200948535233105,CF,noise,1,4598.945551551787,0.11525829136371613,0.03657601773738861,4.793580532073975
1227174381045729,47.768093183573,107.23115509769,50.89316678622759,-113.87342134851734,MN,noise,1,8364.176256079672,0.4814709722995758,0.42008763551712036,3.2206857204437256
1407497409603690,3.0843020507054,19.86280519181,1.7480325755085993,31.91883948635155,CD,noise,1,1347.55995882004,0.9484080076217651,0.9131818413734436,0.28148606419563293
3723636841075361,45.568657163831,14.018918146853,49.86189325113981,11.896887606073157,SI,noise,1,503.03581823570715,0.06925258040428162,0.023492515087127686,5.006529808044434
165305525550262,8.3525370889256,-10.025850369874,8.310675834450425,-10.308404571656263,GN,noise,1,31.433555242598057,0.3813122808933258,0.03090423345565796,1.4002372026443481
340729614142712,18.491135,53.019456388889,52.118295603823256,5.9141008190276985,YE,noise,1,5527.201484056355,0.15274348855018616,0.03592035174369812,4.6295270919799805
454659182301876,-11.625933853582,43.262174830246,-20.90021288569464,55.44961560151746,KM,noise,1,1658.5588736438938,0.3578585982322693,0.07176822423934937,1.5135411024093628
668193423973890,-24.287426139806,25.329460617088,-24.18524402053879,24.71004510560395,BW,noise,1,63.82457034576774,0.46494415402412415,0.14773312211036682,1.936650276184082
838630760070492,25.060757368329,105.86456403205,21.20204002514628,-98.03987079392817,CN,noise,1,14259.249381286145,0.514594554901123,0.22543421387672424,1.6119146347045898
390606075408650,42.986310463262,19.555681585034,42.76567317592122,22.081184779881465,ME,noise,1,207.24419890100882,0.2392963171005249,0.13362202048301697,3.957210063934326
131134676170300,-12.948481303182872,45.128315287832365,19.529499971779437,-96.86958269159871,YT,noise,1,15901.313769964463,0.49265846610069275,0.38260456919670105,2.597642421722412
1792656240942534,13.919496365755608,-90.97051612073146,14.540193406394241,-90.64311739973346,GT,noise,1,77.51624243432592,0.3998454511165619,0.09370046854019165,2.277632713317871
170823461623752,16.241110201764,-89.025642613932,-26.549522160427248,-54.68289200821962,BZ,noise,1,6033.309889394488,0.29068779945373535,0.08692306280136108,2.9167656898498535
326797512347685,20.477204466217,103.99483406515,27.822184265631154,84.77335199889724,LA,noise,1,2110.9708907842105,0.09874159842729568,0.01897289603948593,4.311273097991943
603719283920573,40.194963555707,44.545682589004,42.772656774243025,27.073646044835076,AM,noise,1,1480.5483454018809,0.4687950313091278,0.31888481974601746,2.0287814140319824
307023807471036,48.822446939892,15.635962976885,49.10044561763197,17.364761491295365,AT,noise,1,129.9412786311139,0.22656184434890747,0.04720894992351532,3.6587438583374023
1360919617610849,48.744206328516,20.484833979395,36.106558135438945,-86.95184175440394,SK,noise,1,8177.1237614570355,0.1342211365699768,0.0813261941075325,4.869490623474121
4130359377021158,12.744808419842,-86.016174505038,13.318663429264797,-86.35296303802478,NI,noise,1,73.50377737858958,0.3123853802680969,0.1421511471271515,2.7148141860961914
186509513837116,-9.162518629974178,125.26855431414576,21.752732067461576,-98.18854186733279,TL,noise,1,15171.045679446925,0.43192246556282043,0.28869199752807617,2.919466972351074
305027981215954,-18.157704641057,178.42394691893,42.786675522429086,140.92122092836357,FJ,noise,1,7786.934839181956,0.22249916195869446,0.013080686330795288,2.8769445419311523
156576193076602,-0.78254800116056,36.454570001926,-27.022148678489327,-56.68972729262356,KE,noise,1,10279.368772210899,0.47972074151039124,0.38388770818710327,2.416475296020508
713195779986935,15.71706020536666,-87.91892889999826,49.58184487759976,18.06300394162089,HN,noise,1,9788.377668435689,0.4309837520122528,0.3355062007904053,3.1270670890808105
211686643757850,18.378333055477,-65.856644722755,10.567562166537884,-61.40079284641637,PR,noise,1,991.9897016243223,0.23673464357852936,0.1204613670706749,3.797328472137451
1127316044444733,45.524200027704,20.00828632566,49.04484027702525,17.40203586492506,RS,noise,1,437.99925583029005,0.19348040223121643,0.1064826101064682,4.030627250671387
1705161749686063,1.6727266549458,109.85191823171,5.992056079391555,-75.07940521117548,MY,noise,1,19002.077791732532,0.08181746304035187,0.002898402512073517,4.558635234832764
1180959432346280,4.2166399722222,-55.441371916667,-24.064007056699076,-46.68934003379044,SR,noise,1,3284.4062342030265,0.25104111433029175,0.1431017965078354,3.640455484390259
152378826822821,62.297150880353,-6.3605044614883,62.47436714555728,-7.047314159867432,FO,noise,1,40.51354837360919,0.6701518297195435,0.4042021632194519,0.8469424247741699
2163885233752606,46.261529486069,41.00615902421,46.026313141242746,40.701136964297156,RU,noise,1,35.160918688784015,0.9952226281166077,0.994705319404602,0.05033247917890549
828943404645761,-4.2440126883445,39.574345953224,23.47515482210273,-82.24779031035702,KE,noise,1,13430.515205356995,0.13454702496528625,0.03413340449333191,4.382984161376953
145074444769704,19.85141683329288,-70.79678177411726,-28.530563869542323,-48.924672989310785,DO,noise,1,5870.45772594222,0.7004271149635315,0.5554143190383911,1.4926245212554932
167921538557854,32.347416850468,15.10321327924,-10.72664651522649,28.103348872202254,LY,noise,1,4984.913229633977,0.6019813418388367,0.45269519090652466,1.8561846017837524
628318788994208,13.152619444444444,-59.56710666666667,29.162070085696367,-81.04224482452189,BB,noise,1,2841.4205654614525,0.16709372401237488,0.023567989468574524,3.9255621433258057
842741859611073,16.018956092128,-61.581760537768,19.51228928276863,-96.88863414992251,GP,noise,1,3752.420649064324,0.13804680109024048,0.004320994019508362,4.337582111358643
310752417096783,66.229694079253,29.133889499018,63.6970038424769,17.31959061107349,FI,noise,1,621.8948049428751,0.6643301844596863,0.5819376111030579,1.588150143623352
280932113713079,11.564178753638,15.28787472986,9.056728607333024,1.1831351330983662,CM,noise,1,1567.7805242086276,0.9961209893226624,0.995517373085022,0.04337561875581741
306629164189671,31.994107162003,34.880880875532,38.01406227221911,23.426447592030176,IL,noise,1,1238.080824755353,0.13467837870121002,0.02310633659362793,4.2484283447265625
375713220429607,-20.444336397825,57.719071106087,19.369917533880045,-99.59553979778192,MU,noise,1,17642.17678718458,0.19164718687534332,0.07008228451013565,4.3795037269592285
935998006944813,2.0128177809748,-157.40717950301,-24.819286202177018,-47.893497701703865,KI,noise,1,12067.544991563711,0.5348190665245056,0.1903250515460968,1.4145586490631104
243279310922728,22.002956746269,59.647583227775,23.21080458585577,58.95071520519388,OM,noise,1,152.1680324783228,0.4789970815181732,0.0868348479270935,1.6547218561172485
302369984598824,4.2729453578223,11.366798338452,18.55356811318192,104.38930708873602,CM,noise,1,10174.10740297526,0.4147704541683197,0.13561701774597168,2.561772584915161
1410294946017903,39.031705816026,125.75630076806,43.94770315142734,26.19004989801136,KP,noise,1,7769.516684536826,0.15750707685947418,0.07569335401058197,4.074423313140869
557405362093639,36.954042854563,8.9131949083518,42.78223904350835,27.10021284644535,TN,noise,1,1677.622476220352,0.1752432882785797,0.058566413819789886,3.1645936965942383
508273253877668,60.696459628121,23.784802432989,56.15245683254909,37.486897362365895,FI,noise,1,941.5897910611701,0.2640313506126404,0.13378824293613434,3.305934429168701
822631438351061,41.306291815096,76.061806069928,56.146845948958806,37.50565095208098,KG,noise,1,3214.168977842404,0.19853316247463226,0.07434995472431183,4.0924177169799805
1138310456645189,43.382281881015,16.41157939924,40.86517685255911,-109.64453896924267,HR,noise,1,9203.303155493448,0.16998842358589172,0.09645244479179382,4.449736595153809
222871899226271,-15.510435536345,40.349633637766,-15.423689433603702,40.48018239055799,MZ,noise,1,16.993463766194584,0.56119704246521,0.4874880611896515,2.4402270317077637
653703302135487,21.606686370966,39.215434593079,24.822006079262678,46.71790926620929,SA,noise,1,845.7399160664547,0.3990297019481659,0.1763797551393509,2.3126909732818604
512353726583180,57.378685294191,22.247361108176,57.06427022944457,24.368544571117244,LV,noise,1,132.38884902131474,0.28206947445869446,0.0940706878900528,2.824208974838257
221188212807394,5.9007667928315,15.424776553249,43.303747675430174,143.05978181551652,CF,noise,1,12432.542741935556,0.11420807987451553,0.02752939611673355,4.49615478515625
319019459840888,18.609369461477,-74.151456712619,18.606077600282013,-74.12590733569733,HT,noise,1,2.7172185042634855,0.5914841890335083,0.5308550000190735,2.1945338249206543
3291218371154050,-17.313447180213565,37.46183809351605,32.37298689829116,-83.63051211342247,MZ,noise,1,13916.197271931467,0.248932346701622,0.11996272206306458,3.195127248764038
584561212946534,-19.59947361892,169.46805368552,18.628044902182175,-74.12667499305077,VU,noise,1,13373.97241073677,0.11656346172094345,0.001848071813583374,3.905395746231079
304491461128491,-24.913992289767,-56.992001471465,-22.321194257827376,-51.464196682179406,PY,noise,1,632.5873280773774,0.2039758712053299,0.033614933490753174,3.4779534339904785
297816615150376,21.480754782652,-71.133236713743,21.98836023721043,-70.9152225085806,TC,noise,1,60.76936511130301,0.8281683325767517,0.7309924364089966,0.8799296617507935
393440354996585,52.70481457742,27.450028836652,60.94627303999939,37.19779582317859,BY,noise,1,1089.0875662093824,0.29586705565452576,0.10084538161754608,3.3999929428100586
473720683849376,40.29467551394,43.521641209406,44.93353890036287,26.021772123121153,TR,noise,1,1518.3938881593106,0.5095496773719788,0.2845920920372009,1.9020593166351318
454870842476357,28.72600008284,48.263573067355,29.00127209233385,48.11658505530515,KW,noise,1,33.79035724428971,0.923689603805542,0.897795557975769,0.522459089756012
151442870324225,56.727613998069,9.8232903910496,56.157705142547925,12.670567120458948,DK,noise,1,186.1118969939065,0.5868164300918579,0.5347690582275391,2.264327049255371
3734785956631637,-32.223694448748,147.71777777513,-29.589952646091756,151.7308438061523,AU,noise,1,481.96025582193766,0.6003684401512146,0.5403462052345276,2.152222156524658
2674396816191889,2.5936083377885,9.8483489898272,11.983604996968266,-84.67207434533184,GQ,noise,1,10438.693525796063,0.19640949368476868,0.12198247760534286,4.195401668548584
1379450249134838,11.1299017047619,42.37458637619046,24.245888393946945,37.25000380917293,DJ,noise,1,1555.650777082662,0.4330314099788666,0.3771643042564392,3.525538682937622
275414690944598,-13.67751150128,-71.664754722863,-13.47428620390667,-72.48090446400215,PE,noise,1,91.06434303052698,0.8406878113746643,0.7976138591766357,0.8863984942436218
1234218287109955,-20.82413546364793,164.48620687630458,48.56808787334443,-121.73177342283276,NC,noise,1,10605.964769083252,0.3926553726196289,0.3013690114021301,3.5788767337799072
302961411491361,46.996007579057,27.801513788055,46.88144855148561,27.803445866544816,RO,noise,1,12.739227210400797,0.3247283399105072,0.059811562299728394,1.981100082397461
948698085931649,49.321417002248,19.543460957034,46.16356890451005,24.889292996986196,SK,noise,1,531.8193999926631,0.35239771008491516,0.241720050573349,2.8208744525909424
328279275310503,2.1101448348,45.328888943853,-7.18407694080864,-34.872497711880015,SO,noise,1,8957.1158452794,0.4428163766860962,0.32316911220550537,2.7732198238372803
3938529579574500,12.745875526918,-6.8748541915599,14.793297002646135,-16.715219142380526,ML,noise,1,1086.7258310163738,0.719487726688385,0.5929785966873169,1.0524311065673828
1194874720960051,12.083080655367,-61.701340518071,15.68997408414025,-61.44872129876394,GD,noise,1,401.99384119488366,0.2980850636959076,0.10523828864097595,2.7160935401916504
2660802827398825,16.196727547951927,-16.262142180464767,49.09930101567335,17.446718817393954,SN,noise,1,4757.7300416905855,0.1337224692106247,0.003332167863845825,4.550601482391357
474318140350732,-30.186929671859,28.721722313277,44.640683680204006,37.910873281887,LS,noise,1,8372.49676320898,0.37361401319503784,0.2487417459487915,3.206141233444214
131538628927343,23.927591478789,56.89006326826,23.882430402426877,38.158493057986476,OM,noise,1,1902.786984263105,0.1479690968990326,0.013126790523529053,3.5741994380950928
956252018280238,5.6732085786965,16.632589745091,42.450088027995356,-5.309729880278934,CF,noise,1,4625.8419874429555,0.5526070594787598,0.5195021629333496,3.0199813842773438
986557568784559,47.96199867689,3.329329196682,48.983094694988466,2.805951921796318,FR,noise,1,119.91649523731147,0.21281471848487854,0.07301361858844757,3.829133987426758
858888201360481,27.431311876486,89.411968800978,25.075146301876142,92.46023229390688,BT,noise,1,401.2760860532409,0.34130150079727173,0.15464149415493011,2.4951510429382324
1122494928228049,-6.2923231452892,176.31516236757,22.63729273322976,89.56350439317627,TV,noise,1,9945.11687842701,0.8930390477180481,0.8786345720291138,0.8136494159698486
822289958383794,41.363620514254,46.930408712763,41.90830101539706,43.3288119068809,AZ,noise,1,305.35194231612525,0.695687472820282,0.6406530141830444,1.9465280771255493
507580496941067,41.24483557588,71.582892060753,56.626251916999045,61.06840816339466,UZ,noise,1,1869.9069007843318,0.20763897895812988,0.12719427049160004,4.021851539611816
850897392160274,15.37337039371,101.11838827961,46.71525994855204,28.581263448068146,TH,noise,1,7445.6209240469725,0.23401109874248505,0.048733070492744446,3.8772075176239014
1479666545728283,-2.207944528615442,29.59226081231841,5.814325194467708,-73.01824392379052,RW,noise,1,11426.867450755979,0.9032292366027832,0.8615120649337769,0.6087203025817871
580789552886656,50.678594855093,4.8188742178492,48.97709416996699,2.8610681622884955,BE,noise,1,235.603561244848,0.3531778156757355,0.22963084280490875,3.469546318054199
795872621134242,21.469950825343,-71.131968567748,21.646371205002854,-73.0114659909368,TC,noise,1,195.35679733751152,0.990315854549408,0.9816021919250488,0.05874963849782944
537185557301814,21.468632587884,-71.131614335596,21.32311180303287,-72.4152715042712,TC,noise,1,133.88011717227556,0.5966604351997375,0.46925127506256104,1.8592993021011353
533124681034633,9.6221481881675,5.9902728883701,6.988058251466574,-11.410856618501871,NG,noise,1,1936.5689078367816,0.785041332244873,0.7482976913452148,1.5104619264602661
459637375114061,16.326241192515,-61.485416089177,42.792890198027,140.25132653600625,GP,noise,1,13075.696617928126,0.09308361262083054,0.010569527745246887,4.769120693206787
761065858107101,18.02556598756,-63.076095445477,-0.9938807336165801,-80.74311184718339,SX,noise,1,2865.208353665986,0.0838908776640892,0.03802590072154999,5.483069896697998
175886771114688,37.132743072818,71.445580058334,41.269308609333216,-111.8145957243677,TJ,noise,1,11290.86977593794,0.15648090839385986,0.02225501835346222,3.3961234092712402
3028763490743210,44.505071370572,14.497751817403,39.13692332690691,-0.011118928920309239,HR,noise,1,1339.6887933806092,0.3644620478153229,0.11320871114730835,2.232490062713623
4083027895078105,6.922264444172,81.810604007404,16.853707323477934,79.32590405142273,LK,noise,1,1136.8477264627088,0.32399439811706543,0.16120247542858124,3.081386089324951
196273232181806,10.57170873112,-61.274575577684,18.504319337501403,-74.10836426319203,TT,noise,1,1637.6879277298137,0.2424333244562149,0.006691470742225647,3.0536365509033203
311046543750546,5.8181956657151,-55.229591655912,14.678786468238387,102.60582642625538,SR,noise,1,16673.500603286026,0.17902198433876038,0.11808411777019501,4.698634624481201
1340777496415094,-24.184041937054644,-56.01406804634483,-25.47219025585568,-54.68468377104427,PY,noise,1,196.24828708593995,0.6715632081031799,0.49964165687561035,1.27470862865448
320265609670289,38.422783933334,-28.447899110035,25.14534723623693,121.56501718176551,PT,noise,1,12286.977469619707,0.1330946534872055,0.01012612134218216,3.9779367446899414
587462658901340,49.482634783129,7.2198204378864,51.335448633637355,0.37482673919255677,DE,noise,1,526.745685005842,0.6393150687217712,0.5821296572685242,1.928098440170288
1117419915461502,-13.3507635470948,24.07831798797145,-13.062060149296036,28.251417969121512,ZM,noise,1,452.8889936126439,0.1681382954120636,0.02771751582622528,3.574746608734131
293849812373143,21.729330866875,58.283925067403,30.57520253273762,29.884991693730363,OM,noise,1,2990.3003923452407,0.15247046947479248,0.027072250843048096,4.987954139709473
913136816207204,27.685309394915,84.245084160599,24.321373071493433,67.95343504222046,NP,noise,1,1669.1520500604397,0.2308201938867569,0.09696033596992493,3.993847370147705
1427947294218129,38.134538979321,20.602291273787,39.927988741575156,23.994954407998353,GR,noise,1,354.4216500439693,0.5179529190063477,0.2842007279396057,2.2883455753326416
950864868999393,51.137636946693,23.395299320308,49.55600194086975,18.087661198702456,PL,noise,1,415.5274933587169,0.2220572829246521,0.07859577238559723,3.7669949531555176
223308666224105,10.524123082769,-2.6530083555487,-11.992365041104682,29.97935447648183,GH,noise,1,4388.840907720296,0.27287930250167847,0.1892978847026825,3.471468925476074
202168424910797,63.087501381586,29.619921161522,56.536219561087385,26.777098797335817,FI,noise,1,745.4243955253987,0.7176142930984497,0.5900250673294067,1.3042227029800415
134334415352783,34.771117780932,10.388663407803,34.764435917385185,10.437742053384927,TN,noise,1,4.544157932174633,0.442737340927124,0.4000878930091858,3.412574529647827
1123967504754624,2.462911169111,9.8411851986574,7.883727852960007,-11.07411694114889,GQ,noise,1,2392.3875325407153,0.6094745397567749,0.5102899670600891,1.7207998037338257
563150931329907,-16.454467194083,-152.25488087725,18.321534714550832,-73.2093462542598,PF,noise,1,9471.957719529444,0.7913727164268494,0.732334315776825,1.205802321434021
527782441730123,19.613317472222,37.21518325,16.32746130162151,80.65010503431343,SD,noise,1,4596.794962507387,0.6559127569198608,0.5572132468223572,1.979621410369873
874132063313509,2.1211650392132,45.325477296944,-5.137467139800136,-35.48298549995395,SO,noise,1,9011.717750520702,0.1093529686331749,0.050890274345874786,4.369822978973389
1414690518888723,4.4280699971271,-7.3572366993037,6.30880342853536,1.220212250416118,CI,noise,1,972.2904679142791,0.5172176361083984,0.45578306913375854,2.6726691722869873
1488652064809969,31.757099517069,35.492951999494,26.37134730235097,37.07219169507804,PS,noise,1,618.1980877044691,0.9677920937538147,0.962867259979248,0.2635096311569214
548267689892757,4.8188638046841,31.553307958678,-15.527447418788645,40.680897412314636,SS,noise,1,2475.592367450703,0.3865046799182892,0.2556164264678955,3.00036358833313
151479410277523,13.926511407569,-90.820049410327,-17.78485247494919,-63.19171339424693,GT,noise,1,4649.419149546049,0.39631006121635437,0.21743910014629364,2.4342949390411377
282741450237053,40.63918244788,14.689358309553,45.635698277411244,7.703475659907983,IT,noise,1,793.1313881633912,0.24563516676425934,0.008094221353530884,2.7246341705322266
466856821203613,32.362756289357,15.075112091192,22.691665395120435,38.71957736413096,LY,noise,1,2559.7128859438258,0.9084568619728088,0.8821009397506714,0.6142640113830566
503692787493112,-8.4956747146718,28.873913205907,-5.695729976978567,29.09447710966479,ZM,noise,1,312.2892572908119,0.9102827906608582,0.8688274025917053,0.5508618354797363
129527739201981,50.74400552946,15.089402768176,49.33976095624675,17.39789823677868,CZ,noise,1,227.04438156249077,0.22414924204349518,0.015617504715919495,2.592167615890503
459080448727005,43.398268683651,17.872251876102,43.29538744889933,-4.025372128060272,BA,noise,1,1765.6155791435986,0.2893918454647064,0.09383146464824677,3.192054271697998
2599771000325900,10.491317886291,-66.940783689543,4.466897210552767,-75.83265012941675,VE,noise,1,1186.9313997316447,0.28299403190612793,0.018377840518951416,1.9006379842758179
1586218158513391,-35.09726470656671,-71.96444205112698,14.57567196489976,-90.79996078579637,CL,noise,1,5869.916451821909,0.7979859709739685,0.7021661400794983,0.9320434331893921
790312034924185,6.4665061966066,-73.264673048874,-29.744502767442214,-53.602220522648445,CO,noise,1,4541.163317029067,0.3198438882827759,0.22992858290672302,3.611564874649048
3828714587227647,-28.982228650362,17.795137519664,-30.109447314547463,27.865478739080395,ZA,noise,1,981.8542398506678,0.7261067628860474,0.6912329792976379,1.8558402061462402
915335685911826,-26.650343222475,31.676701721271,38.96493972923164,-7.0513840822133655,SZ,noise,1,8331.408347097142,0.3927195072174072,0.3039475083351135,3.456305742263794
295989332000056,-21.294072972472,55.453451741806,-20.903600997038005,55.51290193535619,RE,noise,1,43.85433733801602,0.7323339581489563,0.6709972620010376,1.5367604494094849
762826894424335,15.953620769688,-61.226106662441,58.770495112820626,-3.064806062218892,GP,noise,1,6686.369207137279,0.33800607919692993,0.2903275191783905,3.682779550552368
748877299000226,37.48624814219,-5.6260757420713,38.95732896028876,-2.0303698800576586,ES,noise,1,354.11143023845483,0.9956344962120056,0.9943352937698364,0.03781404346227646
995130811306873,23.092040987381,59.032220074214,23.05717357967862,58.789452922251144,OM,noise,1,25.13559985880985,0.25309309363365173,0.016875967383384705,2.930483818054199
173462692069034,50.00493277190843,-109.16881836125964,50.41284508619736,-103.87408897933976,CA,noise,1,379.4299320324545,0.5978575348854065,0.4152069687843323,1.1952102184295654
374397180633667,51.090338894144,4.5540810997605,51.335007266032,-3.49937171577521,BE,noise,1,561.3477703506111,0.38119158148765564,0.2546435594558716,2.7931952476501465
925791128266982,3.9464155812419,-59.099715656841,-19.86060212816409,-43.75199357211939,GY,noise,1,3133.744652399191,0.35299453139305115,0.23783984780311584,3.1143319606781006
1008151256597783,5.4088235841337,-54.080394782482,43.500660165219834,-5.534790611143356,SR,noise,1,6350.873788668869,0.12114840000867844,0.03487514704465866,4.529813766479492
183020897030038,12.165472591779,-68.284782803721,-12.536292041733773,27.990012253334612,BQ,noise,1,10967.05345905804,0.554273784160614,0.41095831990242004,1.6600111722946167
497361505026790,24.459011977771,39.707017834424,26.049047122543115,50.488568913469955,SA,noise,1,1098.2484202982082,0.4118950664997101,0.2679392099380493,2.5696287155151367
312120757154735,47.999359257395,28.38593989914,47.026152860377785,28.87757126062208,MD,noise,1,114.34074615629183,0.46421343088150024,0.1579338014125824,1.8168469667434692
507960406990835,40.602484593203,70.9323931635,40.91142903373257,17.18475126976202,UZ,noise,1,4453.118916590552,0.38839849829673767,0.30597642064094543,3.2637128829956055
1068908920302393,28.118257713069,84.092550077463,24.731437471461124,121.80938787116868,NP,noise,1,3759.7834671607648,0.6880640387535095,0.5956318378448486,1.566056489944458
2455881761214087,9.3112240684333,7.2316171757752,-12.493820336281567,27.92358004105206,NG,noise,1,3332.295025648747,0.9369809031486511,0.8991996049880981,0.34139007329940796
308361434006892,4.4588854980948,-75.339098450144,-23.221476446951613,-45.878568003086755,CO,noise,1,4437.497541875736,0.13856615126132965,0.004583820700645447,4.1889824867248535
155484156583350,-42.588544997261,171.13273084297,-43.36740461338077,172.56847074358296,NZ,noise,1,145.4017884635278,0.812820315361023,0.7506772875785828,0.8655446767807007
792143884742189,53.499641726189,-10.025130557347,53.73550991080878,-6.490329690986473,IE,noise,1,234.5930447493284,0.1677360087633133,0.05992451310157776,4.130685329437256
538480140482205,46.417273237497,15.981580762317,49.620558120940935,18.02714538704971,SI,noise,1,387.2830337808042,0.3753848373889923,0.26331931352615356,3.2027204036712646
968891463855525,40.418204733364,44.58904057928,37.940843038419096,58.38278827825577,AM,noise,1,1219.056752715393,0.19612008333206177,0.12484921514987946,4.556850433349609
2562980810671463,39.539716862316,22.649912734594,46.00741127132362,13.274748017363551,GR,noise,1,1048.7844643999542,0.0724387839436531,0.010605286806821823,4.882801055908203
840569223558585,53.471437474357,30.369358954069,56.96104163847864,24.315894204468854,BY,noise,1,545.5254937893156,0.1564250886440277,0.017931833863258362,3.6503286361694336
212713197082595,42.7199422641,21.124316375918,53.650551145963625,23.83200456738584,XK,noise,1,1231.655659580616,0.587515652179718,0.5168577432632446,2.332496166229248
300368228286972,2.6515753388508,99.632830332947,11.585005965789927,76.37131958093404,ID,noise,1,2749.342884091793,0.4758230447769165,0.36884599924087524,2.5127933025360107
803382520382829,-28.928078796683,27.877133995547,-29.396288366307424,27.62095446819711,LS,noise,1,57.69983457077754,0.8916345238685608,0.8211378455162048,0.49194198846817017
1251699818583166,9.3253458360703,36.511457430463,44.397343610200664,142.33711805645507,ET,noise,1,10510.802407583897,0.5353095531463623,0.42480751872062683,2.1693572998046875
134346362021204,-20.169316372954,57.574783850557,58.01535564670412,-3.806691664792638,MU,noise,1,10353.66291919104,0.40071654319763184,0.2979089915752411,3.3095510005950928
2659684644176450,15.207410023546576,-14.26851329497232,8.829239972271186,1.0265578422815949,SN,noise,1,1807.2382727868205,0.9722930192947388,0.9556882977485657,0.16711260378360748
338266731040151,-27.714887442632,27.237097549584,-28.062615031906322,27.311355546199454,ZA,noise,1,39.348270513136626,0.2293158769607544,0.12544898688793182,4.060297012329102
290719459343271,25.048779030648,-77.341776655437,39.20857969468327,16.72651841144235,BS,noise,1,8608.453991420927,0.6773681044578552,0.6472901701927185,2.301786422729492
592656634965955,46.682736593205,21.206630159237,57.02101499930883,30.04535197484053,HU,noise,1,1297.584405587106,0.13611125946044922,0.08263254165649414,4.840848922729492
327481305476197,3.6341919176295,72.959377283817,25.759269827343157,-80.21956378197417,MV,noise,1,15652.52391642926,0.6293578147888184,0.5187104344367981,1.5554695129394531
511298200008833,41.001835659413,71.969851087691,40.75109497623742,-111.8059152495397,UZ,noise,1,10916.587615136526,0.2130330353975296,0.06003384292125702,3.906890869140625
1048097032779725,43.42241145892943,4.995993425198574,40.2561067458674,-3.6955488158217817,FR,noise,1,800.9407630146042,0.2061905711889267,0.02679915726184845,2.537458658218384
275678077530743,-17.141803188939,177.19494791591,10.2758712182503,-85.87032229432205,FJ,noise,1,11070.707891383652,0.38443654775619507,0.16598284244537354,2.4464733600616455
292380389132080,14.868771348072,-61.121170377502,38.029654785695605,-0.8245783136347642,MQ,noise,1,6408.594404321213,0.2336377650499344,0.10999594628810883,3.565826892852783
195963679022241,41.444760586953,46.861020646343,49.58249924378207,18.08115361464823,AZ,noise,1,2399.710498522067,0.1205551028251648,0.0007625892758369446,4.321744441986084
967102544034985,16.986811638045,120.77076999861,19.922337931464035,-98.51123675121546,PH,noise,1,14078.815638213124,0.4156361520290375,0.30978506803512573,3.1439967155456543
132001678913743,-38.053559635768,-63.429009930635,39.29261688535323,-5.867429265052338,AR,noise,1,10412.172144220085,0.1645340472459793,0.034687340259552,4.6035051345825195
4323012444383952,-25.366368202834,-57.609654895019,-25.511954608663288,-54.65584788870709,PY,noise,1,297.03789270153254,0.9251217246055603,0.8915358781814575,0.37735939025878906
1156261378535995,32.32323776884,-64.709264213971,-20.92049427998448,55.56312192750067,BM,noise,1,14018.859299982136,0.531464695930481,0.4144274592399597,2.0776114463806152
1022165461521852,10.726476338495,-14.376868641028,16.499389725640793,79.80668673790666,GN,noise,1,10108.633498701269,0.5824780464172363,0.522289514541626,2.5641791820526123
193167485884135,44.181071716568,19.719133913291,46.41771618933488,22.70947082805119,RS,noise,1,341.35429821564566,0.07469101250171661,0.015038926154375076,4.841093063354492
2679866852305147,50.425563977087,60.525062163106,54.02797477883333,61.41416957189437,RU,noise,1,405.1125255574773,0.5056893825531006,0.17002826929092407,1.7026357650756836
924145305018051,45.915356124611,13.677818254528,46.75453781019482,11.721266587439395,SI,noise,1,176.82723766544086,0.17970319092273712,0.05910874903202057,3.8089656829833984
3991894140857885,6.396085635246,-10.578195078991,6.424325914253638,-10.604591848274223,LR,noise,1,4.28586477404201,0.9688320159912109,0.9464498162269592,0.16555926203727722
3753076561487105,2.0937663139626,45.333850241529,-5.130049337711096,-35.48030096614523,SO,noise,1,9012.010563799777,0.09400493651628494,0.01437433809041977,4.588356971740723
4014259028668392,-23.777002866313,29.535916133115,39.87632743577627,64.43870433608099,ZA,noise,1,7949.287163202168,0.2832619547843933,0.1035829484462738,3.802313804626465
1164259444051011,-33.004571460529,-56.45950492044,-21.249804471563607,-49.5220514411426,UY,noise,1,1475.3660978213215,0.35115551948547363,0.15240664780139923,3.0541090965270996
427797935584192,-3.381688479243244,-44.524339863567576,-2.7818947456548235,-45.10845327951051,BR,noise,1,93.02914241717038,0.9723754525184631,0.957878828048706,0.19345682859420776
348228456711934,0.368039651477356,6.712420799552506,5.987507722736877,1.0732470384270265,ST,noise,1,884.3684643639064,0.35493576526641846,0.21643130481243134,2.774935245513916
4037485459669920,4.8556815609205,31.589953699137,-3.3604657383797596,29.26674502729691,SS,noise,1,949.3481391368683,0.15482279658317566,0.0071752071380615234,4.300371170043945
157040263028996,18.045966582305,-63.112275507715,40.66654070683114,-8.671308485744175,MF,noise,1,5736.592519607241,0.4523603320121765,0.2900199890136719,2.488959789276123
1124425647962016,-8.100649444444445,156.82296055555554,-2.107329124896668,-50.03253922239726,SB,noise,1,16828.063951579305,0.4569031894207001,0.24859440326690674,2.4894142150878906
190098606266094,55.069795005888,22.812891905378,56.51453675356324,26.963271970287625,LT,noise,1,305.08600597166867,0.9883419871330261,0.9861475229263306,0.1151077151298523
3863626387049111,15.379540488714,-61.26786022339,18.633227364211084,-74.11794129962523,DM,noise,1,1413.004069248694,0.9930478930473328,0.9876682758331299,0.053743865340948105
807900806500123,19.60787766549,37.220870972767,14.821422829330224,-16.478507271519145,SD,noise,1,5706.4451463896385,0.5948143005371094,0.46276092529296875,2.1943869590759277
135555819075899,46.30515446867184,15.555693802754446,46.66706387994974,15.69579415276251,SI,noise,1,41.647430608097245,0.10016791522502899,0.055655550211668015,5.247894763946533
152233856857550,11.552312562133,43.119735981314,21.911716973931366,-97.95577372685118,DJ,noise,1,14369.587013816003,0.3888516128063202,0.33074870705604553,3.661102056503296
319392699542913,1.3294518861992,34.311410798855,1.9915769859064225,31.9536694776541,UG,noise,1,272.20334924846867,0.7792503237724304,0.6544057130813599,1.0197608470916748
991289955033112,34.234741855173,35.65948675276,39.79647972573585,20.089256966340727,LB,noise,1,1511.6881292093774,0.41007736325263977,0.2836405634880066,3.0064144134521484
328520695545965,63.434626046589,-19.024249484436,64.41485824570672,-20.762722842052696,IS,noise,1,138.19292570683285,0.27177825570106506,0.09014709293842316,2.800642728805542
464789361418887,3.807393,113.74682650005,5.260145597796589,115.50275339662853,MY,noise,1,252.93693411426722,0.7684679627418518,0.7239994406700134,1.415762186050415
1310937239362809,-16.05923501421255,28.45034874273332,-13.599731608643102,26.537697938341083,ZM,noise,1,342.13170631786244,0.7066915035247803,0.5761516094207764,1.1433500051498413
1177148709364507,3.9517282399816,-59.127383286379,-3.927190468473674,-38.669157580109875,GY,noise,1,2436.0450557018194,0.9573330879211426,0.9451897144317627,0.289152592420578
141607461308537,-22.361528273609,-59.837892878355,-30.40203158515863,-55.07186112254802,PY,noise,1,1011.9691288651221,0.10638295114040375,0.0011709928512573242,5.101418495178223
463077528107904,-4.7878008330033,11.864756923075,6.107372803532549,1.1121317768317136,CG,noise,1,1700.808019243357,0.3151898980140686,0.1266515851020813,2.9135093688964844
173215948022940,8.5714365537216,-9.8691302343456,7.928617751405799,-11.15256837941228,LR,noise,1,158.29149633915728,0.9266546368598938,0.915063202381134,0.5228245854377747
3926033430843905,32.171256244263,35.467920604541,32.09168016380977,35.2992885379121,PS,noise,1,18.17788710010506,0.8985278010368347,0.8326824903488159,0.5367709398269653
916665025779516,24.524150796485,67.540287646591,38.12936588686814,61.78766079884682,PK,noise,1,1607.5393090655057,0.1251058131456375,0.028103500604629517,4.718362331390381
842532369808274,41.215589499727,-7.4506176074975,16.410814295872402,-95.55772519181689,PT,noise,1,8659.681306521305,0.18634910881519318,0.05284230411052704,4.0308837890625
909312326294088,28.050014468342,-14.340539294975,26.949481280372314,34.99814288575861,ES,noise,1,4833.7914802591495,0.6677899956703186,0.5727858543395996,1.6109083890914917
1207676993015897,10.787243979814,-68.323068119416,12.324729125888313,76.70222691980943,VE,noise,1,15376.212285703281,0.07630904018878937,0.012247167527675629,4.72507381439209
317484316498860,51.531648181729,128.20909035955,56.2582567796421,44.04769510143992,RU,noise,1,5189.34239232378,0.14443014562129974,0.02985209971666336,3.4442758560180664
947661819318356,17.121694235905,-24.994762874038,16.240659578461564,-24.592935594110333,CV,noise,1,106.90798054599185,0.8495756387710571,0.7664486169815063,0.7154104113578796
3947329925333716,12.679493966294,-6.7269231036328,12.611506384698986,-6.552988159741377,ML,noise,1,20.329453558465016,0.15346531569957733,0.005937144160270691,3.4082815647125244
142131454599179,24.557496611483,35.148695104321,54.61686152783633,8.390511131609403,EG,noise,1,4002.02117818121,0.08190041780471802,0.014433756470680237,5.009097576141357
165567675960284,19.612087898208788,-70.1751715983372,43.425809081338976,25.2743148465003,DO,noise,1,8946.588140852835,0.3273782432079315,0.04146873950958252,2.8707518577575684
1366666657062368,47.544360211205,12.177256693404,50.61193984388762,10.979332285957986,AT,noise,1,352.0687209110001,0.41104617714881897,0.3238373398780823,3.090812921524048
829244944391118,39.11803685393,-7.7196219014644,55.55815836285945,8.47322869909483,PT,noise,1,2186.0414089556684,0.1515093594789505,0.05049840360879898,4.276810169219971
298013541938371,41.541448730912,-8.7560397976019,39.31010718279462,16.55315332623561,PT,noise,1,2148.8814827242163,0.9850354194641113,0.9823506474494934,0.13774292171001434
930318810923353,12.290897526921208,-69.09122276531554,43.55887174468891,-5.226853473994963,CW,noise,1,6972.352419766012,0.7209818363189697,0.5963634252548218,1.4212840795516968
503246924141783,15.602839427825,32.487242561959,30.11280966070279,31.407657526941897,SD,noise,1,1617.1915156573657,0.5270439982414246,0.2883564233779907,1.6269702911376953
449325599700589,50.12174331487,4.4948783441326,50.60287215396045,11.047450069976573,BE,noise,1,467.71661832425156,0.10573222488164902,0.04794275388121605,4.85734224319458
467405711031097,17.992572255683,-66.263814308226,-2.822334360966304,-45.30689291924776,PR,noise,1,3260.290322356829,0.12450319528579712,0.01972995698451996,4.6374125480651855
288246882935326,40.557590089793,75.163197454637,19.928603696514234,-98.58723134611536,KG,noise,1,13258.295991845447,0.5408556461334229,0.443700909614563,2.896034002304077
505540450790369,22.70995468898,92.098773627243,24.22700419663828,91.6660542046319,BD,noise,1,174.3660474081888,0.4127766191959381,0.2590721845626831,2.267894744873047
591386078920254,62.107759453888,-6.6834959276139,60.28282435753896,-1.2475768383310124,FO,noise,1,354.78208508752505,0.8310861587524414,0.7348628044128418,0.6383923888206482
370606561029319,10.210502973191,-0.07341133185964,10.1527272675253,-0.30511760999424886,TG,noise,1,26.15994545103535,0.9376974701881409,0.9260495901107788,0.4653538167476654
439450394288287,50.054284237917,38.880788589348505,56.57287665051935,60.20532151087365,UA,noise,1,1582.2339065778128,0.11171332746744156,0.012747220695018768,3.720822811126709
310375324029868,-37.347698548595,-71.82270654997,44.90219340143944,15.153446356028635,CL,noise,1,12619.102500830566,0.42817676067352295,0.26086947321891785,2.752898931503296
981591149045969,18.008278271819,-76.772753375805,18.532467391597432,-66.35903366127143,JM,noise,1,1100.9674647165816,0.5544723868370056,0.3264983594417572,1.9548903703689575
538662890462002,22.639099459104,-80.443942528532,-3.243331382464822,-45.81143478501397,CU,noise,1,4733.861360994373,0.8764976859092712,0.8014868497848511,0.6333021521568298
481222069768896,22.306404025662,114.25196352132,22.26449329121181,114.1905192943626,HK,noise,1,7.853989836952214,0.9782042503356934,0.9590049982070923,0.11513525247573853
853822608822418,-13.764240001823,34.415945000478,-13.039001968545115,28.459844435055476,MW,noise,1,649.260645799461,0.22570838034152985,0.005851715803146362,3.4826862812042236
2945544342367414,18.448984494982,-64.550096065019,13.891151616967004,-89.10505051716451,VG,noise,1,2668.4866457387316,0.2684156894683838,0.08772739768028259,3.506180763244629
733805970633940,26.209879663614,44.103482474166,30.001761574355477,31.707081693612256,SA,noise,1,1286.0164443407245,0.3483329713344574,0.09105980396270752,2.4430689811706543
2579377392357434,34.360744713034,0.072177953700416,55.52221699148481,8.428062959394968,DZ,noise,1,2439.0972388811692,0.14191265404224396,0.059029094874858856,4.685056209564209
321976292610460,2.6050561253904,-76.72716581048,5.797633153854152,-73.52590421206641,CO,noise,1,502.01677411219737,0.2870446443557739,0.04719226062297821,2.9806485176086426
246778030560130,22.378053670525,103.87749530607,4.448247804029214,-75.64407453379404,VN,noise,1,17031.684469922428,0.49564164876937866,0.44652116298675537,3.298022747039795
132463405538393,51.895041095248,4.7359317785887,53.26075245880562,6.6565526512498465,NL,noise,1,199.7451536336976,0.29625609517097473,0.0588904470205307,2.7036070823669434
159985626091830,42.085182325218,23.055097885585,39.872063823130866,20.013735993831357,BG,noise,1,354.55749502160853,0.5598998069763184,0.5014868974685669,2.2318029403686523
740422473321001,35.328722082019,33.504620154232,35.590383118787294,34.37031890184062,CY,noise,1,83.63118064106354,0.40757209062576294,0.3341144919395447,3.0232326984405518
6049840251722845,8.4468470660858,-83.484163463651,9.658202780314108,-85.170328049516,CR,noise,1,228.96525911796144,0.640004575252533,0.4483485817909241,1.3635693788528442
138432154861804,35.516834375223,24.116877817233,49.05356191365737,17.416463224769117,GR,noise,1,1601.372294437438,0.3736622631549835,0.28249338269233704,3.7074859142303467
171677658627663,18.637934456903466,98.81616605062511,21.466790732435435,-98.09322969836802,TH,noise,1,15190.79147542987,0.5509953498840332,0.4765443205833435,2.8780064582824707
473447400410020,45.472666923779,13.751881662375,12.237775220389008,102.30619981397889,SI,noise,1,8929.49045576626,0.66652512550354,0.5413424968719482,1.5733654499053955
208370247526297,56.307504479799,9.1351912802156,56.52339946025313,15.722130029118432,DK,noise,1,405.7124445776112,0.43241873383522034,0.11952748894691467,2.4780476093292236
1163829564042676,17.629236812387,-63.23181172096,19.627190221248075,-96.45780966429325,BQ,noise,1,3502.662737844151,0.31538504362106323,0.0797274112701416,3.341461658477783
1180300995725561,32.355451166141,15.079114167989,-8.883228583885272,13.234212902737648,LY,noise,1,4589.711694570218,0.41019245982170105,0.09352728724479675,2.227450370788574
1162905660800863,17.15804609038,-62.622664100026,13.036667064117742,-59.58919694027518,KN,noise,1,562.1537823495579,0.9394885897636414,0.9131931662559509,0.35975155234336853
780194756204466,31.983423754021,34.895586904175,32.9734384411845,35.27576345106442,IL,noise,1,115.71653285170434,0.18351499736309052,0.0015378445386886597,3.204119920730591
789897778580281,54.185632103826,28.47319812173,53.68610016615658,23.674980842284608,BY,noise,1,318.89648904832563,0.3008638918399811,0.21593114733695984,3.1657040119171143
769108033797400,-13.06839043317,-76.274611371143,59.988218064887334,-1.2568312390662235,PE,noise,1,10452.859048842594,0.33328744769096375,0.1525423377752304,3.11460542678833
5011086665646025,13.613395452952757,-16.429313461515747,14.790385475107248,-16.72015412666071,GM,noise,1,134.57797405630845,0.9503583908081055,0.924349308013916,0.2952725887298584
3772032009586752,-4.0767885530923,29.088814837055,-0.08017241139074281,30.276337789210537,BI,noise,1,463.57380882822525,0.1352435052394867,0.028600379824638367,4.137642860412598
971793776898906,-34.758013649475,-55.95646902546,60.906720330202496,35.84352425943051,UY,noise,1,13422.598843558842,0.9080028533935547,0.8742977976799011,0.5319175720214844
745163459490620,31.824187546378,35.267560408259,41.4372707370065,140.73068474403692,PS,noise,1,8860.010681338563,0.318565309047699,0.25824806094169617,3.9092419147491455
531383694528931,37.605095136322,48.695122536588,35.80937308068672,51.58680217441971,IR,noise,1,326.03760012936965,0.1289738267660141,0.01365402340888977,4.154402256011963
355157592673467,1.0703328887576,103.96283377749,3.1015623250732762,101.5375467083824,SG,noise,1,351.62041819846377,0.7017656564712524,0.6408599615097046,1.8557376861572266
303575617923017,-9.4382405064784,147.20811425115,38.95107394781331,1.406387057029801,PG,noise,1,15292.367564438113,0.1922440379858017,0.05216874182224274,3.737248420715332
1038259080102537,-26.782850103384,31.938656241877,-14.09043537686314,-42.77809918718661,SZ,noise,1,7811.31533556306,0.19585298001766205,0.09206850826740265,3.7005062103271484
459158871851075,10.792404464252,-12.298637806325,-13.951622875167638,-50.23336972552921,GN,noise,1,5006.909235400323,0.2314985990524292,0.16641825437545776,3.8271710872650146
288005262963881,-21.597843332119,23.667795003616,42.398292842559776,-109.90249940963449,BW,noise,1,15141.887918630546,0.22882117331027985,0.12120354920625687,4.4020867347717285
311438013831843,16.840623273889,121.74439328693,48.961855310188525,2.8358235180443594,PH,noise,1,10551.38429252079,0.3515501618385315,0.17021553218364716,2.8969595432281494
457187265449390,18.32580535956599,-64.95398969507924,-41.253216252487405,174.80952141764513,VI,noise,1,13846.116734661451,0.7589027285575867,0.6988556981086731,1.4881186485290527
327825698973041,39.559288635696525,72.9109157130074,-17.02498389084457,-67.36302148838041,KG,noise,1,15443.798330500676,0.23940667510032654,0.0579552948474884,3.722360372543335
1376712112713014,5.1198336159589,-52.65735432583,49.60724278077209,18.04902501522593,GF,noise,1,8191.359495481696,0.37017202377319336,0.0749877393245697,2.78698468208313
524817781855332,-14.010419075563,-171.76031777505,-12.556273840002458,-172.00421698368183,WS,noise,1,163.83360943567047,0.4521580636501312,0.33372947573661804,2.667198896408081
858561451393926,36.701828275673,67.096598041303,30.37096649157952,-9.502169102820996,AF,noise,1,6944.342302593812,0.1979890763759613,0.06275343894958496,3.0569498538970947
177928610855949,6.391780060521,2.6237783121974,5.22975927129147,-3.6360458498883985,BJ,noise,1,704.4202163305976,0.5164610743522644,0.2039775252342224,1.7007848024368286
747501719832988,-9.89210909998267,38.8967731000014,1.8221421864563194,31.90496330379475,TZ,noise,1,1515.2510949412456,0.6203534603118896,0.41816073656082153,1.7110002040863037
488569252193683,12.539996192436,-81.714972968868,14.923489184437894,120.86857220708951,CO,noise,1,16077.153939600339,0.16330255568027496,0.05750510096549988,4.292863845825195
762294004482937,20.222569995853,-76.036013281341,60.99677970348196,36.52049433457701,CU,noise,1,9191.133184695738,0.34742090106010437,0.10717923939228058,2.883553981781006
526448611961086,7.924136171510359,-11.169831512240096,9.061951304655125,-12.05287295827188,SL,noise,1,159.4920629752973,0.11418801546096802,0.02337121218442917,3.70865535736084
1359226914447321,10.466207945458,-85.77513112055,13.847688160195618,-89.62322975829986,CR,noise,1,562.3941295420633,0.45186305046081543,0.251968652009964,1.9654126167297363
478165190183611,12.430745089839997,-15.317974157219002,12.344875446197696,-14.17552268719705,GW,noise,1,124.44391571750134,0.3235679864883423,0.034370362758636475,2.5950775146484375
336533984561274,18.419385888373,-72.877030607553,18.639416753141877,-72.39540870178917,HT,noise,1,56.364627451308365,0.7955708503723145,0.6658651828765869,0.9567462801933289
292195892390772,-13.068772639841,-76.278890129748,-17.776692568945144,-66.54670538762576,PE,noise,1,1166.781114726165,0.1206180602312088,0.04973091185092926,4.679082870483398
786215532287048,19.827903639239,94.949804250429,16.46919490919026,73.61966476280473,MM,noise,1,2282.8610637394963,0.38466429710388184,0.29818829894065857,3.7020699977874756
4028024750648073,-1.455427434928822,29.883620710338125,-1.3667334423005517,29.74952264363254,RW,noise,1,17.873700748747353,0.5659628510475159,0.35997626185417175,1.5060548782348633
481816143100801,26.018200502837,50.622605427635,26.036692400373642,34.48102879613073,BH,noise,1,1611.801571822625,0.6025210022926331,0.4613962173461914,1.3972761631011963
304881227850189,22.470625099054,114.10853488259,19.564783561435988,-96.88749074730718,HK,noise,1,14255.077737496209,0.14589594304561615,0.02514023333787918,4.059169292449951
126797393065714,49.84047838484732,15.803297909812008,39.225449823673685,16.814887205993013,CZ,noise,1,1183.027289497643,0.6691339015960693,0.622345507144928,1.9880385398864746
1211101869349798,-10.507365795363,105.65356096619,57.37294071661247,9.603186072766713,CX,noise,1,11351.980329661863,0.2857368588447571,0.10761488974094391,2.5930850505828857
1357493864625552,2.1640539673148,30.64994870704,0.5157784192430857,32.49489608961634,UG,noise,1,275.0483939028571,0.23902703821659088,0.035090088844299316,2.580718994140625
934011534098551,12.028286166295,-61.732840110417,14.063127277316388,-60.97542607260073,GD,noise,1,240.6787631291639,0.5905677676200867,0.42097485065460205,1.3620493412017822
500159881489089,7.342259838854188,134.46879110851162,29.171411551725477,-81.03268689970561,PW,noise,1,14454.818845669082,0.12393154203891754,0.03937435895204544,4.535151481628418
2829740963958043,-2.733735821930212,29.43081567684662,-2.038498770784674,29.728515972144645,BI,noise,1,84.08463834435587,0.41890037059783936,0.0827631950378418,1.56605863571167
300848138109718,4.2523717777778,-55.444873805556,9.046343840727138,-12.062525968655349,SR,noise,1,4817.931743383428,0.20182985067367554,0.02707068622112274,3.153956413269043
2960966407518451,59.940574907434,18.785342625587,59.002072971273584,16.633797479484883,SE,noise,1,160.1707806048478,0.34104248881340027,0.2785583734512329,3.1105871200561523
220493529416834,14.451610237561,99.415018949546,17.912846529119797,105.29344006759635,TH,noise,1,736.222303423878,0.19847363233566284,0.004211559891700745,3.46926212310791
516560806259751,-18.175596732511,178.20009731967,55.24769470554834,38.029262687750276,FJ,noise,1,14704.146489648387,0.379640132188797,0.06688517332077026,2.6635804176330566
294110862335495,53.181595920049,5.7480942483866,58.95771304671301,-3.250312410693791,NL,noise,1,849.7001032482468,0.1825803518295288,0.1125945895910263,4.194421768188477
244296907493001,65.57013399313,-19.349029020965,63.75396617341945,-19.44213945150428,IS,noise,1,201.99718969823218,0.49553731083869934,0.04697713255882263,1.0303847789764404
233889245170464,4.8560503387361,31.612436706474,12.29791920867128,76.59494334794759,SS,noise,1,5007.959347782796,0.8577741980552673,0.8116759657859802,0.8140881061553955
1927622730739430,40.369069324101,18.219159988562,54.99285342690144,61.140878812269634,IT,noise,1,3527.5373632500628,0.10717811435461044,0.029884986579418182,4.806864261627197
471926114136200,4.5631962676901,114.07349517648,37.10158191483945,49.966472902408704,BN,noise,1,7419.2436216609385,0.10160663723945618,0.034821487963199615,4.809940338134766
1192683651176123,9.0895860909637,-79.618866004971,15.671980569874238,73.8914737127493,PA,noise,1,16003.717714325025,0.8828186988830566,0.8203186988830566,0.6698253750801086
1413530045696031,-15.969463833371,168.26130683879,-4.185601534428851,-73.13171494621645,VU,noise,1,12903.160244205872,0.20449469983577728,0.03166574239730835,3.6097867488861084
299499428465574,22.36370144725,113.94841256522,25.073950020204393,121.56762269031553,HK,noise,1,831.9487899145465,0.6082848310470581,0.3980568051338196,1.7978243827819824
189606749553432,56.525393057968,10.08101978509,54.77805359345102,9.02239260241452,DK,noise,1,205.32711713579744,0.24179518222808838,0.11168929934501648,3.6819472312927246
1108722216274003,1.3887705484241,173.14385660736,-7.183768256070767,-34.8629046232169,KI,noise,1,16844.93680140524,0.21940650045871735,0.1349494755268097,4.250816345214844
240591061153313,9.7075559946148,100.00619099387,18.747663619421655,99.00849215738972,TH,noise,1,1010.9355960406905,0.2613232731819153,0.1756775975227356,3.1655924320220947
794974811139135,32.804114385981,13.043328230439,56.98283730757108,24.293041636917003,LY,noise,1,2822.312870905498,0.37008896470069885,0.31363314390182495,3.72798752784729
1107588656407422,-46.062736055573,169.00760704864,-35.9323922879143,174.40894629380279,NZ,noise,1,1213.4799638155991,0.20859327912330627,0.05795951187610626,3.7521016597747803
1279096795825768,54.406755367854,-8.4796165911836,22.78121415630016,121.14424816609177,IE,noise,1,10181.867536396394,0.21452634036540985,0.0650339424610138,3.255185127258301
193108499326081,-6.7004249966118,39.206861112601,-26.687558059180816,27.845498631895737,TZ,noise,1,2526.7204806337095,0.45977500081062317,0.18058139085769653,1.8788502216339111
291897862594169,27.521924666676,89.820270487386,-7.316264473895532,109.65456020908022,BT,noise,1,4422.526024354924,0.32938075065612793,0.13500365614891052,3.409261703491211
123070833137806,5.8145917994639,-55.143095980408,5.84090570044627,-55.228635277182775,SR,noise,1,9.904437809133347,0.5805246829986572,0.25140616297721863,1.0235414505004883
5396405327097940,69.21259125489,-51.103395948712,68.98068804592714,18.455530567797556,GL,noise,1,2611.6035588684385,0.5967288017272949,0.3629592955112457,1.4546548128128052
957601181668431,-51.706042723598,-57.906993308318,60.20551248076504,-1.2497844202598944,FK,noise,1,13430.90304848076,0.5145702958106995,0.43244898319244385,2.898005485534668
604130717650197,-1.9959688798483,30.050157126173,-2.0164969643055315,29.87118593616418,RW,noise,1,20.01905010614784,0.4093799293041229,0.060164839029312134,1.564190149307251
1941512039367524,30.98571832847058,-7.229221956634584,45.7288296146822,73.76584164061865,MA,noise,1,6945.689886596492,0.15673263370990753,0.053751759231090546,3.770418643951416
196243366278308,13.167682777777776,-59.53696416666668,13.297309612827341,-59.643069560805365,BB,noise,1,18.43005717261735,0.8770126104354858,0.8436254262924194,0.8647149205207825
215411967015224,-16.468819194731,-71.941378039278,31.589218175846494,35.12605303458032,PE,noise,1,12547.881909698952,0.8184330463409424,0.7650740146636963,1.1049715280532837
1450360272005106,15.921467840879,-16.279407687736,-8.851482985347827,-36.50324420146612,SN,noise,1,3542.0021466067324,0.5801750421524048,0.5204430818557739,2.6039135456085205
756714068376834,4.8155110248734,114.77642618053,12.751036055894968,76.34325950418997,BN,noise,1,4309.183877096447,0.12978488206863403,0.02471194416284561,3.911933183670044
2918063678449936,8.0011665869234,38.705149393002,8.13712758009692,38.59524991496867,ET,noise,1,19.363665917740434,0.6940143704414368,0.5344866514205933,1.5234973430633545
1001295333882125,40.63113853803493,-6.0362211199295865,42.60848167485981,-3.009570540861456,ES,noise,1,334.08732434576854,0.14204251766204834,0.03867984563112259,4.210426330566406
808035410091724,16.206487661547,77.345926501434,25.129072687841592,121.65671438275056,IN,noise,1,4694.229647860948,0.2021290510892868,0.03700156509876251,3.8975632190704346
268897404930235,57.163975404144,-3.6875044027183,56.6080795702564,-3.556940490393264,GB,noise,1,62.319525900058636,0.20741719007492065,0.13928180932998657,4.1111741065979
1125401674596218,39.823992064377,42.428897726042,39.91453756271731,41.30548022929777,TR,noise,1,96.40249336099463,0.8805685043334961,0.7819393277168274,0.5012255311012268
526674661844363,36.219109563696,44.414746657631,-30.122133709074582,28.440521577179442,IQ,noise,1,7563.067526511276,0.9628559350967407,0.9434484839439392,0.2523600161075592
964858007616084,4.2630124849459,73.563178328896,9.625600376393603,76.3914998914759,MV,noise,1,673.0167189065164,0.12029776722192764,0.03534005582332611,4.312737464904785
5490667957675480,5.2624334865771205,163.0047322024813,9.734768240803486,76.42248483145657,FM,noise,1,9535.543554230635,0.18351857364177704,0.010851621627807617,3.7598941326141357
573195574072375,-15.671003834964,-48.191441316741,-15.834086817078678,-47.92096228414602,BR,noise,1,34.15745615226891,0.42859578132629395,0.2633693814277649,2.736924648284912
892381884955306,58.981961021242,24.221882703215,55.55491176912135,8.336628774058044,EE,noise,1,1025.1878735383455,0.12680098414421082,0.02249833196401596,4.156328201293945
5416581451690167,8.876751843202419,-64.23554389395768,-7.248438950943252,-35.410133418931046,VE,noise,1,3663.0881362327164,0.6263360381126404,0.4882454574108124,1.7332171201705933
482078066336394,-18.636202891772,-174.01936863548,-12.359868215548664,26.364546353670956,TO,noise,1,15907.289671630615,0.45462870597839355,0.3009665012359619,2.1759138107299805
329210971927794,5.843070862629,-55.089876855582,55.527714619895,60.535609395108224,SR,noise,1,11028.668094889454,0.3229074478149414,0.2615066170692444,4.1988115310668945
251937010050891,47.507459505795,21.685088460781,44.64032047798175,21.459476108093146,HU,noise,1,319.28556237932895,0.17831893265247345,0.0545094832777977,4.180091857910156
469124120816531,33.256755487161,126.61974805537,18.870469366113117,-96.91102427656845,KR,noise,1,12603.708557299447,0.1993609070777893,0.04967735707759857,2.945131778717041
6544008378958782,42.576053933645,12.422579613177,45.89326684877844,-0.9649462989749152,IT,noise,1,1126.9029233370895,0.09853949397802353,0.006385602056980133,4.630649566650391
468826351040628,-32.904700967934,-52.731761718702,49.15207790907332,-96.3730787262231,UY,noise,1,10093.848956542162,0.15421241521835327,0.025531351566314697,3.9207816123962402
458089889154332,49.9716081757907,38.98921274981689,50.040109378889156,39.10348274493741,UA,noise,1,11.16731174582649,0.34417760372161865,0.15883642435073853,2.993379592895508
913455289198852,10.638477230341,-61.313394324688,-7.131618730299767,-34.90762383324739,TT,noise,1,3528.135797518978,0.2764761447906494,0.07142055034637451,3.616861343383789
391651555234292,4.7891910927864,103.42511490766,47.201495663774104,39.9691123005115,MY,noise,1,7635.174904191418,0.11040673404932022,0.061034590005874634,5.23541259765625
169873605037737,10.045722702666,-83.299560625022,11.995149127413452,-84.81503359473902,CR,noise,1,272.6601905791068,0.3238316774368286,0.20196379721164703,3.1491589546203613
1032233080991900,39.140834029054616,20.961949886464165,40.728725241211514,22.980963942363132,GR,noise,1,246.5803419680915,0.6688038110733032,0.5765269994735718,1.690269112586975
375451844456388,-26.804552190115,31.961012436385,-16.687002725580793,-48.25381540969429,SZ,noise,1,8234.029838883274,0.47281205654144287,0.4032747149467468,2.8305797576904297
855805948342180,44.525909974035,15.903249699487,44.891876814478856,15.425100603412483,BA,noise,1,55.53123038196586,0.28100985288619995,0.1394340693950653,3.5955252647399902
139526285635637,13.217826050214152,2.929162678521952,34.04989999103838,-113.95790928143828,NE,noise,1,11530.302935039535,0.49013984203338623,0.39881476759910583,3.289090156555176
5442759149130487,67.890019179633,20.308537274689,67.55718016561595,21.100333700539142,SE,noise,1,49.83542493281099,0.3233375549316406,0.11100389063358307,3.1838111877441406
3921179927973144,54.246330015747,-4.5628069974706,54.2920625337182,-4.139904189589001,IM,noise,1,27.928166939737444,0.5683315992355347,0.483191579580307,2.036430835723877
469492320924211,38.276346407666,57.98363402764,57.16907433505067,21.638797569333327,TM,noise,1,3370.0409000695095,0.10321696847677231,0.023687824606895447,4.5444231033325195
310307137129739,48.189212227502,-106.60069617067,41.77826526642633,-5.309794944210988,US,noise,1,7390.975948997131,0.4595126211643219,0.4293639063835144,3.615203857421875
383397352939199,39.95006776682,140.12870703204,39.211432311645865,140.30697437974302,JP,noise,1,83.54129388206889,0.14046445488929749,0.05887254327535629,3.9797017574310303
1688335251353973,-14.865382426326,35.3053829175,-13.35220975098071,24.86122396247423,MW,noise,1,1138.6733149244312,0.464944064617157,0.33164793252944946,3.0983357429504395
368819684557497,9.8821178559993,-84.703514000306,-26.76099669015108,-49.175652767986236,CR,noise,1,5594.429476385037,0.6713891625404358,0.6146472096443176,1.9548232555389404
3142165536067308,8.892556698116664,-64.244099923535,-8.07587398652576,-35.289406398747865,VE,noise,1,3721.451825067536,0.5367608666419983,0.4259280562400818,2.1581854820251465
916461445802958,18.351592546824,-73.166686920189,18.557821018640315,-74.07862957419378,HT,noise,1,98.88416945803993,0.7924371957778931,0.683412492275238,0.999870777130127
1438450646526614,11.602056871897,43.143067800469,30.061067939073073,31.366053354822036,DJ,noise,1,2385.7156744139616,0.1343020796775818,0.007797673344612122,4.3145012855529785
171644361525352,3.2965683888889,-59.645080555556,17.717416784799436,-97.443925471861,GY,noise,1,4418.987361251786,0.22108018398284912,0.022579848766326904,4.256571292877197
3643623472415985,13.248359768362,-61.267804498546,12.871120999145745,-85.87241150915257,VC,noise,1,2664.4036463594807,0.5774210691452026,0.5265713334083557,2.3167221546173096
974847123463445,45.48089676461988,141.9141645369168,58.95617756863779,-3.2669050739177394,JP,noise,1,7972.269284293762,0.19142113626003265,0.08977655321359634,4.347360610961914
219450919950414,4.2765353097168,73.575427012288,9.622463131895007,76.39297738480737,MV,noise,1,670.8230948567665,0.23967424035072327,0.1639253795146942,4.4594407081604
197777158852668,18.542511750027,-72.425551013845,19.679515671347488,-72.18703620941564,HT,noise,1,128.88863693771808,0.17096030712127686,0.0096970796585083,2.7657103538513184
1673203299531642,49.085005765367,-1.4823203864636,49.34763653548941,-1.5477991163627889,FR,noise,1,29.587937029287023,0.19197341799736023,0.009917035698890686,3.6118693351745605
1605231949662620,31.431741304615,7.0759601080198,44.93884179454254,-71.76768006862866,DZ,noise,1,6779.941351972632,0.1093488410115242,0.05102790519595146,4.781869888305664
451593852608237,49.039623298927,17.575489860882,49.62123465089566,18.08188258036938,CZ,noise,1,74.35738903506741,0.6511428356170654,0.569953978061676,1.8809128999710083
304641044593781,8.0755534487471,-80.948273440388,-7.194785528511328,-34.849145289041054,PA,noise,1,5385.149679354287,0.28816792368888855,0.1428810954093933,3.483165740966797
537192110996228,33.673060807593,8.992445655067,-35.34854526583928,143.47872177239853,TN,noise,1,15877.640000322313,0.559029757976532,0.44457873702049255,2.6672916412353516
2874567659528784,10.624021568983,103.55740436843,-15.323111842472697,-48.246273505508036,KH,noise,1,16918.023841804017,0.4380272328853607,0.3549081087112427,3.2388925552368164
306873294180376,36.543159906681,-95.385746192161,53.80307459189836,10.500421844708562,US,noise,1,7725.155989864005,0.26855915784835815,0.029889196157455444,3.13698673248291
474237406957052,38.032230216342,71.296052545699,35.93502387828901,51.17179128765995,TJ,noise,1,1799.061853651777,0.5445896983146667,0.4399092495441437,2.301457405090332
893270331236297,35.542457911478,34.345047266311,35.5038093441017,34.3676439240168,CY,noise,1,4.7592730756773305,0.20209862291812897,0.08509164303541183,4.094405651092529
394355595015312,-10.420322783141,105.70164382136,-7.192691086566751,-34.7867733304327,CX,noise,1,15222.518428725118,0.14700767397880554,0.04067027568817139,4.141541481018066
1720688194781084,-2.0414077903770145,29.44965968721136,7.5989218748155425,35.765651926651906,RW,noise,1,1280.6221010695251,0.3672529458999634,0.1341506987810135,2.091069221496582
1072181156643275,18.07465399978,-91.640772999734,43.91907017819054,15.266038178944777,MX,noise,1,9905.201463571106,0.06805047392845154,0.0057128556072711945,5.533255100250244
4167670343253112,38.101113171443,70.434664027996,35.99593756050152,51.119243083790714,AF,noise,1,1726.9059283006952,0.915789008140564,0.8583335876464844,0.3992999196052551
174020494657037,17.630108574846,-63.232604239636,16.004899088519647,-61.75357479690922,BQ,noise,1,239.6641156136857,0.37298113107681274,0.1584092676639557,2.651247501373291
841778303361650,4.4129500800509,-7.3568081852969,6.305361106668554,1.2239345178984768,CI,noise,1,972.9401696577327,0.356128066778183,0.030812323093414307,2.183069944381714
6128179790541161,55.439905979985,25.277989368239,60.03033690261269,31.016710718074954,LT,noise,1,613.1754508231334,0.20676197111606598,0.08012151718139648,3.357348680496216
860733724520470,42.906057348904,19.550997884227,42.51167604607762,1.5328034941262814,ME,noise,1,1470.0541006246235,0.49086540937423706,0.38314729928970337,2.941124200820923
864697561114910,-29.077441505083,27.74348424067,-29.098135963063697,27.918007490593276,LS,noise,1,17.113928941335455,0.6729077696800232,0.5896154642105103,1.7933619022369385
470728414179183,-4.4035085235997,28.875651684315,60.94722985560282,36.48532013113709,BI,noise,1,7296.528703030328,0.5065594911575317,0.3849441707134247,2.2362167835235596
572376240384590,38.710627031317,20.595182002582,38.673437111306654,20.78671125831807,GR,noise,1,17.12940071396938,0.45794224739074707,0.31166958808898926,2.2891762256622314
121312253609017,-2.475605,101.08095666666668,-3.3076968879348505,-48.61955180614053,ID,noise,1,16586.615468630196,0.3570469319820404,0.2435649335384369,3.327284336090088
1443161219370901,-20.998296188116,55.608257838223,4.32881957029541,-75.71571710563249,RE,noise,1,14446.750144246133,0.3201594948768616,0.23282703757286072,3.3261847496032715
935114343986233,14.756132710056,106.17208788727,-13.396443102665517,26.523165897342533,LA,noise,1,9305.226799859354,0.6148183345794678,0.5564649105072021,2.0105412006378174
528816851860286,13.929456140067,-90.641111213437,-17.48227179369619,145.68064719350951,GT,noise,1,13993.980706753468,0.3641871511936188,0.28613710403442383,3.475465774536133
949677732469296,-3.949905939326,29.108488727431,-12.98863866307362,27.723678491389006,BI,noise,1,1016.5104109838793,0.14606498181819916,0.0014169812202453613,3.3116230964660645
535238961691986,-9.012128600000004,125.26142969997224,-13.918386724650453,-42.682173849031294,TL,noise,1,17139.146779359962,0.13357342779636383,0.008223414421081543,4.119543552398682
785746405666869,-15.233412447604,27.672681901373,-13.479251744318015,28.270739036151927,ZM,noise,1,205.4168153831933,0.7598264813423157,0.7277648448944092,1.5803667306900024
3016818381880651,49.809878371642,-121.45256952608,46.917585105845,-123.1773797494161,CA,noise,1,345.9073519215457,0.20751237869262695,0.06970211863517761,3.075197696685791
381383576502282,45.377597713432,18.296766050051,39.22467644931582,16.649214374272116,HR,noise,1,697.4174063501478,0.20841339230537415,0.12415391206741333,4.39825963973999
610064709949694,39.354018070055,3.189777650907,39.26960163518329,-0.5755466063989314,ES,noise,1,324.0530728126985,0.2263772189617157,0.08678211271762848,3.3965489864349365
172787811514759,35.229088448061,33.767549827448,40.735811937805934,23.02390866995451,CY,noise,1,1121.8970128745998,0.3087751865386963,0.1570255607366562,3.306668281555176
782110492675930,20.011066718061,-75.671652777958,4.509808888518205,-74.39292435070476,CU,noise,1,1729.2134207786883,0.15976615250110626,0.04679693281650543,4.2317891120910645
400250872119328,11.85196334791822,13.142710363889922,5.997747274606389,0.5590891386192471,NG,noise,1,1527.256028103723,0.37534669041633606,0.10927790403366089,2.3607993125915527
892609551301442,-6.2907747954542,176.31557778615,6.096140407322986,102.11478478276176,TV,noise,1,8348.577348249348,0.15686096251010895,0.023601174354553223,4.175292491912842
202638525024688,49.252128640765,-2.2302663941837,51.981657470049534,4.250174625162973,JE,noise,1,548.4682823775626,0.17361615598201752,0.01969747245311737,3.778095006942749
482179499657429,35.35863654069,-87.442281622797,46.216673976414256,-119.03770142600814,US,noise,1,2896.069713662735,0.2133801281452179,0.056665852665901184,3.817720890045166
166409505310564,-9.7930504284381,33.876999664849,46.94583156286257,-94.9904709618133,MW,noise,1,13690.71101345667,0.2800692319869995,0.1348211020231247,3.823279619216919
839128376686201,-21.379486131927,55.652855746499,51.95754069023115,-8.480261135719894,RE,noise,1,10241.680297690758,0.33000296354293823,0.22771859169006348,3.73538875579834
173546557995177,6.6979922509375,-57.920196653076,6.767369315872776,-58.06277313257984,GY,noise,1,17.532808548661613,0.24644707143306732,0.16233417391777039,3.519136428833008
778732033031387,49.481310552598,-2.580607408903,52.67332282948255,-2.011106323969257,GG,noise,1,357.1552288698232,0.6447246670722961,0.6171504855155945,2.412031412124634
1459021641097176,19.327056989127,-81.381676002568,26.86938718876179,-80.07070173606184,KY,noise,1,849.2965527628377,0.20709630846977234,0.05695880949497223,3.758086919784546
968337867447613,25.014773599486723,55.87302113372367,24.176877785425894,54.36962614745309,AE,noise,1,178.2815326095653,0.2893758714199066,0.09305493533611298,3.0834827423095703
516599479378641,56.372189487703,27.438134814115,56.535684351654965,26.93778449470856,LV,noise,1,35.717729273165645,0.9987761378288269,0.9981536865234375,0.012420745566487312
826574104989977,0.4096083408951371,9.468790964341348,22.06217132670671,39.638513435786855,GA,noise,1,4058.1435377965695,0.1455746442079544,0.04139932990074158,4.530697822570801
298265468509297,-10.44607449126,105.70171289589,21.720656948025532,-98.23749384740837,CX,noise,1,17172.59449181524,0.2565902769565582,0.14927276968955994,3.7449467182159424
135182671936165,24.97002129251,55.490379135321,29.272045646730668,47.9749093244519,AE,noise,1,883.9868857624043,0.23757211863994598,0.11351589858531952,2.9923224449157715
369953761725438,-20.697927254597545,164.42307519257272,-24.949385042631242,-48.386980712217586,NC,noise,1,13823.39036542452,0.4860583543777466,0.2476166933774948,2.2939844131469727
150605930403453,1.5703799596146,10.84323380127,-27.137776450535238,-51.88778320011212,GQ,noise,1,7419.9556956790875,0.2563759982585907,0.11941532790660858,3.0108802318573
942025196552576,18.04711135987549,-15.94458243190681,24.23651747310559,37.93637484564055,MR,noise,1,5597.489631613509,0.746681272983551,0.5825172662734985,1.0845409631729126
4245112742269900,-15.204236527253409,13.710121098211696,-13.064340639307124,28.34101193356116,AO,noise,1,1595.1094930052543,0.34313851594924927,0.055961042642593384,2.77407169342041
800629050558884,1.5780520325706,10.841365858236,-23.232815542333334,-46.01798663322457,GQ,noise,1,6735.436831812496,0.24448251724243164,0.06512539088726044,3.021625518798828
329089375465231,-4.7898646188584,11.8559793524,11.993027429001256,76.73511584165453,CG,noise,1,7410.345213702548,0.32264044880867004,0.11003793776035309,2.982646942138672
2991410527805673,-4.1374600287328,29.078493212922,21.01011195050927,-97.97619888093402,BI,noise,1,14003.733960604244,0.26526516675949097,0.11029340326786041,3.5885205268859863
798429247478749,46.183809459674,20.174482609731,56.038673040165165,14.219470025207805,HU,noise,1,1170.953101278909,0.48110082745552063,0.4027242958545685,2.7478084564208984
2371116466357575,16.796385002204,107.11609099971,43.35879944869679,-5.632801455557203,VN,noise,1,10458.733769922233,0.8857364654541016,0.8615518808364868,0.7051958441734314
468504837703680,49.210225417814,-2.0260057718567,51.44558026743403,-2.121156129935222,JE,noise,1,248.6518102301701,0.0769490972161293,0.009389027953147888,4.688963890075684
544837470219031,25.294971915181225,67.28170930758036,34.681522807692645,32.65891341364185,PK,noise,1,3474.405407761435,0.19152821600437164,0.14674335718154907,4.749195098876953
962376597848366,-7.8679271311768,35.785662187966,-12.455877970622064,27.89998023503521,TZ,noise,1,1002.3552101395059,0.15569697320461273,0.011521071195602417,3.806725025177002
284560226710077,22.245356411415,113.94634816993,34.73499663332783,139.00164735394716,HK,noise,1,2803.1248394791696,0.14210361242294312,0.015281304717063904,3.6982336044311523
366104118882534,-12.947203981722575,45.1622949013442,43.44346087264177,25.204931875190585,YT,noise,1,6590.220108437227,0.26852625608444214,0.12295953929424286,3.521733045578003
302738837907407,13.971297523146,-60.953783885869,-2.9776842241035655,-49.01328675883715,LC,noise,1,2298.9916315103596,0.3518383800983429,0.04238620400428772,2.734168291091919
212663677118887,61.377613835646,-149.52560052518,29.3146299649434,-81.16148146653634,US,noise,1,6036.01804049729,0.5349432229995728,0.4889671802520752,2.6252505779266357
298675135079993,35.02573827135,0.1062064724418,35.54983913995739,0.05712747406024436,DZ,noise,1,58.44735756113416,0.47320932149887085,0.31933411955833435,2.4152991771698
200766568352215,12.2259298372,-69.032711700173,16.32439128719557,-23.012375649689087,CW,noise,1,4970.2534545300105,0.21937966346740723,0.039065659046173096,3.1507556438446045
522150762114358,-51.767857219423,-59.20385240723,45.90803397154276,74.07887351281455,FK,noise,1,16595.67173443775,0.6889708638191223,0.6645762920379639,2.012199640274048
907645580029480,-10.531873592618,105.64908608946,29.575755019302246,-90.75498809702925,CX,noise,1,17298.531127308936,0.1346810758113861,0.0240924209356308,4.56950569152832
461637908454191,8.5770592738416,-9.8384949656858,8.680202138147054,-12.120957657177435,LR,noise,1,251.18722232919407,0.18355970084667206,0.001620471477508545,3.7277491092681885
737762176916399,-28.523157809827,26.988610572901,-28.90845232615579,26.458154235423535,ZA,noise,1,67.16737226891668,0.9358588457107544,0.9269947409629822,0.4874751567840576
974044566464626,-8.9232594155592,125.57214462009,11.567866584895976,76.68417527798712,TL,noise,1,5865.670003806775,0.1977083534002304,0.004313036799430847,3.372469186782837
207733560892728,62.969803716081,25.819453012454,63.30570433463784,25.81512099022534,FI,noise,1,37.351078785638045,0.19502364099025726,0.057225391268730164,3.975332021713257
935214247230705,38.662861546978,21.897000127107,38.558103688695375,21.840484660143275,GR,noise,1,12.641278310891433,0.9832345247268677,0.9825561046600342,0.17225660383701324
308609804241585,45.352253598167,18.741494665616,46.37801757759448,16.426819888458162,HR,noise,1,212.42865934157206,0.7121246457099915,0.6477904915809631,1.5570582151412964
812815579353857,19.970422258885,95.026704859366,-12.461925933113864,27.764791458804734,MM,noise,1,8192.73170026726,0.37397974729537964,0.26087385416030884,3.531708002090454
955193138582276,42.352822713826,18.93350046301,49.579844611565065,18.144337014102337,ME,noise,1,805.9066609923615,0.4179438650608063,0.288280725479126,2.9653754234313965
314068633495505,18.384993994121,-64.663491419319,-33.89370013233885,22.325756482198976,VG,noise,1,10867.120837546465,0.13611876964569092,0.07925750315189362,4.470837593078613
153100520088504,8.6445550800531,-10.895087890593,7.049666419364306,-11.059653028499111,SL,noise,1,178.26752102537486,0.5089091658592224,0.23400411009788513,1.0763380527496338
899516343957294,31.154817998866,35.36251239366,29.02108310584112,32.53504926299447,IL,noise,1,360.93682065692184,0.899738073348999,0.8725360035896301,0.6917096376419067
362016302748290,-10.182357974219284,26.92114281109953,1.673553411833684,32.07785116191176,CD,noise,1,1436.575703517526,0.772343635559082,0.6628615260124207,1.04942786693573
784285982279583,12.468243816564,105.11776238356,60.58257664167676,12.93141625316225,KH,noise,1,8920.703732274367,0.2640864849090576,0.18211418390274048,4.118722438812256
741076933253733,55.559361968752,24.218044357931,56.96036892201912,24.096370795437554,LT,noise,1,155.96593334584847,0.15654531121253967,0.07666006684303284,4.469756603240967
588238156406124,13.540014603247103,6.862262541663696,-13.667861110227923,-49.49538276410823,NE,noise,1,6904.446829681016,0.5215438604354858,0.4305693507194519,2.6580581665039062
704583704721230,13.358425346344903,2.9695516051747206,-25.300500209280496,32.305918483083104,NE,noise,1,5346.401324219943,0.231706440448761,0.05744558572769165,2.7619216442108154
743913432954382,12.506491685569,-70.011189878756,38.07182665673633,-0.7832830889127793,AW,noise,1,7343.263303936888,0.9661470055580139,0.9514172673225403,0.26111236214637756
837216263894683,59.234310100905,25.661811016329,57.019870318438166,15.003042837631048,EE,noise,1,671.6048780044395,0.19012197852134705,0.03397347033023834,3.4929213523864746
4165344470189392,22.250944346283,113.98372956798,22.38279909339062,114.18890350724624,HK,noise,1,25.69828983525472,0.33511656522750854,0.031032055616378784,2.435771942138672
123034153486017,8.896413266511479,-64.21983107316368,-0.9472680026308014,-80.8461045637149,VE,noise,1,2142.647902292616,0.8275650143623352,0.7899508476257324,1.0693949460983276
495142175172477,52.064618461934,27.758129879211,55.20819558882883,61.30828164237313,BY,noise,1,2217.13804577577,0.41041287779808044,0.21446014940738678,2.519028902053833
278818637266368,21.668020820761,39.5871724527,24.13957158717189,37.73941894673747,SA,noise,1,333.6755347507023,0.9930746555328369,0.991204559803009,0.07135511189699173
311313370600056,34.298302972773,35.843733635285,33.926658478810424,35.53330954094268,LB,noise,1,50.244135765118656,0.5089963674545288,0.32772570848464966,1.9921290874481201
546356603055282,16.319144026137,-61.319536174119,58.687324460495724,-3.0568337777362404,GP,noise,1,6653.837998921484,0.11172813177108765,0.026998870074748993,5.166943073272705
455880318809614,13.212934938654,103.97535020814,18.36072846637551,104.3741747531873,KH,noise,1,573.9957423215943,0.3139772117137909,0.13996894657611847,3.5897421836853027
561177494854490,65.249274201498,-14.3599477776,64.72851779652947,-21.011881453575967,IS,noise,1,317.8826347174896,0.8863050937652588,0.7810037136077881,0.41529715061187744
591338181829945,40.948513592565,47.680340883083,44.593679159065054,25.680620992716175,AZ,noise,1,1834.8522260789293,0.12073749303817749,0.027517415583133698,3.835339307785034
478603033472419,10.605368280525,-61.423503253964,42.47460917022288,-83.00607425069856,TT,noise,1,4116.430299043344,0.1321536898612976,0.007275089621543884,4.050204277038574
140993104682356,11.492434620243,14.669528720435,54.985124791171685,28.96755679808372,CM,noise,1,4995.313045617622,0.8574819564819336,0.8353573679924011,0.9827753305435181
1365904140461073,16.782552049243,-62.177983430902,39.442710168845636,16.598901110349924,MS,noise,1,7882.885433787561,0.2765079438686371,0.12185037136077881,3.2908077239990234
184854733517675,66.049214556266,-16.60518565352,65.78340666128025,-16.896202115418042,IS,noise,1,32.37209132960836,0.3909854590892792,0.2589787244796753,3.4834113121032715
484812855999457,11.316364972572,-60.600609669164,12.378795313656326,-61.685140450635934,TT,noise,1,166.99050041204208,0.33960068225860596,0.018085181713104248,1.6253271102905273
198374955275087,31.228889368174,35.249839466257,31.130097174079427,35.36130642418351,IL,noise,1,15.268352327689389,0.29543375968933105,0.19968661665916443,4.043521404266357
493661578655706,21.902623515855,58.249258213784,30.044953038255723,30.916023410806577,OM,noise,1,2869.859849445149,0.22309653460979462,0.07475690543651581,3.722114086151123
1421342044880216,-33.979765814868,-55.677857234372,-34.104907792836634,-55.7887902206354,UY,noise,1,17.2657165465713,0.9035861492156982,0.8676607608795166,0.6270138025283813
791346968192465,47.64092226916,22.514698705141,47.69519931466366,22.357639044118848,RO,noise,1,13.219028329635679,0.3298768103122711,0.0791778564453125,2.605579137802124
509490393519441,12.00528480685,15.133921129804,8.98474774413643,0.9838187543171143,CM,noise,1,1582.8139500753482,0.9826217889785767,0.9774715304374695,0.15509949624538422
365265328257309,-16.455863020951,-152.25124408953,38.344016356423,21.653441494837462,PF,noise,1,17509.565916858555,0.18042488396167755,0.08564387261867523,4.365171432495117
373099774078768,15.381551450461,-61.278224581511,18.60207731295165,-74.12198327425467,DM,noise,1,1411.5223835055262,0.9900240898132324,0.9885578155517578,0.0951332151889801
3849748481728507,54.429547030142,-8.350480924746,56.81845696338065,-5.084791737763932,IE,noise,1,335.4789564456751,0.9059845805168152,0.86268150806427,0.6023440361022949
486814105900044,24.815009873567,55.581561784151,24.567068289236442,55.64686827923847,AE,noise,1,28.34832858592713,0.8300778865814209,0.7636785507202148,0.8027238249778748
553493755814632,25.651486854641,55.817622488275,25.09420257674867,55.27976262286207,AE,noise,1,82.21931077622328,0.33607691526412964,0.2369740605354309,3.4034199714660645
294731518788880,12.182130031336,-68.992602507728,34.78790016077494,32.46604258381346,CW,noise,1,10256.615094405477,0.2882450520992279,0.12822997570037842,3.1246471405029297
526112418414577,-4.1889057701817,39.593824106105,-12.56564766755776,28.014152345280554,KE,noise,1,1577.0626394652877,0.2933429777622223,0.0699351578950882,3.5210018157958984
1143243902846918,3.9423529755317,73.490255336254,44.58854252254794,-88.25560901026195,MV,noise,1,14320.749010130734,0.4291236102581024,0.3670676350593567,3.7359864711761475
1222724854903474,-15.992638795519348,27.473549745213845,-5.987869143267843,-36.06708710165953,ZM,noise,1,7000.045120002461,0.6488132476806641,0.5898708701133728,2.1708216667175293
814962436102418,17.246826160842,-88.964928894179,-26.943814172800682,-56.90001130120603,BZ,noise,1,6009.560277225843,0.15159231424331665,0.06332685053348541,3.919555425643921
2588410498130022,8.6681322733063,15.915175571704,8.940723385267084,1.4717108066212585,TD,noise,1,1587.304078707175,0.9467525482177734,0.9141695499420166,0.33721739053726196
757152124922572,40.280135692488,20.032560201339,42.52028509051922,2.0095875661798415,AL,noise,1,1520.7601170079583,0.1496058851480484,0.0068981945514678955,3.417754888534546
3729075633885792,52.879324916405,14.84215981606,50.849292970666895,8.344720864667037,PL,noise,1,499.7506897787855,0.10748867690563202,0.005129814147949219,4.333765506744385
193255762642321,-25.463140138686,31.530813486271,-7.08930842303359,-35.539734063824675,SZ,noise,1,7370.997503834419,0.15615665912628174,0.059278860688209534,4.070426940917969
158748456176634,18.003107984756,-76.750140742066,49.60416772935819,18.12490259343394,JM,noise,1,8835.015858275301,0.28146204352378845,0.1948043555021286,3.865360975265503
487059602744422,22.483846298693,88.311807710332,13.757096529965244,100.52558905885034,IN,noise,1,1613.31652100002,0.2645857334136963,0.0866532176733017,2.9472384452819824
187972779810965,37.223202382218,126.95228008609,35.36956763434079,129.25902929878572,KR,noise,1,291.9049351515015,0.7721325159072876,0.5601123571395874,0.608508825302124
325108962571033,-14.007024453392,-171.59812253095,60.89096274611936,35.636795691908084,WS,noise,1,14359.162707413052,0.4756278693675995,0.3856845200061798,2.6647043228149414
506599274036580,54.629530708934,-8.6760286174409,56.784779789768706,-4.802454302309951,IE,noise,1,340.9681294368154,0.2994910478591919,0.1623390018939972,3.013760805130005
507218187079443,37.843340581126,68.830014881381,44.94814953316356,25.98142025934136,TJ,noise,1,3616.3335306927524,0.2572115361690521,0.13140778243541718,3.0334632396698
153324916692555,5.5180289616018,-6.5822215976398,6.4664272126255025,2.0263200657887865,CI,noise,1,957.7982312223877,0.38067638874053955,0.2877325415611267,3.4897682666778564
771731993706945,41.928551334201536,19.551310678151587,45.63678709032544,25.64395479427378,AL,noise,1,639.3998665675435,0.7675321698188782,0.7353707551956177,1.4171593189239502
486481489451262,49.966660340065,17.026531427218,53.42706005872537,6.91596441607995,CZ,noise,1,794.9811128072076,0.10762500762939453,0.014961406588554382,4.892514705657959
2949034095418835,3.9465097772644,-59.099420704396,-14.799114027706137,29.913281531905145,GY,noise,1,10013.662166511018,0.5829989314079285,0.34368008375167847,1.5385801792144775
372845630827843,-27.768029274082,-64.271302066744,39.090251265457404,-94.59033689219565,AR,noise,1,8072.520456354756,0.1775892823934555,0.07320944219827652,4.228408336639404
804236390516614,24.360035161271,90.528148543285,24.751814771734427,90.7997218154273,BD,noise,1,51.49962131557379,0.29304489493370056,0.003708362579345703,2.064626932144165
1165449024229030,11.127732358514072,42.37283796780444,23.027734229244878,37.65182592774756,DJ,noise,1,1414.7594963816666,0.5239193439483643,0.35116061568260193,2.5968422889709473
465682694540312,47.092368215581565,15.033271683507603,49.56471802554126,18.117644057483897,AT,noise,1,357.1084106947547,0.22499895095825195,0.11400830000638962,3.493739604949951
1414034302297531,5.9652601827551,-10.011148216804,13.109010828283315,78.33593682598257,LR,noise,1,9679.216702568985,0.14066161215305328,0.0037215054035186768,3.9588449001312256
164124928906484,17.026658655636,-88.957499025099,31.76563480581131,-83.37934526565103,BZ,noise,1,1732.6810429799261,0.5430013537406921,0.46699827909469604,2.3142056465148926
265373079006579,12.19339030343679,-4.128458023871779,11.069654918360886,-3.8480677172824795,BF,noise,1,128.6310201787228,0.9898214340209961,0.9849977493286133,0.08805891871452332
211403467484458,-24.160264772744977,47.3486048183456,-6.015123094956837,-36.220502332712705,MG,noise,1,9083.565267863183,0.24431878328323364,0.11105431616306305,3.866612195968628
4252117868180040,-31.701164589216,28.774388216841,-30.15881337443813,27.889915125586022,ZA,noise,1,191.12573664762817,0.9389865398406982,0.9071606397628784,0.34821003675460815
1185546705230006,60.068284515535,20.263657107897,60.734641551668005,22.42435041685899,AX,noise,1,139.89065689660453,0.2153819352388382,0.09643174707889557,3.860290050506592
307549670912816,47.805455809752,29.008339682994,47.72821272329229,27.853758742802416,MD,noise,1,86.7184761992439,0.26624834537506104,0.07277266681194305,2.2573812007904053
1150240562161074,1.3857279016312,173.14547646453,21.420727841376316,-73.49342389344952,KI,noise,1,12355.104972709642,0.278217077255249,0.17562516033649445,3.261197090148926
1926367507521003,-34.006516340223,-62.239283065807,-17.825776019764746,-63.28549428687129,AR,noise,1,1802.2215666563388,0.10052819550037384,0.00377868115901947,4.336991786956787
174862464516382,18.026136330252,-63.051721834115,-9.662933938113127,-35.71925840365656,SX,noise,1,4299.214684642249,0.3769835829734802,0.2923967242240906,3.335129737854004
238608201397184,13.394898337011,-15.796480495355,45.66533597396816,-92.69237039211896,GM,noise,1,7933.438192838634,0.506170928478241,0.1441473364830017,1.493210792541504
168171301893400,-21.306913177085,47.234054757271,6.18295829262535,-75.35051915393598,MG,noise,1,13626.29352834009,0.4598025381565094,0.2921822965145111,2.5618133544921875
143601257800230,6.1813662366503,-10.476370028512,5.4271356259012835,100.57876817699707,LR,noise,1,12254.320030620565,0.3413417637348175,0.08548030257225037,2.9451191425323486
1426576467702919,42.716570546448,19.37002352769,42.86240278168975,-1.4033241888062284,ME,noise,1,1690.8884143489483,0.16677477955818176,0.05128025263547897,3.7395784854888916
582527629366762,13.909926027264,-60.995742963827,45.39722797592469,4.211385126296785,LC,noise,1,6983.886296319377,0.19991016387939453,0.06417211890220642,3.642265796661377
789178535042815,10.848339859199,-14.344376628968,-13.242334360968748,27.90351469284031,GN,noise,1,5376.354333417121,0.16841834783554077,0.018313363194465637,3.9952175617218018
770818833619667,46.189989851656,27.550790956761,46.22573701085188,27.498504556370314,RO,noise,1,5.655851954741854,0.9578967094421387,0.9491613507270813,0.3123559355735779
771812706865289,18.810877831997,-72.868700352417,18.473296553163454,-69.69066184591752,HT,noise,1,336.93366502157255,0.8011496663093567,0.6808299422264099,0.833871603012085
1979924955729830,0.4210184118848502,9.466164114756396,44.93634973807183,41.7509543824075,GA,noise,1,5878.853315048817,0.08924612402915955,0.005450151860713959,5.374104976654053
1215125515585698,-29.72467996101,27.401763312517,-30.183788227974052,28.01920931490389,LS,noise,1,78.38808017133155,0.9694394469261169,0.9552636742591858,0.22361789643764496
525797611782911,33.53278970091,10.187082947953,26.626804257626816,35.23007465732764,TN,noise,1,2521.5808441691374,0.4035232663154602,0.24646194279193878,2.5787603855133057
981736889296495,15.18213389856,106.76109629686,44.638070128689506,142.2825613557511,LA,noise,1,4672.201056436129,0.42719537019729614,0.29158806800842285,2.8654050827026367
290546622610201,0.90650801653382,111.91071699724,19.65561595164628,-101.55945162292664,MY,noise,1,15708.95661456859,0.06700902432203293,0.01396370679140091,5.263786315917969
925069178226405,-33.684138890591,120.78000000686,-28.948729264131675,135.3015108977226,AU,noise,1,1474.8365406236358,0.310259610414505,0.21040132641792297,3.0789289474487305
841753896415038,-6.3002644508667,176.31963764015,-27.0894628090043,-48.56375195705191,TV,noise,1,13926.28015712018,0.7430993318557739,0.6279039978981018,1.4795706272125244
645048966783670,42.89641826045616,17.56617896330491,37.57981113245133,22.271057587368983,BA,noise,1,713.1517539224646,0.23519200086593628,0.152923122048378,3.423961877822876
2157623727878098,42.203008413762,12.652366039877,43.46157221623521,-3.5877221404564033,IT,noise,1,1329.522621754112,0.36237138509750366,0.2330663800239563,3.0169198513031006
491154428864902,34.78133892235,10.662689207895,30.371004057787378,-9.555873661548842,TN,noise,1,1953.1571327520367,0.31358441710472107,0.07004004716873169,3.0504086017608643
5023711767716996,27.43539864879576,89.6844986785493,44.865464952789466,4.594627996565338,BT,noise,1,7531.900031643328,0.20027045905590057,0.09926441311836243,4.2233052253723145
502661524102239,25.24288508,105.72866675,41.80841895826401,22.52195447950044,CN,noise,1,7633.673975808817,0.19424214959144592,0.11842106282711029,4.1759233474731445
768051953908267,24.417738719697,124.24306124209,51.43219547034172,11.032951691113775,JP,noise,1,9372.636625502306,0.27108508348464966,0.06975813210010529,3.7317991256713867
2634487660183183,15.505396860363,-61.465808232581,-17.934971895478284,-63.384547432632615,DM,noise,1,3724.3378518409763,0.7986739873886108,0.7194316387176514,1.081439733505249
777370986311883,69.771194043132,-50.45379669083,65.42055512985486,-23.404116298743038,GL,noise,1,1231.1755305284873,0.27296456694602966,0.1645810604095459,4.250886917114258
214018630224328,-30.195842567793,28.141370668784,40.603175848287066,-7.166031616503186,LS,noise,1,8671.453705127025,0.1657106727361679,0.10333951562643051,4.40482759475708
898244168080774,48.39779130109938,69.97859259537432,-27.580439356769425,151.48796367388,KZ,noise,1,11678.788168666586,0.25792601704597473,0.1414063572883606,3.7529962062835693
4492529727427156,-28.146082771307,-51.513579498292,-27.430671378851162,-51.01473859933774,BR,noise,1,93.46759734696442,0.3413345217704773,0.166079580783844,2.6115827560424805
285348029668834,24.497433158551,56.506035667282,24.675178384216956,56.08267914351038,OM,noise,1,47.14945237913592,0.14601975679397583,0.008301615715026855,4.741384506225586
171014971604854,50.702549851864,3.6582481425115,50.84281405635588,2.8644323933747566,BE,noise,1,57.95837864461676,0.25028347969055176,0.11949732899665833,3.652686834335327
4840639372618820,-14.92550912288379,13.489538311090364,38.043109536644884,-1.0057524727738953,AO,noise,1,6081.023740738106,0.21384628117084503,0.08804978430271149,3.4531688690185547
206149904648055,26.21207915528,44.093256403165,25.69828073333977,35.62632322528861,SA,noise,1,848.2926452445004,0.8948491811752319,0.8385694026947021,0.5672627091407776
204252138180851,-21.559664995251,23.773974999472,32.960185660359954,-111.40628036365986,BW,noise,1,15443.826093076477,0.7230909466743469,0.6513610482215881,1.7319958209991455
920871192081755,-20.154762249788,28.582363111001,-8.78753085566534,13.236907447564807,ZW,noise,1,2077.405315960909,0.27845534682273865,0.17976245284080505,3.608011484146118
219966586218279,47.029132462966,15.932431980783,50.824592474126966,8.396500375616228,AT,noise,1,693.1302043634345,0.13152462244033813,0.05978813022375107,4.355484485626221
135549215221893,2.4175748743344,9.8423648123313,7.8790947620598395,-11.134640908682854,GQ,noise,1,2400.2153002524105,0.42460566759109497,0.3478269577026367,3.1407289505004883
376262240365585,11.737844217402,-84.258740123025,11.437628628397944,-84.66609856563963,NI,noise,1,55.52786410630704,0.7463948726654053,0.6290271878242493,0.9121820330619812
171728951493255,49.507376607171,105.95258746284,51.60836497384074,45.971078206520076,MN,noise,1,4122.9813946370605,0.986756443977356,0.982909619808197,0.1188526377081871
253978489850814,48.281270225581,27.973739010266,48.06178393919215,27.717776533798098,MD,noise,1,30.918037292402214,0.4091668725013733,0.20986171066761017,2.4731264114379883
300413981460892,28.731055900238,48.000514767945,28.93061056794658,48.08348366947642,KW,noise,1,23.61554020498817,0.7667161226272583,0.6457974314689636,1.031241774559021
1184530975332530,-14.802947311274,-42.709531402229,-13.39822284588526,-43.95694701131644,BR,noise,1,206.14141200880601,0.7142636775970459,0.5426696538925171,1.1250110864639282
1266617723756139,-2.7425780868466467,29.42359642013631,5.786766201130306,-73.09493611759441,BI,noise,1,11422.213950370908,0.20927384495735168,0.07644221186637878,3.31011962890625
473474263980538,21.715223057868,59.471278053944,32.07128427018406,35.239018952776476,OM,noise,1,2656.1402664462016,0.21305981278419495,0.006473615765571594,3.1653573513031006
1249815355421012,41.352986665751,46.933972599593,41.818487186440635,22.524604963250873,AZ,noise,1,2023.937847035736,0.10172776132822037,0.048885613679885864,4.870651721954346
228708892356879,48.677696253977,17.636842304644,49.54214856024059,18.046754631409396,SK,noise,1,100.64665562062521,0.31528061628341675,0.20657548308372498,3.0806283950805664
573918251034517,24.9108887387342,90.79494731880273,16.348049500855577,80.1107270029602,BD,noise,1,1462.55420863628,0.3064480423927307,0.1836864948272705,3.6505279541015625
2964997383812126,2.6098453233173,9.8422664516346,0.3428468082455705,32.65821579871481,GQ,noise,1,2548.495668652401,0.3815983831882477,0.18681369721889496,2.3817269802093506
216212559884926,39.033844678159,125.75376577506,50.59964320852555,36.42386577402699,KP,noise,1,6727.352678163475,0.6703224182128906,0.5271254777908325,1.555203914642334
305136647878220,12.193469016038,-61.616092049056,8.706360594561467,-12.237952933430906,GD,noise,1,5406.599200595529,0.2867128252983093,0.08995412290096283,2.7575786113739014
1425023424516398,-16.694601299289,-60.803490901407,-14.879651014756833,-49.25459950482737,BO,noise,1,1251.8921875748265,0.3193763494491577,0.18073466420173645,2.8595330715179443
454775888919551,46.828024824521,7.8088947836121,47.26984035576107,8.753715497059053,CH,noise,1,86.81996035458333,0.49104321002960205,0.285675048828125,2.1495306491851807
861104217828929,17.113853213721,-25.242018334352,15.591771989773083,-23.716035888049202,CV,noise,1,234.84496009889818,0.9207196831703186,0.9118829965591431,0.6535454392433167
1051007365779921,6.813554100014411,158.2040012,16.02453862738068,-61.76073287165277,FM,noise,1,14936.066991035308,0.15511617064476013,0.03685697168111801,4.038760662078857
1334507140366814,-23.48982047010992,35.38536972552172,-9.639446194893218,-35.77762432145977,MZ,noise,1,7670.307646429657,0.5995460748672485,0.45428478717803955,2.0775134563446045
3912389445490209,49.325970928935,17.226098099604,48.24764668166339,15.769580126446327,CZ,noise,1,160.50404208982212,0.14601466059684753,0.06996677070856094,4.692317962646484
265194928674974,13.23781099507,-59.544998005588,13.182906011165613,-59.197585198250756,BB,noise,1,38.10059930449459,0.6113172173500061,0.5601896643638611,2.229613780975342
130827665729646,41.660012138201,21.174396481341,41.69412942536969,21.605790271196014,MK,noise,1,36.028353642871,0.11707019805908203,0.009454026818275452,3.973726511001587
382514279656400,17.169493550421,-62.549673737704,14.053424585116542,-60.91661719941373,KN,noise,1,388.11419090568256,0.279934823513031,0.21445046365261078,3.8154501914978027
490566595325309,32.35061764629,15.101938149737,41.88806928498648,15.16623785124955,LY,noise,1,1060.5314628635174,0.09923126548528671,0.00017473101615905762,4.40012264251709
177150824328343,-14.845732355681,35.25013351485,-13.011940390804883,27.766395679835902,MW,noise,1,832.9544916560066,0.4316532611846924,0.026144415140151978,1.3279165029525757
337754307681723,22.908438446718,90.804919962877,23.394103800799336,90.96083455716395,BD,noise,1,56.307071908179836,0.7717894315719604,0.6785352230072021,1.0932703018188477
288297272916728,-17.786629070676,177.44305087069,44.13721761809148,-73.16963459237205,FJ,noise,1,12907.121110258297,0.5844334959983826,0.496488094329834,2.5918729305267334
485752159242168,60.005211059817,20.384442671458,55.46645800616098,8.751402077240744,AX,noise,1,853.3640185757467,0.4978153705596924,0.41642266511917114,2.576932430267334
495377298477425,41.941602973878,34.631294266421,38.84476168387099,23.051493007279344,TR,noise,1,1038.3486409201248,0.206975057721138,0.04974961280822754,3.3003900051116943
2890584101196635,41.681667019865,21.147788358398,42.77199528347899,27.04823735790262,MK,noise,1,500.61561124736863,0.24830450117588043,0.06488890945911407,3.182480812072754
401731674144754,23.355590466277,121.32187991241,23.00085969317589,121.15889816355875,TW,noise,1,42.81825424536174,0.2070484608411789,0.07651890814304352,3.125709295272827
1169142930166538,20.834467782196,-75.727264614924,17.586353359461732,-97.38939874731106,CU,noise,1,2301.210960246477,0.29691049456596375,0.12338621914386749,3.6530704498291016
306207777612908,-13.800621344179,-171.85935966246,-13.366064966829832,-171.85928084630407,WS,noise,1,48.32046525318938,0.7356750965118408,0.627804160118103,1.2678567171096802
2665542867084280,15.44922162275011,-15.809327283661323,12.38208773706429,-1.665999245970289,SN,noise,1,1563.7132578197543,0.4865589439868927,0.11609861254692078,1.1580973863601685
473236960624282,-11.390300678508,43.342774487865,60.88482269337966,35.43041172761451,KM,noise,1,8066.9764847153865,0.37893596291542053,0.31105154752731323,3.2878949642181396
175640891118270,58.3416314331,22.123379209424,58.2906145450724,22.655270031353034,EE,noise,1,31.577742334558547,0.7215453386306763,0.5566524267196655,1.130043387413025
940728323368212,5.5203195797668,16.760305199775,31.32496684782149,-85.52034871072632,CF,noise,1,10843.522188007293,0.34866800904273987,0.12937317788600922,3.248457670211792
159670792680757,4.8671591384211,31.498747958114,6.445748654863242,2.1210411448485518,SS,noise,1,3255.0206610411456,0.09443902224302292,0.023104555904865265,5.347934722900391
490425192372401,-42.289566526657,-73.549884623054,50.8168346457676,8.275842607782309,CL,noise,1,13017.842816698509,0.27569058537483215,0.15269947052001953,3.8433117866516113
140927168065220,14.884255893398,-24.355900858541,34.91839822616287,32.42954777180505,CV,noise,1,6056.851133951569,0.3215353786945343,0.20241355895996094,2.969447612762451
2148319455305366,12.658976107053,-1.5012029355804,-18.536064246494195,-64.66697428314347,BF,noise,1,7743.584637133136,0.40115854144096375,0.24717015027999878,2.9316978454589844
950272148968894,-12.972416512525884,45.15611771647966,38.62656412536786,16.0909987923434,YT,noise,1,6484.0190583604735,0.1423460692167282,0.040183864533901215,4.893716812133789
153355823412892,49.184810534933,-2.0480987436129,52.71780810379422,-3.8442444227855064,JE,noise,1,412.473658018006,0.31324881315231323,0.21537163853645325,3.1265926361083984
363513025083758,47.047992478928,8.7799077721095,46.929768518875235,9.633186303120427,CH,noise,1,66.04284211935742,0.5313998460769653,0.24928638339042664,1.6646778583526611
512297363276315,31.456330474142,35.250774430442,36.51333954726898,51.14283279703972,PS,noise,1,1567.0310803850728,0.1049484834074974,0.046471983194351196,4.896629333496094
456622292570371,17.562683786778276,52.54996407813734,-23.523095886736833,-46.68915166017575,YE,noise,1,11688.434665902816,0.3541865944862366,0.1983470916748047,2.7809948921203613
4527359417278295,12.574854908472,-70.042613806787,5.182263146288644,-1.0413999111175014,AW,noise,1,7606.671662754657,0.36220890283584595,0.06579470634460449,2.0109450817108154
537629581307027,13.181351944444442,-59.52259444444445,55.88689334155248,37.33688786812765,BB,noise,1,9218.203620696579,0.21262088418006897,0.12673328816890717,3.8436644077301025
795129897807041,35.163207188355,-6.1437231591152,54.833750350371204,29.10473689271372,MA,noise,1,3469.8629242060747,0.23567631840705872,0.10588666796684265,4.3153605461120605
351777130251541,39.481253041447,46.278721306968,39.55555566413026,46.31269315743327,AM,noise,1,8.760906985728893,0.5168235898017883,0.4670921564102173,3.103302240371704
808281843784947,-9.017975593206083,125.18936083216094,-8.623437665020573,125.17502799587405,TL,noise,1,43.89887485352509,0.3900565207004547,0.07458555698394775,2.2552285194396973
571640328046013,9.496515810605342,138.0909467705742,24.431900327715734,124.18938297297005,FM,noise,1,2219.746819102848,0.21063226461410522,0.017585083842277527,2.8403894901275635
1596718320725210,6.820059002595853,158.1889075956807,21.71689914227595,-98.26431052123996,FM,noise,1,11109.694101853054,0.08798613399267197,0.0023861750960350037,5.062972068786621
909068383276012,51.71872582063,71.017642467242,38.95191648674422,-1.9646568860860314,KZ,noise,1,5628.411857733588,0.35676589608192444,0.24191004037857056,3.3632049560546875
201271568510246,11.498181689874,104.89298318393,16.817553124869804,96.12364690261374,KH,noise,1,1114.8692487611374,0.274930477142334,0.15779036283493042,4.313925743103027
865101847550557,14.337966085705,-11.307015681085,-14.545365733443136,-49.24023495829509,ML,noise,1,5265.46011296305,0.34402117133140564,0.17756453156471252,2.6792984008789062
273645621106204,11.400246031697,15.323762439617,8.980923396575042,0.9412216562433255,TD,noise,1,1596.6049060925484,0.49907100200653076,0.41891515254974365,2.7799744606018066
816784312848146,47.27419583333333,110.70045194444444,45.62096298910204,73.65990294248662,MN,noise,1,2817.046164770679,0.9507218599319458,0.9373915195465088,0.38031601905822754
205051911255970,15.898719949045,108.34769045302,54.738848304566325,8.422376041012045,VN,noise,1,9189.953903823722,0.28426769375801086,0.19719958305358887,4.177138805389404
1197452254025430,60.290261118231,20.017018951216,56.054114461474974,14.585912483035347,AX,noise,1,568.1970357509582,0.176902174949646,0.09225937724113464,4.00998592376709
524857088520171,40.969687102424,47.506671390525,45.87633383044544,-0.8708220093422433,AZ,noise,1,3884.3595827295453,0.31019827723503113,0.22035537660121918,3.880378484725952
585468982429325,56.863557681775,25.533807915732,57.04658993717237,24.346720564472182,LV,noise,1,74.79902788994521,0.43447110056877136,0.2864498496055603,2.303730010986328
223293895846479,40.460441929706,49.654367032421,37.733969457519954,40.98001578837751,AZ,noise,1,807.1637780956551,0.14424730837345123,0.004225596785545349,3.7470641136169434
983815092358003,45.845665401276,-1.1566237774946,43.3740729841796,1.4728436541059993,FR,noise,1,344.7125648307724,0.20673541724681854,0.016778841614723206,3.385467529296875
495004361712254,16.705985016912,-62.221856779895,31.595152574903626,-110.60521690021783,MS,noise,1,5134.707938647045,0.08695264160633087,0.0403733029961586,5.712273120880127
1116467962190839,49.234789455854,-2.1566386309068,50.927766655587654,0.6448203730621923,JE,noise,1,274.54711557747737,0.16595420241355896,0.04784566909074783,3.587834358215332
799261197806429,13.04112461881004,7.584578150427974,-13.478385675698672,24.75040764973333,NG,noise,1,3503.3609019385376,0.6878190636634827,0.6485838890075684,1.79958975315094
375892980333603,53.800018986142,19.066495869964,56.9715319240118,24.31135900606088,PL,noise,1,483.591728797887,0.24111633002758026,0.12027298659086227,3.6157426834106445
216735996617694,-51.729168266578,-59.221494505424,64.24451250745322,-20.324902533131294,FK,noise,1,13325.98297365233,0.5233563780784607,0.13325446844100952,1.3507498502731323
122836676470530,19.317250203375,-81.382868299519,26.643022633815292,-78.25796901339363,KY,noise,1,875.0260642902201,0.925186038017273,0.918789267539978,0.6416602730751038
864991334054817,22.630694715979,75.815649968185,8.541588546863025,-12.526307108833052,IN,noise,1,9474.548292586383,0.36158186197280884,0.21975813806056976,3.454775094985962
303472461226103,30.448379399773,-91.249052345819,32.51023480539071,-93.71955685027568,US,noise,1,327.773207140149,0.8316748142242432,0.7955082058906555,1.1589787006378174
751120052245249,18.306901319254,-66.036105758042,48.11932119932189,135.55910089585208,PR,noise,1,12322.68067940543,0.4746142327785492,0.2523108124732971,2.4119009971618652
618094669584037,1.0592725919843,104.01250864856,56.286747277679005,44.09126100015113,SG,noise,1,8109.651136775274,0.20951680839061737,0.117185078561306,4.324437141418457
204293011757830,15.079993126144066,39.21687884094408,-12.38951342689203,27.745457289489206,ER,noise,1,3305.239331190161,0.9401351809501648,0.9352080821990967,0.5235061049461365
2928508607437195,37.840107608369,68.802462308142,44.88101304914751,8.251781842247157,TJ,noise,1,4995.728633843744,0.16790373623371124,0.003766179084777832,3.6204323768615723
1371451869918489,3.6333328691599,72.957712473483,25.089322527302194,55.09886764160688,MV,noise,1,3055.969847729761,0.17236721515655518,0.11740297079086304,4.447772026062012
215955796651386,14.063525259413,-83.397823687399,-1.2991254416278106,-47.35155091049025,NI,noise,1,4321.894832267813,0.2656683027744293,0.11048173904418945,2.7541110515594482
137850255541406,24.545211603122045,88.5941532347436,-6.165041358851378,107.01157155087094,BD,noise,1,3954.8369617685407,0.31438106298446655,0.10343331098556519,2.9520745277404785
300676795037037,47.54022479277,18.649560765963,47.64098517571018,18.800052764873207,HU,noise,1,15.902795994058726,0.22252866625785828,0.10036256164312363,3.7910077571868896
758419548202670,56.459896994613,24.509987996003,56.4709662261258,26.791775613759032,LV,noise,1,140.1658136342779,0.6010196208953857,0.3946866989135742,1.439976692199707
234036278489604,30.859288137504,35.983036655163,31.7969965040391,35.435227911389006,JO,noise,1,116.52964203386462,0.2808738946914673,0.029297709465026855,2.3455114364624023
1877580812408950,8.2904185166376,-13.160532748623,8.459745603203332,-13.21316718326806,SL,noise,1,19.69854167033634,0.34705284237861633,0.20607833564281464,3.0390384197235107
508516997178857,-20.44017415751,57.716929198138,14.621189394693694,-61.02034828524805,MU,noise,1,13522.060795260966,0.8641198873519897,0.7830809354782104,0.5815619230270386
2476936639119646,-17.187994442004,145.88923082343,-17.264425905882028,145.58100864731344,AU,noise,1,33.82060664334311,0.8210081458091736,0.7687907218933105,0.9704993963241577
170299241727097,29.609911657314345,104.99307446089506,24.483142166476537,120.78798227305411,CN,noise,1,1663.0357105358914,0.2747112214565277,0.03103746473789215,2.707969903945923
297845861929140,19.00823988924,101.48346297652,-27.842532700936406,-49.314707360105416,LA,noise,1,16887.22707642692,0.23479275405406952,0.0925498902797699,4.055495738983154
322702535907825,20.283683791944,105.67522750563,52.83028827648489,1.1751089241435448,VN,noise,1,9149.01455467349,0.10191065073013306,0.031048864126205444,4.857168674468994
787272635685450,4.323621691762423,18.511948154254057,16.430471780829283,102.83132942590092,CF,noise,1,9266.872008152704,0.6354846358299255,0.513892412185669,1.7794259786605835
173788081866624,59.75612769558473,-127.47179840177547,49.84629784438536,-99.98154898618317,CA,noise,1,2055.4298545811944,0.4994119107723236,0.36117023229599,2.7029972076416016
233747548461554,9.3263006266193,2.619361832951,6.376775017175476,2.421278981347564,BJ,noise,1,328.69711085449865,0.14103947579860687,0.027210213243961334,4.028969764709473
765041667535640,-33.099247370966,-56.459447149244,46.38451365011656,-86.88146661549173,UY,noise,1,9350.473814056082,0.29514047503471375,0.16721569001674652,3.433175802230835
296876208707767,35.337232736933,0.33737085013529,34.72666960255854,33.181503528274355,DZ,noise,1,2977.4207817106058,0.10733123868703842,0.011573068797588348,4.8868408203125
5220870694689924,13.010537169214352,-15.781125774925767,1.6712449436289043,32.0187087770868,SN,noise,1,5408.706940202639,0.39866727590560913,0.24868808686733246,2.7345290184020996
490774565689974,13.06406278563,-1.087121270677,-12.852403318715666,28.14052572976892,BF,noise,1,4322.662645760277,0.3809027075767517,0.30028778314590454,3.3230695724487305
218599310068075,-21.24302439442,55.333436310069,-20.901770317709335,55.508920032789725,RE,noise,1,42.08809838579959,0.22850213944911957,0.03511159121990204,3.8761298656463623
174969884519406,46.737187807587,8.3987859932934,45.40895298967382,23.566292834874083,CH,noise,1,1177.4391356445817,0.41191452741622925,0.2873254716396332,2.661170244216919
581849006299222,-16.292466257509595,167.67474403169504,9.019842057461842,1.5821977863207062,VU,noise,1,18304.36562179834,0.9390595555305481,0.9256220459938049,0.45517173409461975
514194699740537,49.025633194136,19.779030185528,49.54806188990693,18.120459053537957,SK,noise,1,133.5831103149306,0.8801134824752808,0.8584179878234863,0.8081581592559814
1636152166570934,13.748349438255,109.21278035386,15.963210143628746,108.2705613782624,VN,noise,1,266.2857533899802,0.6726122498512268,0.43243110179901123,1.045754075050354
810831549638249,38.371680067627,71.17919493021,35.974327421639614,51.14836736716028,AF,noise,1,1791.038128563944,0.28446584939956665,0.11201660335063934,2.386737585067749
126986893262506,9.535228699145444,138.11777436553538,24.573611984565332,121.42142139463607,FM,noise,1,2433.3760038447854,0.4408859312534332,0.1219123899936676,1.7206330299377441
355702972637605,13.535688328213,-8.1000075739741,-18.564013785078828,-64.70427784884966,ML,noise,1,7156.095416415786,0.6820769309997559,0.4975680112838745,1.369286298751831
939211946839909,40.900998111452,76.418995914539,45.899156697934686,73.99343859788432,KG,noise,1,589.2279645012619,0.10494866222143173,0.03622685372829437,5.564515590667725
211629123827045,6.1356720399309,-3.8436536027728,-7.135376131764581,-35.42157697955827,CI,noise,1,3801.3748460244274,0.750729501247406,0.6428877115249634,1.2758885622024536
696540331416062,44.87397500000002,15.571799722222226,57.17328367203279,15.3151637461428,HR,noise,1,1367.7359776522426,0.6688886880874634,0.4025936722755432,1.0956921577453613
942512046483923,57.98102591119,22.153417844629,58.40450431575223,22.78344572619756,EE,noise,1,59.83852893793688,0.23790593445301056,0.15733665227890015,4.016977310180664
1794577467377638,2.2867934802243,111.96866392671,-23.223670857420743,-45.941116344189446,MY,noise,1,16686.17500093956,0.16135349869728088,0.09290561079978943,4.784282207489014
569520134014537,45.631513310144,14.917895762855,50.391068710871075,20.031881894496106,SI,noise,1,651.433833516636,0.20477649569511414,0.0201265811920166,3.792001724243164
759618951395520,13.918783401918,-90.820453412238,13.777703427482184,-89.46168235843787,GT,noise,1,147.53293339339422,0.11238022148609161,0.03991559147834778,4.027716159820557
317414069756073,8.849591446096811,17.846700004099304,8.473628268871076,2.6427743603789207,TD,noise,1,1671.72574019019,0.6104094982147217,0.4873810112476349,2.114488363265991
310132177165029,32.35614104026,15.078246874263,32.00226933355043,35.862828898011145,LY,noise,1,1953.4377458495703,0.1500711739063263,0.036988601088523865,4.0133056640625
378106816842746,47.677672060857,2.1491709666626,48.82718560149979,2.213143150294828,FR,noise,1,127.90778555164873,0.1466038078069687,0.034687913954257965,3.507633686065674
974285533334788,1.987119011826,-157.37182088346,-7.659912598697977,-34.90740180121645,KI,noise,1,13613.739243544398,0.5575050711631775,0.12795349955558777,0.792313277721405
186014066630410,-0.26584500006505,29.929660585315,-13.022916742960824,27.622898951908095,UG,noise,1,1441.1230822492682,0.4485087990760803,0.36035189032554626,2.7975234985351562
2045346162308378,6.372858133743794,2.3062901826009594,-27.11824711794767,-48.5585745345702,BJ,noise,1,6614.901923450869,0.11822881549596786,0.023988716304302216,4.495439529418945
1172091903236601,49.476195621557,-2.5778975923381,51.20299603881414,0.11630338463042367,GG,noise,1,270.93984648481285,0.6149131059646606,0.5538185834884644,2.3210835456848145
1148818178927460,38.977689066483,-8.2445481523452,40.61768011026875,-3.99473973027323,PT,noise,1,406.2290839045312,0.21203087270259857,0.08118200302124023,3.823065757751465
1222613584876307,17.370666616194,-62.748620435823,17.45119046783344,-62.81009604919155,KN,noise,1,11.077698469075981,0.4881502389907837,0.34045618772506714,2.303452253341675
2874363389509925,1.1429664809873,33.846541381524,1.0667577270786892,34.0253520554622,UG,noise,1,21.60993761835601,0.5431063175201416,0.23295995593070984,1.5816717147827148
472676697278023,-11.651270507603,43.263829479505,-12.740435255687782,45.1996501303853,KM,noise,1,242.75926169188938,0.5373578071594238,0.2579587697982788,1.4041779041290283
229441082274343,16.133435457207,-61.769410665445,-34.493480696487204,-58.58784980529898,GP,noise,1,5639.507038761689,0.23330247402191162,0.09195247292518616,3.353893518447876
588131552889375,-30.701177534770288,-55.134334723553735,-9.611623367758446,-36.05774621953654,BR,noise,1,3065.4286386554204,0.2629241943359375,0.1427728235721588,3.7441608905792236
282418593597680,-15.111719223373,167.09145508574,-16.6236652280066,176.2816040218175,VU,noise,1,997.1200438272075,0.1933368444442749,0.12024375051259995,4.6458353996276855
979772486214909,34.1336148881033,136.00098041765338,35.19354261396934,138.28044428543865,JP,noise,1,239.4746939989764,0.6804817914962769,0.5643525123596191,1.4425246715545654
3774979212627875,-14.866355003204,34.792262380462,-7.013094667466112,-36.1306738033684,MW,noise,1,7764.370622047139,0.9707953929901123,0.9661906957626343,0.25368911027908325
426972879607348,-17.525550986516745,-149.84053510202472,-20.927771350606285,55.5799109131993,PF,noise,1,14919.841119963117,0.2573094666004181,0.10845577716827393,3.5483314990997314
1689362237932062,13.800606381009,-88.316570230116,14.662943883850653,-61.0635165560708,SV,noise,1,2937.218393579733,0.5238915681838989,0.3434894382953644,2.268176317214966
1166613090443646,50.253231893566,106.33993531955,47.914067184603894,107.10864725925386,MN,noise,1,266.055756395443,0.13260139524936676,0.08749361336231232,5.023978233337402
420134173638637,-10.810393821363714,31.731146261210167,-19.20534996562612,-50.214280015670276,ZM,noise,1,8778.819902027535,0.5530683994293213,0.4074118733406067,1.8615355491638184
474713760445897,34.526350993866,69.196344342811,35.67451829363111,59.883404157894454,AF,noise,1,856.4569712306937,0.10478755086660385,0.039967991411685944,4.978475093841553
506851794060092,43.177582319251,19.311856309232,47.2793934518122,22.92796640451177,ME,noise,1,536.7218210337352,0.12739703059196472,0.03552711755037308,4.036506652832031
2995572500661892,38.898518256485,16.523049856494,39.309549082556664,16.622285388950303,IT,noise,1,46.499737048064944,0.30179718136787415,0.1805158257484436,3.640533924102783
115961117883320,28.43217928695932,36.51346701072073,22.67102889272508,39.79335112716479,SA,noise,1,720.0612222836895,0.9990112781524658,0.9988605380058289,0.011734399944543839
1007571866714652,55.571514078836,10.350650482308,56.022685365914526,8.486413321585866,DK,noise,1,126.86040124066906,0.3382081687450409,0.224075049161911,3.0816409587860107
1174895919599539,20.052558993471,103.35914721659,18.34561623980701,104.28160747208547,LA,noise,1,213.09095296067986,0.8868195414543152,0.8790978789329529,0.9318910837173462
912812452874701,-11.627287351809,43.262280127651,13.16789792640438,-61.214070511407556,KM,noise,1,11844.3212046539,0.23955008387565613,0.09442262351512909,3.16520357131958
173416451344450,35.019561811666,33.986374163354,34.75162689674508,32.45306584729692,CY,noise,1,142.99369321345117,0.6838260293006897,0.5809454321861267,1.3208768367767334
1449896788674967,-5.4217682185916,141.29314063475,43.45849532273233,143.27233062230852,PG,noise,1,5438.88216899449,0.3315042555332184,0.21372315287590027,3.4015626907348633
232511111978904,-34.065025583843,-55.656389079107,-34.39110786795394,-56.12135547630647,UY,noise,1,56.05370878834372,0.2947799265384674,0.14971190690994263,2.984998941421509
1109815899545804,24.996104447036725,51.03225264110503,30.591197953167157,29.873289676755025,QA,noise,1,2168.383759786582,0.156010240316391,0.007692068815231323,3.4580416679382324
736517197023313,6.5599786208778,-4.9915528001493,12.060819361401492,76.7278697382665,CI,noise,1,8959.309910675982,0.4214288890361786,0.249136283993721,3.1482205390930176
456214902348496,19.610685333333,37.215206138889,14.795450833347218,-16.492650708121985,SD,noise,1,5707.985034729584,0.43192005157470703,0.3058236241340637,3.0083305835723877
345208620288312,19.224700165467,-69.390303678979,24.977985131219512,121.25814324796956,DO,noise,1,14966.70707904562,0.10112938284873962,0.05972101166844368,5.1497673988342285
1468811220266965,7.362390601198927,134.50483736055023,41.42278270685886,-73.47942154887602,PW,noise,1,13886.586274853227,0.3142002820968628,0.14701437950134277,3.4704196453094482
308427384185327,35.884648502247,14.544820145722,33.92632732652108,35.54103830327349,MT,noise,1,1923.2576010826554,0.2737920582294464,0.11910514533519745,2.797067880630493
395740224747116,6.5139480425193,2.6483266181429,6.499598382996269,2.6255688978722747,BJ,noise,1,2.9778153506777016,0.3236900568008423,0.09920735657215118,2.436375856399536
1432327937141676,13.459201505715,-14.688767601582,1.8538146217515312,32.030053452659246,GM,noise,1,5296.082637645036,0.25585106015205383,0.130438894033432,3.5514423847198486
1797066053813454,45.212729270223,20.36112097384,49.595973679498265,7.452642942453081,RS,noise,1,1084.926040927228,0.11281348019838333,0.011178605258464813,4.232369422912598
4182076221831792,70.667211583155,25.389289533957,58.19783805394519,56.861193536765036,NO,noise,1,2007.8678344241644,0.6348325610160828,0.46133527159690857,1.8902314901351929
3450481218541153,25.63903018538021,51.51003081357617,30.091433339055325,31.405885185423266,QA,noise,1,2034.2845408717756,0.4519662857055664,0.19438666105270386,2.007485866546631
881754115706919,18.443691037533,-64.642920411564,24.571105683906403,121.3154680783219,VG,noise,1,15188.689285838598,0.6988334655761719,0.673841118812561,2.080568552017212
512504643106571,-51.848040759038,-58.223206369416,-0.9600255770761478,35.68102115551184,FK,noise,1,10191.565946395127,0.7468708157539368,0.7014590501785278,1.4610521793365479
172855664661959,10.37149331328,-12.099479736597,6.906635768684729,-11.540072988150971,GN,noise,1,390.1502342183622,0.6610907316207886,0.5680432319641113,1.8966432809829712
833358057538383,78.076451987378,14.16217603674,65.54820680788742,-23.484200522885537,SJ,noise,1,1844.475842910304,0.5598885416984558,0.3332172632217407,2.02791166305542
214810390166469,3.5846135120697,23.723674547511,-37.767624549863825,145.2527591761003,CD,noise,1,12987.454016861811,0.07733286917209625,0.016993172466754913,5.214341640472412
562840304708452,46.225408646208,15.611350197474,46.61692916967556,14.241202363604629,SI,noise,1,113.6887435260415,0.1766054630279541,0.06098783761262894,3.4814088344573975
817268602327565,-5.9419482354293,29.161401435445,-6.231094682603636,31.134953392450598,CD,noise,1,220.5674678612393,0.25436311960220337,0.16181568801403046,3.9358482360839844
1034524170413490,21.467073188908,-71.131572461898,21.482210941261293,-72.99766728433362,TC,noise,1,193.10173353043706,0.8546239137649536,0.8084309101104736,0.6956895589828491
1856356164529190,14.123830049658,99.400519963042,47.28878720254805,19.12322650491879,TH,noise,1,8130.43221628558,0.1368485540151596,0.036681026220321655,4.057743072509766
478137076746783,18.362805634492,-88.435381772096,-9.67120423423799,-35.936176654745076,BZ,noise,1,6548.593218792617,0.20129114389419556,0.02300196886062622,3.637545347213745
498318618261034,41.404988775836,21.780395818511,39.3674983605275,16.677156857160885,MK,noise,1,487.88750107188577,0.724173367023468,0.6912298798561096,2.0255799293518066
2934584883419749,40.95347805494,47.883005000971,43.5659518164136,143.45861389913293,AZ,noise,1,7395.794336484638,0.1463794708251953,0.05553320050239563,4.465123176574707
928316151288980,7.1879551740757,2.0018755441177,-13.347749503515496,25.28601520157352,BJ,noise,1,3438.805952274774,0.5461840033531189,0.40523701906204224,2.124685764312744
684315855630498,-29.405735807316,27.816853497845,-30.134546011479983,28.142826666528475,LS,noise,1,86.93312369680295,0.3189006447792053,0.014399439096450806,1.660277247428894
186849946625100,14.753512333683,-61.142985518229,25.154218174565493,121.68023829669694,MQ,noise,1,15567.009592644268,0.09167646616697311,0.0018117576837539673,4.1739935874938965
963176671141156,18.09268978577508,-15.935383158508005,33.899820654845676,10.072864687740093,MR,noise,1,3122.4322855054493,0.5216786861419678,0.44085025787353516,2.718946933746338
300283158416232,38.131370007974,13.274583161259,33.90367021653864,35.60710888438562,IT,noise,1,2057.363120999087,0.8746650218963623,0.7986583709716797,0.659408688545227
1247260492372230,-2.4010827279028115,29.579609392792413,-13.007889997804936,27.84371146348539,RW,noise,1,1194.7873781554788,0.52615886926651,0.43699416518211365,2.6604034900665283
4176262119093022,14.688978023377,-91.548589043217,19.552910099365732,-96.87952642714723,GT,noise,1,783.0534285555286,0.814279317855835,0.795154333114624,1.3601725101470947
2762253127421121,2.0297128301047,45.335734728401,53.409171647730865,6.708733256270474,SO,noise,1,6716.982963423889,0.09770716726779938,0.016577214002609253,5.404396057128906
225659908904821,25.948880833757,50.588428667013,25.88202589643784,50.60943779975474,BH,noise,1,7.725173806538089,0.22836782038211823,0.11974461376667023,3.847111225128174
149923280750483,7.361847187159381,134.51969303436232,10.009195690314328,-84.27215805937479,PW,noise,1,15305.25007572763,0.7418307662010193,0.69847571849823,1.8154412508010864
190898982868748,55.795733000622,26.378530002305,56.47944061594235,26.454195427926177,LT,noise,1,76.16921265756233,0.23174947500228882,0.1568276286125183,4.234013557434082
186306836702993,38.679684725081,-3.0625683543611,39.3432434436809,36.22800315877413,ES,noise,1,3368.427998469544,0.7009928226470947,0.5712435245513916,1.6548031568527222
1146877169153705,18.59342674547,-68.388033766711,28.631934944925494,-81.26339036593698,DO,noise,1,1720.0869332915522,0.1844526082277298,0.00947396457195282,3.378509998321533
950737242436239,10.385183082561,-0.78958324298512,-12.490380327385232,27.838507573064987,GH,noise,1,4057.6364996641782,0.38599371910095215,0.18688538670539856,2.760054111480713
301977051516569,58.706895821146,13.896556360307,57.65877368620441,13.732842727910574,SE,noise,1,116.94026648735245,0.3095054626464844,0.05292034149169922,2.019944429397583
898624280682585,49.458533172147,-2.5981886348273,54.27060345164523,-4.240102415266888,GG,noise,1,546.7858362905415,0.3601255416870117,0.15703903138637543,2.472994327545166
469891447444920,16.804499980025383,53.27984729115688,30.984059077456596,35.50214180610588,YE,noise,1,2391.9880625738265,0.23690226674079895,0.03627534210681915,2.518160343170166
530606458102780,11.557031237126,43.092310521315,33.054819460817946,10.470730734928361,DJ,noise,1,4090.245072198589,0.18841370940208435,0.09884510189294815,4.226357460021973
310840073886034,-0.84581588834853,-80.17844601219,-25.485237002042357,-49.301781967109335,EC,noise,1,4297.151820212985,0.583490252494812,0.5185324549674988,2.2424681186676025
477881999969065,24.946444828187,56.186213387143,21.937795508097768,39.610853769099656,AE,noise,1,1722.5267555910737,0.8964953422546387,0.8800170421600342,0.7327013611793518
494687355014866,15.351932577531,-61.256287052693,18.580390772036505,-74.09064321123418,DM,noise,1,1410.9602525214025,0.38410690426826477,0.13738740980625153,2.6408941745758057
1443285099355563,16.555627302292,96.198597103646,14.022160234685833,100.84779040055916,MM,noise,1,572.6892306196557,0.6847361922264099,0.5806154012680054,1.8125680685043335
4104851466266998,50.070544187764,5.8458119238789,48.49387945249107,-122.19914644316924,LU,noise,1,7985.124081318195,0.1746438443660736,0.06236174702644348,4.321760177612305
1896496400517870,13.223609624878,-61.268552428199,23.68931740732032,120.77670653990108,VC,noise,1,15904.536198559212,0.22900927066802979,0.15158936381340027,4.3327813148498535
1077942902611364,51.861118010498,-1.6602529488605,59.96829075653357,-1.2755153407663937,GB,noise,1,901.791224720534,0.09716123342514038,0.04270870238542557,4.966439723968506
1365414380506403,21.476737171908,-71.132920671407,6.774255440870991,-58.143518878452056,TC,noise,1,2149.7138509834285,0.427908331155777,0.1412414312362671,1.3875398635864258
275646330919906,47.355981665822,13.66278897535,63.144069997723236,18.08290674490383,AT,noise,1,1776.7443139482502,0.24618996679782867,0.11077754199504852,3.042353391647339
4085345498214305,54.3204660444997,-4.449369579381132,51.214409160022385,0.1033778656229133,IM,noise,1,461.44727709594775,0.20274803042411804,0.09686445444822311,3.7952191829681396
319387202956018,36.746376386627,71.926086394726,35.954702904437845,51.10407624575468,TJ,noise,1,1863.1651425339685,0.270091712474823,0.03351390361785889,2.2619035243988037
192500316060760,8.5018456161549,-10.886196315338,8.550754176416358,-10.547388797844011,SL,noise,1,37.65212555925354,0.29718899726867676,0.18921789526939392,3.9642412662506104
469096650835409,78.165866991509,14.615773975551,62.14961142431157,-7.201269572942014,SJ,noise,1,1933.0636886414736,0.6640911102294922,0.5747308135032654,1.7614238262176514
204485121341585,12.133472243206,-68.277416893276,3.4489932789938034,-76.52252678660822,BQ,noise,1,1325.1127842274275,0.4901227056980133,0.40681159496307373,2.9126482009887695
142251097914946,62.221882069575,-7.0387447331054,60.53320879155378,-1.2914196811642704,FO,noise,1,358.9481736818419,0.743319571018219,0.6381353735923767,0.966535210609436
5522870664422058,42.480681608263,24.806056880296,42.61252242397378,24.76471725847841,BG,noise,1,15.046103347959196,0.2501409947872162,0.06896598637104034,2.7605631351470947
911536296350418,13.531493241774,2.048401634304,6.043836701569989,0.5821319756937646,NE,noise,1,847.9265677650919,0.28410348296165466,0.08968597650527954,2.8423914909362793
217953836457406,10.205301098661,-14.000220074778,-12.47440477662917,28.077320425491926,GN,noise,1,5287.029124875089,0.27154460549354553,0.05980229377746582,3.490565299987793
2915873148627226,47.806436500583,28.717659500757,47.75840076123582,27.980794975975307,MD,noise,1,55.31472479870931,0.7567139863967896,0.7093482613563538,1.163933277130127
1383220612042284,40.713663160769,75.04503308282,48.056299747248154,27.587402202183938,KG,noise,1,3795.6240710087422,0.21027114987373352,0.1500677764415741,4.321296691894531
966259830868758,43.623138586006,18.908434254799,45.902230230207515,8.33517453799644,BA,noise,1,871.6253396705824,0.21695761382579803,0.09854400157928467,3.829853057861328
216904886576725,-17.609749712456,168.24322430001,-7.212655071018701,-34.84311518533085,VU,noise,1,16267.02717193327,0.5604547262191772,0.5436287522315979,3.121389627456665
1083924499211873,-15.604998425967928,-54.3918257160871,32.152409893093925,-111.13567854486679,BR,noise,1,8039.547272609246,0.09862026572227478,0.019576221704483032,5.03358268737793
515495726108152,-21.626125276138,46.991186348236,19.544659087060865,-96.89410083393061,MG,noise,1,16256.85371078572,0.25198987126350403,0.007617324590682983,2.7482805252075195
995843031248300,0.35769064003091,6.56005755347,19.5456701240566,-96.86148120638468,ST,noise,1,11398.821618449278,0.11803384870290756,0.009660176932811737,3.591503620147705
868028680411287,33.75473452141,35.539565617947,33.9049718548524,35.49278874302398,LB,noise,1,17.255340184846393,0.9994319081306458,0.9993184804916382,0.006761963479220867
497044088003103,39.80104505168,3.0309963190024,39.85412806616577,3.1077145920360305,ES,noise,1,8.818188722165454,0.6243209838867188,0.534745454788208,2.0675766468048096
763955694314654,46.724388793399,10.079801957807,46.90582632500087,11.550252994313528,CH,noise,1,113.69901596575235,0.12817056477069855,0.01954517513513565,3.4935061931610107
933520784110620,12.510164810275,-70.009077685586,34.76632074764451,32.458087109089284,AW,noise,1,10323.753321192233,0.5376902222633362,0.3634362816810608,2.023029327392578
4220821467968709,8.70139122196,80.590505170341,5.993385253176622,0.5399767248677106,LK,noise,1,8817.841987626623,0.2838497459888458,0.19536839425563812,3.4589614868164062
472361870697782,26.020756253761,50.623130115609,26.055265815386825,50.538901276123916,BH,noise,1,9.248819173600804,0.4733179211616516,0.41253483295440674,2.9151549339294434
658902925214070,22.641060199825,-79.087651499584,21.495934257775133,-73.01515429257644,CU,noise,1,638.5281659221367,0.10371850430965424,0.031071729958057404,4.981756687164307
1183079165486550,-5.70834515155,34.761777557018,5.978809555480067,0.4679067286404591,TZ,noise,1,4022.3483132113092,0.3655579686164856,0.17699863016605377,3.074995279312134
296065025397911,34.897985568931,32.528909790104,34.86976977047748,32.42338845880662,CY,noise,1,10.123533757127074,0.643717885017395,0.5171924829483032,1.4429892301559448
298824355069041,42.200225487404,21.258956694741,42.78126677631323,22.03148587357428,XK,noise,1,90.47885290418513,0.976280927658081,0.9660197496414185,0.16342154145240784
111691027649131,-22.530138328473,-59.8361857055,-27.040271129447984,-56.592710498771766,PY,noise,1,598.8529126220383,0.7351707220077515,0.5897099375724792,1.0705194473266602
752480212123625,49.471066330606,-2.5339439207361,51.737576210821906,-4.868915938304363,GG,noise,1,301.0791716084596,0.6348568797111511,0.5674031376838684,2.037419080734253
1074377829753053,-6.7022282025878,-76.214917225524,-38.624247068334846,-72.07104958786555,PE,noise,1,3573.9321929223124,0.6242766380310059,0.507638692855835,2.0164642333984375
525641785107823,50.160224002237,6.1091880533415,50.09916058169237,11.74968967165917,LU,noise,1,402.026273798428,0.2765379250049591,0.21394476294517517,3.5016560554504395
226167275508563,15.49826792628,-61.465568794916,17.16274177277577,-62.615805129868164,DM,noise,1,222.07842315490208,0.4794527590274811,0.28703129291534424,2.295337438583374
148887153873411,5.2121780980173,-52.75060936262,45.758933480794894,21.278823754942216,GF,noise,1,8356.55927667316,0.18881800770759583,0.1352304220199585,4.719499588012695
303850827922633,-34.01092105809,-55.839634214304,-37.5885825521336,-59.46457432362341,UY,noise,1,514.8154051152101,0.45853540301322937,0.28920429944992065,2.3464365005493164
311706737236449,50.868855073513,8.8221774508729,49.791216587875105,7.399794185609965,DE,noise,1,156.68667926972978,0.153578519821167,0.045699119567871094,3.430302143096924
1416886515315835,8.139352166375,34.375065339482,-17.950722104764356,-49.62351621327074,ET,noise,1,9658.068230975352,0.38164272904396057,0.23659838736057281,2.6216118335723877
178330404153531,-21.691747493695,-64.656846311167,5.800755473774732,-73.00121695602483,BO,noise,1,3189.452332570634,0.7916354537010193,0.6940104961395264,0.9275032877922058
218036349822435,41.14963208511,20.008913305496,45.89274463865572,11.062700096700246,AL,noise,1,892.6785875642081,0.3486195504665375,0.26969537138938904,3.256995677947998
2882903775325778,69.217437476679,-51.098566140502,66.18095659087498,23.656636282518814,GL,noise,1,2974.45435254748,0.30442333221435547,0.0408475399017334,2.667050838470459
459460818448144,27.426607200988,89.643491444303,25.13293366105274,121.61661095600395,BT,noise,1,3189.3209245396847,0.32102662324905396,0.11823514103889465,2.3525094985961914
309590514053514,-21.85770610861,165.95185481884,-36.15205690419155,174.43635960094412,NC,noise,1,1788.8763311287519,0.38038307428359985,0.1985272467136383,3.2184908390045166
179548807357974,23.005385103705,120.43121323661,23.969089725426368,120.93019501010299,TW,noise,1,118.62750612031928,0.3973992168903351,0.1916017085313797,2.1259005069732666
528726041469936,3.6332857552313,72.958318596822,1.2612335442439875,103.84313209238438,MV,noise,1,3440.9008442650543,0.46433189511299133,0.20439782738685608,2.3655107021331787
568831498116619,24.732585867741577,121.74077955053384,44.545150288692156,142.27902552234175,TW,noise,1,2878.435469863855,0.7288764119148254,0.6704737544059753,1.3573942184448242
871486690248300,-19.804021310365,-63.993881510197,5.557531682094383,-73.5286337917028,BO,noise,1,3006.752793940795,0.7711583971977234,0.7494652271270752,1.6880214214324951
380042953234728,-19.161161992074,-64.572161532541,57.50744634896316,-5.214085302587904,BO,noise,1,10123.656820078528,0.06934752315282822,0.010599032044410706,4.840092658996582
368884091223603,35.755508707073,53.366090359346,35.76414386727874,-115.4367416815867,IR,noise,1,11978.447650931132,0.46495893597602844,0.3391593098640442,2.7704696655273438
512716496579771,12.164080960014,-68.283956526724,5.008415415151592,-1.647331738052126,BQ,noise,1,7353.945534490203,0.14435409009456635,0.06573393940925598,4.893710613250732
485436899323868,65.609323761209,-37.633778515025,67.3077697000675,14.070964957597106,GL,noise,1,2237.1894626784233,0.5043216347694397,0.36129146814346313,2.323918342590332
172629294662585,48.532451875231,17.496813301999,48.99235528440325,2.8506933263822103,SK,noise,1,1073.0768922024674,0.3460897207260132,0.11442773044109344,2.650557518005371
506770377649958,-12.679904697999794,45.08466359942028,21.48997984418219,-98.14491794129385,YT,noise,1,15996.609804826954,0.5195462107658386,0.3904396593570709,2.4732506275177
265103101980958,14.721827633666,-60.947724527678,43.769096742581354,11.158763684163924,MQ,noise,1,7452.464759353806,0.07589025795459747,0.0005845502018928528,4.351933002471924
517013032790983,42.403345896483,44.64336095767,43.549527820204545,40.61281184093676,GE,noise,1,351.7515223882169,0.20709870755672455,0.07761478424072266,3.4885799884796143
825755764959780,20.340364998941,-87.352869999803,-23.22431040334956,-45.95190098792769,MX,noise,1,6603.311280902504,0.188400998711586,0.014190122485160828,3.8577260971069336
3799534356839064,60.209940286403,20.246918494907,61.3327806117549,13.835264431497011,AX,noise,1,369.65373319495575,0.2253277599811554,0.08899229764938354,3.669617176055908
134126825414739,38.270282754345,61.711075339758,38.109876725532274,61.79828123439255,TM,noise,1,19.396395998580385,0.7665796279907227,0.6932135820388794,1.3507455587387085
1397623030665407,14.493780516069648,-88.97344682800627,17.751891454583504,-92.93136395111527,HN,noise,1,556.7196805370422,0.23002533614635468,0.13474543392658234,3.9813966751098633
170949221611851,33.305143801504,126.28817369339,55.15331528211372,61.33307678782523,KR,noise,1,5476.087638368196,0.4720775783061981,0.3450189232826233,2.554816722869873
978428179365285,33.705735440434,51.794214966505,30.091001336502348,31.392620723290108,IR,noise,1,1963.9825830357863,0.33808550238609314,0.30399587750434875,4.196709156036377
333013904838174,32.340904308709,15.105537141291,33.90130195177129,10.074668463547523,LY,noise,1,499.5365366434251,0.2487793266773224,0.025797948241233826,3.0886216163635254
248513507027667,5.6150523860158,16.240852825971,43.37441860498565,6.645755653513381,CF,noise,1,4302.846052686262,0.09077751636505127,0.03450764715671539,5.1752800941467285
237495388152862,-11.621236170917,43.26262853229,-25.50512785642624,-54.65473582835057,KM,noise,1,10230.788838797831,0.4388701021671295,0.18808558583259583,1.8102123737335205
3042776155952353,18.400872724367,-88.464242712832,-9.657713959098505,-35.89933034824227,BZ,noise,1,6555.934847832354,0.12648016214370728,0.014562934637069702,4.605591773986816
487380732512751,4.8184532,114.77786780001,5.485339686075345,100.48826301586153,BN,noise,1,1584.2065379822318,0.558022677898407,0.488228440284729,2.7214016914367676
290265362649999,26.177525761353,50.383620514714,23.63527694295447,58.24908268227249,BH,noise,1,841.9176161181684,0.5763542652130127,0.32918500900268555,1.602880597114563
482049282914438,7.5885792292079,134.59098074356,16.0299662038743,-61.80704065959782,PW,noise,1,16828.23497662826,0.8040545582771301,0.7440176606178284,1.1972875595092773
225571855612889,46.763350531273,-81.597671294692,46.94776080741493,-81.6197329430809,CA,noise,1,20.573993064755136,0.9937238097190857,0.9909726977348328,0.05160324648022652
4804926129529176,15.24531506432567,-14.593708973874378,55.459811513810294,8.725396974546221,SN,noise,1,4896.167879261021,0.15125040709972382,0.08596137166023254,4.652182102203369
369883598351184,-20.367575551703407,57.57618979619237,-29.697189999285076,-53.035698886387806,MU,noise,1,10737.047752348557,0.08844518661499023,0.006168261170387268,4.77595329284668
4121896524538487,24.635513307941,-76.169569569,-33.98263261096837,25.420043338562607,BS,noise,1,12521.384200811126,0.12292022258043289,0.06263025850057602,5.004194736480713
3863471930446023,-17.111944610128667,15.757158787596603,-13.68441053269294,28.381098171181243,AO,noise,1,1405.5468046562323,0.29952043294906616,0.014685273170471191,3.066124677658081
300728688257104,30.395743312589,35.487349115709,-30.139041944247342,28.209503261853012,JO,noise,1,6775.051718539245,0.7135356068611145,0.6394242644309998,1.499913215637207
1126228627789114,50.981438273289,3.9109549608118,53.05555938235128,5.599232675246662,BE,noise,1,257.93165426553094,0.13797758519649506,0.09965090453624725,4.866080284118652
549637092752676,-14.934793656692474,13.483762083058584,34.26665453752346,-6.437210998842309,AO,noise,1,5862.911074472992,0.6627808809280396,0.6044828295707703,2.1442782878875732
1003284990411465,12.059176169795167,-15.322303903822672,9.07422846748841,1.2537031927083633,GW,noise,1,1841.6272541145004,0.35862886905670166,0.12029851973056793,2.686941623687744
549574962737771,14.061193852760738,-84.04279947361962,14.15806527397234,-83.91658991430066,NI,noise,1,17.357205754893176,0.21285907924175262,0.1284453272819519,3.9669926166534424
542559790066195,33.009983226586,35.680040403337,42.03389231972447,-8.84540995219639,SY,noise,1,4005.0791556271906,0.21249011158943176,0.060250356793403625,4.12136697769165
265445685298888,13.004017262133,109.35894392193,16.536600889355686,79.31455362824346,VN,noise,1,3251.1156237239225,0.5334779024124146,0.3429100811481476,1.898556113243103
1444159855929152,12.212140324895,-61.65046673147,12.227406346381962,-61.571256648379816,GD,noise,1,8.773975508676191,0.4750595986843109,0.23590883612632751,1.7577747106552124
378257181042695,0.4223981532159322,9.46341740514976,-6.137045294331195,106.96599991872907,GA,noise,1,10842.025843808098,0.2494884729385376,0.14854392409324646,3.740901470184326
136200968757362,15.043474943211962,-3.1134483369205417,12.58301765671927,-5.757391777009073,ML,noise,1,395.3996999765856,0.6018158197402954,0.5373672246932983,2.2404255867004395
533142534351766,-9.8840552815116,33.911477956503,-13.430494341859214,26.455545424629168,MW,noise,1,902.5046571762612,0.9895780086517334,0.9877521395683289,0.10192722082138062
522728752252154,41.038602463059,19.563694296348,40.88259836960587,19.795502638885818,AL,noise,1,26.072917548930704,0.5146551728248596,0.31065142154693604,2.2116212844848633
758888101326263,31.637988555726,73.231186805001,25.117341791071187,55.28492948687525,PK,noise,1,1896.4026083045578,0.37146615982055664,0.2529764175415039,2.9902055263519287
305757657709496,1.0675572904673,103.9646409699,3.1397971579750963,101.36086185802974,SG,noise,1,369.8625704899179,0.29503288865089417,0.15206493437290192,3.8054802417755127
223281329232117,12.507939003947,-70.014398687436,-8.911464021020347,13.286893475633912,AW,noise,1,9503.990877518805,0.20619945228099823,0.13676857948303223,4.33756160736084
353672373022082,41.381628312913,22.307214335612,46.68711459430689,9.514755050501678,MK,noise,1,1178.5043383124248,0.22262930870056152,0.04557636380195618,3.42051362991333
855868761633795,18.030052213813,-63.078616758552,13.159599809428055,-61.24041773139631,SX,noise,1,576.2186249573596,0.893457293510437,0.861362099647522,0.6475256085395813
510341753682172,18.547859996816,-68.613997996337,28.65634698819653,-81.21415627666705,DO,noise,1,1704.0893145345433,0.33264902234077454,0.23916244506835938,3.412105083465576
3864898026890576,49.490894517019,-2.5725344431006,56.579285590110636,-3.4534685506209057,GG,noise,1,790.3733549758938,0.17936141788959503,0.09332289546728134,4.284618854522705
307754797548858,34.712695715026,-3.8563324324235,-33.796927690665235,19.72416234400622,MA,noise,1,8004.10749508852,0.4832410216331482,0.3806096315383911,2.5750319957733154
446821260679124,-9.024115630183084,125.29622320893388,42.56039171934565,-3.0184746639512845,TL,noise,1,13772.037129428192,0.08261209726333618,0.006865851581096649,4.970561981201172
947185652683658,-2.3270469336559,-78.929168380573,-2.0676147023328366,-78.83717428843568,EC,noise,1,30.604985101109115,0.5703099370002747,0.4075774550437927,2.1684370040893555
2947290612262244,-11.652155080814,43.263890007029,-20.9165025606019,55.49399711316187,KM,noise,1,1661.3279163367015,0.44429031014442444,0.0944252610206604,1.2237563133239746
2932426006995864,12.349827079376,105.09907855331,-2.59827352821723,-44.52556343369529,KH,noise,1,16499.747062269682,0.5418577790260315,0.43419134616851807,2.173177719116211
271753411301610,-18.657738465691,-174.02787918873,16.880888148584134,-88.60510839928986,TO,noise,1,10138.455965928053,0.22776460647583008,0.11441133916378021,3.8248236179351807
478264666827999,61.472372240129,-6.7939711372832,61.6834699035261,-6.80078793086042,FO,noise,1,23.47576154157495,0.8730637431144714,0.803172767162323,0.543154239654541
1101915547131650,-35.411992228208355,-71.29963328046824,42.04346325758835,-8.654761122911529,CL,noise,1,10709.380936844056,0.6868839859962463,0.5850419998168945,1.8731590509414673
3920872697958453,60.225200988406,20.059664271851,59.804664124692785,13.579087148140685,AX,noise,1,363.01324235940837,0.24245047569274902,0.0734110176563263,3.47127628326416
480958303108322,18.02673753942373,-15.984917957529673,30.0560375854648,31.351635108889017,MR,noise,1,4952.586363941989,0.3975212574005127,0.09805426001548767,2.0432019233703613
477439253471149,2.1909112658474,25.247273616721,1.771604365766585,31.76041077943962,CD,noise,1,725.2929383626936,0.5570064783096313,0.47634270787239075,2.4102184772491455
2503535586463255,5.369009126207446,163.01297824070343,4.247489469360978,156.04286699412356,FM,noise,1,782.3013481757112,0.25811251997947693,0.08815202116966248,3.7929821014404297
699303201033596,25.12900987620192,33.08865526570508,-25.857445243825413,32.61766861562794,EG,noise,1,5669.660833709044,0.14635762572288513,0.06361877918243408,3.862421989440918
1109009986288059,-8.6876105869135,120.2374852281,-7.618066668914639,111.0603806930827,ID,noise,1,1017.0738891639354,0.4525868594646454,0.26549267768859863,2.872882604598999
945361122882179,12.134119747509,-68.278230013563,39.70690789178149,4.60820192618695,BQ,noise,1,7691.2118159841775,0.22554168105125427,0.10656119138002396,3.9899351596832275
1086140081896052,17.025256612863,-61.868698580061,17.121440829768876,-61.962422903899984,AG,noise,1,14.61630193204377,0.9988574981689453,0.9978402853012085,0.009523121640086174
2896487987274330,-8.6384264591615,125.60292428532,-7.210351873711126,-34.90874683733547,TL,noise,1,17227.465270129756,0.13761205971240997,0.07969976961612701,4.3755669593811035
2579869142308862,10.34358900767,-61.458152299031,12.155290489163736,-61.747940164950805,TT,noise,1,203.91572684509947,0.6902475357055664,0.5985138416290283,1.4519102573394775
267083508462188,52.899440738443,8.4141554815178,54.30010972164309,-4.01912337149362,DE,noise,1,833.912324346251,0.20182064175605774,0.149814635515213,4.226107597351074
135893315238976,8.7909434146234,-78.181606800432,-18.741977700529397,-49.29774862437214,PA,noise,1,4405.188574530167,0.3934241831302643,0.30711469054222107,3.606081247329712
150017570480103,41.50666060749,21.935799073836,49.552110616018645,18.09359530690966,MK,noise,1,943.0203841094317,0.20821818709373474,0.11934784799814224,4.555604934692383
869032447374518,45.14353499999999,14.845183055555555,44.665347242496075,15.081711921527877,HR,noise,1,56.34073924763731,0.3861362040042877,0.10599544644355774,1.9374068975448608
919042368661061,-35.376055559767,146.26475,53.37679867529872,44.412439493760694,AU,noise,1,13829.406843371944,0.8066971302032471,0.7313148975372314,1.0185248851776123
985915661813386,-23.393263453848,44.397761247232,-26.0292429161309,32.62099890313252,MG,noise,1,1224.6530062846648,0.6061064004898071,0.425689160823822,1.717557430267334
670850541182018,26.0204034,51.064903400000006,27.628577865976833,33.41938766170882,QA,noise,1,1758.5511861173736,0.6512731909751892,0.539451003074646,1.980188012123108
358677975646602,18.32970950933104,-64.95126838918696,17.160531636139883,-62.414944220834506,VI,noise,1,298.408530648069,0.9802019000053406,0.9709907174110413,0.13896837830543518
468571217849628,27.519976313624777,114.13899685380947,24.035964229016116,121.579965592344,CN,noise,1,839.4989563806378,0.40036341547966003,0.07508373260498047,2.2123751640319824
166033172108272,39.547581612083,46.441663046559,39.677533870967906,46.30254594441164,AM,noise,1,18.730136988345656,0.2892843782901764,0.22041797637939453,4.354713439941406
494503958271926,65.59525777881,-23.774501108369,66.15484128026473,-23.941141785128583,IS,noise,1,62.68200841334515,0.6273698210716248,0.5161515474319458,1.9294694662094116
912539252641876,-6.3006910051682,176.31917767142,7.454405553429789,99.41834813042878,TV,noise,1,8665.292830522323,0.14067956805229187,0.05434976518154144,4.577614784240723
528519191857396,31.419084991343,35.033717818153,31.646329682798633,35.0790493409402,PS,noise,1,25.631102761751972,0.5654613375663757,0.41020721197128296,1.3589863777160645
2693852350916149,-22.134506991871,166.34104640683,58.28651082903178,29.60014995460634,NC,noise,1,14729.41423076153,0.4756390452384949,0.266384482383728,2.492654800415039
943976513021626,17.310149834096,-62.711002505143,17.1853882978205,-62.49856736799399,KN,noise,1,26.483686098652726,0.3414071500301361,0.10530035197734833,2.6052498817443848
314603156759488,27.431221771339,89.646958499505,24.622150227381425,121.8432249827547,BT,noise,1,3223.2637033285287,0.6448491215705872,0.48690658807754517,1.5441694259643555
142911821192377,18.124397901175595,-15.95930487738458,30.043828085591645,31.435069299085747,MR,noise,1,4953.4773336842245,0.3940064609050751,0.31349998712539673,3.153512477874756
995608364307407,62.231154398192,-7.0203744109078,62.281981316668904,-7.171963896098794,FO,noise,1,9.670158710442557,0.8623813986778259,0.8248987197875977,0.8460446000099182
920634065161187,49.245509981929,-2.1382669508349,49.27448247171159,-2.1600925859637363,JE,noise,1,3.589886485642295,0.40291374921798706,0.1978488564491272,2.290738105773926
314870496880636,28.628362975198,48.038775336392,30.000023217837736,47.72111092810089,KW,noise,1,155.60006186491526,0.4804442822933197,0.14488399028778076,1.6178816556930542
137727984953777,-6.2967650470378,176.31787733981,-16.86299184847948,145.75453004695265,TV,noise,1,3523.957051313674,0.10768728703260422,0.031214356422424316,4.771784782409668
970870010403579,1.3869451851245,173.14684137479,-9.73851903236162,-35.757844295782625,KI,noise,1,16687.226014787044,0.6226046681404114,0.586316704750061,2.3638432025909424
319746332831620,37.296859809574,-5.7125450742042,39.94801710067925,-5.059024718720123,ES,noise,1,300.2096231177121,0.27010589838027954,0.17929738759994507,3.5927836894989014
3035810213314122,55.003356832716,24.139338741958,56.44020897233754,26.86880366063617,LT,noise,1,233.94593022428452,0.2456061691045761,0.19313205778598785,4.629758358001709
288447642774684,-6.1571269966165,107.04394801454,-6.190208436600058,106.94132277906873,ID,noise,1,11.926667708540368,0.28254833817481995,0.05675378441810608,2.2730088233947754
829997677895262,12.323432189112,-1.5533388682237,6.220117775312584,1.1580534361984607,BF,noise,1,740.9613500444756,0.34279096126556396,0.26358911395072937,3.4898529052734375
106381768201986,11.974525625543,39.044869566531,40.63140741056522,47.13933717224077,ET,noise,1,3283.4152749870786,0.3015064299106598,0.09318695962429047,3.482862949371338
305230294414376,18.451313183212,-64.558514994681,4.395795361123084,-75.83721392372978,VG,noise,1,1986.227233530116,0.34055089950561523,0.1828281432390213,3.424530506134033
883910462466493,-15.648621030725534,39.34163432285212,52.19930612757294,-0.8133801814642462,MZ,noise,1,8476.828594787998,0.10802256315946579,0.015361949801445007,4.929666042327881
492194012125902,46.117642,18.110710999899,47.97606048779894,18.948239302943566,HU,noise,1,216.16699798952192,0.16217942535877228,0.012012496590614319,3.2913057804107666
1573490059506418,18.338429999176,-64.899272406242,8.046239945851136,35.65961483180924,VI,noise,1,10826.482943524665,0.2178366780281067,0.12072891741991043,3.6897120475769043
766495730715953,44.706372569218,18.069343447503,49.608349371364476,17.98300080028791,BA,noise,1,545.1139387609718,0.4669461250305176,0.08661788702011108,1.3903080224990845
781285156083286,32.087994573877,-8.2233968662806,31.92497394264749,-8.307696528606519,MA,noise,1,19.793271558764122,0.19467955827713013,0.00032500922679901123,3.515510082244873
745256106153583,52.344707039659,45.336839122968,55.34647160604616,61.30525817483133,RU,noise,1,1096.5688143899326,0.7980008721351624,0.7125442028045654,1.0084681510925293
1117334568775680,18.337748404316,-64.915702992028,17.148337484668538,-62.35740278823359,VI,noise,1,301.48780770403584,0.4748564660549164,0.43253761529922485,3.4601447582244873
306286164527539,33.350146257859,126.25399959043,34.78059693828509,137.90798251501144,KR,noise,1,1084.570798218162,0.26696231961250305,0.10897961258888245,3.655905246734619
336794264546437,4.9054666559617,-52.301588003183,13.879889848589599,-89.54035507687468,GF,noise,1,4198.989652581714,0.5965926647186279,0.43099087476730347,1.410016655921936
153474173412155,38.399164295663,71.058858396182,32.28889205376941,77.37144858935366,AF,noise,1,888.0080810590006,0.9702051281929016,0.943821132183075,0.1505177766084671
350521240549818,31.321208568090835,27.27841709921041,30.034635237054268,31.419798839629728,EG,noise,1,421.06175032836194,0.40860116481781006,0.2327236533164978,2.8501510620117188
218975556246226,7.8821057071516,-74.834139978895,38.112808532642596,-109.51332563365861,CO,noise,1,4835.337008573082,0.4842323064804077,0.4437315762042999,3.3371810913085938
1259603784501134,31.292411220432,35.534796522034,30.83916018885623,35.511520722320036,JO,noise,1,50.44795031374375,0.9966480135917664,0.9961522817611694,0.03651366010308266
4309223739108363,2.1266240352603,45.323364966483,17.035168508089527,54.16493941936499,SO,noise,1,1918.8841239401688,0.6168371438980103,0.5618271231651306,2.283933162689209
259978149147748,40.965992824636,70.990742663385,26.65976959158143,67.04079303058803,UZ,noise,1,1631.595769552064,0.1658944934606552,0.01947021484375,4.036792278289795
764847514207415,29.990268063885,35.075916116471,38.43286293588476,-0.08720089301335272,JO,noise,1,3344.3687679890922,0.2991643249988556,0.13407231867313385,3.5429272651672363
248250033759700,29.80888569787,-8.8927590395819,-30.16511418147364,28.135512848901833,MA,noise,1,7735.515924340984,0.311572402715683,0.12113797664642334,3.129502534866333
454143095650719,4.754477618596,115.1672935653,42.810284666993184,143.60988738043937,BN,noise,1,5074.930069667958,0.22746601700782776,0.020110785961151123,3.396195411682129
779725396245876,17.150242379267,95.997861485963,-25.515964449205743,-54.795923673695036,MM,noise,1,16858.240697447065,0.2513465881347656,0.08600977063179016,3.496248245239258
580468796254927,1.0529367558583,104.00979134276,18.319100899197817,104.00450181967348,SG,noise,1,1919.9099421725957,0.13751652836799622,0.0038465112447738647,4.195911407470703
996366924230321,9.4509927129863,-5.632989557206,6.2805214125882225,0.1363496891042389,CI,noise,1,726.6437058221468,0.1052839607000351,0.04703374579548836,5.441646575927734
167430881975593,48.946219066106,17.372135047934,53.04945796721709,5.604906553852002,CZ,noise,1,939.8036190038733,0.1691802591085434,0.0925181582570076,4.267231464385986
1287753361619391,41.902938185448,12.402760733592,33.91336638906348,35.57332972239466,VA,noise,1,2209.349264649268,0.5002347230911255,0.39666515588760376,2.4641661643981934
631066277884886,8.81662211291624,-82.90477256073295,-2.7521957314454584,-51.28721528162537,PA,noise,1,3733.2391570339873,0.2930740714073181,0.042998164892196655,2.312194585800171
1770786233100996,69.218294531367,-51.091665910743,60.22460861157508,-1.2280495121283013,GL,noise,1,2481.717834828563,0.9956455230712891,0.9947078824043274,0.04505583271384239
239943934683187,68.81413122743538,15.673939453479123,52.170024803649795,-10.256554548913535,NO,noise,1,2295.53228091319,0.38067421317100525,0.3082588315010071,3.4114232063293457
481611806279393,19.322225516792,-81.380605067753,26.55277602778922,-78.23226934340872,KY,noise,1,866.1070419060201,0.6909142732620239,0.6347343921661377,1.5494608879089355
3800949300034619,38.343949995952,57.117059018247,34.88498246864989,32.451443890922945,TM,noise,1,2227.9112710709483,0.11272479593753815,0.033171795308589935,4.6285200119018555
823233711883166,29.068560075854,48.084048261556,24.134123081795487,36.81929239392967,KW,noise,1,1246.2982370116556,0.9612868428230286,0.9470812082290649,0.2799411416053772
450038362963389,38.978830137822,-7.2812361854766,43.83725938191018,-1.096032898497716,PT,noise,1,746.5201208788503,0.24505196511745453,0.18137022852897644,4.3397064208984375
297933462444738,13.662316404789827,-16.430340101173016,10.461786394105545,-2.998879947464736,GM,noise,1,1502.9166802935151,0.2891697585582733,0.01956191658973694,2.0895352363586426
949917125580796,18.251570400358,-62.984528794394,54.78466043225772,8.43349927987244,AI,noise,1,7172.964867286682,0.4457055926322937,0.28648096323013306,2.7489192485809326
313078556837128,55.266055994786,11.315098206416,51.59701309732242,7.09581788600881,DK,noise,1,494.35075265610106,0.16659536957740784,0.00288255512714386,4.415221691131592
210766354219144,-26.628804736334,31.659445474276,-0.5103958066937507,36.185098284803296,SZ,noise,1,2944.3122965638468,0.34818100929260254,0.30135273933410645,3.983886241912842
520708829313842,54.68692259669,9.0074931788196,55.570101582061255,8.928604026338892,DE,noise,1,98.3329870842337,0.21110956370830536,0.10735658556222916,3.4600722789764404
992154464938892,-17.65251068093,177.40709100849,5.846109062815897,-55.13051230238084,FJ,noise,1,14167.016458792152,0.7174075245857239,0.6467537879943848,1.7890106439590454
150289013771703,50.348577719861,-4.6628826388904,50.09579286781303,-5.706489756989847,GB,noise,1,79.38796599519868,0.27485373616218567,0.09668481349945068,3.0237748622894287
1423738521294950,17.182641732455,-88.332789645282,20.89888949879979,-97.89831721248751,BZ,noise,1,1086.7110792335354,0.31780776381492615,0.08542409539222717,2.6536827087402344
1155605118288528,14.706942793316,-61.143095527488,4.221780196607885,-75.76317109873999,MQ,noise,1,1980.5346820940463,0.24323928356170654,0.07863008975982666,3.3047237396240234
2986698694926936,78.215334468879,15.012641390148,62.913087513373966,-7.12159132346519,SJ,noise,1,1859.8111083907693,0.9066551923751831,0.8726693391799927,0.5674581527709961
2083829008422694,58.379655829272,6.1151443597417,56.868294558428616,-5.107405367885784,NO,noise,1,688.1229264271715,0.3549197316169739,0.2593535780906677,3.213291883468628
155652916570780,42.348418071723,20.818276988414,42.774972971611426,27.12068168527403,XK,noise,1,518.222284889424,0.5286299586296082,0.4700126647949219,2.6857504844665527
845707173409060,13.15145888888889,-59.57003805555556,-7.288294589890784,-35.44128569803657,BB,noise,1,3502.5441976019215,0.3255980908870697,0.19246314465999603,3.205213785171509
792307658322895,52.913640031191,6.8640509875213,47.04308772430789,28.956503333217842,NL,noise,1,1700.6256299061376,0.6288455724716187,0.49784642457962036,1.916908860206604
463829391356731,7.1956119778003,124.23640602451,-12.345443346826457,27.764977471153514,PH,noise,1,10876.789661839679,0.08552238345146179,0.007455281913280487,5.300307273864746
190327429484222,18.406063827426,-66.173016157195,19.125514644823678,-96.19419687998737,PR,noise,1,3157.8996438693994,0.21721887588500977,0.13867215812206268,3.889517068862915
964385794363812,38.838166509572,140.96848476449,49.603583605422,18.129437606552067,JP,noise,1,8699.57078485873,0.3940911889076233,0.3073800504207611,2.8456220626831055
992350614846774,12.919375038455,-85.248546579532,21.175365871566356,-98.10105700999229,NI,noise,1,1644.6378991972588,0.4689277410507202,0.3081408441066742,2.3656702041625977
2898111640459899,32.288702684025,-64.767038528517,24.98563167211098,121.27374816819483,BM,noise,1,13614.301323273201,0.16138498485088348,0.03985344618558884,3.8757705688476562
156853596375003,19.653051191999,98.633327646919,6.986473036553486,79.96353618747088,TH,noise,1,2458.3140734987383,0.28777629137039185,0.07904835045337677,3.5713460445404053
353101693221406,-16.097698333830845,28.68442044328358,-15.639198248392807,29.05141987236507,ZW,noise,1,64.34336787168851,0.2958335280418396,0.12682679295539856,2.329024314880371
