id,true_lat,true_lon,pred_lat,pred_lon,country,corruption_type,severity,error_km,top1_score,margin,entropy
1198015930637035,47.58736244394304,13.72243335782696,47.268507638548314,15.800334563869214,AT,noise,2,160.275827080268,0.3620235323905945,0.2901480197906494,3.427837610244751
2627501530880734,-21.690540312924,165.67395409726,17.72221856410961,-94.0416811902911,NC,noise,2,11752.803445239097,0.4101410210132599,0.2904084324836731,2.582728147506714
464312504633961,25.061219179854,-77.474052344488,-22.974838865606028,-43.35969990304979,BS,noise,2,6485.087691576778,0.36414024233818054,0.24715110659599304,2.967247247695923
1640910792965420,14.05090975535,-83.408252576108,12.767528453710586,76.45739033860778,NI,noise,2,16298.573821741915,0.6264941096305847,0.579804539680481,2.139106035232544
784509382269632,39.054295235447,125.75444015475,53.029789170143886,44.78394137227911,KP,noise,2,6091.569524806508,0.41925716400146484,0.22366338968276978,2.4958341121673584
1203580403446328,59.403162352068,5.3346943684814,43.26198661738441,-3.0068366424379,NO,noise,2,1882.5939162299892,0.4228547513484955,0.2976892590522766,3.077031373977661
529318031569520,35.884852698,14.543835095527,40.925927353469646,17.37589230327057,MT,noise,2,612.3617159659555,0.24237725138664246,0.005597740411758423,2.8277649879455566
579627393601024,31.161290071016406,27.62620232776423,43.280851430431476,-0.2164973747582982,EG,noise,2,2790.6242182182427,0.12443345785140991,0.06218482926487923,5.1865997314453125
493287055050730,18.529699440908,-73.82906994801,55.13774696349902,60.092957680483394,HT,noise,2,10743.078623787813,0.6391646862030029,0.5454464554786682,1.8396967649459839
194636675718395,15.711283292961,-86.911458774945,-1.4697619233659112,-78.11524127379855,HN,noise,2,2141.1061497429832,0.4175022840499878,0.24751026928424835,2.2801783084869385
324862519056205,19.31841800221,-81.382583014952,27.193387709980243,-80.24255843973818,KY,noise,2,883.3490367553002,0.1328120231628418,0.053104788064956665,4.368481159210205
312497683776326,-3.5385285661184,29.342796802632,49.57742829649849,18.12824836783256,BI,noise,2,6004.094587787894,0.9573139548301697,0.9520596265792847,0.3761522173881531
524249899215869,-20.36057432562562,57.57448506856856,-8.705175300137178,-35.66819891945002,MU,noise,2,10006.023897433866,0.18665897846221924,0.021483421325683594,3.6468050479888916
762407414666903,18.261799133186,-66.040383948361,-23.239921130750567,-45.9515918032308,PR,noise,2,5104.411159242324,0.3836815357208252,0.0974278450012207,2.5392537117004395
1162773017520174,6.3181766455254,37.510104406035,10.741898384670018,37.29734475124111,ET,noise,2,492.45120127928635,0.8314865827560425,0.7610341310501099,0.8526050448417664
3356357477800408,-13.862024739384,-171.85937431059,-7.093319251787087,-35.51573854663543,WS,noise,2,14663.425506868833,0.4284398555755615,0.3082101345062256,3.1637914180755615
487479689165720,-0.79790097222466,-77.201507380967,1.614943685159489,109.42826530735998,EC,noise,2,19272.481213222905,0.09389293938875198,0.035829637199640274,4.950092792510986
255694192945304,0.23852452895088,109.87510053714,-12.539773418170157,-38.08339952540878,ID,noise,2,16226.520868743348,0.14467911422252655,0.047054141759872437,3.796128273010254
810188746588631,46.29075689375,10.078154998184,45.94288355678185,6.064572808425264,CH,noise,2,311.73819105940413,0.12447365373373032,0.018410861492156982,4.480534553527832
152336490235316,6.1412981189533,-10.222955468447,12.211615600519472,75.61450578565204,LR,noise,2,9413.124250858547,0.5421702861785889,0.4665040969848633,2.634157180786133
1128248694323507,4.9712879947102,-52.440325961909,39.40949172442863,17.15323620676725,GF,noise,2,7909.448297399714,0.14621420204639435,0.014024898409843445,4.370736598968506
319600276196154,17.249258189479,-62.655520880016,16.0735894232224,108.12663721852543,KN,noise,2,16174.494503360647,0.6220905184745789,0.5705479979515076,2.4610109329223633
227605128698501,30.534718182782,35.557018519973,30.815230719473,35.529999889727904,JO,noise,2,31.298416680169343,0.6770952343940735,0.5869665741920471,2.0151994228363037
469353001013618,-4.8497851046353,11.90522368749,55.59193840234478,60.571353617034354,CG,noise,2,8052.188858971613,0.2032085657119751,0.024116918444633484,3.4912047386169434
312137333614311,50.147457733865,106.21881807879,49.04368953534396,17.39905549787776,MN,noise,2,5999.499037536573,0.09138650447130203,0.03505730628967285,5.2439470291137695
417436926432877,-9.466630277777776,160.38180111111112,-7.173805459431857,-34.86110519185588,SB,noise,2,17510.069706385577,0.3408612310886383,0.21549217402935028,2.8438823223114014
521833368998076,33.828288106674,35.578984207651,33.8946459976759,35.708781721736,LB,noise,2,14.074118225674162,0.633726954460144,0.3698717951774597,1.2676773071289062
804138920493771,-0.43494769438863,-76.201325946671,24.16342694247464,91.49955764061166,EC,noise,2,17062.554415604583,0.23635825514793396,0.13999855518341064,4.483853816986084
302261168190071,-13.859325484052,-171.70998038915,55.15278980972504,60.00897188406568,WS,noise,2,13643.81127020107,0.38337746262550354,0.18562130630016327,3.1845505237579346
1226452984452730,18.570054722222,52.82152305555601,38.00216559001737,-97.88605899339069,YE,noise,2,13019.706881798093,0.5092442631721497,0.43540024757385254,3.2768704891204834
321769825972532,56.815207379952,13.937240092613,50.82791690809262,12.909010412384847,SE,noise,2,669.14803581211,0.5893036127090454,0.5234564542770386,2.3514316082000732
773469050698883,0.4364979004820079,9.440864620026538,17.334859639742756,78.49573840205925,GA,noise,2,7773.628375401299,0.32191184163093567,0.21999531984329224,3.3924598693847656
333032548339836,51.706235270322,-9.7173149835356,51.861167444811755,-9.750019775644361,IE,noise,2,17.373943190637803,0.822515070438385,0.7956899404525757,1.2637721300125122
321482029535925,44.652229350002,21.162756330018,47.94577477121675,18.167695898988633,RS,noise,2,432.4291419692754,0.36363720893859863,0.32715755701065063,3.9407989978790283
832510974027702,-17.456552891966,-65.728142843828,56.82757014825817,-5.0898992909632925,BO,noise,2,9976.73761323953,0.4385509490966797,0.3394600450992584,3.0212912559509277
109891514526025,48.213328182129,28.09057650588,41.16026433231556,-112.05413359789569,UA,noise,2,9333.345234437047,0.2615138590335846,0.17390482127666473,4.374053955078125
2942639579308445,34.805369127435,127.95898406217,42.01167740833776,-8.814347865999043,KR,noise,2,10406.090598462142,0.46104416251182556,0.35152468085289,2.710859537124634
370894024357836,15.425447150296,-61.271269855519,12.232418733444053,102.3073021119351,DM,noise,2,16447.93391465568,0.6446920037269592,0.5247515439987183,1.8248958587646484
788101518532706,11.258356617235,-60.564806768225,-7.623298063681676,110.74644628908946,TT,noise,2,18980.040201882774,0.20567859709262848,0.08718553185462952,3.7199313640594482
3872288566218352,50.796778330451,21.153443346433,51.43025862907405,10.99649998888491,PL,noise,2,711.9244318508239,0.45614075660705566,0.40091174840927124,3.309866428375244
1002859423856924,17.09712846732,-24.97047664313,36.76436843801958,-118.80687251348193,CV,noise,2,9210.809356016709,0.1474975198507309,0.054863832890987396,4.969503879547119
238160651412928,-46.337650900733,167.79026062048,28.65679097168079,-81.25517692073015,NZ,noise,2,13822.017897573867,0.12516707181930542,0.04425828158855438,5.119190692901611
2563203020654329,54.32142990519237,-4.456551481932205,50.11198913964345,-5.509611388993062,IM,noise,2,473.51972422035925,0.585766077041626,0.4799102246761322,1.964592695236206
732194144134616,9.3458958330497,-79.823967302875,18.776917025415685,-96.66929750802413,PA,noise,2,2095.444570647323,0.16875416040420532,0.02879120409488678,3.449842929840088
476322813419625,17.628516606198,-63.231308396649,17.16074646125552,-62.4356774356276,BQ,noise,2,99.1605391558921,0.3631589412689209,0.15541823208332062,2.978433132171631
1136304350214402,-39.328969954559,174.63690058405,-35.44962312730028,174.2508731894225,NZ,noise,2,432.7083602557574,0.8782523274421692,0.8680173754692078,0.8179038166999817
486828262519306,14.646929324615,-60.975801183717,39.36082265739213,16.798526471855087,MQ,noise,2,7940.571578127679,0.9133047461509705,0.9047427177429199,0.7509486675262451
1387937924894828,47.907557209354,107.17858480002,43.29895375953294,43.04700597618398,MN,noise,2,4870.288069678382,0.34045204520225525,0.30780789256095886,4.188004016876221
944100506347413,4.8670503980303,31.542952103365,23.127720243528902,72.4583777623243,SS,noise,2,4833.372390523056,0.4365364611148834,0.28735941648483276,3.1158368587493896
225738692700446,69.2342740620203,17.971246283328018,49.56550647522243,18.060359352727946,NO,noise,2,2187.072433546242,0.18273070454597473,0.04591688513755798,3.719655990600586
138012564971418,-17.546030537707,-149.57580216474,25.13155522699787,121.50894868393834,PF,noise,2,10720.625738797502,0.1881323605775833,0.06360883265733719,3.6221814155578613
1349102025473123,60.210439476288,20.246196471172,42.56207682800716,140.92749068557578,AX,noise,2,7383.7597852994595,0.2567853629589081,0.15976503491401672,4.210387706756592
481515363098541,8.3835270285271,-82.196719096621,4.3438802135126675,-73.71083140535063,PA,noise,2,1039.611226457945,0.3267022669315338,0.10599707067012787,2.187608003616333
208681127527124,49.241162571487,-2.1218631166228,54.44354806125251,-4.139625647839283,JE,noise,2,594.7893345387693,0.3532206118106842,0.28572627902030945,3.539313316345215
496883494997876,12.508559533613,-70.010590958509,26.087547806684075,-80.21111386695534,AW,noise,2,1848.826030907746,0.38591328263282776,0.340378075838089,3.673597574234009
1258448591563623,-8.614371141011388,35.602892240053215,9.646123681495682,76.36478118486065,TZ,noise,2,4948.645101876638,0.08875128626823425,0.056057706475257874,5.65621280670166
849655245900069,5.9311045328258,15.65109465938,46.42545100897465,11.213736582915676,CF,noise,2,4522.891259307541,0.12533006072044373,0.011377349495887756,4.5345892906188965
1448430112350839,11.026769583975025,-8.632346605323722,-15.390967144624685,-48.20958994114135,GN,noise,2,5255.339793722752,0.24375751614570618,0.09464804828166962,3.82826566696167
711741309997504,-35.434392939173,-67.582981443437,-32.719447459318,137.79616853878085,AR,noise,2,11988.580069059832,0.263782799243927,0.05234299600124359,3.7319772243499756
330646891800305,14.870259800656,-24.373949477736,-15.454294497668647,-48.193180532423604,CV,noise,2,4268.458379409579,0.3709495961666107,0.024777740240097046,2.289520025253296
844947319428707,12.572384044567,-70.044602664275,-7.722039366192691,-34.83382990020558,AW,noise,2,4497.900427956334,0.3735835552215576,0.2548566162586212,2.8188390731811523
1424082877926694,39.063764515107,125.77381801639,23.93995550261219,120.59818029792125,KP,noise,2,1750.951249544758,0.21454058587551117,0.03502655029296875,3.1451327800750732
262049738998529,15.746495092756,-86.857367093038,-17.791579169734153,-63.18863053490692,HN,noise,2,4542.264721307529,0.27643582224845886,0.15195591747760773,3.257748603820801
2941932222749741,8.8904169624644,80.720461103422,17.80800071707696,-92.84611947478464,LK,noise,2,16963.433447785334,0.04798991605639458,0.010911911725997925,5.877599239349365
2957416491247002,22.534707236092,-79.367474703615,54.81618662398229,8.432284517032707,CU,noise,2,7840.235120175839,0.337835431098938,0.277180939912796,3.6067874431610107
1339793246404338,78.178055846086,15.902100697497,-34.10197855896599,20.8300570350599,SJ,noise,2,12489.28824868732,0.407520055770874,0.32174164056777954,2.9633662700653076
742849163058043,7.9945228460384,126.06338592216,55.43169641660255,60.50537380538592,PH,noise,2,7749.769315228496,0.4995248019695282,0.4451785981655121,3.285259246826172
487902825754300,18.349709806038,-64.886627593059,55.57918961904304,60.57363734213628,VI,noise,2,10336.202966457708,0.3010445535182953,0.23263141512870789,3.5002553462982178
188819323085799,41.434692972264,43.314083402676,56.946257080191316,-5.790993366342165,GE,noise,2,3855.948307326746,0.40446457266807556,0.2973918318748474,3.064387083053589
449823653747421,53.88835461402647,-122.76729722632489,39.4300288673716,-104.93350000326191,CA,noise,2,2094.290662283064,0.22815145552158356,0.11003926396369934,3.892820358276367
227770655816183,49.479739351354,-2.5890746408905,-41.290281308538674,174.80683241236045,GG,noise,2,19082.18364301677,0.3303215503692627,0.22410252690315247,2.7321724891662598
216079839905055,19.324976978962,-81.381549997813,47.69382076356372,-122.18339285511331,KY,noise,2,4835.402260103037,0.624740481376648,0.570019006729126,2.657106399536133
828630294440097,3.9058095275261,11.829761470611,-19.736540848705364,-48.37400643186562,CM,noise,2,7079.097218757603,0.08243203163146973,0.01859118789434433,5.679998397827148
860118858181209,-20.177979,57.661693,-20.169513342190783,57.48735401882871,MU,noise,2,18.22065691843579,0.36436399817466736,0.0958394706249237,1.8396787643432617
114507540681851,35.729256605436,128.41830771074,25.148019483654004,121.5487938783036,KR,noise,2,1347.3725601746619,0.5258827805519104,0.4513789117336273,2.586350917816162
661381454786146,-18.972548731094268,29.805283361910963,54.312509501992594,-4.101158230700287,ZW,noise,2,8764.992896619277,0.3442102372646332,0.24732255935668945,4.1714019775390625
222747492577837,61.352664593679,27.429725107498,60.944873743336295,36.53134651095279,FI,noise,2,490.0506824825892,0.573508083820343,0.35884296894073486,1.9166935682296753
138806294926443,38.717835758735,58.495184798492,55.31174102840861,60.404428981681825,TM,noise,2,1850.6493496559758,0.2715381383895874,0.10001279413700104,4.327659606933594
135421499385396,13.275246919086468,2.911011286873044,34.0045097243761,-113.85187086965571,NE,noise,2,11518.194081535254,0.5504608750343323,0.5051588416099548,3.0700490474700928
517034622643483,-9.0920015075631,160.82242285539,5.25851797600516,100.5385331041554,SB,noise,2,6869.088224861352,0.25708597898483276,0.14864525198936462,3.6196084022521973
2526299567665760,35.829307962213,14.558295593658,40.823349690037176,17.10024463248908,MT,noise,2,597.8684030274036,0.47489434480667114,0.3787800371646881,2.2446582317352295
281947363629492,78.231350087799,15.142395905188,62.92299495221825,-7.035442123750492,SJ,noise,2,1860.7692192338636,0.20981119573116302,0.017108991742134094,4.15769100189209
309954333906145,40.335258934887,19.990673334292,20.058726705894063,-98.716934147084,AL,noise,2,10786.360720812441,0.18228062987327576,0.025189101696014404,3.6803505420684814
163258222377928,-8.7192284268616,160.86453616743,24.600190251332947,120.92827641666553,SB,noise,2,5698.103690427781,0.2652001976966858,0.19584935903549194,3.565135955810547
497041608993768,7.354967160960991,134.4972694391149,-3.3079065326535653,-48.59026725036594,PW,noise,2,19450.010549116352,0.4304024875164032,0.15736937522888184,2.10683274269104
325055798982586,-10.203132697528,31.216979658259,35.02493421547821,-89.80465213423834,ZM,noise,2,13469.345771051023,0.4581562280654907,0.31374356150627136,2.790574789047241
361816321938390,12.57472666996,-70.041979864956,-6.1694896579995,-35.11705755496552,AW,noise,2,4386.39742227188,0.6688368916511536,0.6004597544670105,1.5106159448623657
1145510005966861,18.05148025828786,-15.896397560721027,30.047893322062023,31.40009413747783,MR,noise,2,4947.5161358333,0.3448832631111145,0.13187892735004425,2.8217763900756836
262345932212210,15.140006372867152,39.26672870985676,-7.093471102250756,-35.42822434306182,ER,noise,2,8590.487431063237,0.5691032409667969,0.5017151832580566,2.305877923965454
901986960835723,13.278551582622178,2.917996515380901,-34.21928953081036,140.98494080278152,NE,noise,2,15201.21611225217,0.10488978773355484,0.025135084986686707,5.0313005447387695
317050140097070,43.4276581353825,24.38127115862344,32.62437937455762,-109.7894668724654,BG,noise,2,10361.857985803073,0.09849400818347931,0.06984843313694,5.711413860321045
994714827967018,22.682567905302,39.11769149111,45.88883705566511,6.072620623428591,SA,noise,2,3935.413358344209,0.10950270295143127,0.051082544028759,5.476437091827393
145209974249665,16.762668175828,-62.220769939941,13.802823593429286,-89.07426040654477,MS,noise,2,2896.8716182868397,0.4542396068572998,0.34019988775253296,2.757931709289551
763480160945552,3.114388438698,31.177872023014,-13.008755825443771,28.3270317279182,UG,noise,2,1820.231086890581,0.8340346813201904,0.7319925427436829,0.8101146221160889
4405163029511350,43.682079175037,23.978223195064,40.728476259867215,22.988189495192813,BG,noise,2,338.3902663848346,0.47889623045921326,0.24231934547424316,2.4428505897521973
326659798812032,12.410385336248002,-16.110049424682003,16.471766958478117,80.62077373518676,GW,noise,2,10318.77403052423,0.1876184344291687,0.10797355324029922,4.653789043426514
895631547651467,12.080356238018,-61.704118318475,15.604720262148255,-61.436866337421236,GD,noise,2,392.95179216275193,0.17239558696746826,0.10014709830284119,4.470348358154297
953292548822411,18.0817933464398,-15.894888251115804,17.32279082648037,78.38397024989409,MR,noise,2,9850.12312134925,0.635198712348938,0.5938267707824707,2.3152899742126465
1179673359141283,-27.440457092686,31.884625638401,56.94108377063521,-5.791472889033669,SZ,noise,2,10026.957831321357,0.1889934092760086,0.07715725153684616,4.026680946350098
1391570534555001,12.121586777999,-61.634729332904,15.59364056133353,-61.464276670445464,GD,noise,2,386.5129089625244,0.759401798248291,0.671095609664917,0.9540495872497559
1931718050309638,42.316673318457,42.610766550542,29.944306006152356,-85.2557902592925,GE,noise,2,10372.470235703604,0.5903072357177734,0.49074238538742065,2.065491199493408
1441784959495240,18.614866388889,52.371751388889,-32.13226264579785,141.16488817845408,YE,noise,2,10985.341500964834,0.6449305415153503,0.5360984206199646,2.119347095489502
1092193684624091,13.222041768155,-61.27004985443,-8.299014339735292,-35.025541058245125,VC,noise,2,3758.422730529285,0.19172948598861694,0.013856887817382812,2.919275999069214
545855749735091,44.933679619312,10.542218724088,46.935563749591644,11.549014000437397,IT,noise,2,235.81742729891408,0.23211434483528137,0.11961591988801956,3.9721555709838867
2774084016236056,4.2465653216704,73.54886569526,-8.528881257951062,115.12468574059848,MV,noise,2,4823.841179783309,0.12209232151508331,0.003879331052303314,4.295494079589844
193239609283383,16.442716181297,97.600636667113,53.160914513336365,44.673776672770494,MM,noise,2,6118.680923037498,0.5781620740890503,0.4579293429851532,2.4107136726379395
838605060406461,-38.684857801033,-62.245177670808,17.338848409435975,78.37879965523786,AR,noise,2,15529.864491287284,0.20406948029994965,0.06260652840137482,3.5723788738250732
1398766300483374,-20.281888888888,139.05741666667,16.840898933127356,79.75613376737988,AU,noise,2,7675.598572757456,0.5653862357139587,0.49543389678001404,2.889223098754883
309592324146292,-40.470381504032,175.24679558692,-41.29332905417597,174.81150944132904,NZ,noise,2,98.55315184023564,0.9024398326873779,0.8674814105033875,0.5584331154823303
787330225321281,78.186979979764,14.79210601878,54.835815898742595,9.488299411319005,SJ,noise,2,2604.6328040154012,0.2864491045475006,0.1757512092590332,4.084809303283691
481435006457069,41.714515597444,19.778002854189,19.99688161038856,-98.64983892495479,AL,noise,2,10686.582448144767,0.2963458001613617,0.115033358335495,2.969167470932007
562746315113072,-21.036239487922,55.673092800575,39.303896561189795,17.136083372670434,RE,noise,2,7813.902619500119,0.25803232192993164,0.19557920098304749,3.822084665298462
251075026766241,42.736773777269,78.935492923137,-30.071300800516823,28.44894883303925,KZ,noise,2,9597.141891092237,0.3240674138069153,0.18844327330589294,2.915421724319458
4010096302418176,13.274118,121.232275,5.300002621723185,100.51542001447504,PH,noise,2,2438.0506873968916,0.16332899034023285,0.03557862341403961,3.047502040863037
385537683018740,8.58587702121514,-10.943586617629483,5.232874468437227,-0.7534910039540654,SL,noise,2,1184.857530324405,0.4205155074596405,0.3125641345977783,2.7926599979400635
180372857328994,49.843429916622,73.222888258927,32.67271792062945,-84.2702087799676,KZ,noise,2,10574.678130910575,0.06270185112953186,0.010501507669687271,5.631890296936035
907851513392138,-18.164645479454,178.22136593468,43.33488157646914,-4.142482216960566,FJ,noise,2,17207.48767598196,0.16671806573867798,0.002988070249557495,4.0865397453308105
1131598217344189,54.864195040685,8.7383931888414,51.878934060550655,0.667924750572943,DE,noise,2,629.3857849220225,0.8346033096313477,0.8199872970581055,1.2383545637130737
3247097405547891,33.97288015656933,71.60789771722264,18.505150164177433,73.83374115494713,PK,noise,2,1734.0510739392275,0.17464783787727356,0.02239106595516205,3.6573939323425293
1063412324270300,-15.431355385415,167.20499794568,-16.51024716728356,175.43083786615273,VU,noise,2,887.439922226868,0.5687475204467773,0.23291146755218506,1.178703784942627
478746096705872,12.1865576631,-0.3910576992899,5.799121938025079,-72.90495042337807,BF,noise,2,7975.781324789873,0.34085890650749207,0.2288290560245514,3.0675606727600098
163486722253544,18.376454722061,-65.907019733384,25.812601339039116,-80.21120249930199,PR,noise,2,1688.0370917429436,0.19181694090366364,0.043712690472602844,3.021935224533081
1394646127681740,50.27605756468763,-5.022433442071348,54.30945458294121,-4.1094684064957505,GB,noise,2,452.7602357593789,0.10192814469337463,0.034258849918842316,4.585089206695557
311036310426740,10.534375285392,-85.108561963834,-13.776072567438568,-49.795837103914835,CR,noise,2,4741.185250937091,0.6384105682373047,0.5896625518798828,1.9793415069580078
180655490594869,-4.2955834051727,39.583247618282,-7.136989695369228,112.78745805012571,KE,noise,2,8098.224737464905,0.10828056186437607,0.006719551980495453,5.112687110900879
225040172344104,54.10668466178,-8.5444506137227,53.17296481091788,-8.332241351230739,IE,noise,2,104.76301125803442,0.3837837874889374,0.09886914491653442,2.2315406799316406
590599688583224,62.579080335013,22.030513453623,60.49166493788473,25.424713182871276,FI,noise,2,293.57396226473037,0.18025588989257812,0.07856708019971848,4.259608745574951
378410597431210,11.755141729610802,11.99142765025279,15.997789953250855,108.21453811456107,NG,noise,2,10299.876716875888,0.40186119079589844,0.3184524178504944,3.3395228385925293
769560623930363,13.781555904684,-60.954984062834,5.16626272000131,-0.9899224579690575,LC,noise,2,6630.46276034153,0.1385115087032318,0.04309498518705368,4.118541240692139
191217559525689,10.598613143242,103.76819114404,-7.337495933477925,109.65732008871109,KH,noise,2,2098.23836578945,0.1706629991531372,0.013944163918495178,3.3368759155273438
960119301406916,8.934567996624,15.810201192055,8.699426914103253,1.3371034741816523,TD,noise,2,1590.4312311611911,0.642365038394928,0.5970508456230164,2.431288957595825
162029952434974,10.416592641005,-6.9267518159549,7.923464991583036,-11.09914563648445,CI,noise,2,535.3471963368205,0.6693071126937866,0.573052167892456,1.5201466083526611
777563772895063,60.262939806644,20.372533414245,43.88019515444423,-1.0917051507378086,AX,noise,2,2316.8446349975798,0.8224859237670898,0.7882120013237,1.258842945098877
483016122754010,8.2177331232449,-10.640871255174,7.895542774708679,-11.140112288276425,SL,noise,2,65.60988523079898,0.40637126564979553,0.05107375979423523,1.5680941343307495
945669026244322,32.28289364111786,34.89665697754903,43.26292375725227,-2.998251789999829,IL,noise,2,3511.935670466906,0.15292656421661377,0.07804687321186066,4.696599960327148
834907740772712,-51.828914124143,-58.391576104278,38.0842057576304,-109.34603681534549,FK,noise,2,11150.873158455453,0.9203673601150513,0.9117411971092224,0.6862069368362427
315786796574792,17.029958580939,-61.837386119134,25.169942552183024,121.56711023575978,AG,noise,2,15308.20487047065,0.212278813123703,0.1247279942035675,3.82778263092041
3935353219835220,5.0624805680856,-52.559930285878,43.43909835751558,25.295209863607795,GF,noise,2,8641.094566308173,0.15833935141563416,0.0017330348491668701,4.017759799957275
703624374104706,11.148071748184186,42.461472571281,55.419885680177174,60.40581342092046,DJ,noise,2,5165.340997322305,0.4676440954208374,0.43111228942871094,3.5660855770111084
552376936150414,45.747934121718,28.392399493234,39.65066521785688,22.06545017160946,MD,noise,2,852.0378264546063,0.8494535684585571,0.8244550228118896,0.9934370517730713
279990610516417,-25.052590421722,25.938389437355,32.89103117492955,-111.10259981353099,BW,noise,2,15775.79328942158,0.2206917256116867,0.04760123789310455,4.139493465423584
244594784129468,17.181606776437,-25.056350793491,38.71448648411036,-109.38702356941351,CV,noise,2,8342.404712611964,0.15569555759429932,0.07560872286558151,4.509158134460449
916296905814911,29.986443376454,35.073653850875,31.796424415519834,35.43666065333091,JO,noise,2,204.2192172681818,0.2803235650062561,0.19686105847358704,3.827033758163452
160409959286661,13.609489121743,-15.203056960483,-13.474960261097728,27.187295939399007,GM,noise,2,5555.979865863541,0.23888342082500458,0.14811140298843384,4.068231105804443
375549574325666,-8.088511666666667,156.78238944444445,8.019285112015247,-11.754805417249027,SB,noise,2,18753.07090823487,0.6487693786621094,0.5631274580955505,2.0764710903167725
6504127516293875,-20.153986376711,28.58502890468,-13.020307576052126,27.65352217673785,ZW,noise,2,799.4061399315822,0.2360289841890335,0.20360448956489563,5.085639476776123
955352585280405,53.073543217589,5.6644949286343,53.04574084818822,5.611597491127011,NL,noise,2,4.696068847558742,0.2576565444469452,0.1209549754858017,2.9903130531311035
198798338740227,41.487329996943,45.08669320994,42.066862534021794,25.123425576945174,GE,noise,2,1652.9026389087512,0.1370924562215805,0.07440196722745895,4.773064136505127
747640439246618,6.555528380315,-10.331525634335,14.421414365283203,-90.52080785927475,LR,noise,2,8774.20767551517,0.21828429400920868,0.06528627872467041,3.9130468368530273
537333261008423,39.113511978868,117.21046994629,22.633812186311502,120.31048911873404,CN,noise,2,1855.8498463607755,0.5456225872039795,0.24386665225028992,1.5440808534622192
5205930492794121,13.596220054527333,-87.36529096486619,24.42921041279664,124.18884618205556,HN,noise,2,14573.577788819557,0.16976699233055115,0.009805232286453247,3.567370891571045
282961036881213,36.025363064061,14.258923344808,41.97936002111081,-8.873192893264385,MT,noise,2,2097.980700412402,0.4015946686267853,0.28112879395484924,3.0169296264648438
2898417523733065,12.385310410818,-5.9561351141694,-18.53902905784854,-64.53920238199532,ML,noise,2,7284.516161728686,0.6008917093276978,0.44229215383529663,1.6302986145019531
814006309495024,18.427369706947,-64.568261557542,15.579477759695155,-61.45169442452947,VG,noise,2,458.3382445662681,0.46814656257629395,0.33599141240119934,2.6313271522521973
363924908375174,-4.7913317580586,11.855642981142,42.040717548545814,-8.825512882898277,CG,noise,2,5612.281369318276,0.6625071167945862,0.6035231947898865,1.9791312217712402
520091355848418,69.217861349712,-51.109419049396,55.76727920193665,13.03444828221398,GL,noise,2,3411.626905114125,0.18218113481998444,0.08263019472360611,3.6615304946899414
840734783196696,32.126256113931,44.324859980182,24.867957841595576,67.13430605356018,IQ,noise,2,2364.7751376190367,0.27038276195526123,0.041700124740600586,3.645843029022217
226163689282727,12.168906318554,-68.967070805139,-9.672302565597208,-35.79765517118691,CW,noise,2,4396.445847462635,0.45393937826156616,0.0524638295173645,1.496458649635315
341214407334376,-19.377102833928,34.400509607794,10.923863163626466,37.43546326532456,MZ,noise,2,3385.6825319376944,0.177743598818779,0.0071662068367004395,4.620186805725098
894968224414635,34.986110625975,32.668982915426,34.92429368162476,32.81321309516919,CY,noise,2,14.833249496710565,0.6907867193222046,0.5902443528175354,1.5294153690338135
462694431488011,18.632063011792,-68.389902993932,41.55466676338088,-0.7446539052020136,DO,noise,2,6806.036654905762,0.06696326285600662,0.03315829858183861,5.754215240478516
857893648147331,-10.905676698416,14.247198141961,-8.89171546649567,-36.16614524252121,AO,noise,2,5520.795576065822,0.16529975831508636,0.07604622840881348,4.231148719787598
382009819762071,39.329365017441,27.62045985936,41.33564343786479,22.434957134364726,TR,noise,2,492.79772156625893,0.19902625679969788,0.050402238965034485,4.0210185050964355
271875871339932,11.850545983225,38.038235893261,11.509639371371133,38.40849945435774,ET,noise,2,55.34035878089565,0.9986286163330078,0.9975252151489258,0.011795885860919952
525646118616107,-15.637682963249,166.84078278513,61.48205483413086,35.637409244332794,VU,noise,2,13639.591529552727,0.6639488935470581,0.533107578754425,1.5226686000823975
2982805328705469,64.437207664635,24.181485346398,49.66897453281417,10.02325364881463,FI,noise,2,1842.2815858849497,0.0832306444644928,0.022358473390340805,5.212611198425293
320116623608771,23.185410152402003,91.17769833999328,-3.066567022624695,-47.20716981536139,BD,noise,2,15013.229248760392,0.25156348943710327,0.09611611068248749,3.610403060913086
803534963702486,51.121882315762,3.1082009025971,50.35595234024879,11.05998775248806,BE,noise,2,565.7247256169026,0.267995148897171,0.1329549252986908,3.9929583072662354
376395010415901,13.924250043571,-61.056412107275,4.39808483269542,-75.7192451511373,LC,noise,2,1925.1374326725643,0.17589665949344635,0.06450904905796051,3.9496850967407227
303078421392591,-16.446930463398,-152.24847310031,43.98500017270564,43.08594987260298,PF,noise,2,16630.01012019489,0.09598743170499802,0.028705380856990814,4.985343933105469
312172783608841,49.510993358681,6.3452033888591,46.731510313072896,15.342887984267495,LU,noise,2,735.3046729141577,0.11419808864593506,0.02387358248233795,4.730062961578369
6235880006437043,-3.1366812272296,-79.214143657851,-41.287052390029615,174.74438997925193,EC,noise,2,11103.816288439142,0.7363795638084412,0.6721011996269226,1.4490913152694702
965921670819949,-10.479678823577,105.67386300715,28.67000373387796,-81.25388076732293,CX,noise,2,17867.576553044986,0.15445788204669952,0.06789514422416687,4.571255683898926
925871031561258,-6.2639877158616,107.06741782953,-17.79081527928622,-63.17728653959466,ID,noise,2,17133.85935613818,0.9167771339416504,0.8524488806724548,0.39706021547317505
1164097447347216,4.8674337462563,31.519362784566,-13.030420752221332,28.500871909907588,SS,noise,2,2017.8841537208264,0.4872483015060425,0.4288148880004883,2.9762096405029297
4396227090475829,-1.2678653976589,36.678122304876,61.09915608761078,37.15589902520711,KE,noise,2,6935.017183042869,0.2764297127723694,0.0749363899230957,3.4101266860961914
865652107497194,25.981085501999,50.457665915183,27.03835261115957,33.35155190904572,BH,noise,2,1704.8700771253766,0.3589281439781189,0.03479963541030884,2.324934959411621
299799271640333,2.1039771270774,45.331583431777,-7.188434523874756,-34.856477059742744,SO,noise,2,8955.58534857932,0.9305543899536133,0.8907020092010498,0.38104313611984253
461018955189846,14.544694692651,-60.871651329228,44.00021778751394,42.87718953916126,MQ,noise,2,9950.390609682832,0.3546268939971924,0.15301929414272308,2.7473251819610596
848673612668103,42.673726026337,20.952183058644,42.824676602453145,27.003672941065478,XK,noise,2,494.30696476362573,0.2908536195755005,0.043139636516571045,3.3128957748413086
1416342685418545,-18.613385898721,-174.00201190817,-2.5457849688528027,-50.2969367339598,TO,noise,2,13426.06908936044,0.8120094537734985,0.784720242023468,1.2817577123641968
494963678607139,41.553688076193,76.443594560854,38.27638315455074,-112.30903443792245,KG,noise,2,11094.133296352693,0.2310967892408371,0.03105798363685608,3.7664551734924316
219389349648885,10.15103545444,-0.08621895664982,10.247846920012726,-0.24990448076193755,TG,noise,2,20.899113571468348,0.9734249114990234,0.9639374017715454,0.19786763191223145
3089177431309627,15.373065639057,-61.261521114061,18.587640417387068,-74.10794756621951,DM,noise,2,1411.710829451588,0.6362882256507874,0.4016977548599243,1.5120769739151
267446095163419,-24.410317211088,31.569065250692,-12.99282459891515,28.45497018498725,ZA,noise,2,1311.0667415489859,0.25709205865859985,0.05852104723453522,3.3082375526428223
302215634735033,41.271908839255,44.308127758638,-23.22849932992858,-45.90176802778146,AM,noise,2,11701.005512015461,0.1795426309108734,0.0769568532705307,5.177593231201172
2667851503513129,17.27324849632742,52.95912218803253,38.88477015443425,-109.35571068495659,YE,noise,2,13504.78546268512,0.5044716596603394,0.19821125268936157,1.8040844202041626
153409713461640,8.790179318271212,17.833063690255294,12.33410810697059,-2.4744371357214123,TD,noise,2,2253.7628524149927,0.12434116750955582,0.018084466457366943,4.407494068145752
197648665524336,32.845770012076,3.9393382718177,25.010115480917722,36.830196782040765,DZ,noise,2,3302.6034247262064,0.2985765337944031,0.09966878592967987,2.7654924392700195
186111083366529,51.38944480684,5.6393438286668,56.03264508316976,14.079594635957429,NL,noise,2,757.3888929227182,0.6198431849479675,0.4582574963569641,1.3830299377441406
2778308682433187,46.907087389519,21.768223720096,46.44370124774493,28.7674659601854,RO,noise,2,536.300846208458,0.21209140121936798,0.09033796936273575,3.237790584564209
937732960392917,57.179863762985,9.5235696942098,57.16372753743536,9.589717667609776,DK,noise,2,4.372571801501847,0.6134741902351379,0.4666498303413391,1.8287862539291382
1146261095856485,7.3615432427089,134.43713448334,16.34961056486944,-61.484356573501785,PW,noise,2,16849.50968433721,0.9629322290420532,0.9426858425140381,0.24632181227207184
481510253092194,55.547652479706,10.237061583967,53.82371069014094,10.575770727337197,DK,noise,2,192.92530035675404,0.17590419948101044,0.13130483031272888,4.605381965637207
373515770750013,52.085212737279,23.57416942403,50.81522390239384,11.215878985194037,PL,noise,2,866.8435729743031,0.22392959892749786,0.17024745047092438,4.4719038009643555
509958026699758,8.7996562999047,17.834358755261146,-13.325919708507941,26.652187780384672,TD,noise,2,2645.8823635508984,0.9787745475769043,0.975881040096283,0.20541250705718994
898715014311013,48.970224789976,9.8639365242088,53.41049233543911,10.460961675392403,DE,noise,2,495.48025081316484,0.11474858224391937,0.04852061718702316,5.37809419631958
1199206943853136,-16.678932002412,-60.816984800192,-15.853546522921743,-49.29983067581976,BO,noise,2,1232.6305812096355,0.37144386768341064,0.16541357338428497,2.3874104022979736
498260671492955,-38.013275055456,-73.225185383762,45.366354982222276,23.377912308186566,CL,noise,2,13357.335363979271,0.4209102690219879,0.3443147540092468,3.0451579093933105
894859321231304,12.227082918058008,-69.07847800166279,12.164291897364983,-68.42502264654763,CW,noise,2,71.36344786445304,0.30247268080711365,0.07587514817714691,3.15322208404541
1389207538112280,-18.237830811581,177.83923612892,3.394174299697095,157.87823882057504,FJ,noise,2,3250.914897691161,0.7420435547828674,0.6894639730453491,1.5265061855316162
853984918525885,16.723203555806,-62.23130997289,53.40502254465804,5.380480661158051,MS,noise,2,7044.5889105042625,0.20659546554088593,0.07743653655052185,3.724395513534546
122049223635653,-9.093844554597762,143.20550105803093,43.930615087825075,43.120180129070064,PG,noise,2,11513.51008097083,0.4058133661746979,0.23625819385051727,2.5059776306152344
503430330798585,15.754797111762,-86.834109918362,15.535030842342616,-87.73323963990066,HN,noise,2,99.32740117000571,0.9833549857139587,0.979933500289917,0.14371389150619507
909387153127451,28.736208967151,48.003263644262,28.96542824669347,48.0819789707281,KW,noise,2,26.616008722320196,0.6079221963882446,0.4356476664543152,1.8623545169830322
906902016543352,31.331782024306,46.203432956327,24.22299223320152,35.99411148080352,IQ,noise,2,1276.9914967826546,0.657804548740387,0.5473335385322571,2.093738079071045
2928214434172169,1.1206763559822,104.10141369167,49.07109808753572,17.4092365289153,SG,noise,2,9672.46397501066,0.2930772304534912,0.11768117547035217,3.127760887145996
450152016285778,44.280050101707,22.571319099243,55.88387522939386,8.373820517148173,RS,noise,2,1633.8321522523847,0.4095918834209442,0.1587851345539093,2.3214950561523438
364335675754039,27.44091865174831,89.6695301948495,40.19504188911755,21.355035551916277,BT,noise,2,6313.206624706672,0.15042535960674286,0.022481173276901245,3.8673079013824463
1465192193846342,49.242897458505,-2.1257188472841,51.195817842541366,0.11393883931553271,JE,noise,2,269.31913441776186,0.17363205552101135,0.05791013687849045,3.941349506378174
307943760727803,32.017590561359,35.44667005004,25.11138644498353,55.30884768922979,PS,noise,2,2082.070026011275,0.2946920692920685,0.20670844614505768,4.1354851722717285
460785571683103,37.925916394446,71.433043060589,49.59384830710215,18.111904779819692,TJ,noise,2,4373.899899664792,0.4482838213443756,0.3657397925853729,2.9063544273376465
1128725237604299,-29.134916665635,150.74974999676,-31.04168368974165,115.37045180532517,AU,noise,2,3396.240840011606,0.36814144253730774,0.2283889800310135,2.644932270050049
490647468911155,40.963268605415,72.227703152599,47.03553704094869,28.840625808698352,UZ,noise,2,3489.0920120169026,0.8170981407165527,0.781052827835083,1.1133983135223389
333643931662411,5.6383973900144,16.079947991405,50.62914991039679,-3.6379247791602416,CF,noise,2,5328.125040744399,0.08224087208509445,0.03144446760416031,5.349356651306152
1227174381045729,47.768093183573,107.23115509769,39.43686258885145,-104.83348467785989,MN,noise,2,9813.66775178518,0.2365848571062088,0.13127586245536804,4.034034729003906
1407497409603690,3.0843020507054,19.86280519181,1.6886325962753552,31.888669114617386,CD,noise,2,1345.0010660305568,0.9513794183731079,0.943732500076294,0.35892391204833984
3723636841075361,45.568657163831,14.018918146853,47.73940680516766,13.64162999437356,SI,noise,2,243.0870893970429,0.09146478027105331,0.032277051359415054,5.29555082321167
165305525550262,8.3525370889256,-10.025850369874,-15.532912427902474,41.30442169204984,GN,noise,2,6245.873554960117,0.25223836302757263,0.03592459857463837,3.0710535049438477
340729614142712,18.491135,53.019456388889,36.17710092727223,-109.56773488688394,YE,noise,2,13666.268278458867,0.26121219992637634,0.041820988059043884,3.471644639968872
454659182301876,-11.625933853582,43.262174830246,13.202162028181323,-61.22176456678679,KM,noise,2,11845.66436204866,0.9485499858856201,0.9370533227920532,0.34281739592552185
668193423973890,-24.287426139806,25.329460617088,40.79647834754677,-73.16942244246972,BW,noise,2,12427.162914746716,0.17954328656196594,0.04189343750476837,3.8679633140563965
838630760070492,25.060757368329,105.86456403205,21.50104908515939,102.17867277294587,CN,noise,2,546.1999551197273,0.2951350212097168,0.08343648910522461,3.0679168701171875
390606075408650,42.986310463262,19.555681585034,45.64128764384113,11.035571983839109,ME,noise,2,738.8836973140936,0.1518290936946869,0.07532618194818497,4.513753890991211
131134676170300,-12.948481303182872,45.128315287832365,60.310945557136975,-1.3637661315241854,YT,noise,2,9127.74106478899,0.3277541399002075,0.21437445282936096,3.010915756225586
1792656240942534,13.919496365755608,-90.97051612073146,6.028919091564712,-75.21785697963043,GT,noise,2,1933.9633057469123,0.2984806299209595,0.17832621932029724,3.271925449371338
170823461623752,16.241110201764,-89.025642613932,12.897301639178044,-86.06582364263535,BZ,noise,2,489.5649705219076,0.22090068459510803,0.03871260583400726,2.4909491539001465
326797512347685,20.477204466217,103.99483406515,24.088648768722692,120.85781724702893,LA,noise,2,1779.6125700050638,0.11472701281309128,0.036362744867801666,4.4358367919921875
603719283920573,40.194963555707,44.545682589004,46.993653078026526,28.840394091809113,AM,noise,2,1469.4909290800283,0.8098971843719482,0.724853515625,0.976468026638031
307023807471036,48.822446939892,15.635962976885,47.67715182289082,18.488792321139428,AT,noise,2,246.62722312724227,0.09688977897167206,0.05239558592438698,4.827023506164551
1360919617610849,48.744206328516,20.484833979395,38.09323708051319,-78.59981470871031,SK,noise,2,7511.340733214735,0.34715068340301514,0.2959235906600952,4.192313194274902
4130359377021158,12.744808419842,-86.016174505038,-12.38725154713684,27.764280918162527,NI,noise,2,12849.763606718718,0.3127349317073822,0.08833569288253784,2.2217655181884766
186509513837116,-9.162518629974178,125.26855431414576,23.936013706687568,120.90108341658159,TL,noise,2,3710.8472131383974,0.1492222547531128,0.03659434616565704,3.8414387702941895
305027981215954,-18.157704641057,178.42394691893,-26.761309570171193,-49.14057570505259,FJ,noise,2,12854.67908545933,0.09922292083501816,0.037152115255594254,4.765545845031738
156576193076602,-0.78254800116056,36.454570001926,-7.113562342087045,-35.5548048602868,KE,noise,2,8011.863927050968,0.11401040107011795,0.028118588030338287,4.672786712646484
713195779986935,15.71706020536666,-87.91892889999826,17.13434974191924,-99.73499106578097,HN,noise,2,1269.8600832383777,0.14402462542057037,0.04077928513288498,4.00351619720459
211686643757850,18.378333055477,-65.856644722755,-7.178241982172582,-34.87949951759956,PR,noise,2,4429.692648807145,0.8804240226745605,0.8349531292915344,0.7273122668266296
1127316044444733,45.524200027704,20.00828632566,45.460071472447936,10.348425439018802,RS,noise,2,752.5505958950511,0.24976469576358795,0.09171341359615326,3.9743173122406006
1705161749686063,1.6727266549458,109.85191823171,4.424896875283907,101.20844829278504,MY,noise,2,1007.2678243154,0.7236733436584473,0.5671128034591675,1.2274099588394165
1180959432346280,4.2166399722222,-55.441371916667,-24.02021291915952,-46.400668951520785,SR,noise,2,3288.945683173797,0.24564845860004425,0.14692473411560059,3.468649387359619
152378826822821,62.297150880353,-6.3605044614883,58.635158812055614,6.030172147904896,FO,noise,2,789.9893730306408,0.74314284324646,0.6835347414016724,1.3050895929336548
2163885233752606,46.261529486069,41.00615902421,46.00654851933644,40.64492949991526,RU,noise,2,39.73194333156444,0.5599085092544556,0.402108371257782,2.2702035903930664
828943404645761,-4.2440126883445,39.574345953224,-13.01683950509791,28.559176443255947,KE,noise,2,1553.9783049031241,0.34764692187309265,0.2711101770401001,3.761695384979248
145074444769704,19.85141683329288,-70.79678177411726,21.05344272423429,-98.09696057883949,DO,noise,2,2843.9998663177334,0.4671042263507843,0.3905518054962158,3.1429665088653564
167921538557854,32.347416850468,15.10321327924,-28.377943071823964,-48.87361578645385,LY,noise,2,9549.657097104155,0.3837565779685974,0.14939025044441223,2.5787911415100098
628318788994208,13.152619444444444,-59.56710666666667,43.374428832626506,-5.654547892837647,BB,noise,2,6118.7599566341505,0.3743806779384613,0.2981373369693756,3.4905834197998047
842741859611073,16.018956092128,-61.581760537768,51.19368876734805,1.0928015883943443,GP,noise,2,6733.677062282529,0.17146869003772736,0.07740715891122818,3.8296704292297363
310752417096783,66.229694079253,29.133889499018,60.254796400853145,-1.227279620402487,FI,noise,2,1637.733282198106,0.5356345772743225,0.44722437858581543,2.6182363033294678
280932113713079,11.564178753638,15.28787472986,9.035251915066862,0.9547524421955695,CM,noise,2,1592.8355072235468,0.9962343573570251,0.9957140684127808,0.04409235343337059
306629164189671,31.994107162003,34.880880875532,25.07060291913676,121.57414919213905,IL,noise,2,8273.569304958077,0.4306812584400177,0.19252051413059235,2.202083110809326
375713220429607,-20.444336397825,57.719071106087,19.371045643139873,-99.60628518774075,MU,noise,2,17643.31091535555,0.15768547356128693,0.08557835966348648,4.4795098304748535
935998006944813,2.0128177809748,-157.40717950301,-9.673006218390588,-35.892447117971294,KI,noise,2,13498.020348953207,0.2593967318534851,0.08834771811962128,3.252545118331909
243279310922728,22.002956746269,59.647583227775,41.35116727427107,22.35183603476881,OM,noise,2,4086.947920580755,0.09550586342811584,0.04508201405405998,5.508371353149414
302369984598824,4.2729453578223,11.366798338452,-7.5113340532778805,-35.42606347349629,CM,noise,2,5354.431036817087,0.635802686214447,0.4905543327331543,1.7496932744979858
1410294946017903,39.031705816026,125.75630076806,45.93386969873896,-0.8966720858133796,KP,noise,2,9177.053784609181,0.3865433931350708,0.21548350155353546,2.868152618408203
557405362093639,36.954042854563,8.9131949083518,38.45361951864032,16.414115879870735,TN,noise,2,680.4161327279055,0.4013524353504181,0.3139192461967468,2.476752996444702
508273253877668,60.696459628121,23.784802432989,47.547151043113395,13.272789099499738,FI,noise,2,1610.0768144588694,0.43413156270980835,0.3672177195549011,3.276893138885498
822631438351061,41.306291815096,76.061806069928,46.508456243565156,-118.05493103275586,KG,noise,2,10151.014129495012,0.15269571542739868,0.007080242037773132,4.2773566246032715
1138310456645189,43.382281881015,16.41157939924,55.51738160421444,8.309688931642613,HR,noise,2,1468.6430370618612,0.13006621599197388,0.012259572744369507,4.619396209716797
222871899226271,-15.510435536345,40.349633637766,-7.186433204903771,-34.86910989651762,MZ,noise,2,8217.005019273594,0.36873847246170044,0.2266785055398941,3.262526035308838
653703302135487,21.606686370966,39.215434593079,30.046654592089823,31.425149792789107,SA,noise,2,1219.2840246794963,0.644318163394928,0.44793400168418884,1.2971850633621216
512353726583180,57.378685294191,22.247361108176,60.70629158395585,35.84255953679295,LV,noise,2,859.0393500444707,0.40824466943740845,0.22595222294330597,2.609285593032837
221188212807394,5.9007667928315,15.424776553249,40.393296609265526,-111.35723077456649,CF,noise,2,12539.194709984922,0.14657172560691833,0.09034272283315659,4.481046199798584
319019459840888,18.609369461477,-74.151456712619,18.57407367189712,-74.12798258299209,HT,noise,2,4.6393957266935635,0.7136166095733643,0.6595356464385986,1.8808382749557495
3291218371154050,-17.313447180213565,37.46183809351605,-2.304354086648308,-49.264524269257514,MZ,noise,2,9583.948455643564,0.9638311266899109,0.9383364319801331,0.23247593641281128
584561212946534,-19.59947361892,169.46805368552,9.997878488917562,-73.14714853991805,VU,noise,2,13233.369793888703,0.27074572443962097,0.11904831230640411,3.2820370197296143
304491461128491,-24.913992289767,-56.992001471465,39.70013035352072,-90.40257511303192,PY,noise,2,7976.660841244006,0.14570817351341248,0.013763636350631714,4.389767646789551
297816615150376,21.480754782652,-71.133236713743,21.80500550750589,-71.84421141359536,TC,noise,2,81.8519106069613,0.6563693284988403,0.4954572916030884,1.6234204769134521
393440354996585,52.70481457742,27.450028836652,55.63441676712329,37.566396341759045,BY,noise,2,733.7276064232494,0.10217272490262985,0.011193327605724335,4.831367492675781
473720683849376,40.29467551394,43.521641209406,44.079667629826446,26.519164135076153,TR,noise,2,1459.623357364177,0.4127204716205597,0.16485343873500824,2.687248945236206
454870842476357,28.72600008284,48.263573067355,29.018699873494093,48.105262268616066,KW,noise,2,36.01274355687338,0.1433044672012329,0.09788517653942108,5.203508377075195
151442870324225,56.727613998069,9.8232903910496,56.43493200394418,8.671500152935431,DK,noise,2,77.68138539715612,0.3008125424385071,0.2187758982181549,3.7857964038848877
3734785956631637,-32.223694448748,147.71777777513,53.35275782239286,44.36676902244851,AU,noise,2,13675.327495717851,0.5727402567863464,0.4948604702949524,2.3102149963378906
2674396816191889,2.5936083377885,9.8483489898272,7.911925206565158,-11.15203673602431,GQ,noise,2,2398.410473404824,0.36880964040756226,0.27743592858314514,2.9950385093688965
1379450249134838,11.1299017047619,42.37458637619046,55.27146123666284,60.27222059067033,DJ,noise,2,5151.069329321654,0.4070465862751007,0.3453223705291748,3.556074619293213
275414690944598,-13.67751150128,-71.664754722863,-13.424419600135547,-72.52315784390342,PE,noise,2,96.96650626009203,0.4122718870639801,0.30907338857650757,3.0698630809783936
1234218287109955,-20.82413546364793,164.48620687630458,46.7141236924055,9.549243202673951,NC,noise,2,16352.942691758532,0.07918286323547363,0.0036535710096359253,5.3433990478515625
302961411491361,46.996007579057,27.801513788055,47.159563491061476,27.614971109323687,RO,noise,2,23.028021924657402,0.38914892077445984,0.31729036569595337,3.290120840072632
948698085931649,49.321417002248,19.543460957034,46.39809166004231,11.22961467004513,SK,noise,2,699.7345324774686,0.1415582299232483,0.0024993419647216797,3.6145589351654053
328279275310503,2.1101448348,45.328888943853,17.337601998114476,78.44470212309835,SO,noise,2,3992.959983854294,0.32765692472457886,0.1408728063106537,2.6674060821533203
3938529579574500,12.745875526918,-6.8748541915599,16.271583096364278,-95.31229756743507,ML,noise,2,9450.33420264169,0.23624975979328156,0.13961705565452576,4.405772686004639
1194874720960051,12.083080655367,-61.701340518071,52.83241052318801,-3.635507173318936,GD,noise,2,6823.026025721596,0.2539844214916229,0.08779659867286682,3.326761484146118
2660802827398825,16.196727547951927,-16.262142180464767,-7.140504845559621,-35.5488653635412,SN,noise,2,3352.5430171381327,0.19690851867198944,0.04267776012420654,4.053382873535156
474318140350732,-30.186929671859,28.721722313277,-16.717694370978673,-68.88564164233,LS,noise,2,9784.222373445955,0.9391697645187378,0.9342465996742249,0.5539401173591614
131538628927343,23.927591478789,56.89006326826,39.450702698742155,-119.96329464040821,OM,noise,2,12960.16067675584,0.10802610218524933,0.00859033316373825,4.559177398681641
956252018280238,5.6732085786965,16.632589745091,56.0140595900265,8.44862445059298,CF,noise,2,5644.385116349846,0.05792677029967308,0.013381019234657288,5.791634559631348
986557568784559,47.96199867689,3.329329196682,50.277665966922505,4.882751472147188,FR,noise,2,281.19827243558836,0.3020222783088684,0.18949538469314575,3.825937509536743
858888201360481,27.431311876486,89.411968800978,55.131851457021725,60.059884323354495,BT,noise,2,3879.611839828051,0.789358913898468,0.7496450543403625,1.4654313325881958
1122494928228049,-6.2923231452892,176.31516236757,5.439273635101752,100.40340919722694,TV,noise,2,8525.892779864549,0.6563555598258972,0.5442046523094177,1.866783618927002
822289958383794,41.363620514254,46.930408712763,-30.235843708719827,27.875930317527285,AZ,noise,2,8198.631065049041,0.2366289496421814,0.017049580812454224,3.3709044456481934
507580496941067,41.24483557588,71.582892060753,54.948874170482085,28.847681469162204,UZ,noise,2,3450.558807036975,0.6087989211082458,0.49553802609443665,2.0268478393554688
850897392160274,15.37337039371,101.11838827961,50.16048864462347,4.8673711370907,TH,noise,2,9136.456457685894,0.37124601006507874,0.1657707691192627,3.17502498626709
1479666545728283,-2.207944528615442,29.59226081231841,5.817918116213446,-72.99044351465027,RW,noise,2,11423.799179980026,0.7382854223251343,0.6259579062461853,1.216031789779663
580789552886656,50.678594855093,4.8188742178492,48.981309946744524,2.8489400445475868,BE,noise,2,235.74382394837536,0.3357359766960144,0.22710385918617249,3.979010581970215
795872621134242,21.469950825343,-71.131968567748,21.478956906289998,-73.35050972939655,TC,noise,2,229.5657457791985,0.8562248945236206,0.7610180974006653,0.5847076177597046
537185557301814,21.468632587884,-71.131614335596,17.180581471701096,-62.34489000475268,TC,noise,2,1037.6365995970416,0.277597039937973,0.08247879147529602,2.5463099479675293
533124681034633,9.6221481881675,5.9902728883701,6.902607006290812,-11.213805521301385,NG,noise,2,1916.8161691090656,0.6089353561401367,0.480302095413208,2.1634774208068848
459637375114061,16.326241192515,-61.485416089177,43.36874602546389,-4.009466991945311,GP,noise,2,6158.061766565533,0.23696649074554443,0.14612263441085815,4.055464267730713
761065858107101,18.02556598756,-63.076095445477,40.82177388604265,48.81918554799211,SX,noise,2,10428.745991092599,0.07751616835594177,0.015404336154460907,5.334466934204102
175886771114688,37.132743072818,71.445580058334,41.26430090225669,-111.81063973390314,TJ,noise,2,11291.441302842848,0.5162189602851868,0.4432338774204254,2.685065269470215
3028763490743210,44.505071370572,14.497751817403,40.89493466584769,16.77506465057184,HR,noise,2,442.4197435073875,0.27708569169044495,0.0716601014137268,2.626455545425415
4083027895078105,6.922264444172,81.810604007404,12.617470728241189,76.93982957556176,LK,noise,2,828.0521566241617,0.3900466859340668,0.09888756275177002,2.1595215797424316
196273232181806,10.57170873112,-61.274575577684,15.169752079941915,120.49540721246784,TT,noise,2,17146.13366725173,0.5895441770553589,0.4196377098560333,1.5089677572250366
311046543750546,5.8181956657151,-55.229591655912,23.561468411048544,120.57199182085475,SR,noise,2,16716.577761353445,0.21155589818954468,0.084729865193367,3.8046369552612305
1340777496415094,-24.184041937054644,-56.01406804634483,-25.472752090748223,-54.66058816393931,PY,noise,2,197.9634213715885,0.8651102185249329,0.8473477959632874,0.8594861030578613
320265609670289,38.422783933334,-28.447899110035,55.426853284156344,60.52045094664075,PT,noise,2,6525.67738785634,0.23442785441875458,0.14015957713127136,4.355604648590088
587462658901340,49.482634783129,7.2198204378864,43.34595285296274,-0.5640872518716635,DE,noise,2,905.5150637172305,0.2361116111278534,0.1720525324344635,4.466330051422119
1117419915461502,-13.3507635470948,24.07831798797145,-6.597113885213114,29.860002952860984,ZM,noise,2,982.0155965726896,0.32697489857673645,0.2508810758590698,3.5393290519714355
293849812373143,21.729330866875,58.283925067403,25.102630944304877,55.2762955043349,OM,noise,2,484.59390113194956,0.11594874411821365,0.04377070814371109,5.086350917816162
913136816207204,27.685309394915,84.245084160599,54.99825460216775,61.1678870025182,NP,noise,2,3560.406110266564,0.11037192493677139,0.03935198485851288,4.70730447769165
1427947294218129,38.134538979321,20.602291273787,42.37445239031333,-8.59070703465469,GR,noise,2,2508.9330523970148,0.11062793433666229,0.027418747544288635,5.176506042480469
950864868999393,51.137636946693,23.395299320308,52.38198723188624,13.635426007084513,PL,noise,2,685.2608229854344,0.15015442669391632,0.05560942739248276,4.364353656768799
223308666224105,10.524123082769,-2.6530083555487,-19.210418135369885,-50.23441047586187,GH,noise,2,6173.165365229449,0.08153299242258072,0.014172978699207306,4.898242950439453
202168424910797,63.087501381586,29.619921161522,56.55890001769049,26.85083083616813,FI,noise,2,742.0887454994676,0.857715904712677,0.8027829527854919,0.8714896440505981
134334415352783,34.771117780932,10.388663407803,40.82503369549263,17.02842479563873,TN,noise,2,890.2055772394997,0.12777568399906158,0.06188084930181503,5.076877117156982
1123967504754624,2.462911169111,9.8411851986574,7.87215077937199,-11.141325126066953,GQ,noise,2,2399.288619345944,0.5303211212158203,0.3939822316169739,2.3033978939056396
563150931329907,-16.454467194083,-152.25488087725,13.241980945535248,-59.59499551825421,PF,noise,2,10698.278118663075,0.5602574348449707,0.4672560691833496,2.046090602874756
527782441730123,19.613317472222,37.21518325,22.69626081001218,120.50986560281744,SD,noise,2,8522.506384828255,0.33841970562934875,0.1509762853384018,2.738429307937622
874132063313509,2.1211650392132,45.325477296944,13.146842405772318,78.27675109744617,SO,noise,2,3826.4008273274267,0.46173691749572754,0.3911260664463043,2.9510498046875
1414690518888723,4.4280699971271,-7.3572366993037,6.495826708220405,2.5685185637654144,CI,noise,2,1122.4108390258782,0.1718817800283432,0.027968645095825195,3.496185302734375
1488652064809969,31.757099517069,35.492951999494,25.093826106696092,38.49888693190405,PS,noise,2,796.9837309548402,0.6466726064682007,0.5598551034927368,2.271996021270752
548267689892757,4.8188638046841,31.553307958678,-15.54261425831475,41.51995888481203,SS,noise,2,2516.0235775260544,0.19480089843273163,0.025630787014961243,4.529890060424805
151479410277523,13.926511407569,-90.820049410327,6.037007430100663,-75.23103672071727,GT,noise,2,1917.9379534621448,0.39637282490730286,0.1477331817150116,2.721710205078125
282741450237053,40.63918244788,14.689358309553,44.33763196726779,9.585690341762438,IT,noise,2,586.5045809040024,0.2112034261226654,0.08686702698469162,3.3159265518188477
466856821203613,32.362756289357,15.075112091192,23.279964854944367,37.9684519436892,LY,noise,2,2460.5392378387705,0.9278453588485718,0.9078091979026794,0.575307309627533
503692787493112,-8.4956747146718,28.873913205907,-16.400664622460127,-68.62910555984197,ZM,noise,2,10531.687075261809,0.6023025512695312,0.5426527857780457,2.39341402053833
129527739201981,50.74400552946,15.089402768176,49.3335350721923,17.36206445462332,CZ,noise,2,225.68198311397853,0.26977604627609253,0.21343085169792175,3.9162354469299316
459080448727005,43.398268683651,17.872251876102,47.239407083710134,26.449078947159908,BA,noise,2,794.3723919782508,0.13957573473453522,0.01598050445318222,4.179938793182373
2599771000325900,10.491317886291,-66.940783689543,4.4785498071747805,-75.80902250816568,VE,noise,2,1184.041639750125,0.8019721508026123,0.7171607613563538,0.9253500699996948
1586218158513391,-35.09726470656671,-71.96444205112698,14.40032736948491,-90.63863686497366,CL,noise,2,5845.7716049961755,0.6537306904792786,0.5278960466384888,1.808115839958191
790312034924185,6.4665061966066,-73.264673048874,39.269730716315046,16.69718037422218,CO,noise,2,9549.718296271069,0.3771454691886902,0.2587236166000366,2.9337408542633057
3828714587227647,-28.982228650362,17.795137519664,25.101690777796254,55.27470219350715,ZA,noise,2,7224.453822433952,0.10212978720664978,0.036494627594947815,5.379209041595459
915335685911826,-26.650343222475,31.676701721271,33.94005664334743,-87.39031516539313,SZ,noise,2,14192.697144253032,0.3455187678337097,0.27013257145881653,3.6456737518310547
295989332000056,-21.294072972472,55.453451741806,-27.429651914441923,153.07364484501028,RE,noise,2,9640.190706182912,0.09908227622509003,0.013648465275764465,4.713808059692383
762826894424335,15.953620769688,-61.226106662441,-7.1847236894213715,-34.85575860758821,GP,noise,2,3879.1209878369964,0.26500651240348816,0.14973634481430054,3.408684730529785
748877299000226,37.48624814219,-5.6260757420713,42.57463020408186,26.857309034821807,ES,noise,2,2804.925308757061,0.33850419521331787,0.029061228036880493,1.877013087272644
995130811306873,23.092040987381,59.032220074214,25.108328302182223,34.654043755276945,OM,noise,2,2481.229134217952,0.6765440106391907,0.6353539824485779,2.3295483589172363
173462692069034,50.00493277190843,-109.16881836125964,50.4182416130592,-103.85835240248609,CA,noise,2,380.59174612638964,0.5238892436027527,0.12536802887916565,1.0640971660614014
374397180633667,51.090338894144,4.5540810997605,53.51687614288063,-2.2373212829839453,BE,noise,2,534.4945028297634,0.19101105630397797,0.05957286059856415,3.875650644302368
925791128266982,3.9464155812419,-59.099715656841,-14.62426878570899,29.80645976301126,GY,noise,2,10000.847999107533,0.38384440541267395,0.20031782984733582,2.582160472869873
1008151256597783,5.4088235841337,-54.080394782482,4.399711774881573,-75.83316984585274,SR,noise,2,2412.414572829782,0.340343177318573,0.1858411431312561,3.1960203647613525
183020897030038,12.165472591779,-68.284782803721,-12.85597888532469,28.18988525537049,BQ,noise,2,10994.901326589394,0.5602778792381287,0.47678735852241516,2.786247730255127
497361505026790,24.459011977771,39.707017834424,24.820344732313483,120.96177223653967,SA,noise,2,8070.23839490255,0.2076120674610138,0.024301737546920776,3.3860206604003906
312120757154735,47.999359257395,28.38593989914,47.59741560363849,-95.6147051920522,MD,noise,2,8090.205096473344,0.10840898007154465,0.014643393456935883,4.660468101501465
507960406990835,40.602484593203,70.9323931635,40.930422921741595,17.211652879435373,UZ,noise,2,4450.319175364696,0.6239484548568726,0.5333855748176575,2.356443405151367
1068908920302393,28.118257713069,84.092550077463,24.65660115742044,122.0555528155339,NP,noise,2,3785.93505708917,0.408528596162796,0.12239250540733337,2.202132225036621
2455881761214087,9.3112240684333,7.2316171757752,-13.556361873962063,-49.90567274245468,NG,noise,2,6798.726223363516,0.3227419853210449,0.2109064757823944,3.5522637367248535
308361434006892,4.4588854980948,-75.339098450144,5.991568926406331,-73.70071870347961,CO,noise,2,248.9122495816718,0.25264352560043335,0.06844574213027954,3.396677017211914
155484156583350,-42.588544997261,171.13273084297,-43.37519120935096,172.49156303967416,NZ,noise,2,140.95597003483843,0.7104049324989319,0.6504108905792236,1.7839778661727905
792143884742189,53.499641726189,-10.025130557347,56.82546278965837,-5.044502542162476,IE,noise,2,486.4238023156617,0.817527711391449,0.7891469597816467,1.292688012123108
538480140482205,46.417273237497,15.981580762317,55.013943953704235,29.052858289344133,SI,noise,2,1322.78730658298,0.12705639004707336,0.03054288774728775,4.373627185821533
968891463855525,40.418204733364,44.58904057928,43.995789416895754,42.88896816886659,AM,noise,2,421.70686766799344,0.21059449017047882,0.023411795496940613,3.826880693435669
2562980810671463,39.539716862316,22.649912734594,42.528169131041885,-2.8153368912418157,GR,noise,2,2153.2848712429445,0.2657584846019745,0.2252466082572937,4.650562286376953
840569223558585,53.471437474357,30.369358954069,55.449136063534176,60.54706626280192,BY,noise,2,1947.2627835951987,0.20545455813407898,0.08102887868881226,3.5649526119232178
212713197082595,42.7199422641,21.124316375918,43.33542166936365,-4.118822104521276,XK,noise,2,2045.2290143608834,0.2286466360092163,0.15410664677619934,4.729467868804932
300368228286972,2.6515753388508,99.632830332947,11.593536798929119,76.3926767217911,ID,noise,2,2747.464397601398,0.89405757188797,0.8514128923416138,0.5295395255088806
803382520382829,-28.928078796683,27.877133995547,-30.181153338065155,28.53767686677797,LS,noise,2,153.28496706803264,0.782004177570343,0.7601063251495361,1.4359071254730225
1251699818583166,9.3253458360703,36.511457430463,-13.40807340023774,27.94501335534718,ET,noise,2,2698.925389039478,0.12188863754272461,0.0023320019245147705,4.24701452255249
134346362021204,-20.169316372954,57.574783850557,58.08185686456295,-3.7258090696381942,MU,noise,2,10353.916860560455,0.4151041805744171,0.3495071530342102,3.2785348892211914
2659684644176450,15.207410023546576,-14.26851329497232,5.544275150309875,-73.46931398217876,SN,noise,2,6544.919774131604,0.36323219537734985,0.28261998295783997,3.563169479370117
338266731040151,-27.714887442632,27.237097549584,38.92011202925121,-110.5266919244121,ZA,noise,2,15937.915185194255,0.4656217396259308,0.4081258177757263,3.2731378078460693
290719459343271,25.048779030648,-77.341776655437,40.73869565238521,23.025732821557543,BS,noise,2,9030.371615908318,0.6941090822219849,0.5563770532608032,1.7142088413238525
592656634965955,46.682736593205,21.206630159237,52.39741517138628,13.606971976130572,HU,noise,2,838.4247560932533,0.46001338958740234,0.38086503744125366,3.22637939453125
327481305476197,3.6341919176295,72.959377283817,1.271363466857691,103.82787326465017,MV,noise,2,3439.0026298812895,0.7368969321250916,0.5610081553459167,1.053076148033142
511298200008833,41.001835659413,71.969851087691,34.753240812769036,33.07757767362775,UZ,noise,2,3453.9519649512004,0.18402199447155,0.02310870587825775,4.026127815246582
1048097032779725,43.42241145892943,4.995993425198574,40.550400587128586,-3.9528246325317475,FR,noise,2,805.079961538695,0.7276300191879272,0.6629104614257812,1.3417776823043823
275678077530743,-17.141803188939,177.19494791591,13.86027006374367,-90.22037685453358,FJ,noise,2,10725.440162180617,0.610813319683075,0.5398896336555481,2.4294373989105225
292380389132080,14.868771348072,-61.121170377502,20.62553949981848,-87.25716699240351,MQ,noise,2,2837.238035524126,0.16624851524829865,0.0029896199703216553,3.426633834838867
195963679022241,41.444760586953,46.861020646343,-32.635593207551416,138.02993922603923,AZ,noise,2,12421.077876192618,0.16651400923728943,0.04869502782821655,3.974655866622925
967102544034985,16.986811638045,120.77076999861,18.505068649194545,-74.12332683357624,PH,noise,2,15745.550869859657,0.252662718296051,0.1486329734325409,4.040956497192383
132001678913743,-38.053559635768,-63.429009930635,4.147563069831578,-73.82832470857511,AR,noise,2,4813.645405188268,0.14837604761123657,0.07723765075206757,4.833338737487793
4323012444383952,-25.366368202834,-57.609654895019,14.649877282694414,-91.56986552980432,PY,noise,2,5773.377096626325,0.8544281125068665,0.7798714637756348,0.7638242244720459
1156261378535995,32.32323776884,-64.709264213971,23.751799689668893,121.5087113416824,BM,noise,2,13744.95382543222,0.17935682833194733,0.03881949186325073,3.4102425575256348
1022165461521852,10.726476338495,-14.376868641028,41.84897767983306,-6.646473963094536,GN,noise,2,3541.7972141648233,0.14950710535049438,0.03908839821815491,4.769838809967041
193167485884135,44.181071716568,19.719133913291,55.31888738925296,38.07256541616112,RS,noise,2,1798.7379902157654,0.20072516798973083,0.04057586193084717,3.7860324382781982
2679866852305147,50.425563977087,60.525062163106,54.04146361839967,61.44057573891913,RU,noise,2,406.8653539275632,0.6614251136779785,0.6162048578262329,2.0687363147735596
924145305018051,45.915356124611,13.677818254528,43.44027435633719,25.525801005293967,SI,noise,2,975.3138366102303,0.38936275243759155,0.26370349526405334,3.5050203800201416
3991894140857885,6.396085635246,-10.578195078991,8.574609127389873,-12.28963625304878,LR,noise,2,307.04538661991575,0.44263455271720886,0.24891409277915955,2.071845531463623
3753076561487105,2.0937663139626,45.333850241529,-4.901804275037518,-37.056669798194626,SO,noise,2,9185.147150781562,0.12645812332630157,0.01025504618883133,4.1466264724731445
4014259028668392,-23.777002866313,29.535916133115,39.896762720380465,64.47560095749985,ZA,noise,2,7952.920284884718,0.7760120630264282,0.733810305595398,1.6299405097961426
1164259444051011,-33.004571460529,-56.45950492044,-25.078020695654658,-52.79555935891497,UY,noise,2,950.432662506131,0.1663323938846588,0.026161983609199524,4.328332901000977
427797935584192,-3.381688479243244,-44.524339863567576,-2.5341062591149783,-45.81824933216711,BR,noise,2,171.83514458918873,0.9965497255325317,0.9958522319793701,0.036786872893571854
348228456711934,0.368039651477356,6.712420799552506,12.481887771757187,78.172539086163,ST,noise,2,7987.173045820354,0.41611790657043457,0.3034636676311493,2.799764633178711
4037485459669920,4.8556815609205,31.589953699137,5.1665939855230265,-1.0988601112756122,SS,noise,2,3620.710263603072,0.4995620548725128,0.19197243452072144,1.8526709079742432
157040263028996,18.045966582305,-63.112275507715,25.221894881131814,121.54931446858947,MF,noise,2,15177.530223853315,0.12320947647094727,0.053836628794670105,4.184034824371338
1124425647962016,-8.100649444444445,156.82296055555554,-2.0419907976330696,-50.37392288941135,SB,noise,2,16795.25453660943,0.620557963848114,0.5461471080780029,2.3130781650543213
190098606266094,55.069795005888,22.812891905378,56.49412089687642,26.96323555309344,LT,noise,2,303.95409544827686,0.5583195686340332,0.5037935376167297,2.747720956802368
3863626387049111,15.379540488714,-61.26786022339,18.609581604262633,-74.11950210280676,DM,noise,2,1412.5805788229472,0.6166602969169617,0.4418105483055115,1.743773341178894
807900806500123,19.60787766549,37.220870972767,30.36433162566101,-9.510009198428438,SD,noise,2,4824.27600607037,0.3511846363544464,0.13612084090709686,2.6438798904418945
135555819075899,46.30515446867184,15.555693802754446,23.203697207307897,119.42023668538441,SI,noise,2,9159.442313004747,0.2220284789800644,0.15710753202438354,4.770756721496582
152233856857550,11.552312562133,43.119735981314,12.224811024084406,102.30934064250847,DJ,noise,2,6427.274146231142,0.2857312262058258,0.20880217850208282,3.9990861415863037
319392699542913,1.3294518861992,34.311410798855,-6.962829819547178,-35.78012202476351,UG,noise,2,7830.475850411256,0.12660880386829376,0.018719270825386047,4.073405742645264
991289955033112,34.234741855173,35.65948675276,54.99508560046944,61.14638518510957,LB,noise,2,3031.4360305716114,0.171500101685524,0.07061787694692612,4.617923736572266
328520695545965,63.434626046589,-19.024249484436,47.69350512955199,108.92096658646237,IS,noise,2,6844.162867659451,0.2387179285287857,0.1428304761648178,4.033814907073975
464789361418887,3.807393,113.74682650005,5.252543061470784,115.49525823221815,MY,noise,2,251.7586050714424,0.71926349401474,0.6518781185150146,1.71316397190094
1310937239362809,-16.05923501421255,28.45034874273332,-15.729417677529355,28.21796058679486,ZM,noise,2,44.301537286110474,0.8676553964614868,0.7535260915756226,0.506044864654541
1177148709364507,3.9517282399816,-59.127383286379,-3.453392295335519,-38.6593133964353,GY,noise,2,2418.8030092195345,0.9352509379386902,0.9247704148292542,0.4370035231113434
141607461308537,-22.361528273609,-59.837892878355,5.440129118532134,100.44935380442234,PY,noise,2,17182.07706229717,0.2636174261569977,0.018678992986679077,3.628481388092041
463077528107904,-4.7878008330033,11.864756923075,22.68354184473655,120.51298555364204,CG,noise,2,12124.382098524306,0.29775387048721313,0.14855636656284332,2.849163770675659
173215948022940,8.5714365537216,-9.8691302343456,7.889123401065959,-11.181048066907733,LR,noise,2,163.09634047321322,0.8865018486976624,0.8137350082397461,0.5727154016494751
3926033430843905,32.171256244263,35.467920604541,32.048620239109326,35.29992030611329,PS,noise,2,20.888438010602037,0.5514947175979614,0.40102696418762207,2.2034389972686768
916665025779516,24.524150796485,67.540287646591,54.36994748522869,-4.054875293518729,PK,noise,2,6637.009933487222,0.23158369958400726,0.08131611347198486,4.07657527923584
842532369808274,41.215589499727,-7.4506176074975,42.58652583584227,-2.980380214634567,PT,noise,2,400.07586179698455,0.29826849699020386,0.2402191013097763,3.8671159744262695
909312326294088,28.050014468342,-14.340539294975,26.456039242473864,36.20008202138224,ES,noise,2,4962.789898991448,0.9941645264625549,0.99334716796875,0.061731573194265366
1207676993015897,10.787243979814,-68.323068119416,27.701096764840248,85.35000980163203,VE,noise,2,14881.2424313214,0.24872535467147827,0.08434455096721649,3.4738919734954834
317484316498860,51.531648181729,128.20909035955,61.68812467598413,35.11175147310213,RU,noise,2,5301.064678094266,0.21823953092098236,0.138546884059906,3.6299004554748535
947661819318356,17.121694235905,-24.994762874038,23.949141766692883,120.93938165022233,CV,noise,2,14139.339257078318,0.9138080477714539,0.8750593066215515,0.5475262403488159
3947329925333716,12.679493966294,-6.7269231036328,-13.351961919002033,26.814965533502043,ML,noise,2,4695.433521438151,0.3134809136390686,0.20419365167617798,3.312483072280884
142131454599179,24.557496611483,35.148695104321,55.095057448179105,8.474988359895855,EG,noise,2,4036.5945589254075,0.07623425126075745,0.009409844875335693,5.186248779296875
165567675960284,19.612087898208788,-70.1751715983372,21.0216000661522,-98.14104471678364,DO,noise,2,2916.7478112393683,0.2459714710712433,0.07077336311340332,3.4456629753112793
1366666657062368,47.544360211205,12.177256693404,50.59341959675636,10.929855947683995,AT,noise,2,350.992844270919,0.5618067383766174,0.46071359515190125,2.4421916007995605
829244944391118,39.11803685393,-7.7196219014644,54.715855497772246,8.437368222417712,PT,noise,2,2113.6151952405125,0.3421875834465027,0.1964750736951828,3.396479845046997
298013541938371,41.541448730912,-8.7560397976019,39.324509213793895,16.558323120530797,PT,noise,2,2148.9034060159934,0.824576199054718,0.8049825429916382,1.2761549949645996
930318810923353,12.290897526921208,-69.09122276531554,43.547933344677574,-5.214280345384463,CW,noise,2,6973.157942370686,0.48438072204589844,0.16851985454559326,1.7373080253601074
503246924141783,15.602839427825,32.487242561959,30.077164820273875,31.45609877038592,SD,noise,2,1612.9082779775326,0.6861595511436462,0.5059493780136108,1.4045517444610596
449325599700589,50.12174331487,4.4948783441326,51.04613493336273,11.725653059373952,BE,noise,2,520.5306948185573,0.30476242303848267,0.19039419293403625,3.6567986011505127
467405711031097,17.992572255683,-66.263814308226,22.765673668134518,120.54948047399047,PR,noise,2,15422.866838617934,0.14397308230400085,0.048087552189826965,4.348963737487793
288246882935326,40.557590089793,75.163197454637,47.54662254640623,13.266002358654054,KG,noise,2,4874.453300347814,0.5358240008354187,0.4475097358226776,2.970280647277832
505540450790369,22.70995468898,92.098773627243,4.3201524843539,-75.71446522666736,BD,noise,2,16730.7380583152,0.6423501372337341,0.48395225405693054,1.5094459056854248
591386078920254,62.107759453888,-6.6834959276139,56.81604833422617,-4.92979437468324,FO,noise,2,596.6386841951744,0.46019211411476135,0.22785541415214539,1.7461285591125488
370606561029319,10.210502973191,-0.07341133185964,10.15614206902726,-0.3065856905792877,TG,noise,2,26.225482467752684,0.22265799343585968,0.1633547693490982,4.719878196716309
439450394288287,50.054284237917,38.880788589348505,53.666691117554414,23.832652903404718,UA,noise,2,1106.0501420070464,0.4299072325229645,0.0987577736377716,2.0668978691101074
310375324029868,-37.347698548595,-71.82270654997,54.37023345954254,-3.976769221628617,CL,noise,2,12072.333215215418,0.22288565337657928,0.114751435816288,4.079754829406738
981591149045969,18.008278271819,-76.772753375805,55.15235806211769,61.40269421378188,JM,noise,2,10974.706406704452,0.17081528902053833,0.004453942179679871,3.620150089263916
538662890462002,22.639099459104,-80.443942528532,-3.0992790099308576,-46.53470326997962,CU,noise,2,4661.627416416281,0.7871366143226624,0.620445191860199,0.7107822299003601
481222069768896,22.306404025662,114.25196352132,22.276394709988807,114.18739085963614,HK,noise,2,7.43448870023016,0.9925587177276611,0.9891791939735413,0.05190610513091087
853822608822418,-13.764240001823,34.415945000478,56.01443578908315,8.505649609552005,MW,noise,2,8125.889417323798,0.1753421425819397,0.07107700407505035,4.182008743286133
2945544342367414,18.448984494982,-64.550096065019,47.03122541471607,28.82644608096626,VG,noise,2,8767.056143233049,0.1625344604253769,0.06466837227344513,4.285199165344238
733805970633940,26.209879663614,44.103482474166,55.27586916692997,60.45298972174107,SA,noise,2,3493.427752893275,0.6942302584648132,0.6484115719795227,2.008779287338257
2579377392357434,34.360744713034,0.072177953700416,39.208812251530176,17.21747266791823,DZ,noise,2,1616.15452697947,0.2365124672651291,0.08550956845283508,4.263242244720459
321976292610460,2.6050561253904,-76.72716581048,-22.191425034902174,-46.64200968481574,CO,noise,2,4275.021121616933,0.2789803147315979,0.07067953050136566,2.7757558822631836
246778030560130,22.378053670525,103.87749530607,54.28211024364584,9.525566242398153,VN,noise,2,8278.058072705067,0.12418452650308609,0.023878134787082672,4.746188640594482
132463405538393,51.895041095248,4.7359317785887,54.79129730813521,8.427841842938477,NL,noise,2,404.58523435182997,0.5938178896903992,0.3563864231109619,1.5380111932754517
159985626091830,42.085182325218,23.055097885585,42.565506662169554,24.76001002849397,BG,noise,2,149.98880627988433,0.3480471074581146,0.10379186272621155,2.448105573654175
740422473321001,35.328722082019,33.504620154232,40.75470191813113,23.0083322896827,CY,noise,2,1098.2901059208539,0.5179790258407593,0.4286291301250458,2.286425828933716
6049840251722845,8.4468470660858,-83.484163463651,9.657511321534242,-85.2178888465251,CR,noise,2,233.1644719735929,0.15948808193206787,0.0035607516765594482,3.3968257904052734
138432154861804,35.516834375223,24.116877817233,13.063209096379325,75.5498002224743,GR,noise,2,5701.26689801242,0.18924927711486816,0.12975066900253296,4.823737621307373
171677658627663,18.637934456903466,98.81616605062511,21.475029320943865,-98.03090096037035,TH,noise,2,15192.535612469053,0.7216358780860901,0.6352972388267517,1.6781766414642334
473447400410020,45.472666923779,13.751881662375,12.223975829359802,102.30249553721664,SI,noise,2,8930.282895099297,0.7353783845901489,0.5895577073097229,1.3097013235092163
208370247526297,56.307504479799,9.1351912802156,56.48335920497156,26.655877227855754,DK,noise,2,1075.5073370190128,0.2504088282585144,0.18742990493774414,4.344467639923096
1163829564042676,17.629236812387,-63.23181172096,19.627190221248075,-96.45780966429325,BQ,noise,2,3502.662737844151,0.9102807641029358,0.8932344317436218,0.7536805868148804
1180300995725561,32.355451166141,15.079114167989,21.6467241265702,38.876682834036274,LY,noise,2,2632.714659335384,0.32047173380851746,0.27949148416519165,4.394980430603027
1162905660800863,17.15804609038,-62.622664100026,13.071377391574853,-59.59497105551304,KN,noise,2,558.6364885290517,0.44514355063438416,0.03825676441192627,1.4194515943527222
780194756204466,31.983423754021,34.895586904175,25.08677646277497,121.58305363485101,IL,noise,2,8272.607733339531,0.2617148160934448,0.15758712589740753,2.8192012310028076
789897778580281,54.185632103826,28.47319812173,55.87776100019833,37.30363103175698,BY,noise,2,592.8780217806196,0.3419565260410309,0.17461061477661133,3.479071855545044
769108033797400,-13.06839043317,-76.274611371143,49.74109356891415,-120.84915538320315,PE,noise,2,8226.910113042934,0.26905307173728943,0.22106686234474182,4.297080993652344
5011086665646025,13.613395452952757,-16.429313461515747,-25.889579106748652,32.64592213641152,GM,noise,2,6890.305288261022,0.3636661767959595,0.13233697414398193,2.4856197834014893
3772032009586752,-4.0767885530923,29.088814837055,41.7816719384185,44.49969056019444,BI,noise,2,5332.560630180707,0.07274508476257324,0.004461735486984253,4.8932695388793945
971793776898906,-34.758013649475,-55.95646902546,60.98084739900593,36.41069601664563,UY,noise,2,13454.299955187298,0.709846556186676,0.6641070246696472,1.8216999769210815
745163459490620,31.824187546378,35.267560408259,54.280830518966894,-4.366357873405025,PS,noise,2,3990.7739582774657,0.17605803906917572,0.12523461878299713,5.027353763580322
531383694528931,37.605095136322,48.695122536588,53.18919452210829,44.05488109046594,IR,noise,2,1769.3948088227576,0.22398518025875092,0.11479291319847107,3.60945200920105
355157592673467,1.0703328887576,103.96283377749,19.553740305921448,-96.86429260674934,SG,noise,2,16786.86847792779,0.5108705163002014,0.4664669632911682,3.1052942276000977
303575617923017,-9.4382405064784,147.20811425115,24.45573218424234,120.80729684038647,PG,noise,2,4733.8758793307225,0.336489200592041,0.01077231764793396,1.9241664409637451
1038259080102537,-26.782850103384,31.938656241877,34.07103508308678,-113.5802668064613,SZ,noise,2,16628.347677841975,0.6063335537910461,0.46175649762153625,2.1878929138183594
459158871851075,10.792404464252,-12.298637806325,-13.806921396303022,-50.00565262204568,GN,noise,2,4977.544161536299,0.6254438757896423,0.5281863212585449,1.8345935344696045
288005262963881,-21.597843332119,23.667795003616,47.80781445278837,16.485536592514876,BW,noise,2,7750.872799278385,0.09969080239534378,0.006074965000152588,5.100401878356934
311438013831843,16.840623273889,121.74439328693,41.16422012996739,-112.02029770296187,PH,noise,2,11520.308595830893,0.15901406109333038,0.0006338357925415039,4.241412162780762
457187265449390,18.32580535956599,-64.95398969507924,17.156350185653505,-62.566517086775804,VI,noise,2,284.3219468459002,0.373453289270401,0.2682480812072754,2.975823402404785
327825698973041,39.559288635696525,72.9109157130074,38.9301704850656,-109.32587222534187,KG,noise,2,11284.486194627769,0.5199108123779297,0.48704245686531067,3.188741683959961
1376712112713014,5.1198336159589,-52.65735432583,44.08675582354493,26.44736195306593,GF,noise,2,8742.159794839094,0.09187524020671844,0.02172662317752838,4.379539966583252
524817781855332,-14.010419075563,-171.76031777505,16.705499356207348,-88.65525632064768,WS,noise,2,9740.072925120894,0.17071427404880524,0.050966404378414154,4.034322738647461
858561451393926,36.701828275673,67.096598041303,30.36086713390548,-9.495778984710618,AF,noise,2,6944.337145064374,0.4969058036804199,0.0990394651889801,1.3127379417419434
177928610855949,6.391780060521,2.6237783121974,6.2949040570267165,0.10958717475397814,BJ,noise,2,278.0621333155227,0.12301138788461685,0.01272512972354889,4.433774948120117
747501719832988,-9.89210909998267,38.8967731000014,-13.000336064966833,26.207762795308323,TZ,noise,2,1425.1334809803843,0.7676567435264587,0.732641875743866,1.625504493713379
488569252193683,12.539996192436,-81.714972968868,14.933964950268804,120.87510004755677,CO,noise,2,16075.811937620589,0.2720641493797302,0.08126424252986908,2.901637554168701
762294004482937,20.222569995853,-76.036013281341,60.91341400384757,36.68319555307255,CU,noise,2,9203.321238827373,0.16264745593070984,0.0660446360707283,4.585974216461182
526448611961086,7.924136171510359,-11.169831512240096,55.119410903446344,60.22035426941701,SL,noise,2,8107.397322146638,0.9047863483428955,0.8859568238258362,0.6649305820465088
1359226914447321,10.466207945458,-85.77513112055,13.837454343270135,-89.48778432969497,CR,noise,2,550.7661188621765,0.44590288400650024,0.13392239809036255,1.9974751472473145
478165190183611,12.430745089839997,-15.317974157219002,34.88494200255638,32.41914377927705,GW,noise,2,5399.409975702963,0.3441191613674164,0.13004891574382782,2.9206695556640625
336533984561274,18.419385888373,-72.877030607553,18.511444000191524,-74.11220809632167,HT,noise,2,130.6755171222771,0.5506600141525269,0.4731958210468292,2.487382411956787
292195892390772,-13.068772639841,-76.278890129748,37.81115585706771,-121.48534523026358,PE,noise,2,7360.859012958912,0.0979815423488617,0.04687874764204025,5.349835395812988
786215532287048,19.827903639239,94.949804250429,16.492837504037926,73.5777800242258,MM,noise,2,2286.6446558510493,0.631655216217041,0.595359742641449,2.4503166675567627
4028024750648073,-1.455427434928822,29.883620710338125,7.918736479648312,35.801960641576116,RW,noise,2,1231.7648021620148,0.36813730001449585,0.26812297105789185,2.7476859092712402
481816143100801,26.018200502837,50.622605427635,26.090375616196038,34.43625478001089,BH,noise,2,1615.913164054167,0.9791668057441711,0.9758243560791016,0.18673531711101532
304881227850189,22.470625099054,114.10853488259,23.677432265048107,120.81568265111818,HK,noise,2,699.0568462451397,0.16193385422229767,0.0683407336473465,4.213490009307861
126797393065714,49.84047838484732,15.803297909812008,39.24656067686565,16.81961201200858,CZ,noise,2,1180.7095457605717,0.5862878561019897,0.5462267994880676,2.4620285034179688
1211101869349798,-10.507365795363,105.65356096619,55.540263924857484,8.445221215959808,CX,noise,2,11421.832892702223,0.4104194641113281,0.24873697757720947,2.918886661529541
1357493864625552,2.1640539673148,30.64994870704,-23.225907960423296,-45.95464291103913,UG,noise,2,8738.658542325407,0.45470279455184937,0.2991110682487488,2.3598334789276123
934011534098551,12.028286166295,-61.732840110417,12.087028615600063,-61.675878970155374,GD,noise,2,9.00175061640427,0.7067161798477173,0.5850127339363098,1.1680225133895874
500159881489089,7.342259838854188,134.46879110851162,-0.8359563774994174,-80.68515908613189,PW,noise,2,16051.967773576085,0.10426988452672958,0.0013371706008911133,4.830480575561523
2829740963958043,-2.733735821930212,29.43081567684662,1.0427729309634597,34.18595681552063,BI,noise,2,675.0939531213106,0.9216148853302002,0.9003400206565857,0.5189451575279236
300848138109718,4.2523717777778,-55.444873805556,8.580790470957284,-10.826684023151289,SR,noise,2,4950.801456579521,0.5019159317016602,0.309969961643219,1.7180370092391968
2960966407518451,59.940574907434,18.785342625587,57.46348775930066,16.53292142297598,SE,noise,2,304.5815480602187,0.07170892506837845,0.0023558884859085083,4.803244590759277
220493529416834,14.451610237561,99.415018949546,12.786259541438223,76.55366083600269,TH,noise,2,2476.5002732712164,0.12786215543746948,0.0192314013838768,4.796468734741211
516560806259751,-18.175596732511,178.20009731967,22.768177528226374,120.53474090414208,FJ,noise,2,7744.004758806077,0.5621472597122192,0.462152898311615,2.4286653995513916
294110862335495,53.181595920049,5.7480942483866,54.45488157240287,9.54084357720152,NL,noise,2,286.35710339360793,0.17651814222335815,0.05613496154546738,4.830455780029297
244296907493001,65.57013399313,-19.349029020965,53.48531807730356,-9.79388178770921,IS,noise,2,1443.9900735535161,0.16748467087745667,0.001648828387260437,4.194910049438477
233889245170464,4.8560503387361,31.612436706474,12.299205313781615,76.59824111501872,SS,noise,2,5008.329621665886,0.9201071858406067,0.9003323912620544,0.5359017848968506
1927622730739430,40.369069324101,18.219159988562,11.28104835043235,76.97307053741007,IT,noise,2,6566.185035677766,0.5716788172721863,0.48156189918518066,2.584979772567749
471926114136200,4.5631962676901,114.07349517648,25.098744729545224,121.582563969276,BN,noise,2,2420.1443760352777,0.3083382248878479,0.13384628295898438,2.5249664783477783
1192683651176123,9.0895860909637,-79.618866004971,19.560538571814465,-96.86799211487346,PA,noise,2,2189.9939253442817,0.8327407240867615,0.7807609438896179,0.9731792211532593
1413530045696031,-15.969463833371,168.26130683879,11.973249720575495,-86.29335540014593,VU,noise,2,11999.207424380138,0.15412883460521698,0.02260763943195343,3.962650775909424
299499428465574,22.36370144725,113.94841256522,38.268471106631196,140.954038327598,HK,noise,2,3118.8543506658834,0.33655834197998047,0.2608392536640167,3.529043674468994
189606749553432,56.525393057968,10.08101978509,54.02105480872676,9.638344931409685,DK,noise,2,279.87630774417073,0.16533251106739044,0.04378337413072586,3.787024974822998
1108722216274003,1.3887705484241,173.14385660736,1.8275600704516899,154.22695503858668,KI,noise,2,2103.1882390808973,0.3512371778488159,0.3134332299232483,4.0171403884887695
240591061153313,9.7075559946148,100.00619099387,14.019477701295157,100.78940733693503,TH,noise,2,486.97610326202647,0.3542337119579315,0.21341726183891296,2.932506561279297
794974811139135,32.804114385981,13.043328230439,40.7318660856159,23.012049422899413,LY,noise,2,1249.5897928624606,0.09393693506717682,0.03234521672129631,5.368858337402344
1107588656407422,-46.062736055573,169.00760704864,45.223741702635806,8.067409015834674,NZ,noise,2,18534.01892678901,0.10569559782743454,0.051581572741270065,4.771404266357422
1279096795825768,54.406755367854,-8.4796165911836,56.3680327633163,-3.457351434771158,IE,noise,2,384.79847423239795,0.2596769630908966,0.14725437760353088,4.11643648147583
193108499326081,-6.7004249966118,39.206861112601,-28.05258445244997,26.851362787190848,TZ,noise,2,2707.352557835981,0.7344104647636414,0.6884994506835938,1.6079022884368896
291897862594169,27.521924666676,89.820270487386,11.554379347614853,76.31518595550396,BT,noise,2,2266.3478708922485,0.465503454208374,0.35249415040016174,2.7701783180236816
123070833137806,5.8145917994639,-55.143095980408,5.838914677010306,-55.18477465837484,SR,noise,2,5.345239742952448,0.6130680441856384,0.5760279297828674,2.511448860168457
5396405327097940,69.21259125489,-51.103395948712,60.077617579689736,-1.203286748713984,GL,noise,2,2494.6340288433416,0.27953672409057617,0.12232880294322968,2.8419148921966553
957601181668431,-51.706042723598,-57.906993308318,36.78399924546224,-109.37476661507698,FK,noise,2,11036.351766833408,0.8188042044639587,0.782805323600769,1.0788408517837524
604130717650197,-1.9959688798483,30.050157126173,4.965669145343599,-1.713605859764741,RW,noise,2,3612.4766159268825,0.5755773186683655,0.43304288387298584,2.1058859825134277
1941512039367524,30.98571832847058,-7.229221956634584,23.307326877275088,38.20114520831934,MA,noise,2,4544.201382672072,0.12662973999977112,0.06633862107992172,5.182876110076904
196243366278308,13.167682777777776,-59.53696416666668,24.99175173682357,121.3240433980218,BB,noise,2,15770.923867210426,0.4268694221973419,0.2674614191055298,2.353895425796509
215411967015224,-16.468819194731,-71.941378039278,31.566779169455494,35.19386016752764,PE,noise,2,12554.017741637539,0.4394545555114746,0.3631645143032074,2.9068360328674316
1450360272005106,15.921467840879,-16.279407687736,41.917904415132206,-88.92632193774413,SN,noise,2,7408.793856590974,0.1438772827386856,0.07472124695777893,4.448770999908447
756714068376834,4.8155110248734,114.77642618053,7.882994116826606,-11.18347005246983,BN,noise,2,13856.89541793036,0.14126338064670563,0.018350772559642792,3.7098445892333984
2918063678449936,8.0011665869234,38.705149393002,38.68421557743597,58.45301990819535,ET,noise,2,3942.740321295642,0.1321718394756317,0.0733318030834198,5.405604839324951
1001295333882125,40.63113853803493,-6.0362211199295865,50.3624848731319,10.973793202376648,ES,noise,2,1704.307944822354,0.17015066742897034,0.025008127093315125,4.089510917663574
808035410091724,16.206487661547,77.345926501434,9.072910768866658,7.627011094205849,IN,noise,2,7574.357902013121,0.6441478133201599,0.5262131690979004,1.6879974603652954
268897404930235,57.163975404144,-3.6875044027183,50.408908503460275,11.099717712372687,GB,noise,2,1223.6207892504408,0.11600316315889359,0.006826475262641907,4.0904860496521
1125401674596218,39.823992064377,42.428897726042,39.886899920255956,41.075228841560765,TR,noise,2,115.76001323130666,0.8985999226570129,0.8834763765335083,0.7829387784004211
526674661844363,36.219109563696,44.414746657631,-30.061211734502628,28.277584399820846,IQ,noise,2,7560.264724378869,0.4199981093406677,0.3802213668823242,3.6190528869628906
964858007616084,4.2630124849459,73.563178328896,33.8799042974756,-78.5665991148989,MV,noise,2,14862.883119810213,0.08735502511262894,0.04844227433204651,5.392102241516113
5490667957675480,5.2624334865771205,163.0047322024813,21.611049427036235,-98.23775451930868,FM,noise,2,10691.661774549433,0.790585458278656,0.6730740666389465,0.9958515763282776
573195574072375,-15.671003834964,-48.191441316741,-23.26034656493183,-45.99425086605393,BR,noise,2,874.7088475568603,0.3459289073944092,0.2836768627166748,4.128241539001465
892381884955306,58.981961021242,24.221882703215,60.82043398115502,36.034278682918405,EE,noise,2,688.5908210387863,0.40274542570114136,0.20777767896652222,2.442131996154785
5416581451690167,8.876751843202419,-64.23554389395768,-18.633121072392623,-64.30896598514931,VE,noise,2,3058.968903643762,0.210458904504776,0.10037446022033691,3.3807356357574463
482078066336394,-18.636202891772,-174.01936863548,-12.380371724878263,27.711589164693812,TO,noise,2,15823.242851707575,0.290311723947525,0.1620684415102005,3.0785129070281982
329210971927794,5.843070862629,-55.089876855582,55.46351485792031,60.53609967433906,SR,noise,2,11031.677223822328,0.7203830480575562,0.6599352359771729,1.822928547859192
251937010050891,47.507459505795,21.685088460781,55.20947060487464,60.878615186023325,HU,noise,2,2810.515455532833,0.18766920268535614,0.14509372413158417,4.805629253387451
469124120816531,33.256755487161,126.61974805537,18.869638695095798,-96.9091423867868,KR,noise,2,12603.904702214872,0.20911206305027008,0.13429614901542664,4.185300350189209
6544008378958782,42.576053933645,12.422579613177,55.47602556280595,60.49914635865927,IT,noise,2,3697.532757561054,0.07564263045787811,0.042314562946558,5.868048191070557
468826351040628,-32.904700967934,-52.731761718702,5.930578906721629,-74.89666315757778,UY,noise,2,4911.7956769741095,0.2369086891412735,0.002162650227546692,3.3360238075256348
458089889154332,49.9716081757907,38.98921274981689,53.67673958000635,23.83792504930573,UA,noise,2,1117.107937556206,0.16874317824840546,0.059603042900562286,4.1818647384643555
913455289198852,10.638477230341,-61.313394324688,10.553265812881776,-61.25428592519036,TT,noise,2,11.467995502292858,0.4707939624786377,0.168876051902771,1.659104585647583
391651555234292,4.7891910927864,103.42511490766,5.419730382354008,100.48298351586543,MY,noise,2,333.30837098512905,0.639369785785675,0.33011171221733093,1.0499367713928223
169873605037737,10.045722702666,-83.299560625022,11.99067937769017,-84.79883671505043,CR,noise,2,271.19579340393705,0.17051735520362854,0.0007515847682952881,3.6975224018096924
1032233080991900,39.140834029054616,20.961949886464165,39.59431025884693,21.709706350355088,GR,noise,2,81.69731576114076,0.4687950909137726,0.3085564374923706,2.438234806060791
375451844456388,-26.804552190115,31.961012436385,46.18629598973269,27.64109473384208,SZ,noise,2,8127.904783658794,0.1688271313905716,0.11568831652402878,5.067831039428711
855805948342180,44.525909974035,15.903249699487,45.35870653694595,23.655341856761012,BA,noise,2,616.871136082043,0.12804529070854187,0.016744129359722137,4.398037910461426
139526285635637,13.217826050214152,2.929162678521952,34.09198563887949,-113.97290579054574,NE,noise,2,11529.436734179153,0.8527781963348389,0.819991946220398,1.0223124027252197
5442759149130487,67.890019179633,20.308537274689,55.208292189335694,60.862331370616396,SE,noise,2,2499.5881132616482,0.1883021891117096,0.025496497750282288,3.2110583782196045
3921179927973144,54.246330015747,-4.5628069974706,58.967779585310666,-3.450199111997879,IM,noise,2,529.3786949412876,0.5359215140342712,0.4637230634689331,2.327461004257202
469492320924211,38.276346407666,57.98363402764,56.28004799936882,44.068734125016555,TM,noise,2,2250.6612267491023,0.20450817048549652,0.010902196168899536,3.984774351119995
310307137129739,48.189212227502,-106.60069617067,-12.860490146541606,28.164696114208404,US,noise,2,14297.359123699318,0.06105884537100792,0.018259208649396896,5.539794445037842
383397352939199,39.95006776682,140.12870703204,22.69577270637335,120.5173404175476,JP,noise,2,2662.0025908537305,0.258777916431427,0.10277445614337921,2.8249588012695312
1688335251353973,-14.865382426326,35.3053829175,-13.370027318660972,25.205692974098692,MW,noise,2,1101.6149914069474,0.770949125289917,0.7173739075660706,1.4998546838760376
368819684557497,9.8821178559993,-84.703514000306,13.52974402945867,100.78770401120245,CR,noise,2,17342.203757484855,0.09128213673830032,0.007521092891693115,4.429696559906006
3142165536067308,8.892556698116664,-64.244099923535,25.229610634671328,121.59478367289347,VE,noise,2,16168.530209526063,0.13463865220546722,0.013238020241260529,3.4751482009887695
916461445802958,18.351592546824,-73.166686920189,18.54930645615055,-74.0873379950809,HT,noise,2,99.56691174679692,0.9560419917106628,0.9507995843887329,0.3580958843231201
1438450646526614,11.602056871897,43.143067800469,18.545305018010183,73.8406913224694,DJ,noise,2,3380.1120876866244,0.43409454822540283,0.2638211250305176,2.7280495166778564
171644361525352,3.2965683888889,-59.645080555556,17.713960007480342,-97.45185264726157,GY,noise,2,4419.679629101965,0.09457879513502121,0.038710158318281174,5.781773567199707
3643623472415985,13.248359768362,-61.267804498546,15.164613407886808,120.52592235198877,VC,noise,2,16849.549919239114,0.21313011646270752,0.016372501850128174,2.9340357780456543
974847123463445,45.48089676461988,141.9141645369168,55.07124278795531,-2.8384253979761485,JP,noise,2,8353.40464608728,0.6684923768043518,0.6462128162384033,2.3270456790924072
219450919950414,4.2765353097168,73.575427012288,16.330815962083797,-61.47082585925196,MV,noise,2,14568.289608675714,0.17479459941387177,0.10853338986635208,5.0491132736206055
197777158852668,18.542511750027,-72.425551013845,40.7367146481793,22.972977030661337,HT,noise,2,9113.051287866088,0.20103998482227325,0.10097340494394302,3.5822291374206543
1673203299531642,49.085005765367,-1.4823203864636,54.480798876025574,9.535044058736359,FR,noise,2,964.7790957042149,0.6276134252548218,0.5525634288787842,2.1511693000793457
1605231949662620,31.431741304615,7.0759601080198,25.24647886013633,55.396360245600086,DZ,noise,2,4741.469557866612,0.4028792083263397,0.26542943716049194,2.98266339302063
451593852608237,49.039623298927,17.575489860882,43.95285713083427,-1.032010788174189,CZ,noise,2,1527.5834283001511,0.14193150401115417,0.05042532831430435,4.524765968322754
304641044593781,8.0755534487471,-80.948273440388,-7.235127191550545,-35.42193794730483,PA,noise,2,5326.301373711796,0.3027249276638031,0.12017107009887695,2.92238450050354
537192110996228,33.673060807593,8.992445655067,-35.32236666791812,143.59731960415775,TN,noise,2,15887.649882735359,0.07518360018730164,0.021553874015808105,5.15683650970459
2874567659528784,10.624021568983,103.55740436843,55.21164994500623,60.87954559786468,KH,noise,2,6192.419475277418,0.2103804051876068,0.11597393453121185,4.24570894241333
306873294180376,36.543159906681,-95.385746192161,42.4885171177092,-4.915811036043619,US,noise,2,7404.398961861614,0.6609193086624146,0.6007117033004761,2.195793867111206
474237406957052,38.032230216342,71.296052545699,35.543239908184155,138.71818071367392,TJ,noise,2,5874.122013381872,0.11761359125375748,0.017251573503017426,4.3408308029174805
893270331236297,35.542457911478,34.345047266311,51.05277662152242,11.785122936134538,CY,noise,2,2492.4918649851547,0.18467946350574493,0.08079538494348526,4.36189603805542
394355595015312,-10.420322783141,105.70164382136,17.179473355080543,-62.682031772989504,CX,noise,2,18553.61138201857,0.724628746509552,0.6695773601531982,1.6844396591186523
1720688194781084,-2.0414077903770145,29.44965968721136,-7.260604917753083,109.66625600022972,RW,noise,2,8900.0683515633,0.34788382053375244,0.13741640746593475,2.0253376960754395
1072181156643275,18.07465399978,-91.640772999734,44.05694618186425,17.27557668501961,MX,noise,2,10044.091882633315,0.10949928313493729,0.04768213629722595,5.023855209350586
4167670343253112,38.101113171443,70.434664027996,36.009210733814136,51.16310142480667,AF,noise,2,1722.7247611760151,0.9867858290672302,0.9829853773117065,0.11156965792179108
174020494657037,17.630108574846,-63.232604239636,22.252197316352913,113.9891722500034,BQ,noise,2,15570.085753633311,0.32362574338912964,0.20234672725200653,2.98530912399292
841778303361650,4.4129500800509,-7.3568081852969,8.562948165166235,-12.406453235820349,CI,noise,2,723.9139302619932,0.22760848701000214,0.0692579597234726,3.381690263748169
6128179790541161,55.439905979985,25.277989368239,59.00903249728674,37.96054499446894,LT,noise,2,858.5437701508276,0.694442629814148,0.6247791051864624,1.6903319358825684
860733724520470,42.906057348904,19.550997884227,43.256224221821135,-4.164566684248508,ME,noise,2,1919.984710572464,0.1183144748210907,0.01038265973329544,4.2045159339904785
864697561114910,-29.077441505083,27.74348424067,47.15510220183191,28.876174622701562,LS,noise,2,8477.433845829193,0.26112017035484314,0.10766735672950745,3.5534133911132812
470728414179183,-4.4035085235997,28.875651684315,8.553710967813313,-10.640299420394864,BI,noise,2,4612.292045725682,0.5273263454437256,0.4794290065765381,2.7892589569091797
572376240384590,38.710627031317,20.595182002582,38.66478412844155,20.798158655310218,GR,noise,2,18.339965531388227,0.8316906094551086,0.7522866725921631,0.844150722026825
121312253609017,-2.475605,101.08095666666668,12.287003049653217,102.39510136280255,ID,noise,2,1647.9344628303797,0.26587867736816406,0.19014805555343628,4.093830585479736
1443161219370901,-20.998296188116,55.608257838223,21.130693108405943,-98.24308283217103,RE,noise,2,17304.84245454677,0.663165271282196,0.5091273784637451,1.474229097366333
935114343986233,14.756132710056,106.17208788727,61.15038912000238,36.33391285911713,LA,noise,2,7497.144882601186,0.36565470695495605,0.2573085427284241,3.1588480472564697
528816851860286,13.929456140067,-90.641111213437,-7.69132154064482,110.72173307643992,GT,noise,2,17582.571948532197,0.3032657504081726,0.16478845477104187,3.6112709045410156
949677732469296,-3.949905939326,29.108488727431,7.910918588060195,-11.199611139415701,BI,noise,2,4661.612311624311,0.3280044198036194,0.1258828043937683,3.077531576156616
535238961691986,-9.012128600000004,125.26142969997224,18.503516310232722,-74.10742834751595,TL,noise,2,17675.045707586545,0.7672383189201355,0.7387714385986328,1.514815330505371
785746405666869,-15.233412447604,27.672681901373,40.80249740206207,-73.19824223427175,ZM,noise,2,12011.897439097209,0.12688706815242767,0.04816658794879913,4.874142646789551
3016818381880651,49.809878371642,-121.45256952608,47.1847418855279,-121.6696038091473,CA,noise,2,292.3392221332614,0.11194460093975067,0.01696263998746872,3.7359771728515625
381383576502282,45.377597713432,18.296766050051,55.86500907520006,12.200412916794086,HR,noise,2,1241.7486985567607,0.17780852317810059,0.11437325924634933,4.419044017791748
610064709949694,39.354018070055,3.189777650907,39.310566684493324,-0.5638516197660336,ES,noise,2,322.8528175108784,0.5409382581710815,0.3094182014465332,1.9304264783859253
172787811514759,35.229088448061,33.767549827448,44.865822434050195,8.351898047706046,CY,noise,2,2400.4207998297325,0.11824817955493927,0.0561007559299469,4.985079765319824
782110492675930,20.011066718061,-75.671652777958,23.237307818285206,120.64125268675721,CU,noise,2,14891.032442834943,0.1785190999507904,0.06211518496274948,3.9196970462799072
400250872119328,11.85196334791822,13.142710363889922,23.14547766735859,72.56203906222053,NG,noise,2,6384.195475664992,0.29855990409851074,0.03929269313812256,3.0508406162261963
892609551301442,-6.2907747954542,176.31557778615,5.432679123441465,100.41405870801381,TV,noise,2,8524.649542840978,0.12666575610637665,0.029767192900180817,4.633626461029053
202638525024688,49.252128640765,-2.2302663941837,43.26365227265027,-0.0734723127140436,JE,noise,2,686.144217519724,0.14109769463539124,0.018870845437049866,4.317386150360107
482179499657429,35.35863654069,-87.442281622797,42.40019473957692,-76.46894686091473,US,noise,2,1229.1782739012224,0.08207045495510101,0.021977730095386505,5.141621112823486
166409505310564,-9.7930504284381,33.876999664849,53.033178145961045,44.413561045200325,MW,noise,2,7057.311373346271,0.22543558478355408,0.03987668454647064,3.2746469974517822
839128376686201,-21.379486131927,55.652855746499,51.860247805175284,0.7994696943852949,RE,noise,2,9724.941669958293,0.11021546274423599,0.009264744818210602,5.086578369140625
173546557995177,6.6979922509375,-57.920196653076,26.514860938416,-78.73797992252298,GY,noise,2,3115.9775821210424,0.42296674847602844,0.332993745803833,3.0063600540161133
778732033031387,49.481310552598,-2.580607408903,54.83635260505508,8.372462404184539,GG,noise,2,953.5910716324634,0.14476504921913147,0.08396371454000473,4.986861228942871
1459021641097176,19.327056989127,-81.381676002568,27.190427836848457,-80.23750292190472,KY,noise,2,882.1261957710625,0.5031622648239136,0.39153462648391724,2.1073970794677734
968337867447613,25.014773599486723,55.87302113372367,33.993354107803725,-114.18720034146203,AE,noise,2,13370.192872362559,0.6457667350769043,0.5896902680397034,2.1432437896728516
516599479378641,56.372189487703,27.438134814115,49.57451843465901,18.10310179255754,LV,noise,2,979.0941603902673,0.8907192945480347,0.8399732708930969,0.5780429840087891
826574104989977,0.4096083408951371,9.468790964341348,9.282996193116134,7.12109725724063,GA,noise,2,1020.3196699936675,0.13858361542224884,0.016270004212856293,4.248961448669434
298265468509297,-10.44607449126,105.70171289589,21.638015376821105,-98.24079023117773,CX,noise,2,17175.76404508289,0.5415751934051514,0.5056926012039185,3.0719716548919678
135182671936165,24.97002129251,55.490379135321,41.650569553482775,-1.0113468480744665,AE,noise,2,5462.551640912374,0.1259280890226364,0.04111666977405548,5.042568683624268
369953761725438,-20.697927254597545,164.42307519257272,54.3731043665134,-3.96327357791149,NC,noise,2,16144.26984849123,0.5411322116851807,0.30081358551979065,2.1220180988311768
150605930403453,1.5703799596146,10.84323380127,-23.245601377457298,-46.01368836317592,GQ,noise,2,6735.1915543815885,0.37878721952438354,0.22231797873973846,2.8875648975372314
942025196552576,18.04711135987549,-15.94458243190681,23.487398990015688,38.463744934345236,MR,noise,2,5657.218564732622,0.2141050547361374,0.01399366557598114,3.6701173782348633
4245112742269900,-15.204236527253409,13.710121098211696,15.24454663508721,73.96926431296858,AO,noise,2,7434.969637040944,0.12893937528133392,0.04045651853084564,4.463733196258545
800629050558884,1.5780520325706,10.841365858236,-23.25082897055836,-46.044966425334444,GQ,noise,2,6738.639774259821,0.5568276047706604,0.39125576615333557,1.8377869129180908
329089375465231,-4.7898646188584,11.8559793524,12.60657732734227,76.6769878646432,CG,noise,2,7416.906033871223,0.3358089029788971,0.18200543522834778,2.906700611114502
2991410527805673,-4.1374600287328,29.078493212922,21.698520664630113,-98.24525807943877,BI,noise,2,14016.686201552406,0.17389421164989471,0.04752516746520996,4.227761268615723
798429247478749,46.183809459674,20.174482609731,-38.16616442776985,147.30778620764787,HU,noise,2,15651.649196953382,0.1410428285598755,0.05042161047458649,4.518914222717285
2371116466357575,16.796385002204,107.11609099971,23.919399349093062,120.92365872158989,VN,noise,2,1641.431666613931,0.2130146324634552,0.13293352723121643,4.119412422180176
468504837703680,49.210225417814,-2.0260057718567,51.327334954063204,-2.2868928859871005,JE,noise,2,236.1405190538315,0.1936333179473877,0.10870961844921112,3.729383945465088
544837470219031,25.294971915181225,67.28170930758036,32.87504582847677,-111.86149896087531,PK,noise,2,13546.239336157618,0.07582109421491623,0.015040125697851181,5.302291393280029
962376597848366,-7.8679271311768,35.785662187966,43.50467381691324,-5.189453485275126,TZ,noise,2,7046.47991811213,0.06150263547897339,0.005875375121831894,5.5359697341918945
284560226710077,22.245356411415,113.94634816993,-41.25126020502519,174.80077908927942,HK,noise,2,9437.90892731903,0.14904044568538666,0.07105158269405365,4.4700469970703125
366104118882534,-12.947203981722575,45.1622949013442,43.98723637787915,42.92260790021089,YT,noise,2,6334.892253399176,0.27225929498672485,0.16637060046195984,3.3690006732940674
302738837907407,13.971297523146,-60.953783885869,-3.1399382215784115,-48.871363303992666,LC,noise,2,2322.7953244236273,0.5453934073448181,0.5072517395019531,2.7813942432403564
212663677118887,61.377613835646,-149.52560052518,55.351926307724646,60.51165990552123,US,noise,2,6771.62203038053,0.913135826587677,0.9039169549942017,0.7619890570640564
298675135079993,35.02573827135,0.1062064724418,35.54469426295971,0.08765552169426541,DZ,noise,2,57.7298342098346,0.4977598786354065,0.3205869197845459,2.543944835662842
200766568352215,12.2259298372,-69.032711700173,38.13250022514585,-0.7014531123823616,CW,noise,2,7283.824150102826,0.7787848711013794,0.7046230435371399,1.1891759634017944
522150762114358,-51.767857219423,-59.20385240723,59.10423298670386,-3.119583106605961,FK,noise,2,13319.462236597312,0.29906952381134033,0.16956765949726105,3.821181058883667
907645580029480,-10.531873592618,105.64908608946,-38.27503088498575,178.11334654681914,CX,noise,2,7758.186485310937,0.08273005485534668,0.021782580763101578,4.856342792510986
461637908454191,8.5770592738416,-9.8384949656858,5.316446384325558,-74.79311578748468,LR,noise,2,7171.308386621303,0.631017804145813,0.4991135895252228,1.7373199462890625
737762176916399,-28.523157809827,26.988610572901,-25.251855585601998,30.34911513124033,ZA,noise,2,493.283332570663,0.49001070857048035,0.454355388879776,3.4795918464660645
974044566464626,-8.9232594155592,125.57214462009,23.956679208334023,120.91235893197137,TL,noise,2,3690.9542873481873,0.30610525608062744,0.04938805103302002,2.0807642936706543
207733560892728,62.969803716081,25.819453012454,47.552654960341734,13.24522721708887,FI,noise,2,1882.5765105720502,0.18164965510368347,0.0800488144159317,4.075839519500732
935214247230705,38.662861546978,21.897000127107,36.6664202780523,-109.66897882225247,GR,noise,2,10278.34705448698,0.35772618651390076,0.28538233041763306,3.9646592140197754
308609804241585,45.352253598167,18.741494665616,46.38416497380229,16.395773285807127,HR,noise,2,214.81598446178018,0.18142791092395782,0.05241701006889343,4.196025371551514
812815579353857,19.970422258885,95.026704859366,-12.509536002111895,27.73564153529484,MM,noise,2,8197.862226419677,0.9924293160438538,0.9904771447181702,0.07169846445322037
955193138582276,42.352822713826,18.93350046301,42.61403978647906,-3.0056253491834704,ME,noise,2,1794.2593338326963,0.2690282166004181,0.1813194453716278,3.8416519165039062
314068633495505,18.384993994121,-64.663491419319,40.63310321744641,-111.38117215484729,VG,noise,2,5075.241522355455,0.13275831937789917,0.052872560918331146,4.4806623458862305
153100520088504,8.6445550800531,-10.895087890593,7.915415729393147,-11.058877982308882,SL,noise,2,83.05558686200092,0.19371825456619263,0.05497059226036072,3.8468470573425293
899516343957294,31.154817998866,35.36251239366,35.17728041844875,-119.42874454575175,IL,noise,2,12182.674118664923,0.048095960170030594,0.010485444217920303,6.0534162521362305
362016302748290,-10.182357974219284,26.92114281109953,-7.2063743729986545,-35.35746373299703,CD,noise,2,6843.946250504675,0.783238410949707,0.6117132902145386,0.7850556373596191
784285982279583,12.468243816564,105.11776238356,12.34728339180437,102.3860777326452,KH,noise,2,296.95824706012354,0.7841978669166565,0.7610305547714233,1.595967411994934
741076933253733,55.559361968752,24.218044357931,60.19839758067549,25.023232824671563,LT,noise,2,518.0189587449314,0.19169539213180542,0.10325245559215546,3.714784860610962
588238156406124,13.540014603247103,6.862262541663696,35.78349471389873,-103.01535377860421,NE,noise,2,10846.249924853688,0.17610393464565277,0.10072129219770432,4.674701690673828
704583704721230,13.358425346344903,2.9695516051747206,12.272894598740752,-8.369704458493292,NE,noise,2,1235.2492922220436,0.507746160030365,0.4510231018066406,3.173914670944214
743913432954382,12.506491685569,-70.011189878756,38.06487405075417,-0.6850883649355121,AW,noise,2,7351.814105414643,0.9408785700798035,0.9325739145278931,0.4579746425151825
837216263894683,59.234310100905,25.661811016329,56.728122555015894,24.18346775808331,EE,noise,2,291.96801521996906,0.11409202963113785,0.00509209930896759,4.155048370361328
4165344470189392,22.250944346283,113.98372956798,12.25904494829082,76.73336654729212,HK,noise,2,4096.272689542445,0.08483798056840897,0.006645336747169495,4.256608963012695
123034153486017,8.896413266511479,-64.21983107316368,55.142646217559815,61.39338501529273,VE,noise,2,11302.790769104275,0.5441840291023254,0.48145100474357605,2.5078608989715576
495142175172477,52.064618461934,27.758129879211,55.007222910905504,61.16165290837697,BY,noise,2,2209.855157517269,0.08946018666028976,0.022403143346309662,4.839489936828613
278818637266368,21.668020820761,39.5871724527,23.284470642447836,37.91722844631049,SA,noise,2,248.4846870195405,0.9768494963645935,0.9726614356040955,0.22768676280975342
311313370600056,34.298302972773,35.843733635285,33.91397091875851,35.57264326602108,LB,noise,2,49.490392760274524,0.9425722360610962,0.9370162487030029,0.4531722366809845
546356603055282,16.319144026137,-61.319536174119,12.488377142319822,76.36071471407102,GP,noise,2,14366.630065341737,0.37603384256362915,0.31122690439224243,3.363083600997925
455880318809614,13.212934938654,103.97535020814,21.059334370454845,105.85188207611414,KH,noise,2,894.9303281893921,0.12525305151939392,0.0020669251680374146,4.635830879211426
561177494854490,65.249274201498,-14.3599477776,64.65244163716488,-20.856053916244804,IS,noise,2,312.79928016259237,0.6406286358833313,0.5893079042434692,2.2607274055480957
591338181829945,40.948513592565,47.680340883083,44.58455277468565,25.743544649451476,AZ,noise,2,1829.7993493298768,0.4081129729747772,0.1739446520805359,2.589989185333252
478603033472419,10.605368280525,-61.423503253964,42.34131884171787,-83.18403706938994,TT,noise,2,4113.41864131494,0.1177387610077858,0.0184580460190773,4.105132102966309
140993104682356,11.492434620243,14.669528720435,37.27794558707295,-2.812618316316109,CM,noise,2,3356.3429107740003,0.4032231271266937,0.35910502076148987,3.9586398601531982
1365904140461073,16.782552049243,-62.177983430902,4.341503215654219,-75.69407800232214,MS,noise,2,2021.5812147799488,0.4621807932853699,0.32408884167671204,3.132836103439331
184854733517675,66.049214556266,-16.60518565352,59.06841361411894,-3.100996470310341,IS,noise,2,1035.601028870053,0.26878270506858826,0.22140467166900635,4.4925537109375
484812855999457,11.316364972572,-60.600609669164,43.8915493467007,42.92242457911916,TT,noise,2,10193.577346224703,0.21426936984062195,0.03879439830780029,3.4424221515655518
198374955275087,31.228889368174,35.249839466257,-30.061886067664286,28.21894311451616,IL,noise,2,6855.578812948248,0.4494967460632324,0.32433009147644043,3.1568520069122314
493661578655706,21.902623515855,58.249258213784,55.28192360587118,60.28445441043171,OM,noise,2,3715.4670038941827,0.12547187507152557,0.05305778235197067,5.45503568649292
1421342044880216,-33.979765814868,-55.677857234372,-7.370226499005478,-35.3646803549939,UY,noise,2,3619.2449375228366,0.3760446608066559,0.297608345746994,3.901320219039917
791346968192465,47.64092226916,22.514698705141,47.17662594311012,27.715746056162168,RO,noise,2,394.70579685689626,0.2294798344373703,0.11580754816532135,3.761121988296509
509490393519441,12.00528480685,15.133921129804,9.211730771531565,1.1309158316209889,CM,noise,2,1561.3636036371138,0.5601111650466919,0.5007239580154419,2.705948829650879
365265328257309,-16.455863020951,-152.25124408953,4.422866832671059,-75.73584719623301,PF,noise,2,8717.401884347095,0.21365933120250702,0.021953970193862915,3.0023326873779297
373099774078768,15.381551450461,-61.278224581511,18.56013346834131,-74.12591374580478,DM,noise,2,1410.9049664985364,0.28185656666755676,0.19000491499900818,3.7783737182617188
3849748481728507,54.429547030142,-8.350480924746,56.81000165004075,-5.061414904206294,IE,noise,2,335.64886133514364,0.6205027103424072,0.5295068621635437,1.9611629247665405
486814105900044,24.815009873567,55.581561784151,31.83028152255074,-8.175069044547469,AE,noise,2,6202.661757866634,0.5185213088989258,0.24861866235733032,2.033520460128784
553493755814632,25.651486854641,55.817622488275,25.1022028255699,55.30639249244802,AE,noise,2,79.80218933025922,0.4090259373188019,0.22818420827388763,2.699096441268921
294731518788880,12.182130031336,-68.992602507728,43.84933775226441,42.90468125194505,CW,noise,2,10752.80223438656,0.12637336552143097,0.03629820793867111,3.8377506732940674
526112418414577,-4.1889057701817,39.593824106105,42.53368764891345,24.76308880051821,KE,noise,2,5406.308796549424,0.17069962620735168,0.10410746186971664,5.006870746612549
1143243902846918,3.9423529755317,73.490255336254,44.58262740613877,-88.27307926777756,MV,noise,2,14321.906069616789,0.37765830755233765,0.33461296558380127,3.9784231185913086
1222724854903474,-15.992638795519348,27.473549745213845,-5.9962519442960005,-36.11237183825,ZM,noise,2,7004.644267212691,0.3345407247543335,0.16693991422653198,3.126235246658325
814962436102418,17.246826160842,-88.964928894179,-23.25237267019746,-45.853762439844246,BZ,noise,2,6497.2273300998795,0.19732314348220825,0.09463448822498322,4.232388973236084
2588410498130022,8.6681322733063,15.915175571704,8.842416127502426,1.2329771181201612,TD,noise,2,1613.5750443044535,0.9816847443580627,0.9722262024879456,0.14530573785305023
757152124922572,40.280135692488,20.032560201339,40.67086743307459,-111.3714609933963,AL,noise,2,9761.14787517258,0.4162276089191437,0.36119621992111206,3.2826783657073975
3729075633885792,52.879324916405,14.84215981606,50.32300169080436,8.14409460226569,PL,noise,2,542.6366348308201,0.12841586768627167,0.06026517599821091,4.75063419342041
193255762642321,-25.463140138686,31.530813486271,-23.879945135704293,29.382920463891747,SZ,noise,2,279.44347926862065,0.4505743682384491,0.24415689706802368,2.343061685562134
158748456176634,18.003107984756,-76.750140742066,24.72592945417391,120.96174126078431,JM,noise,2,14890.95713059377,0.20629410445690155,0.039255306124687195,3.636836051940918
487059602744422,22.483846298693,88.311807710332,13.760155174856722,100.52495549916382,IN,noise,2,1613.0504240282507,0.15150271356105804,0.0013115555047988892,2.9715445041656494
187972779810965,37.223202382218,126.95228008609,35.84357359239826,128.50863264531858,KR,noise,2,207.04376920624162,0.38594120740890503,0.0905015766620636,1.43434739112854
325108962571033,-14.007024453392,-171.59812253095,60.80743768147018,35.597164448554174,WS,noise,2,14368.00699969319,0.24955308437347412,0.15902239084243774,3.6152918338775635
506599274036580,54.629530708934,-8.6760286174409,56.78753261944403,-4.850818289178748,IE,noise,2,339.0316889148385,0.6828391551971436,0.5872789621353149,1.711872935295105
507218187079443,37.843340581126,68.830014881381,44.00811432155651,26.321048198355644,TJ,noise,2,3595.475882484424,0.3319516181945801,0.23219987750053406,3.2388641834259033
153324916692555,5.5180289616018,-6.5822215976398,5.194756979271235,-0.9626863101204527,CI,noise,2,623.1698029586178,0.40433019399642944,0.16129593551158905,2.608182191848755
771731993706945,41.928551334201536,19.551310678151587,45.873462027753334,10.998044719122325,AL,noise,2,812.9692447625656,0.1275729537010193,0.0323866605758667,4.265286445617676
486481489451262,49.966660340065,17.026531427218,53.42478672610471,6.878418533436583,CZ,noise,2,797.1331868616135,0.11913910508155823,0.027230635285377502,4.602000713348389
2949034095418835,3.9465097772644,-59.099420704396,-19.871098711906622,-43.73147015855756,GY,noise,2,3135.9042308517614,0.18568162620067596,0.04227103292942047,3.3921923637390137
372845630827843,-27.768029274082,-64.271302066744,-23.2204263497872,-45.949406175021146,AR,noise,2,1904.9886805724911,0.12047293782234192,0.027044251561164856,4.377842426300049
804236390516614,24.360035161271,90.528148543285,24.817488983523567,90.91573343807018,BD,noise,2,64.21208663890138,0.5237621665000916,0.3610931634902954,1.8212708234786987
1165449024229030,11.127732358514072,42.37283796780444,22.055631936288105,38.83370104698611,DJ,noise,2,1272.094540988977,0.7937229871749878,0.7704601287841797,1.5101592540740967
465682694540312,47.092368215581565,15.033271683507603,51.43352135776322,11.072565847715419,AT,noise,2,561.6025135182323,0.47224095463752747,0.33010977506637573,2.7080869674682617
1414034302297531,5.9652601827551,-10.011148216804,54.77884641425442,8.436546608535165,LR,noise,2,5673.281884834175,0.1458878070116043,0.004225298762321472,4.317368984222412
164124928906484,17.026658655636,-88.957499025099,32.57666267188037,-83.90173344387792,BZ,noise,2,1802.0798950527058,0.4679951071739197,0.33856692910194397,2.848665475845337
265373079006579,12.19339030343679,-4.128458023871779,11.438184251311622,-4.002337316440225,BF,noise,2,85.08958256592146,0.9398597478866577,0.9321497678756714,0.5100953578948975
211403467484458,-24.160264772744977,47.3486048183456,-7.182108331911493,-34.86342449920767,MG,noise,2,8894.363116409213,0.5728088021278381,0.4943883419036865,2.212679862976074
4252117868180040,-31.701164589216,28.774388216841,43.390525317234186,-72.94633190206295,ZA,noise,2,13245.167433455517,0.13887916505336761,0.051270127296447754,5.107122421264648
1185546705230006,60.068284515535,20.263657107897,55.54917769545325,60.54490237283077,AX,noise,2,2398.6258968169886,0.6196796298027039,0.47338300943374634,1.529848337173462
307549670912816,47.805455809752,29.008339682994,46.8913407231445,29.588951123101847,MD,noise,2,110.65676813674844,0.30997517704963684,0.10623180866241455,2.3420398235321045
1150240562161074,1.3857279016312,173.14547646453,16.368749783541773,-61.332332678772914,KI,noise,2,13721.524633038034,0.785654604434967,0.7430878281593323,1.3586699962615967
1926367507521003,-34.006516340223,-62.239283065807,27.631818261735543,-80.40100318808987,AR,noise,2,7115.938898432224,0.08600752055644989,0.011894099414348602,4.91742467880249
174862464516382,18.026136330252,-63.051721834115,-33.82958540798468,19.708843855691807,SX,noise,2,10471.353740456481,0.34174036979675293,0.2329319417476654,3.507021188735962
238608201397184,13.394898337011,-15.796480495355,53.06388993437187,44.00434284703713,GM,noise,2,6823.572906694598,0.8537324070930481,0.8229113221168518,1.0417696237564087
168171301893400,-21.306913177085,47.234054757271,6.179994643660797,-75.35822355060523,MG,noise,2,13626.966551677144,0.35988128185272217,0.04757636785507202,2.300077438354492
143601257800230,6.1813662366503,-10.476370028512,22.792092067818675,121.13398230077526,LR,noise,2,13847.875229281944,0.29446864128112793,0.08920787274837494,3.9180428981781006
1426576467702919,42.716570546448,19.37002352769,47.943514048531384,16.730185546598264,ME,noise,2,616.6571692934456,0.2758951783180237,0.08504007756710052,3.6191704273223877
582527629366762,13.909926027264,-60.995742963827,49.135069496804626,5.458709374991642,LC,noise,2,7136.771870703292,0.09211872518062592,0.015446335077285767,4.645469665527344
789178535042815,10.848339859199,-14.344376628968,-13.002618632705182,28.477514280542422,GN,noise,2,5419.059779322898,0.4445493519306183,0.3597341775894165,3.073476552963257
770818833619667,46.189989851656,27.550790956761,46.23012139888315,27.515322124866916,RO,noise,2,5.23088970250599,0.3074687719345093,0.18535065650939941,3.3106484413146973
771812706865289,18.810877831997,-72.868700352417,5.980181278039842,-73.68050222452767,HT,noise,2,1429.4168040482368,0.4183972477912903,0.2579684257507324,2.4014394283294678
1979924955729830,0.4210184118848502,9.466164114756396,44.43497800676497,-79.79921329014685,GA,noise,2,9916.440798448246,0.19239109754562378,0.07747120410203934,4.543582916259766
1215125515585698,-29.72467996101,27.401763312517,-30.174019416199027,27.99285947992736,LS,noise,2,75.76088620119903,0.8848360180854797,0.869178295135498,0.9092543125152588
525797611782911,33.53278970091,10.187082947953,38.87736421391882,-109.28518915747519,TN,noise,2,9832.622604836904,0.0885104313492775,0.009313523769378662,4.9299726486206055
981736889296495,15.18213389856,106.76109629686,25.142865278380796,121.53562454334639,LA,noise,2,1896.059037332458,0.30436986684799194,0.21305324137210846,3.3883981704711914
290546622610201,0.90650801653382,111.91071699724,-15.461654458846795,-48.157302740012064,MY,noise,2,17294.163146013325,0.2371595948934555,0.15804150700569153,4.364176273345947
925069178226405,-33.684138890591,120.78000000686,-16.367223870873733,145.00602021347112,AU,noise,2,3094.2072304452363,0.3694946765899658,0.20000730454921722,3.0464248657226562
841753896415038,-6.3002644508667,176.31963764015,-27.10357097686312,-48.551581551561746,TV,noise,2,13926.510814570014,0.34449949860572815,0.14740300178527832,3.313288927078247
645048966783670,42.89641826045616,17.56617896330491,37.57726580705759,22.258819744817373,BA,noise,2,712.8109265052846,0.2876717448234558,0.22013923525810242,3.356236457824707
2157623727878098,42.203008413762,12.652366039877,50.60830207658492,15.0816385190479,IT,noise,2,952.8632138870869,0.18859149515628815,0.09394948184490204,4.198872089385986
491154428864902,34.78133892235,10.662689207895,-7.176417207879304,-34.90193236142645,TN,noise,2,6677.1913679248655,0.16563349962234497,0.014420971274375916,3.8045079708099365
5023711767716996,27.43539864879576,89.6844986785493,5.209533548366263,-0.862462763572936,BT,noise,2,9794.727350377218,0.12053553760051727,0.005273103713989258,4.59472131729126
502661524102239,25.24288508,105.72866675,-13.011023077210465,28.242928827069395,CN,noise,2,9401.71898687098,0.2381088137626648,0.16098350286483765,4.099691867828369
768051953908267,24.417738719697,124.24306124209,42.58116018659427,-2.9199568211415436,JP,noise,2,10807.956195153993,0.08340053260326385,0.01446513831615448,4.546142101287842
2634487660183183,15.505396860363,-61.465808232581,55.483534249181076,60.494047011626606,DM,noise,2,10445.912709322987,0.26559093594551086,0.17148467898368835,3.7997591495513916
777370986311883,69.771194043132,-50.45379669083,59.43815436381445,22.751153742459255,GL,noise,2,3427.1687360550623,0.7440076470375061,0.6830434203147888,1.6606674194335938
214018630224328,-30.195842567793,28.141370668784,54.401239075112606,-4.090307232003205,LS,noise,2,9901.605390157074,0.39177843928337097,0.12701407074928284,2.729077100753784
898244168080774,48.39779130109938,69.97859259537432,54.62430549790079,22.00181765663198,KZ,noise,2,3322.9641926046706,0.0820232480764389,0.002535872161388397,4.890681743621826
4492529727427156,-28.146082771307,-51.513579498292,38.81693220655377,-9.34374692287438,BR,noise,2,8636.80486627634,0.11418511718511581,0.0399068221449852,5.094973087310791
285348029668834,24.497433158551,56.506035667282,55.258031328866515,60.29379116553574,OM,noise,2,3434.507042402621,0.20212781429290771,0.04460237920284271,4.712159156799316
171014971604854,50.702549851864,3.6582481425115,41.6819605062191,-0.9264119072046557,BE,noise,2,1062.7800762595718,0.4263269603252411,0.3040127456188202,3.209105968475342
4840639372618820,-14.92550912288379,13.489538311090364,41.811033700523105,22.613731475115756,AO,noise,2,6378.004104882689,0.12881441414356232,0.0368708074092865,3.834984540939331
206149904648055,26.21207915528,44.093256403165,55.3122588493184,60.35596121355596,SA,noise,2,3494.082119384972,0.43496084213256836,0.2693556845188141,2.747617483139038
204252138180851,-21.559664995251,23.773974999472,32.96756866961797,-111.36554772589693,BW,noise,2,15439.974156882497,0.4114210307598114,0.36851319670677185,3.8054819107055664
920871192081755,-20.154762249788,28.582363111001,-2.516832696156387,32.7108729052395,ZW,noise,2,2011.7894465573945,0.15496709942817688,0.029838040471076965,3.7461354732513428
219966586218279,47.029132462966,15.932431980783,39.2445551309639,17.200513685436906,AT,noise,2,871.6654250015696,0.39445096254348755,0.21131767332553864,2.9282634258270264
135549215221893,2.4175748743344,9.8423648123313,4.362253395049151,-75.70487793539102,GQ,noise,2,9493.79176419664,0.672139585018158,0.5096256732940674,1.5198911428451538
376262240365585,11.737844217402,-84.258740123025,12.789745452420105,-85.93059079090617,NI,noise,2,216.05533550885443,0.21494846045970917,0.15333308279514313,4.051024436950684
171728951493255,49.507376607171,105.95258746284,47.18013181948445,27.638079473292347,MN,noise,2,5522.897049135649,0.19242028892040253,0.0786687359213829,4.142683506011963
253978489850814,48.281270225581,27.973739010266,48.05681328775956,27.682313070938807,MD,noise,2,33.01521571299069,0.13550004363059998,0.0437554270029068,4.590217590332031
300413981460892,28.731055900238,48.000514767945,29.521355532068554,47.66474448272605,KW,noise,2,93.73427363212708,0.43582913279533386,0.36387118697166443,3.523736000061035
1184530975332530,-14.802947311274,-42.709531402229,-13.436936952295493,-44.007809448772925,BR,noise,2,206.5685228698674,0.19619283080101013,0.006685242056846619,2.8057920932769775
1266617723756139,-2.7425780868466467,29.42359642013631,5.255277265368663,-0.7459583518346955,BI,noise,2,3467.1302426045886,0.22967113554477692,0.12966139614582062,4.075336456298828
473474263980538,21.715223057868,59.471278053944,-32.09434224931321,141.11584915427756,OM,noise,2,10531.918161310134,0.11714275926351547,0.03447377681732178,4.622048377990723
1249815355421012,41.352986665751,46.933972599593,44.72593479188923,-79.86563493420068,AZ,noise,2,9077.445105180408,0.2014128863811493,0.016507402062416077,4.049020290374756
228708892356879,48.677696253977,17.636842304644,49.09845656818922,17.410166204271906,SK,noise,2,49.63501413526719,0.23022803664207458,0.12577779591083527,3.8599023818969727
573918251034517,24.9108887387342,90.79494731880273,16.46072272292342,79.77062928578113,BD,noise,2,1481.268389975945,0.27928245067596436,0.0790274441242218,3.084332227706909
2964997383812126,2.6098453233173,9.8422664516346,7.895685898099875,-11.144253966190455,GQ,noise,2,2396.0451238276664,0.5441704392433167,0.33034223318099976,1.6168586015701294
216212559884926,39.033844678159,125.75376577506,53.13501793600503,44.670539924363425,KP,noise,2,6096.170471056769,0.9202781915664673,0.8733595609664917,0.43065205216407776
305136647878220,12.193469016038,-61.616092049056,3.6182016770565393,98.61337922977913,GD,noise,2,17210.506550246046,0.7250346541404724,0.6268656253814697,1.4444265365600586
1425023424516398,-16.694601299289,-60.803490901407,-15.855685679912153,-49.33259836360617,BO,noise,2,1227.7656169126396,0.27473756670951843,0.12237042188644409,3.409008264541626
454775888919551,46.828024824521,7.8088947836121,47.27131758612826,8.759930358245164,CH,noise,2,87.30040177325714,0.27848678827285767,0.14338716864585876,3.0098044872283936
861104217828929,17.113853213721,-25.242018334352,15.230829391355746,-24.1260969064086,CV,noise,2,240.91917860285366,0.6225827932357788,0.5360307693481445,2.1727070808410645
1051007365779921,6.813554100014411,158.2040012,19.521199694807336,-96.84965548589807,FM,noise,2,11301.634376709215,0.8157583475112915,0.7628100514411926,1.202610731124878
1334507140366814,-23.48982047010992,35.38536972552172,-9.679401823492448,-35.87629776922308,MZ,noise,2,7678.732182223635,0.9945825934410095,0.9935006499290466,0.05206289887428284
3912389445490209,49.325970928935,17.226098099604,40.74319309194134,23.03643533320104,CZ,noise,2,1057.1705795481612,0.05844563990831375,0.004618704319000244,5.172285556793213
265194928674974,13.23781099507,-59.544998005588,-26.22516687210642,-48.548516958821374,BB,noise,2,4546.42691021735,0.1652073860168457,0.029086589813232422,4.2233452796936035
130827665729646,41.660012138201,21.174396481341,41.864692819839014,22.461187045032506,MK,noise,2,109.12730355647224,0.4134729504585266,0.33943432569503784,3.2064478397369385
382514279656400,17.169493550421,-62.549673737704,8.824138139392923,-82.47607437147197,KN,noise,2,2347.3822856143142,0.6527254581451416,0.6075919270515442,1.9356367588043213
490566595325309,32.35061764629,15.101938149737,38.396563498517146,-0.2544665074172419,LY,noise,2,1543.4097757026784,0.2566331923007965,0.042190954089164734,3.431478977203369
177150824328343,-14.845732355681,35.25013351485,-14.205099355155992,29.47367144648987,MW,noise,2,625.82960128132,0.38706138730049133,0.19033384323120117,1.942586064338684
337754307681723,22.908438446718,90.804919962877,9.622976963290391,76.38487536967325,BD,noise,2,2130.0933074627605,0.5887483954429626,0.5062748193740845,1.9573851823806763
288297272916728,-17.786629070676,177.44305087069,-26.851000356322988,-53.02289958141747,FJ,noise,2,12648.71535576771,0.22529004514217377,0.14180535078048706,4.28327751159668
485752159242168,60.005211059817,20.384442671458,55.4694373566358,8.790182222573154,AX,noise,2,851.3022616052478,0.7239172458648682,0.6718466877937317,1.707540512084961
495377298477425,41.941602973878,34.631294266421,39.72600555122541,21.398297357740987,TR,noise,2,1138.98448105578,0.24650880694389343,0.12062795460224152,4.0765862464904785
2890584101196635,41.681667019865,21.147788358398,42.81940496387686,25.273768944650428,MK,noise,2,362.3502062861452,0.270810604095459,0.11896364390850067,2.801072359085083
401731674144754,23.355590466277,121.32187991241,25.1534244294447,121.61620710172893,TW,noise,2,202.12434527475529,0.23097023367881775,0.06983862817287445,3.519105911254883
1169142930166538,20.834467782196,-75.727264614924,3.4709925956669174,-76.56577530108973,CU,noise,2,1932.8619088568605,0.40038278698921204,0.31261956691741943,3.1476101875305176
306207777612908,-13.800621344179,-171.85935966246,-16.856771555456213,145.7024853943128,WS,noise,2,4555.399184430626,0.4117332100868225,0.286030113697052,3.04728627204895
2665542867084280,15.44922162275011,-15.809327283661323,13.070253967800117,-16.1543002675972,SN,noise,2,267.12839899905407,0.19270223379135132,0.019728347659111023,2.8485825061798096
473236960624282,-11.390300678508,43.342774487865,22.785108885077456,121.14012167272301,KM,noise,2,9276.11594556346,0.3346271812915802,0.11697204411029816,2.5534002780914307
175640891118270,58.3416314331,22.123379209424,56.5394798770848,27.54241659675878,EE,noise,2,381.0385721417497,0.5174553990364075,0.36377254128456116,1.9441556930541992
940728323368212,5.5203195797668,16.760305199775,56.62452977941608,-4.8803004664036775,CF,noise,2,5992.50677369003,0.1254355013370514,0.05452611297369003,5.053578853607178
159670792680757,4.8671591384211,31.498747958114,7.929070521331923,38.41075997995366,SS,noise,2,836.1500697896698,0.03705166280269623,0.005481142550706863,6.0306806564331055
490425192372401,-42.289566526657,-73.549884623054,50.80813913184544,8.272537237317755,CL,noise,2,13017.101646581705,0.20990778505802155,0.1049337238073349,4.094265937805176
140927168065220,14.884255893398,-24.355900858541,34.91532367479512,32.432918878504985,CV,noise,2,6057.117711387263,0.32795581221580505,0.08440029621124268,2.5223679542541504
2148319455305366,12.658976107053,-1.5012029355804,12.284574404733515,-8.391142803562856,BF,noise,2,749.1827361909536,0.16790586709976196,0.07983970642089844,4.180293083190918
950272148968894,-12.972416512525884,45.15611771647966,15.388091770311686,73.96941064333483,YT,noise,2,4471.419301862114,0.23962940275669098,0.051103949546813965,3.750946521759033
153355823412892,49.184810534933,-2.0480987436129,51.203998123619726,0.47784465561595935,JE,noise,2,287.6134828034018,0.4695974886417389,0.34580758213996887,2.948364496231079
363513025083758,47.047992478928,8.7799077721095,46.73784102506186,9.70288482581365,CH,noise,2,78.15386036383529,0.5559459328651428,0.3396775722503662,1.9270516633987427
512297363276315,31.456330474142,35.250774430442,40.8840267118548,-109.56219620132201,PS,noise,2,11196.364372954287,0.06342656165361404,0.015184760093688965,5.265212059020996
456622292570371,17.562683786778276,52.54996407813734,-23.525876466461714,-46.700534162107786,YE,noise,2,11689.634888839071,0.286356657743454,0.17713801562786102,2.9792540073394775
4527359417278295,12.574854908472,-70.042613806787,-8.300979720452311,-36.05434377724589,AW,noise,2,4414.911845146799,0.35435038805007935,0.22854633629322052,2.2695555686950684
537629581307027,13.181351944444442,-59.52259444444445,13.273986357302702,-59.63380943717279,BB,noise,2,15.84373139471992,0.6569356322288513,0.5172889232635498,1.7565144300460815
795129897807041,35.163207188355,-6.1437231591152,5.394159695963516,100.42596602967751,MA,noise,2,11147.451773923613,0.3978094458580017,0.3017915189266205,3.6433887481689453
351777130251541,39.481253041447,46.278721306968,49.282397956375675,17.33153854182878,AM,noise,2,2524.728346328412,0.11519580334424973,0.01857713609933853,5.567507743835449
808281843784947,-9.017975593206083,125.18936083216094,40.499844773612985,-4.029618739290329,TL,noise,2,13923.295219881027,0.24444669485092163,0.18259678781032562,4.354223728179932
571640328046013,9.496515810605342,138.0909467705742,27.73792181411419,-80.4855160832187,FM,noise,2,14152.540336345328,0.169979065656662,0.024776160717010498,3.842268466949463
1596718320725210,6.820059002595853,158.1889075956807,24.894069949078055,92.02601011221694,FM,noise,2,7288.247627325723,0.17267419397830963,0.022094666957855225,4.186450958251953
909068383276012,51.71872582063,71.017642467242,38.958158739563785,-110.35101225629401,KZ,noise,2,9931.4015868868,0.16927006840705872,0.11000563204288483,5.0478668212890625
201271568510246,11.498181689874,104.89298318393,22.750845228997257,89.47620781428596,KH,noise,2,2058.396573517689,0.5114436149597168,0.4769541323184967,3.127814769744873
865101847550557,14.337966085705,-11.307015681085,8.838084628754153,1.44453132421768,ML,noise,2,1517.0201543593562,0.3495854139328003,0.25835251808166504,3.411964178085327
273645621106204,11.400246031697,15.323762439617,-5.83489302854822,22.250697218270965,TD,noise,2,2064.0217915363405,0.15119442343711853,0.0706268921494484,4.7960429191589355
816784312848146,47.27419583333333,110.70045194444444,45.63977327312266,73.69094359430153,MN,noise,2,2814.1219552063194,0.20945346355438232,0.0709577202796936,4.000087738037109
205051911255970,15.898719949045,108.34769045302,-2.4007528581253794,-48.104538392762706,VN,noise,2,17031.89020557155,0.35664284229278564,0.2892167568206787,3.680344343185425
1197452254025430,60.290261118231,20.017018951216,57.06495813421704,24.371662061939734,AX,noise,2,437.9603387657864,0.4758598208427429,0.41413944959640503,2.773294448852539
524857088520171,40.969687102424,47.506671390525,8.601490174371694,-12.265501442076905,AZ,noise,2,6862.00844631037,0.5522217154502869,0.3982439637184143,2.492661952972412
585468982429325,56.863557681775,25.533807915732,57.05486253077239,24.342565612174152,LV,noise,2,75.28845185990829,0.119797483086586,0.001203790307044983,3.5542306900024414
223293895846479,40.460441929706,49.654367032421,39.76193417171088,64.31964349901516,AZ,noise,2,1248.1322786726453,0.3178437650203705,0.2189742475748062,4.020505428314209
983815092358003,45.845665401276,-1.1566237774946,43.382983405620735,1.434698286304965,FR,noise,2,342.09633157272845,0.31923800706863403,0.19174863398075104,3.303957939147949
495004361712254,16.705985016912,-62.221856779895,38.21927614068402,-109.57374958274336,MS,noise,2,5176.746922238709,0.2842019498348236,0.24778710305690765,4.244413375854492
1116467962190839,49.234789455854,-2.1566386309068,52.223709150390484,-6.963295659583907,JE,noise,2,474.0602241194306,0.4658297002315521,0.2685816287994385,2.344278335571289
799261197806429,13.04112461881004,7.584578150427974,12.71506163909775,-1.8653619263964334,NG,noise,2,1024.9364994523537,0.5327587127685547,0.46738386154174805,3.000732898712158
375892980333603,53.800018986142,19.066495869964,45.860270464014405,6.04212613167976,PL,noise,2,1281.6754539018948,0.08399511873722076,0.022086981683969498,4.91677713394165
216735996617694,-51.729168266578,-59.221494505424,64.30863833355424,-20.47990882730612,FK,noise,2,13329.00987489757,0.9002227783203125,0.8663815855979919,0.6435064673423767
122836676470530,19.317250203375,-81.382868299519,26.64554577656117,-78.43654362576883,KY,noise,2,868.785837905512,0.959659993648529,0.9440284371376038,0.3193664848804474
864991334054817,22.630694715979,75.815649968185,39.99091025869377,-109.22342264790139,IN,noise,2,13032.288320861227,0.12560755014419556,0.06151830404996872,5.3747172355651855
303472461226103,30.448379399773,-91.249052345819,32.514144107351285,-93.71686129669406,US,noise,2,327.8914168024996,0.13439998030662537,0.04016781598329544,5.068486213684082
751120052245249,18.306901319254,-66.036105758042,17.376129008288334,96.58949486639457,PR,noise,2,15615.79669107846,0.17422206699848175,0.01684895157814026,3.0859904289245605
618094669584037,1.0592725919843,104.01250864856,14.21987106356341,101.11104730751228,SG,noise,2,1497.761619647395,0.08934208750724792,0.026195108890533447,4.633847236633301
204293011757830,15.079993126144066,39.21687884094408,-12.416995525421395,27.690043570146308,ER,noise,2,3310.390449287896,0.6663203239440918,0.6265599131584167,2.147624969482422
2928508607437195,37.840107608369,68.802462308142,47.94332660555286,16.80828661165926,TJ,noise,2,4295.224279160031,0.13823941349983215,0.008776649832725525,3.869135618209839
1371451869918489,3.6333328691599,72.957712473483,25.761813493797735,-80.21860002954963,MV,noise,2,15652.211082630434,0.19554366171360016,0.06196051836013794,3.4821889400482178
215955796651386,14.063525259413,-83.397823687399,-13.430373483990813,-50.34687962444368,NI,noise,2,4752.963230624175,0.45026931166648865,0.20820252597332,2.284740924835205
137850255541406,24.545211603122045,88.5941532347436,34.04580425193402,-113.73380955172536,BD,noise,2,13086.141199168647,0.2064768522977829,0.16113798320293427,4.411846160888672
300676795037037,47.54022479277,18.649560765963,4.451843935929674,-75.72759308460658,HU,noise,2,9969.96656075101,0.690087616443634,0.6610898971557617,2.177436590194702
758419548202670,56.459896994613,24.509987996003,57.20918883179159,25.06557513700015,LV,noise,2,89.91029173365878,0.44386711716651917,0.055901408195495605,1.5292648077011108
234036278489604,30.859288137504,35.983036655163,35.035271114713346,-89.77785254766054,JO,noise,2,10750.187209820748,0.3578771650791168,0.2732818126678467,3.904705762863159
1877580812408950,8.2904185166376,-13.160532748623,5.179499580899859,-1.0262554049812986,SL,noise,2,1383.6897719856402,0.14436157047748566,0.028974592685699463,4.379384517669678
508516997178857,-20.44017415751,57.716929198138,15.584138782872955,-61.4099566148544,MU,noise,2,13590.100127232614,0.6664148569107056,0.4494768977165222,0.9726234078407288
2476936639119646,-17.187994442004,145.88923082343,-17.459836932758517,145.66983036612675,AU,noise,2,38.15891213683902,0.5646313428878784,0.294462114572525,1.3287644386291504
170299241727097,29.609911657314345,104.99307446089506,43.22799468846603,-0.030551429607372827,CN,noise,2,8892.049703456558,0.2035759538412094,0.06192252039909363,3.8957386016845703
297845861929140,19.00823988924,101.48346297652,-12.978985139492229,27.61443939446002,LA,noise,2,8836.1948664788,0.6983702182769775,0.601115345954895,1.5954959392547607
322702535907825,20.283683791944,105.67522750563,46.229855126921215,18.099085168346903,VN,noise,2,8214.230223896438,0.07596395164728165,0.02330208569765091,5.0936479568481445
787272635685450,4.323621691762423,18.511948154254057,16.545829169023296,80.24604284762756,CF,noise,2,6860.4047014434955,0.30249640345573425,0.1372753232717514,2.683074712753296
173788081866624,59.75612769558473,-127.47179840177547,46.94205424423539,-95.04598725591056,CA,noise,2,2541.5528537691207,0.10864900797605515,0.011953555047512054,5.136706352233887
233747548461554,9.3263006266193,2.619361832951,-12.981450589612228,28.33666681840649,BJ,noise,2,3770.6556145477866,0.28898173570632935,0.013438493013381958,2.7139201164245605
765041667535640,-33.099247370966,-56.459447149244,-25.065968074524722,-52.77090718233173,UY,noise,2,962.274693060392,0.1779167801141739,0.012144923210144043,3.304273843765259
296876208707767,35.337232736933,0.33737085013529,22.636872842559367,37.14932094029914,DZ,noise,2,3821.803720973476,0.12295018881559372,0.039485350251197815,4.977698802947998
5220870694689924,13.010537169214352,-15.781125774925767,60.923082807222244,36.04294791897161,SN,noise,2,6749.248363994893,0.7590198516845703,0.683193027973175,1.3266416788101196
490774565689974,13.06406278563,-1.087121270677,13.255185689366176,-6.01759096118749,BF,noise,2,534.2601339151688,0.23594266176223755,0.076971635222435,3.5178732872009277
218599310068075,-21.24302439442,55.333436310069,-27.450329720741525,153.0793427411309,RE,noise,2,9653.478952892541,0.24954964220523834,0.11479207873344421,3.609875202178955
174969884519406,46.737187807587,8.3987859932934,45.92191993136326,10.464060149615388,CH,noise,2,182.64880852565636,0.2988385856151581,0.17563782632350922,2.9268174171447754
581849006299222,-16.292466257509595,167.67474403169504,16.796702542256746,-88.7707537384635,VU,noise,2,11924.914878565485,0.31461408734321594,0.08844520151615143,2.6967666149139404
514194699740537,49.025633194136,19.779030185528,49.554842530096145,18.127950377313415,SK,noise,2,133.4174534383824,0.3609097898006439,0.25288552045822144,3.1558008193969727
1636152166570934,13.748349438255,109.21278035386,15.956079305643822,108.26928901390437,VN,noise,2,265.6054082839811,0.5505968332290649,0.4274168610572815,1.9718519449234009
810831549638249,38.371680067627,71.17919493021,35.97370909362492,51.1640065540787,AF,noise,2,1789.6931922723343,0.6693724393844604,0.5841761827468872,1.6532776355743408
126986893262506,9.535228699145444,138.11777436553538,-8.581296439069149,115.89433100962174,FM,noise,2,3180.1024355972518,0.14023138582706451,0.02317536622285843,4.115241527557373
355702972637605,13.535688328213,-8.1000075739741,-18.555344031087603,-64.64116229097147,ML,noise,2,7149.686100408724,0.9475202560424805,0.9117615222930908,0.30556318163871765
939211946839909,40.900998111452,76.418995914539,17.241190743084747,79.25664920701588,KG,noise,2,2644.8677937204466,0.49170395731925964,0.4517367482185364,3.581204891204834
211629123827045,6.1356720399309,-3.8436536027728,17.687085576532127,-94.1041407495515,CI,noise,2,9828.071364382926,0.28407737612724304,0.04379178583621979,2.453761577606201
696540331416062,44.87397500000002,15.571799722222226,57.16569990771981,15.310464653650415,HR,noise,2,1366.8970577233188,0.42562416195869446,0.18175406754016876,2.5144999027252197
942512046483923,57.98102591119,22.153417844629,55.442590448198565,60.50961926217228,EE,noise,2,2325.6949319492815,0.6013429760932922,0.5710688829421997,2.6530919075012207
1794577467377638,2.2867934802243,111.96866392671,28.673685970816482,-81.25087628011534,MY,noise,2,16294.742109429073,0.3662552833557129,0.3263948857784271,4.061547756195068
569520134014537,45.631513310144,14.917895762855,46.47579961332243,15.635060404071094,SI,noise,2,108.97699050352801,0.24472425878047943,0.16650404036045074,4.386507034301758
759618951395520,13.918783401918,-90.820453412238,19.52789712641108,-96.88461959155443,GT,noise,2,897.546915539102,0.3134514391422272,0.19896137714385986,3.3228726387023926
317414069756073,8.849591446096811,17.846700004099304,-13.394717779306049,25.694269163738205,TD,noise,2,2620.8020089985025,0.2000965178012848,0.11258239299058914,4.39686393737793
310132177165029,32.35614104026,15.078246874263,40.98950721451886,29.149349664931815,LY,noise,2,1576.5912851612263,0.27224403619766235,0.16982896625995636,4.087106227874756
378106816842746,47.677672060857,2.1491709666626,46.45305319878157,11.265140444494218,FR,noise,2,703.3198511700756,0.09105589240789413,0.009127117693424225,4.664926052093506
974285533334788,1.987119011826,-157.37182088346,-7.702179093469068,-34.88044072569154,KI,noise,2,13616.499282594317,0.8798165321350098,0.8219611048698425,0.5529003739356995
186014066630410,-0.26584500006505,29.929660585315,55.60483806460807,60.573784665460344,UG,noise,2,6802.062901139533,0.5765924453735352,0.5123677253723145,2.5432369709014893
2045346162308378,6.372858133743794,2.3062901826009594,-5.110449439762582,-37.278367727303696,BJ,noise,2,4575.669522804113,0.28593605756759644,0.20199686288833618,4.149730682373047
1172091903236601,49.476195621557,-2.5778975923381,56.051550750698986,12.707577451329513,GG,noise,2,1257.4429104894486,0.19298627972602844,0.0884842723608017,4.022732257843018
1148818178927460,38.977689066483,-8.2445481523452,40.50526903015018,-4.085076985345641,PT,noise,2,394.0660625507642,0.10433731228113174,0.0044020116329193115,3.9736104011535645
1222613584876307,17.370666616194,-62.748620435823,9.690727640733474,76.39569337220895,KN,noise,2,14610.987588270073,0.15782472491264343,0.034671343863010406,4.451728820800781
2874363389509925,1.1429664809873,33.846541381524,61.094076272275395,36.14723755318118,UG,noise,2,6669.126174541693,0.1646837592124939,0.08940114080905914,4.253401756286621
472676697278023,-11.651270507603,43.263829479505,13.738949279152768,-89.56541317499462,KM,noise,2,14900.681533994733,0.1886916160583496,0.004652082920074463,3.221165418624878
229441082274343,16.133435457207,-61.769410665445,-16.856467682929154,145.6540071946708,GP,noise,2,17092.454774198017,0.19790229201316833,0.055635929107666016,3.8470609188079834
588131552889375,-30.701177534770288,-55.134334723553735,39.29909663660019,17.051153244376533,BR,noise,2,10772.66794380241,0.20840439200401306,0.07622626423835754,3.9465527534484863
282418593597680,-15.111719223373,167.09145508574,-16.25933531201583,174.92690433836265,VU,noise,2,848.4030560498563,0.5683940649032593,0.46422743797302246,2.0698776245117188
979772486214909,34.1336148881033,136.00098041765338,35.196340233367465,138.27842603920305,JP,noise,2,239.46430742767862,0.17773647606372833,0.03477157652378082,3.3219919204711914
3774979212627875,-14.866355003204,34.792262380462,-7.059258128251315,-35.681933967021095,MW,noise,2,7714.995257141045,0.9702590107917786,0.9650186896324158,0.24250686168670654
426972879607348,-17.525550986516745,-149.84053510202472,-16.855058598324195,145.57404777930253,PF,noise,2,6825.297652017583,0.37858453392982483,0.300763338804245,3.558608055114746
1689362237932062,13.800606381009,-88.316570230116,49.58219368956757,18.198034739882175,SV,noise,2,9990.781673637877,0.3063650131225586,0.17961043119430542,3.4208757877349854
1166613090443646,50.253231893566,106.33993531955,38.65743490441978,-75.25524566522508,MN,noise,2,10127.438720726073,0.0917590782046318,0.011477246880531311,5.460439682006836
420134173638637,-10.810393821363714,31.731146261210167,-19.213908403634058,-50.09679288358234,ZM,noise,2,8766.467065108787,0.6537111401557922,0.4249143600463867,1.287810206413269
474713760445897,34.526350993866,69.196344342811,30.256288335777466,77.9355168142211,AF,noise,2,947.4663069980194,0.5512949228286743,0.48326921463012695,2.567779302597046
506851794060092,43.177582319251,19.311856309232,50.34166542267117,11.012372205206274,ME,noise,2,1015.6884694492355,0.3169689476490021,0.1271931380033493,2.933100938796997
2995572500661892,38.898518256485,16.523049856494,45.88906555118193,10.956558700357702,IT,noise,2,901.218742753784,0.22408843040466309,0.025646045804023743,3.1284379959106445
115961117883320,28.43217928695932,36.51346701072073,23.839001198223027,38.89591504691346,SA,noise,2,563.3493892482195,0.9952985644340515,0.9950933456420898,0.05710665509104729
1007571866714652,55.571514078836,10.350650482308,51.19468145980152,0.14838781785425295,DK,noise,2,832.1675339334594,0.20017467439174652,0.08206744492053986,4.115052223205566
1174895919599539,20.052558993471,103.35914721659,-13.00020956107184,27.687783505075295,LA,noise,2,9052.210368571401,0.31544625759124756,0.19335442781448364,3.858205795288086
912812452874701,-11.627287351809,43.262280127651,15.583642282327013,-61.39524360239402,KM,noise,2,11901.250597654076,0.709312915802002,0.5373929738998413,1.0625605583190918
173416451344450,35.019561811666,33.986374163354,34.914767107470276,33.611852412953205,CY,noise,2,36.061723104840894,0.43667691946029663,0.07087412476539612,1.5964515209197998
1449896788674967,-5.4217682185916,141.29314063475,5.269254628164646,-74.53017041353301,PG,noise,2,16049.588182770556,0.3865222930908203,0.31162896752357483,3.2328782081604004
232511111978904,-34.065025583843,-55.656389079107,-12.636127744906858,-41.31117022372092,UY,noise,2,2789.5009373099733,0.6054359674453735,0.5291396379470825,2.211148977279663
1109815899545804,24.996104447036725,51.03225264110503,25.617364952967414,51.334914988378806,QA,noise,2,75.48402468496657,0.228219136595726,0.0016355961561203003,3.6369574069976807
736517197023313,6.5599786208778,-4.9915528001493,-13.264793298428145,27.539787820198747,CI,noise,2,4214.976562961574,0.4786375164985657,0.05004560947418213,1.4134349822998047
456214902348496,19.610685333333,37.215206138889,35.018221226866174,-89.74569964222293,SD,noise,2,11757.692309600101,0.40409231185913086,0.3310093879699707,3.388681650161743
345208620288312,19.224700165467,-69.390303678979,43.323250514958175,-4.0956590434256315,DO,noise,2,6575.482278019128,0.22907166182994843,0.126040518283844,4.124059677124023
1468811220266965,7.362390601198927,134.50483736055023,42.88108372343742,-8.209098302144234,PW,noise,2,13277.36976620632,0.4245925545692444,0.2995627522468567,3.2645785808563232
308427384185327,35.884648502247,14.544820145722,35.91660615975757,14.374204086788977,MT,noise,2,15.773192371021546,0.41618940234184265,0.2626045346260071,2.112107753753662
395740224747116,6.5139480425193,2.6483266181429,9.548352095518727,1.207849095187997,BJ,noise,2,372.81944923008365,0.5720810294151306,0.31468555331230164,1.5759201049804688
1432327937141676,13.459201505715,-14.688767601582,5.184726777838109,-1.1742441281371527,GM,noise,2,1743.885036337914,0.4971502423286438,0.4382951557636261,3.095616340637207
1797066053813454,45.212729270223,20.36112097384,35.696065901943655,-82.07252839078457,RS,noise,2,8126.815044798268,0.3804767429828644,0.30481860041618347,3.8381619453430176
4182076221831792,70.667211583155,25.389289533957,64.31943104020134,-21.104134092235498,NO,noise,2,2040.018788579134,0.21626368165016174,0.048369795083999634,3.2256486415863037
3450481218541153,25.63903018538021,51.51003081357617,25.5656595624511,51.356771748720604,QA,noise,2,17.39964520661906,0.363681823015213,0.1558081954717636,2.1825263500213623
881754115706919,18.443691037533,-64.642920411564,19.627190221248075,-96.45780966429325,VG,noise,2,3342.01780834295,0.08363375812768936,0.00855189561843872,4.996859550476074
512504643106571,-51.848040759038,-58.223206369416,53.07211773028904,44.402293515166335,FK,noise,2,15035.150153729423,0.40528976917266846,0.30540749430656433,3.190572738647461
172855664661959,10.37149331328,-12.099479736597,13.292444777460029,77.68389725074066,GN,noise,2,9720.674615558075,0.12562969326972961,0.036316074430942535,4.412980079650879
833358057538383,78.076451987378,14.16217603674,38.0251606342892,23.733807960655714,SJ,noise,2,4475.886817414916,0.21597135066986084,0.09484504908323288,4.011836051940918
214810390166469,3.5846135120697,23.723674547511,53.44795404226118,9.157390587364159,CD,noise,2,5702.1356477520185,0.24387314915657043,0.13797912001609802,4.060964107513428
562840304708452,46.225408646208,15.611350197474,46.41969913530238,11.137746627248976,SI,noise,2,344.1647301285555,0.4592929482460022,0.3705534338951111,3.0114593505859375
817268602327565,-5.9419482354293,29.161401435445,-8.892560549094442,-36.36397454753759,CD,noise,2,7224.18671068489,0.14555810391902924,0.07307886332273483,4.795938014984131
1034524170413490,21.467073188908,-71.131572461898,13.167021904962931,-58.96037262062192,TC,noise,2,1586.4409202248937,0.5330132246017456,0.2521783709526062,1.5286955833435059
1856356164529190,14.123830049658,99.400519963042,46.435361976986975,28.813111137938876,TH,noise,2,7393.067348570677,0.32785534858703613,0.2227129340171814,3.391622543334961
478137076746783,18.362805634492,-88.435381772096,-19.886787955153657,-40.373962862522184,BZ,noise,2,6750.0289639549455,0.27437129616737366,0.06950284540653229,3.5780458450317383
498318618261034,41.404988775836,21.780395818511,39.33780549401371,16.495650624180424,MK,noise,2,503.1309556962784,0.8723244071006775,0.8327203989028931,0.8293211460113525
2934584883419749,40.95347805494,47.883005000971,60.25373781182755,-1.2341364729090805,AZ,noise,2,3944.96832192613,0.12228573858737946,0.04004921764135361,4.709688186645508
928316151288980,7.1879551740757,2.0018755441177,-12.86360159790602,28.165138538881695,BJ,noise,2,3650.5372530624195,0.409030556678772,0.08947038650512695,1.9983556270599365
684315855630498,-29.405735807316,27.816853497845,-29.507528707755473,28.207269497100945,LS,noise,2,39.45854255996964,0.3724006712436676,0.12497147917747498,2.227095127105713
186849946625100,14.753512333683,-61.142985518229,25.160223315950756,121.64274710037071,MQ,noise,2,15566.621392315616,0.4112595319747925,0.18088307976722717,2.1398513317108154
963176671141156,18.09268978577508,-15.935383158508005,39.9044126373694,64.38504114767618,MR,noise,2,7920.026237053699,0.3333838880062103,0.11363749206066132,3.1962738037109375
300283158416232,38.131370007974,13.274583161259,33.89485385612176,35.659508146722516,IT,noise,2,2062.247414888742,0.9828104972839355,0.9813562035560608,0.16210173070430756
1247260492372230,-2.4010827279028115,29.579609392792413,4.383434790456993,-75.71813246808141,RW,noise,2,11723.105839922435,0.18053999543190002,0.02577921748161316,3.410445213317871
4176262119093022,14.688978023377,-91.548589043217,19.551874257913134,-96.87837046308182,GT,noise,2,782.8862948725913,0.6291148066520691,0.5524361729621887,2.171304941177368
2762253127421121,2.0297128301047,45.335734728401,26.83457189101949,68.17821755950385,SO,noise,2,3679.5264146282843,0.5739837884902954,0.49279406666755676,2.6258597373962402
225659908904821,25.948880833757,50.588428667013,41.65048808148743,-1.0076834696091328,BH,noise,2,4994.132941616883,0.13567963242530823,0.024526596069335938,4.9270710945129395
149923280750483,7.361847187159381,134.51969303436232,22.776584695587943,120.52691076680217,PW,noise,2,2275.4807554265367,0.18447579443454742,0.06801269203424454,3.5827107429504395
190898982868748,55.795733000622,26.378530002305,55.86020263452067,26.275310191331283,LT,noise,2,9.641055697694979,0.7289773225784302,0.686534583568573,1.812809944152832
186306836702993,38.679684725081,-3.0625683543611,42.604038296556645,-3.419520211111107,ES,noise,2,437.40500511507327,0.5311636924743652,0.4442006051540375,2.861929416656494
1146877169153705,18.59342674547,-68.388033766711,-23.25329156793165,-45.915419971617716,DO,noise,2,5253.925641469932,0.38972505927085876,0.3442891836166382,4.120400905609131
950737242436239,10.385183082561,-0.78958324298512,-12.491672865674778,27.75586588403188,GH,noise,2,4050.6185701609916,0.5478494167327881,0.4117395579814911,2.5269789695739746
301977051516569,58.706895821146,13.896556360307,57.64772789931491,13.737337850553363,SE,noise,2,118.14340915049729,0.2791142761707306,0.14264552295207977,2.8078813552856445
898624280682585,49.458533172147,-2.5981886348273,52.23810984758737,-6.962535908004941,GG,noise,2,435.0638610509978,0.18728406727313995,0.01605159044265747,3.1106417179107666
469891447444920,16.804499980025383,53.27984729115688,39.90171936105539,-109.31198841125408,YE,noise,2,13456.499734537341,0.19623780250549316,0.15229611098766327,4.5261688232421875
530606458102780,11.557031237126,43.092310521315,24.0516003757021,37.56705429692013,DJ,noise,2,1506.855951378829,0.8804861307144165,0.8697974681854248,0.9847713708877563
310840073886034,-0.84581588834853,-80.17844601219,4.308604272884224,-75.72624457324861,EC,noise,2,757.0949281672747,0.09280313551425934,0.009067967534065247,4.043596267700195
477881999969065,24.946444828187,56.186213387143,40.50916225195553,-4.267794938596668,AE,noise,2,5796.268069357526,0.12302232533693314,0.0034253448247909546,4.224804878234863
494687355014866,15.351932577531,-61.256287052693,43.27174181268327,-4.205990998482659,DM,noise,2,6194.807237249922,0.12464378029108047,0.003766082227230072,4.36851167678833
1443285099355563,16.555627302292,96.198597103646,55.51962844238675,8.4708180702398,MM,noise,2,8355.55880914916,0.23538850247859955,0.12525399029254913,4.246147632598877
4104851466266998,50.070544187764,5.8458119238789,35.53644568969169,-83.42711441074341,LU,noise,2,7017.160548310373,0.08190233260393143,0.014668665826320648,5.0222063064575195
1896496400517870,13.223609624878,-61.268552428199,23.673265258815608,120.77725729144696,VC,noise,2,15906.314891554443,0.258449524641037,0.09518764913082123,3.31990385055542
1077942902611364,51.861118010498,-1.6602529488605,53.4895678457241,-0.05628025254772575,GB,noise,2,210.89686699942357,0.09908679127693176,0.010331161320209503,4.595542907714844
1365414380506403,21.476737171908,-71.132920671407,13.133810158796717,-59.42393308050116,TC,noise,2,1549.7614451801944,0.7507568001747131,0.5733765959739685,0.8232198357582092
275646330919906,47.355981665822,13.66278897535,63.22603165565168,18.330650268327247,AT,noise,2,1788.0994717142364,0.6409338116645813,0.5364884734153748,2.1774988174438477
4085345498214305,54.3204660444997,-4.449369579381132,51.2172433262945,0.4588083086776999,IM,noise,2,477.38468135316873,0.16568011045455933,0.08983924984931946,3.931826591491699
319387202956018,36.746376386627,71.926086394726,35.974848186443054,51.11878165746101,TJ,noise,2,1861.5126631108824,0.1259814351797104,0.01074729859828949,4.057982444763184
192500316060760,8.5018456161549,-10.886196315338,8.59285465444695,-10.477799189111362,SL,noise,2,46.03342002279936,0.27260732650756836,0.207496777176857,4.182593822479248
469096650835409,78.165866991509,14.615773975551,54.83935442872254,9.486699236318735,SJ,noise,2,2601.387939275358,0.2669431269168854,0.04517258703708649,2.9224047660827637
204485121341585,12.133472243206,-68.277416893276,3.448047419405086,-76.53414333575908,BQ,noise,2,1326.0657213187892,0.17825525999069214,0.025021612644195557,4.552700519561768
142251097914946,62.221882069575,-7.0387447331054,56.79923643571044,-4.905095924814405,FO,noise,2,614.7831876560347,0.9821261763572693,0.9780532121658325,0.1401742845773697
5522870664422058,42.480681608263,24.806056880296,42.61260269943013,24.763072153657085,BG,noise,2,15.085687396692268,0.19705909490585327,0.05875116586685181,3.1090805530548096
911536296350418,13.531493241774,2.048401634304,-12.452891800751791,-41.512459137948255,NE,noise,2,5603.611440353216,0.15903855860233307,0.07797583937644958,4.564517498016357
217953836457406,10.205301098661,-14.000220074778,54.43793970540907,-3.9760759531381784,GN,noise,2,4997.7425658906,0.38234543800354004,0.24387410283088684,3.1856346130371094
2915873148627226,47.806436500583,28.717659500757,46.49761446286054,28.925180487700576,MD,noise,2,146.37779344264845,0.4629049599170685,0.2650068700313568,2.2678990364074707
1383220612042284,40.713663160769,75.04503308282,40.703055764610895,-111.17999716388005,KG,noise,2,10940.135847168165,0.09019722789525986,0.04751933738589287,5.58398962020874
966259830868758,43.623138586006,18.908434254799,-26.081946260770778,-48.96001410570746,BA,noise,2,10379.69520231915,0.26295822858810425,0.01669934391975403,2.9366421699523926
216904886576725,-17.609749712456,168.24322430001,-7.2009660639937,-34.85421528068867,VU,noise,2,16267.162888113928,0.36757636070251465,0.28024834394454956,3.2969353199005127
1083924499211873,-15.604998425967928,-54.3918257160871,-13.79758893377836,-49.67293065868455,BR,noise,2,545.8493775385626,0.28956127166748047,0.18292786180973053,3.947770595550537
515495726108152,-21.626125276138,46.991186348236,-30.194041520136658,28.289017072680565,MG,noise,2,2095.102472723619,0.6794075965881348,0.5958610773086548,1.9157776832580566
995843031248300,0.35769064003091,6.56005755347,21.141704542406515,-98.16118400355919,ST,noise,2,11517.263649389248,0.4179587662220001,0.21497555077075958,2.3170647621154785
868028680411287,33.75473452141,35.539565617947,33.90212104689477,35.50668789229889,LB,noise,2,16.667641566668596,0.7917258739471436,0.7050122618675232,1.1932021379470825
497044088003103,39.80104505168,3.0309963190024,43.316578980098356,6.59837886108581,ES,noise,2,490.72208170266896,0.4515472948551178,0.33224940299987793,2.7596189975738525
763955694314654,46.724388793399,10.079801957807,46.68492514854877,11.015613221426399,CH,noise,2,71.49273479562461,0.3349265158176422,0.10829763114452362,2.4660723209381104
933520784110620,12.510164810275,-70.009077685586,37.99062338298627,-1.0380743219037314,AW,noise,2,7320.111724681884,0.15101023018360138,0.02661881595849991,4.595418453216553
4220821467968709,8.70139122196,80.590505170341,12.309380517112134,76.73245023679952,LK,noise,2,582.070464177253,0.09374671429395676,0.021672576665878296,5.0666093826293945
472361870697782,26.020756253761,50.623130115609,54.32414772416241,-3.9510955266572343,BH,noise,2,5413.936392338467,0.11925791203975677,0.0531376451253891,4.937038898468018
658902925214070,22.641060199825,-79.087651499584,41.83959899593114,-8.811443336551877,CU,noise,2,6753.493711021682,0.5583071708679199,0.5086046457290649,2.924621343612671
1183079165486550,-5.70834515155,34.761777557018,42.41691296638107,-5.206422309456255,TZ,noise,2,6701.789508621852,0.8532491326332092,0.8376566171646118,1.1899800300598145
296065025397911,34.897985568931,32.528909790104,34.882357549543734,32.415686813578716,CY,noise,2,10.471990822132557,0.5481824278831482,0.38776063919067383,1.6208053827285767
298824355069041,42.200225487404,21.258956694741,42.759696966390315,22.03169593431045,XK,noise,2,88.80218574081393,0.3725050389766693,0.14566491544246674,2.6190834045410156
111691027649131,-22.530138328473,-59.8361857055,-27.013213619510033,-56.65451857128343,PY,noise,2,592.9555364508827,0.48151955008506775,0.2527143359184265,2.046701669692993
752480212123625,49.471066330606,-2.5339439207361,-41.294517388105916,174.79161429522108,GG,noise,2,19082.376160339623,0.4129509925842285,0.19234175980091095,2.5826172828674316
1074377829753053,-6.7022282025878,-76.214917225524,4.208964328551513,-75.77526183544397,PE,noise,2,1214.250343944946,0.5150298476219177,0.39109987020492554,2.2146756649017334
525641785107823,50.160224002237,6.1091880533415,50.08486812441424,11.692789651175051,LU,noise,2,398.0634509270001,0.07685419917106628,0.005954951047897339,3.92559552192688
226167275508563,15.49826792628,-61.465568794916,-20.01711127119866,-40.42671816295821,DM,noise,2,4569.742851413639,0.22598491609096527,0.06868894398212433,3.746032953262329
148887153873411,5.2121780980173,-52.75060936262,42.531152118928695,-3.4038288868129185,GF,noise,2,6377.025105513231,0.10299387574195862,0.04369833692908287,5.184361457824707
303850827922633,-34.01092105809,-55.839634214304,52.898136407054885,43.523345703334996,UY,noise,2,13547.389576063844,0.3637908399105072,0.05645740032196045,2.7623138427734375
311706737236449,50.868855073513,8.8221774508729,49.57838611767778,9.56687626469619,DE,noise,2,152.9593054991098,0.19342517852783203,0.0010968446731567383,3.3352155685424805
1416886515315835,8.139352166375,34.375065339482,-13.66621668678737,24.133105775482356,ET,noise,2,2675.295946352383,0.18063117563724518,0.08469868451356888,4.032822608947754
178330404153531,-21.691747493695,-64.656846311167,5.506791747020188,-73.52922443237134,BO,noise,2,3175.139863876995,0.5979570746421814,0.22441366314888,0.8512828350067139
218036349822435,41.14963208511,20.008913305496,23.96242976082206,120.88337143590887,AL,noise,2,9129.162085552427,0.3717874586582184,0.21563594043254852,2.9555437564849854
2882903775325778,69.217437476679,-51.098566140502,55.14389025822944,61.384111101739094,GL,noise,2,5159.172146084228,0.20926052331924438,0.1170579120516777,4.036953926086426
459460818448144,27.426607200988,89.643491444303,19.627190221248075,-96.45780966429325,BT,noise,2,14741.84883181155,0.1348913162946701,0.02618446946144104,4.252126693725586
309590514053514,-21.85770610861,165.95185481884,56.91696817051622,-5.805269213225511,NC,noise,2,16058.998261561626,0.37561631202697754,0.24229736626148224,3.2718794345855713
179548807357974,23.005385103705,120.43121323661,23.95844736216529,120.98062472938052,TW,noise,2,119.87648373835835,0.2713155448436737,0.006510883569717407,2.3859941959381104
528726041469936,3.6332857552313,72.958318596822,5.394737093394733,100.33997728121307,MV,noise,2,3041.2655082023584,0.45081889629364014,0.288178414106369,3.0186684131622314
568831498116619,24.732585867741577,121.74077955053384,24.69506724545584,121.73647545840221,TW,noise,2,4.194472630367428,0.4768102169036865,0.3227347135543823,1.8819221258163452
871486690248300,-19.804021310365,-63.993881510197,5.558260021465715,-73.51706151770655,BO,noise,2,3006.3900687260234,0.5649310350418091,0.5005094408988953,2.781522274017334
380042953234728,-19.161161992074,-64.572161532541,38.27043562017002,-112.39088940909694,BO,noise,2,8101.884788287743,0.42884039878845215,0.32695913314819336,3.344245195388794
368884091223603,35.755508707073,53.366090359346,42.50334051559831,1.9067614237030386,IR,noise,2,4432.728768623203,0.09581732004880905,0.009154632687568665,5.004957675933838
512716496579771,12.164080960014,-68.283956526724,5.013011626262383,-1.6352599734530815,BQ,noise,2,7355.1593266963355,0.5685530304908752,0.3573189377784729,1.5621918439865112
485436899323868,65.609323761209,-37.633778515025,60.04267169950135,-1.3105522538137173,GL,noise,2,1913.9245962365364,0.1687108725309372,0.004385277628898621,3.636584758758545
172629294662585,48.532451875231,17.496813301999,48.98936041874194,2.855628200603965,SK,noise,2,1072.7336132439218,0.3659590780735016,0.2349180281162262,3.176797866821289
506770377649958,-12.679904697999794,45.08466359942028,19.557362501243773,-96.88363351145425,YT,noise,2,15889.968425655039,0.7210654020309448,0.4916227459907532,0.8812243938446045
265103101980958,14.721827633666,-60.947724527678,41.84428959215644,22.67990894718471,MQ,noise,2,8401.017766150359,0.37691158056259155,0.13382288813591003,2.82167911529541
517013032790983,42.403345896483,44.64336095767,46.39309471284886,11.233631803721293,GE,noise,2,2670.6664039181614,0.23622258007526398,0.13326090574264526,3.6841654777526855
825755764959780,20.340364998941,-87.352869999803,-23.23407099077214,-45.94079411630085,MX,noise,2,6604.881609574647,0.12698392570018768,0.0034906789660453796,4.352200508117676
3799534356839064,60.209940286403,20.246918494907,47.46021237658379,5.961163383441229,AX,noise,2,1691.6257359347046,0.07976800203323364,0.04299318417906761,5.245556831359863
134126825414739,38.270282754345,61.711075339758,38.11356286519932,61.803992753791654,TM,noise,2,19.22553092740063,0.1652032881975174,0.017885670065879822,3.90513277053833
1397623030665407,14.493780516069648,-88.97344682800627,-29.701834500867268,-53.38467432674835,HN,noise,2,6221.611983242546,0.2759176790714264,0.12606485188007355,3.397282838821411
170949221611851,33.305143801504,126.28817369339,23.707088355095866,120.77035697925223,KR,noise,2,1195.158139370963,0.7878923416137695,0.7458519339561462,1.2438937425613403
978428179365285,33.705735440434,51.794214966505,55.25352118965184,60.33209715143089,IR,noise,2,2485.5597993792967,0.1469666212797165,0.08816547691822052,5.338491916656494
333013904838174,32.340904308709,15.105537141291,33.880754998825,10.08509450415208,LY,noise,2,497.8882512025881,0.12758009135723114,0.039699092507362366,4.480127811431885
248513507027667,5.6150523860158,16.240852825971,52.750046709375276,-2.8300587307098044,CF,noise,2,5522.867003090643,0.18308193981647491,0.11295114457607269,5.06014347076416
237495388152862,-11.621236170917,43.26262853229,14.576145394304811,-91.6743082258612,KM,noise,2,15131.110715889085,0.21805469691753387,0.10265596210956573,4.30070161819458
3042776155952353,18.400872724367,-88.464242712832,-25.086900356358658,-52.67378463097572,BZ,noise,2,6195.757582131568,0.24993355572223663,0.04580439627170563,3.2842676639556885
487380732512751,4.8184532,114.77786780001,4.2594652478879445,-75.80404155571925,BN,noise,2,18465.729042371284,0.18203982710838318,0.009056314826011658,3.680858612060547
290265362649999,26.177525761353,50.383620514714,54.729696751602916,8.774756054046328,BH,noise,2,4627.264103162542,0.13965468108654022,0.07212389260530472,5.127549648284912
482049282914438,7.5885792292079,134.59098074356,5.393901960870651,100.25818539393978,PW,noise,2,3800.008098785943,0.2451895773410797,0.0012171119451522827,3.0626466274261475
225571855612889,46.763350531273,-81.597671294692,46.892237480512364,-81.73476023872142,CA,noise,2,17.724832317524353,0.6094328761100769,0.4784364104270935,1.845163345336914
4804926129529176,15.24531506432567,-14.593708973874378,58.55133151934759,38.81417577517626,SN,noise,2,6490.721606007665,0.19093459844589233,0.05990888178348541,3.993212938308716
369883598351184,-20.367575551703407,57.57618979619237,22.72049640383217,120.47085840311742,MU,noise,2,8334.671817094812,0.364280641078949,0.33680984377861023,4.159289360046387
4121896524538487,24.635513307941,-76.169569569,34.09600463084365,-87.1310559366075,BS,noise,2,1493.0326396190833,0.2964297831058502,0.05126795172691345,3.455195665359497
3863471930446023,-17.111944610128667,15.757158787596603,23.954851742143497,-104.39304097450021,AO,noise,2,13780.180801655633,0.19278304278850555,0.06806699186563492,3.8593220710754395
300728688257104,30.395743312589,35.487349115709,40.81791732205808,-109.50632466476034,JO,noise,2,11316.066194021427,0.13789740204811096,0.06577737629413605,4.69358491897583
1126228627789114,50.981438273289,3.9109549608118,53.287211017796814,6.6145645584104376,BE,noise,2,315.84102883781975,0.06243498623371124,0.01301506906747818,4.952367305755615
549637092752676,-14.934793656692474,13.483762083058584,16.186614077164023,-95.21430999282339,AO,noise,2,12417.523604926946,0.2979036569595337,0.19552230834960938,4.0054121017456055
1003284990411465,12.059176169795167,-15.322303903822672,16.774274336170993,80.64152218075309,GW,noise,2,10243.25389653629,0.08413815498352051,0.03694416955113411,5.725477695465088
549574962737771,14.061193852760738,-84.04279947361962,12.200305508234793,102.31426686417576,NI,noise,2,17012.087801192054,0.3370581567287445,0.18931716680526733,3.1862998008728027
542559790066195,33.009983226586,35.680040403337,22.69213456797704,120.41587673414956,SY,noise,2,8191.866515184125,0.038507625460624695,0.0008173361420631409,5.388150691986084
265445685298888,13.004017262133,109.35894392193,16.671594540580998,79.41357948013682,VN,noise,2,3241.362858691986,0.28438812494277954,0.03185397386550903,2.9769668579101562
1444159855929152,12.212140324895,-61.65046673147,24.591047877799415,120.85228755509117,GD,noise,2,15913.751971770424,0.27072644233703613,0.05386814475059509,2.4218909740448
378257181042695,0.4223981532159322,9.46341740514976,-6.147216178270104,106.91183596832158,GA,noise,2,10836.030276032907,0.2546384930610657,0.06770956516265869,3.9711217880249023
136200968757362,15.043474943211962,-3.1134483369205417,10.61752431865012,-0.36096143069161485,ML,noise,2,575.5065608528361,0.9327468276023865,0.9077005982398987,0.4785152077674866
533142534351766,-9.8840552815116,33.911477956503,-13.38138861136781,26.87157333453083,MW,noise,2,859.5699726560713,0.8634741902351379,0.8120126128196716,0.785073459148407
522728752252154,41.038602463059,19.563694296348,40.81571886085517,19.782035862548184,AL,noise,2,30.833473350011708,0.2558337450027466,0.08119501173496246,3.439075231552124
758888101326263,31.637988555726,73.231186805001,25.114800902088778,55.29734845699101,PK,noise,2,1895.4106843236773,0.5608519315719604,0.47535377740859985,2.5207722187042236
305757657709496,1.0675572904673,103.9646409699,4.525769004605761,101.29613209307193,SG,noise,2,485.465388569076,0.07245761156082153,0.0004256516695022583,5.202980995178223
223281329232117,12.507939003947,-70.014398687436,38.71784310306354,-9.225417137571288,AW,noise,2,6618.57301802659,0.16166411340236664,0.06604849547147751,4.317864894866943
353672373022082,41.381628312913,22.307214335612,45.36350229393554,23.466193908964907,MK,noise,2,452.55116268434756,0.25520068407058716,0.21322101354599,4.720918655395508
855868761633795,18.030052213813,-63.078616758552,14.245283039827981,-60.964154492240986,SX,noise,2,477.59632794105477,0.4687059223651886,0.22837351262569427,1.917324423789978
510341753682172,18.547859996816,-68.613997996337,43.34450681777853,143.15633996035092,DO,noise,2,12407.291541552908,0.14835001528263092,0.04508522152900696,4.443943500518799
3864898026890576,49.490894517019,-2.5725344431006,50.304930046659535,4.765727528803968,GG,noise,2,533.1201492148368,0.3312017321586609,0.262830913066864,3.9446043968200684
307754797548858,34.712695715026,-3.8563324324235,-30.064988393838394,28.46109167067401,MA,noise,2,7959.6571018408185,0.3091850280761719,0.23338113725185394,3.862851142883301
446821260679124,-9.024115630183084,125.29622320893388,5.506819182061968,-73.5054575409932,TL,noise,2,17905.148945206423,0.23404943943023682,0.07143758237361908,3.2204530239105225
947185652683658,-2.3270469336559,-78.929168380573,42.336722856741915,-8.66811644939502,EC,noise,2,8580.632319183249,0.15724168717861176,0.03415720909833908,4.384486198425293
2947290612262244,-11.652155080814,43.263890007029,13.848286663890395,-89.63085509032396,KM,noise,2,14908.38993197821,0.1554419994354248,0.02246282994747162,3.7513442039489746
2932426006995864,12.349827079376,105.09907855331,12.54733487726185,76.36667706359515,KH,noise,2,3118.3042377963247,0.23281989991664886,0.0023671984672546387,2.231020450592041
271753411301610,-18.657738465691,-174.02787918873,25.260580274645434,121.53150335326626,TO,noise,2,8508.247647497757,0.31633150577545166,0.17733672261238098,3.1399850845336914
478264666827999,61.472372240129,-6.7939711372832,61.66278248842729,-7.0739299726040645,FO,noise,2,25.844936307977644,0.5076603293418884,0.1907401978969574,1.2795047760009766
1101915547131650,-35.411992228208355,-71.29963328046824,25.120238719031192,121.55273842486478,CL,noise,2,18334.83444753327,0.1509011834859848,0.013386115431785583,4.416192531585693
3920872697958453,60.225200988406,20.059664271851,59.80010666885679,13.60252472683482,AX,noise,2,361.8134302383924,0.5185718536376953,0.3563310503959656,2.3525021076202393
480958303108322,18.02673753942373,-15.984917957529673,23.437733685573853,38.72055559161148,MR,noise,2,5688.50488104397,0.3157457411289215,0.13925467431545258,2.916504383087158
477439253471149,2.1909112658474,25.247273616721,1.6149049702332852,31.68203248120585,CD,noise,2,717.9770532649451,0.48679131269454956,0.3194478452205658,1.9049198627471924
2503535586463255,5.369009126207446,163.01297824070343,-3.2050119710361096,-49.556983844314814,FM,noise,2,16396.096987675868,0.8393753170967102,0.7844778299331665,0.8065255880355835
699303201033596,25.12900987620192,33.08865526570508,23.171057225173218,72.53733541060589,EG,noise,2,3994.4352224331865,0.08052083849906921,0.008015967905521393,4.933907508850098
1109009986288059,-8.6876105869135,120.2374852281,21.737565788415758,-97.8284057053909,ID,noise,2,15695.943080264346,0.3054162561893463,0.02910172939300537,2.944247007369995
945361122882179,12.134119747509,-68.278230013563,34.75369745029122,32.46327148236857,BQ,noise,2,10197.963929965643,0.2714223265647888,0.16634589433670044,3.247326135635376
1086140081896052,17.025256612863,-61.868698580061,17.13835728021134,-62.22711659060788,AG,noise,2,40.11828380241895,0.9631928205490112,0.9508494138717651,0.2398030161857605
2896487987274330,-8.6384264591615,125.60292428532,23.690642185204737,120.77925894754065,TL,noise,2,3632.8495979472896,0.22134855389595032,0.1030380129814148,3.3228492736816406
2579869142308862,10.34358900767,-61.458152299031,14.600836592439524,121.1008018434786,TT,noise,2,17227.087093466133,0.21566425263881683,0.04287993907928467,2.642324447631836
267083508462188,52.899440738443,8.4141554815178,54.279077798503934,-4.233331115522463,DE,noise,2,847.5278815389846,0.7106702327728271,0.6876813173294067,1.852368950843811
135893315238976,8.7909434146234,-78.181606800432,-19.198161502668256,-49.96508199617287,PA,noise,2,4387.124996239053,0.4318583011627197,0.3932039141654968,3.419469118118286
150017570480103,41.50666060749,21.935799073836,49.58293216311578,18.045305376942068,MK,noise,2,947.431041929949,0.6194762587547302,0.5817563533782959,2.7817189693450928
869032447374518,45.14353499999999,14.845183055555555,42.89838833361858,25.372830523321905,HR,noise,2,877.2708062334107,0.24185070395469666,0.050825491547584534,3.044954776763916
919042368661061,-35.376055559767,146.26475,53.32434215045838,44.42969873446052,AU,noise,2,13826.80633881884,0.7063679695129395,0.6005781292915344,1.4601075649261475
985915661813386,-23.393263453848,44.397761247232,-26.201177412918682,32.6909830601957,MG,noise,2,1221.724624886745,0.26047906279563904,0.193614661693573,4.704950332641602
670850541182018,26.0204034,51.064903400000006,35.15964091194338,-119.42031108522785,QA,noise,2,13138.911291937995,0.14745089411735535,0.005675792694091797,4.235757827758789
358677975646602,18.32970950933104,-64.95126838918696,17.156155075774397,-62.530520097444864,VI,noise,2,287.66434860076066,0.709825336933136,0.44682276248931885,0.7464396357536316
468571217849628,27.519976313624777,114.13899685380947,55.44267754223695,60.52974948607565,CN,noise,2,5252.362335582845,0.31618642807006836,0.10002432763576508,2.5898735523223877
166033172108272,39.547581612083,46.441663046559,41.85866901656744,22.495338903985505,AM,noise,2,2028.195625162326,0.22115112841129303,0.16848106682300568,4.886811256408691
494503958271926,65.59525777881,-23.774501108369,36.036471615885894,51.17359292643723,IS,noise,2,5726.635095782366,0.170709028840065,0.09296265244483948,4.301409721374512
912539252641876,-6.3006910051682,176.31917767142,-24.29191450589142,-47.15089241850212,TV,noise,2,14206.098159806557,0.08608707785606384,0.03203731030225754,5.163536548614502
528519191857396,31.419084991343,35.033717818153,31.92783935851518,35.19864521612024,PS,noise,2,58.68440844743793,0.40395453572273254,0.058707624673843384,1.5044373273849487
2693852350916149,-22.134506991871,166.34104640683,22.794362639513004,120.55607353972843,NC,noise,2,7037.090692165906,0.18379448354244232,0.07567264884710312,4.220113754272461
943976513021626,17.310149834096,-62.711002505143,-34.10523871508736,20.96802369656447,KN,noise,2,10516.515516757567,0.38884201645851135,0.18477755784988403,2.2887966632843018
314603156759488,27.431221771339,89.646958499505,25.14790453740574,121.70262408525322,BT,noise,2,3197.0959285015037,0.37601912021636963,0.2755178213119507,2.6185107231140137
142911821192377,18.124397901175595,-15.95930487738458,25.087690363960622,37.57294948437327,MR,noise,2,5553.913721292735,0.3564973771572113,0.09309464693069458,3.158280372619629
995608364307407,62.231154398192,-7.0203744109078,60.24142961441091,-1.2338451759362237,FO,noise,2,380.3236482427485,0.13702717423439026,0.008028000593185425,4.413720607757568
920634065161187,49.245509981929,-2.1382669508349,51.91912490993019,-8.45791065759888,JE,noise,2,535.8737221163519,0.24648499488830566,0.1460387408733368,3.4991602897644043
314870496880636,28.628362975198,48.038775336392,36.595258627578396,-109.80490751049749,KW,noise,2,12401.92837693061,0.1324138343334198,0.03152122348546982,5.024997711181641
137727984953777,-6.2967650470378,176.31787733981,5.433084870140378,100.42346387933861,TV,noise,2,8523.959010638613,0.11971470713615417,0.044654130935668945,4.532567501068115
970870010403579,1.3869451851245,173.14684137479,-9.73896419310837,-35.811140057959655,KI,noise,2,16681.556316298997,0.7178921699523926,0.6646904945373535,1.803069829940796
319746332831620,37.296859809574,-5.7125450742042,39.3737035191543,16.5778927309907,ES,noise,2,1952.8254689247883,0.4709665775299072,0.30640608072280884,2.4832382202148438
3035810213314122,55.003356832716,24.139338741958,60.02717313526445,31.05058187475678,LT,noise,2,693.7935805145028,0.15377850830554962,0.07558232545852661,4.898712158203125
288447642774684,-6.1571269966165,107.04394801454,21.596368408859266,-98.19745091614861,ID,noise,2,16803.964480092072,0.9765719771385193,0.9703084826469421,0.18586288392543793
829997677895262,12.323432189112,-1.5533388682237,6.240774237846727,1.1107612563978413,BF,noise,2,736.782496581429,0.5568516254425049,0.4955223500728607,2.6787803173065186
106381768201986,11.974525625543,39.044869566531,42.8637789944528,-8.207642528367757,ET,noise,2,5683.144237268282,0.06759180873632431,0.010210204869508743,5.2130818367004395
305230294414376,18.451313183212,-64.558514994681,36.11193810817856,-86.81699764380649,VG,noise,2,2934.7665170960013,0.17566397786140442,0.06433414667844772,3.991332530975342
883910462466493,-15.648621030725534,39.34163432285212,34.71884756548743,-113.7034295713036,MZ,noise,2,16592.449471370088,0.30557847023010254,0.212542325258255,3.881110668182373
492194012125902,46.117642,18.110710999899,55.8520072642843,37.64610577556349,HU,noise,2,1733.6712978140101,0.08712663501501083,0.014053046703338623,5.057122230529785
1573490059506418,18.338429999176,-64.899272406242,4.177089691082526,-75.94112467729485,VI,noise,2,1980.1940520733397,0.3546062111854553,0.12931697070598602,3.0990750789642334
766495730715953,44.706372569218,18.069343447503,39.277392824170605,16.50348855412875,BA,noise,2,617.35466979132,0.36135122179985046,0.15887200832366943,3.1389851570129395
781285156083286,32.087994573877,-8.2233968662806,55.22203379468036,60.19413403259447,MA,noise,2,5794.826114569388,0.6957959532737732,0.6273975968360901,1.8423352241516113
745256106153583,52.344707039659,45.336839122968,55.3337184198708,60.39754565272096,RU,noise,2,1040.0811502484135,0.6317262649536133,0.5533760786056519,1.8885308504104614
1117334568775680,18.337748404316,-64.915702992028,20.081632000595548,-98.67259319721825,VI,noise,2,3543.9937429463157,0.36548852920532227,0.27571484446525574,3.208935022354126
306286164527539,33.350146257859,126.25399959043,19.529083530804595,-96.88598096883234,KR,noise,2,12564.71402674561,0.20987167954444885,0.05447573959827423,3.346442461013794
336794264546437,4.9054666559617,-52.301588003183,13.85940323405994,-89.47779226808727,GF,noise,2,4191.941193155618,0.7423978447914124,0.706451952457428,1.7512562274932861
153474173412155,38.399164295663,71.058858396182,32.27560738347768,77.15990470080861,AF,noise,2,876.9704856552221,0.9948609471321106,0.9912455677986145,0.04163665696978569
350521240549818,31.321208568090835,27.27841709921041,39.84001693891648,64.34128753802398,EG,noise,2,3455.8876879667205,0.6270518898963928,0.5720707774162292,2.4318695068359375
218975556246226,7.8821057071516,-74.834139978895,-17.93634430286485,-63.36267989543484,CO,noise,2,3135.030540859788,0.21775570511817932,0.07041960954666138,3.6984448432922363
1259603784501134,31.292411220432,35.534796522034,35.07062321489481,10.193933701934833,JO,noise,2,2388.732180991585,0.2360614538192749,0.11622351408004761,4.613969326019287
4309223739108363,2.1266240352603,45.323364966483,-5.8010002719565135,-35.252321024431524,SO,noise,2,8989.957998344213,0.14286254346370697,0.03928809612989426,4.01748514175415
259978149147748,40.965992824636,70.990742663385,32.09362857451004,-112.22491843975688,UZ,noise,2,11884.520448415638,0.2532695233821869,0.16420622169971466,4.5216569900512695
764847514207415,29.990268063885,35.075916116471,26.24603336989363,34.99878747907688,JO,noise,2,416.4085639764209,0.36321449279785156,0.3403398096561432,4.474859237670898
248250033759700,29.80888569787,-8.8927590395819,34.66878183277184,32.674814022514106,MA,noise,2,3919.0523166622665,0.4643996059894562,0.4021628797054291,3.2645981311798096
454143095650719,4.754477618596,115.1672935653,21.855624452288293,-98.12228341624558,BN,noise,2,15336.86876832693,0.20557793974876404,0.12636259198188782,4.003965377807617
779725396245876,17.150242379267,95.997861485963,54.37130613695155,56.11142358361597,MM,noise,2,5357.396347765524,0.2609895169734955,0.10408614575862885,3.4115686416625977
580468796254927,1.0529367558583,104.00979134276,6.991815406806288,-73.0759990761176,SG,noise,2,19063.906473866988,0.15038587152957916,0.06557385623455048,4.694368839263916
996366924230321,9.4509927129863,-5.632989557206,15.980857093515983,108.2171992429911,CI,noise,2,12205.803230810938,0.6798364520072937,0.6503818035125732,2.31704044342041
167430881975593,48.946219066106,17.372135047934,53.199792922820436,6.58473278221646,CZ,noise,2,888.4085017459142,0.10240183770656586,0.009738586843013763,4.216620445251465
1287753361619391,41.902938185448,12.402760733592,33.901320713462766,35.60384228112364,VA,noise,2,2212.4552806824536,0.7768961787223816,0.7399480938911438,1.4103028774261475
631066277884886,8.81662211291624,-82.90477256073295,21.710826574604837,-98.07538614320511,PA,noise,2,2165.478484475365,0.32624050974845886,0.06599003076553345,2.5760579109191895
1770786233100996,69.218294531367,-51.091665910743,60.185132768859496,-1.2015274995423086,GL,noise,2,2485.8378479725175,0.5177602171897888,0.394741028547287,1.963605523109436
239943934683187,68.81413122743538,15.673939453479123,46.71916798087208,9.594043203663619,NO,noise,2,2480.3459563786173,0.10530366748571396,0.05030724033713341,5.118448734283447
481611806279393,19.322225516792,-81.380605067753,26.53085665348899,-78.37589530089885,KY,noise,2,858.4853549782425,0.3602891266345978,0.2324325144290924,3.0724239349365234
3800949300034619,38.343949995952,57.117059018247,34.88832805155333,32.457912573737886,TM,noise,2,2227.237673718544,0.3893043100833893,0.11821544170379639,2.696868896484375
823233711883166,29.068560075854,48.084048261556,23.56296967713301,36.930272138810054,KW,noise,2,1268.1721103305933,0.14517807960510254,0.015827491879463196,4.319324016571045
450038362963389,38.978830137822,-7.2812361854766,43.88143785303946,-1.103001142810378,PT,noise,2,749.5573059202837,0.059286464005708694,0.0007798261940479279,5.501470565795898
297933462444738,13.662316404789827,-16.430340101173016,-12.965492870116973,28.33074572525118,GM,noise,2,5752.071424232668,0.5294037461280823,0.4051051139831543,2.083019495010376
949917125580796,18.251570400358,-62.984528794394,54.797009543111635,8.44780339987015,AI,noise,2,7173.9807277912,0.4198942482471466,0.18348604440689087,2.303534984588623
313078556837128,55.266055994786,11.315098206416,51.42058332227074,11.053841634653748,DK,noise,2,427.94779504871326,0.1787986308336258,0.01317603886127472,3.6525115966796875
210766354219144,-26.628804736334,31.659445474276,43.65967130304193,-70.43854657095208,SZ,noise,2,12945.490666269458,0.10437159240245819,0.008043386042118073,4.99127197265625
520708829313842,54.68692259669,9.0074931788196,53.980247480136576,9.648194650182242,DE,noise,2,88.88166873407103,0.18017318844795227,0.08487226068973541,3.912882089614868
992154464938892,-17.65251068093,177.40709100849,6.008016685129193,-74.95541825181297,FJ,noise,2,12075.238473876607,0.12273299694061279,0.000394284725189209,4.704590797424316
150289013771703,50.348577719861,-4.6628826388904,50.09859544787152,-5.679991561919337,GB,noise,2,77.5135475357707,0.16644464433193207,0.04723263531923294,4.140718936920166
1423738521294950,17.182641732455,-88.332789645282,20.922629297532445,-97.88420260718885,BZ,noise,2,1086.2783376684745,0.504410982131958,0.3512529730796814,2.088247776031494
1155605118288528,14.706942793316,-61.143095527488,-28.664302357030333,153.2919853958475,MQ,noise,2,16152.282963724707,0.35409706830978394,0.09398025274276733,2.906552791595459
2986698694926936,78.215334468879,15.012641390148,62.33296365086633,-7.119339933791345,SJ,noise,2,1922.0142974996431,0.19008049368858337,0.11972367018461227,4.411643028259277
2083829008422694,58.379655829272,6.1151443597417,59.316802439510404,22.607240713589917,NO,noise,2,951.8783635344581,0.5630493760108948,0.4221065044403076,2.3103466033935547
155652916570780,42.348418071723,20.818276988414,46.50727565567812,28.790862214995702,XK,noise,2,783.3595745132221,0.6274287104606628,0.5855355858802795,2.233934164047241
845707173409060,13.15145888888889,-59.57003805555556,-7.3113526780115725,-35.37995334452642,BB,noise,2,3509.359585950027,0.206305593252182,0.10592659562826157,3.7650134563446045
792307658322895,52.913640031191,6.8640509875213,50.15516773489006,4.825503998291053,NL,noise,2,337.5507403284522,0.2794336676597595,0.24523773789405823,4.589427471160889
463829391356731,7.1956119778003,124.23640602451,-30.087641047606304,28.25912571284593,PH,noise,2,10980.914721458874,0.25130322575569153,0.10550455749034882,4.3062591552734375
190327429484222,18.406063827426,-66.173016157195,-41.25083903720157,174.82051692724397,PR,noise,2,13749.189008477872,0.585777759552002,0.5462847948074341,2.5574147701263428
964385794363812,38.838166509572,140.96848476449,37.11694543511529,140.1153831389974,JP,noise,2,205.47617998579213,0.16234466433525085,0.08538872748613358,4.067363739013672
992350614846774,12.919375038455,-85.248546579532,5.837389778556734,-74.68833825743998,NI,noise,2,1400.1442542210593,0.24086451530456543,0.11952965706586838,3.541195869445801
2898111640459899,32.288702684025,-64.767038528517,24.56024241837849,121.87463947554562,BM,noise,2,13654.585063157549,0.5423880815505981,0.3901297152042389,1.9618847370147705
156853596375003,19.653051191999,98.633327646919,13.543106042493555,100.77699337525678,TH,noise,2,716.7257069463533,0.40512964129447937,0.2768518924713135,2.9206106662750244
353101693221406,-16.097698333830845,28.68442044328358,-12.318783189475969,27.695665983477383,ZW,noise,2,433.49680828422726,0.2159956842660904,0.05277031660079956,3.7342867851257324
