id,true_lat,true_lon,pred_lat,pred_lon,country,corruption_type,severity,error_km,top1_score,margin,entropy
1198015930637035,47.58736244394304,13.72243335782696,45.34512025944527,14.674100388802305,AT,resize,1,259.75563573156455,0.23073671758174896,0.057057321071624756,3.125211715698242
2627501530880734,-21.690540312924,165.67395409726,-33.99418857239391,18.42739286013381,NC,resize,1,12919.100527732715,0.2755109667778015,0.16434478759765625,3.1219868659973145
464312504633961,25.061219179854,-77.474052344488,10.994854219768154,-74.86638506442763,BS,resize,1,1588.065912213556,0.5567261576652527,0.4650711417198181,2.425668716430664
1640910792965420,14.05090975535,-83.408252576108,5.038966671133997,-1.6097560971939604,NI,resize,1,8989.098605201458,0.5924956798553467,0.20189112424850464,0.7834585905075073
784509382269632,39.054295235447,125.75444015475,44.54106222210275,38.15864793123994,KP,resize,1,6925.20952325834,0.5442411303520203,0.3944335877895355,2.302993059158325
1203580403446328,59.403162352068,5.3346943684814,54.07869935710486,-6.375769949166991,NO,resize,1,925.3873437145255,0.876802384853363,0.8542104959487915,0.8639214634895325
529318031569520,35.884852698,14.543835095527,35.84716484509595,14.367659176806626,MT,resize,1,16.419222027581746,0.8564354777336121,0.75115966796875,0.5382471084594727
579627393601024,31.161290071016406,27.62620232776423,31.066441248535348,28.256662137453937,EG,resize,1,60.93843581243528,0.5662590265274048,0.25114190578460693,1.311874270439148
493287055050730,18.529699440908,-73.82906994801,18.42037153359679,-74.13123110429899,HT,resize,1,34.10720251006363,0.9857063889503479,0.9786596894264221,0.09231910109519958
194636675718395,15.711283292961,-86.911458774945,-1.3910492914952406,-78.15230845390916,HN,resize,1,2131.4348268946433,0.8427305221557617,0.6969337463378906,0.5004438757896423
324862519056205,19.31841800221,-81.382583014952,-27.451209835852225,153.29343216404914,KY,resize,1,14404.967667851362,0.7810661792755127,0.6793767213821411,0.9426156282424927
312497683776326,-3.5385285661184,29.342796802632,-3.3704028009686717,29.13271785823499,BI,resize,1,29.886244485173524,0.4477652907371521,0.05362549424171448,1.491600751876831
524249899215869,-20.36057432562562,57.57448506856856,43.4407652530804,40.3759368063317,MU,resize,1,7308.7731651809545,0.8022275567054749,0.7151622176170349,0.955217719078064
762407414666903,18.261799133186,-66.040383948361,21.481106916813754,-104.8376855257627,PR,resize,1,4062.914587648774,0.19678319990634918,0.05978579819202423,4.017336845397949
1162773017520174,6.3181766455254,37.510104406035,6.31889093755724,37.54083933632248,ET,resize,1,3.3977364376442254,0.9916355609893799,0.986913800239563,0.05717327445745468
3356357477800408,-13.862024739384,-171.85937431059,-12.675253821367086,-172.21425138447498,WS,resize,1,137.43817961297236,0.9841132760047913,0.9796914458274841,0.12432565540075302
487479689165720,-0.79790097222466,-77.201507380967,-0.9649644813143741,-77.5950676904107,EC,resize,1,47.53673100483476,0.9032737016677856,0.8740286231040955,0.5638222098350525
255694192945304,0.23852452895088,109.87510053714,16.82088713784042,-88.5140693509253,ID,resize,1,17247.513283064356,0.9897691011428833,0.9878078699111938,0.09249919652938843
810188746588631,46.29075689375,10.078154998184,45.89741019804762,6.768639188281345,CH,resize,1,258.90091619992444,0.44862204790115356,0.14479926228523254,1.9955615997314453
152336490235316,6.1412981189533,-10.222955468447,6.3783657330457135,-10.417013603021266,LR,resize,1,33.984893271399116,0.9851884841918945,0.9785952568054199,0.11196649074554443
1128248694323507,4.9712879947102,-52.440325961909,-25.227078545184224,-57.55968586688007,GF,resize,1,3403.1640551310534,0.21774859726428986,0.10141050070524216,3.921908140182495
319600276196154,17.249258189479,-62.655520880016,16.900465731026802,-61.85575328418236,KN,resize,1,93.43926221741197,0.6360348463058472,0.5334018468856812,1.88036048412323
227605128698501,30.534718182782,35.557018519973,31.53342851099281,34.87007933714128,JO,resize,1,128.90298805741574,0.32073530554771423,0.16265013813972473,2.459491729736328
469353001013618,-4.8497851046353,11.90522368749,5.034135472010447,-1.6814340446382536,CG,resize,1,1866.7182107048848,0.8092411756515503,0.7426126599311829,0.8252037763595581
312137333614311,50.147457733865,106.21881807879,-29.461342715493696,27.473287569551687,MN,resize,1,11740.648809311093,0.29295074939727783,0.02627149224281311,2.613771915435791
417436926432877,-9.466630277777776,160.38180111111112,-9.608504535034413,158.95423820047714,SB,resize,1,157.33628574361308,0.9914504885673523,0.9884775876998901,0.06755523383617401
521833368998076,33.828288106674,35.578984207651,33.92205110904682,35.719295023269034,LB,resize,1,16.628104075896132,0.9979817867279053,0.9967487454414368,0.016752827912569046
804138920493771,-0.43494769438863,-76.201325946671,-1.0569702207461036,-77.53111638602151,EC,resize,1,163.23087706206977,0.7016181349754333,0.6491600275039673,1.7424832582473755
302261168190071,-13.859325484052,-171.70998038915,6.6350717969193065,159.26752541312078,WS,resize,1,3931.0153028844506,0.8132067918777466,0.7045217752456665,0.7433661222457886
1226452984452730,18.570054722222,52.82152305555601,17.62424921376472,53.09567161373325,YE,resize,1,109.08735000835935,0.4875389039516449,0.13211271166801453,1.817454218864441
321769825972532,56.815207379952,13.937240092613,57.95995542977821,12.914427423325208,SE,resize,1,141.2758964140679,0.19135119020938873,0.07084599882364273,3.538545608520508
773469050698883,0.4364979004820079,9.440864620026538,5.211952737515963,-0.8673181520101246,GA,resize,1,1261.673339926709,0.8028630018234253,0.7426850199699402,1.0961161851882935
333032548339836,51.706235270322,-9.7173149835356,51.8770325171211,-9.82870055351031,IE,resize,1,20.478633330722985,0.9878730773925781,0.9859955906867981,0.11416278034448624
321482029535925,44.652229350002,21.162756330018,44.508722943324656,19.402170846665285,RS,resize,1,140.34613215026386,0.3325340747833252,0.22429050505161285,2.9823877811431885
832510974027702,-17.456552891966,-65.728142843828,-17.147700265014954,-65.91685997625277,BO,resize,1,39.75958386372417,0.2621344327926636,0.04988288879394531,2.3215317726135254
109891514526025,48.213328182129,28.09057650588,47.05730303688505,28.1807889059657,UA,resize,1,128.72170347395155,0.43266788125038147,0.11949813365936279,1.4690314531326294
2942639579308445,34.805369127435,127.95898406217,37.38188614244865,127.5157759297675,KR,resize,1,289.2488801688882,0.5946342945098877,0.46756666898727417,1.9214849472045898
370894024357836,15.425447150296,-61.271269855519,15.51440553690331,-87.73995993501974,DM,resize,1,2834.7406788844723,0.40840935707092285,0.12343749403953552,1.5809754133224487
788101518532706,11.258356617235,-60.564806768225,14.595366374591585,-61.0159040417054,TT,resize,1,374.2642834241394,0.6089991331100464,0.47943994402885437,1.3823381662368774
3872288566218352,50.796778330451,21.153443346433,52.17482134180999,18.48211333108391,PL,resize,1,240.16636973272912,0.36652272939682007,0.1773088127374649,2.8630547523498535
1002859423856924,17.09712846732,-24.97047664313,28.659850037860526,-17.674106224656835,CV,resize,1,1486.197698223917,0.945880651473999,0.939285933971405,0.41123589873313904
238160651412928,-46.337650900733,167.79026062048,-46.22902634258923,168.1916153846061,NZ,resize,1,33.12321002513413,0.491447389125824,0.4290347695350647,3.20691180229187
2563203020654329,54.32142990519237,-4.456551481932205,56.37028162028984,-2.906360680109356,IM,resize,1,247.99586809524226,0.1993868350982666,0.011799931526184082,3.2876219749450684
732194144134616,9.3458958330497,-79.823967302875,9.316829163393887,-79.68643789255296,PA,resize,1,15.432453273301691,0.880704939365387,0.7892547845840454,0.4835778474807739
476322813419625,17.628516606198,-63.231308396649,-20.908451726628677,55.42339448339945,BQ,resize,1,13603.98935853561,0.7441502213478088,0.6819851398468018,1.2327582836151123
1136304350214402,-39.328969954559,174.63690058405,-39.352197338482384,174.95017954340437,NZ,resize,1,27.064616756518326,0.8181934952735901,0.7802621722221375,0.9285224676132202
486828262519306,14.646929324615,-60.975801183717,14.596044065726444,-60.98919115121092,MQ,resize,1,5.838714184754111,0.991262674331665,0.9825342893600464,0.05019031837582588
1387937924894828,47.907557209354,107.17858480002,42.57318629541987,78.27115414250463,MN,resize,1,2324.7224512698017,0.8444027900695801,0.8084771633148193,1.0913729667663574
944100506347413,4.8670503980303,31.542952103365,10.064203133091358,-13.622542644018848,SS,resize,1,5008.914404891238,0.18217603862285614,0.002611815929412842,3.338707208633423
225738692700446,69.2342740620203,17.971246283328018,69.12305856925224,18.2695038390264,NO,resize,1,17.085136353250377,0.789478063583374,0.7587448358535767,1.3042147159576416
138012564971418,-17.546030537707,-149.57580216474,37.92253251602714,-25.80148014447902,PF,resize,1,14134.538415427458,0.18439093232154846,0.05262410640716553,3.404921531677246
1349102025473123,60.210439476288,20.246196471172,57.496290326021544,16.532885148966265,AX,resize,1,369.59809051773607,0.20503783226013184,0.01374959945678711,3.1157050132751465
481515363098541,8.3835270285271,-82.196719096621,-0.2510344902746034,-79.2053989713721,PA,resize,1,1015.7249278818093,0.4592316448688507,0.33131077885627747,1.926069974899292
208681127527124,49.241162571487,-2.1218631166228,49.235811406677946,-2.109458823818026,JE,resize,1,1.0793776168322387,0.8100670576095581,0.7906424403190613,1.2471035718917847
496883494997876,12.508559533613,-70.010590958509,17.14570276390755,-62.18820189508263,AW,resize,1,986.0810547972663,0.2975786030292511,0.04062792658805847,2.543306827545166
1258448591563623,-8.614371141011388,35.602892240053215,-37.056350539330296,146.3362467849831,TZ,resize,1,11219.442557517214,0.4191701412200928,0.2893816828727722,2.912553548812866
849655245900069,5.9311045328258,15.65109465938,10.702829688757513,37.36741299177904,CF,resize,1,2446.536840315038,0.7196807265281677,0.6461880207061768,1.4646855592727661
1448430112350839,11.026769583975025,-8.632346605323722,13.327714426905638,-8.12339941555726,GN,resize,1,261.7645531013519,0.4654025435447693,0.19134795665740967,1.6059315204620361
711741309997504,-35.434392939173,-67.582981443437,-32.552173702748355,-68.328972948126,AR,resize,1,327.7807349252209,0.0956709012389183,0.00012145191431045532,4.163521766662598
330646891800305,14.870259800656,-24.373949477736,15.33232546393798,-23.464140826008055,CV,resize,1,110.36159393011665,0.3434694707393646,0.15102899074554443,2.9012420177459717
844947319428707,12.572384044567,-70.044602664275,-7.17961544851427,-35.7680242840751,AW,resize,1,4378.543760589817,0.3135862648487091,0.010225474834442139,2.1627960205078125
1424082877926694,39.063764515107,125.77381801639,36.56012995683023,136.6331248826579,KP,resize,1,993.0281123722128,0.10323601216077805,0.04697251319885254,5.115222930908203
262049738998529,15.746495092756,-86.857367093038,4.609439977285695,114.52727146297582,HN,resize,1,16749.69019191589,0.41135165095329285,0.13534489274024963,1.6155165433883667
2941932222749741,8.8904169624644,80.720461103422,8.631329654583837,77.7088313486049,LK,resize,1,332.22109594361626,0.36772018671035767,0.23627525568008423,2.7588720321655273
2957416491247002,22.534707236092,-79.367474703615,21.745775785554464,-78.35299139870953,CU,resize,1,136.42970856162094,0.06221407279372215,0.01671794429421425,4.801614284515381
1339793246404338,78.178055846086,15.902100697497,64.28399554526509,-20.83901473398068,SJ,resize,1,1959.3202427774147,0.9149814248085022,0.867077648639679,0.4747608006000519
742849163058043,7.9945228460384,126.06338592216,5.2279370057893955,-2.992487498225144,PH,resize,1,14176.749717742032,0.25731584429740906,0.013201743364334106,2.7028820514678955
487902825754300,18.349709806038,-64.886627593059,30.479197402900066,-91.06941036200469,VI,resize,1,2963.6475860044775,0.8098495602607727,0.7812777161598206,1.2484012842178345
188819323085799,41.434692972264,43.314083402676,41.41776221274945,43.4258510953479,GE,resize,1,9.50688461428302,0.6914627552032471,0.41611501574516296,0.8008369207382202
449823653747421,53.88835461402647,-122.76729722632489,51.0402372749475,-114.0492906674194,CA,resize,1,669.5208579793416,0.321451336145401,0.16467352211475372,2.869074821472168
227770655816183,49.479739351354,-2.5890746408905,53.49875531617034,-9.162518879309905,GG,resize,1,637.3586046514329,0.17012009024620056,0.0023970752954483032,2.7502424716949463
216079839905055,19.324976978962,-81.381549997813,26.124049457628033,-80.21509110919395,KY,resize,1,765.4128335861851,0.6750780940055847,0.576814591884613,1.5890560150146484
828630294440097,3.9058095275261,11.829761470611,0.33441369972211815,32.51448721524461,CM,resize,1,2332.1304176671015,0.35282590985298157,0.3041655421257019,3.450547695159912
860118858181209,-20.177979,57.661693,-20.16773853278975,57.48920508192974,MU,resize,1,18.039199935932402,0.6719393134117126,0.34918737411499023,0.667793869972229
114507540681851,35.729256605436,128.41830771074,17.842565294912838,105.51246810806987,KR,resize,1,3006.1144300869655,0.6599085927009583,0.4962034225463867,1.329135537147522
661381454786146,-18.972548731094268,29.805283361910963,-25.754293079906137,26.718593538996437,ZW,resize,1,818.0637337647847,0.35433846712112427,0.13056783378124237,2.1508920192718506
222747492577837,61.352664593679,27.429725107498,57.11075420458285,24.28499236614988,FI,resize,1,504.31756250520635,0.8794935941696167,0.8492609858512878,0.7375396490097046
138806294926443,38.717835758735,58.495184798492,45.192164797593925,74.13182010982058,TM,resize,1,1476.2968677094177,0.4002283215522766,0.12503498792648315,1.8245841264724731
135421499385396,13.275246919086468,2.911011286873044,12.608645686095905,4.782558406553356,NE,resize,1,215.9385319235739,0.8911939263343811,0.8186854124069214,0.5194289684295654
517034622643483,-9.0920015075631,160.82242285539,-9.2760183574622,158.9676569836964,SB,resize,1,204.62203902257264,0.9641107320785522,0.9467501044273376,0.24111494421958923
2526299567665760,35.829307962213,14.558295593658,36.05220295107944,14.268459585631414,MT,resize,1,35.98774765975583,0.38440558314323425,0.009291291236877441,1.3328185081481934
281947363629492,78.231350087799,15.142395905188,65.72543182255919,-23.361864415507053,SJ,resize,1,1852.0951170273204,0.9518588185310364,0.9136677384376526,0.22599384188652039
309954333906145,40.335258934887,19.990673334292,40.02564239023674,20.09557583042096,AL,resize,1,35.56255221920249,0.4658733606338501,0.027774423360824585,1.127076268196106
163258222377928,-8.7192284268616,160.86453616743,-8.379288637836408,159.06523171752852,SB,resize,1,201.42838149017626,0.39700737595558167,0.23497214913368225,2.418476104736328
497041608993768,7.354967160960991,134.4972694391149,-24.71416322002614,-47.488850616624454,PW,resize,1,18073.308495965244,0.287369042634964,0.2324618399143219,3.751410961151123
325055798982586,-10.203132697528,31.216979658259,-10.437080310917402,30.347935794737136,ZM,resize,1,98.56467264479984,0.5645896792411804,0.4988954961299896,2.4255623817443848
361816321938390,12.57472666996,-70.041979864956,-0.9947908826036092,-80.72267642348231,AW,resize,1,1914.6842587312985,0.17803171277046204,0.07265055179595947,3.3676254749298096
1145510005966861,18.05148025828786,-15.896397560721027,16.878949932517592,-15.852444459715663,MR,resize,1,130.4627449740554,0.9317596554756165,0.8977104425430298,0.34763970971107483
262345932212210,15.140006372867152,39.26672870985676,0.718495980010149,34.856794980379384,ER,resize,1,1675.1377347497987,0.7321521043777466,0.5569294095039368,1.059654951095581
901986960835723,13.278551582622178,2.917996515380901,12.68197004068734,3.6828205610129565,NE,resize,1,106.15167033633938,0.9404302835464478,0.9186456203460693,0.3737510144710541
317050140097070,43.4276581353825,24.38127115862344,40.63036686440555,-93.83559269597943,BG,resize,1,8808.80460077754,0.22289587557315826,0.16146039962768555,4.790409564971924
994714827967018,22.682567905302,39.11769149111,25.894696575594974,50.22816175969587,SA,resize,1,1180.849185485721,0.38861730694770813,0.14800983667373657,2.391697406768799
145209974249665,16.762668175828,-62.220769939941,14.16667002170899,-60.9505773062145,MS,resize,1,319.14233318063964,0.353708952665329,0.14173977077007294,1.7836995124816895
763480160945552,3.114388438698,31.177872023014,2.763727494158709,32.197453231065,UG,resize,1,119.7488640841798,0.34795886278152466,0.18305714428424835,2.1454358100891113
4405163029511350,43.682079175037,23.978223195064,43.467533981387376,24.078440605402665,BG,resize,1,25.185369622077957,0.23290526866912842,0.09991174936294556,3.2107107639312744
326659798812032,12.410385336248002,-16.110049424682003,15.889013785680637,73.7361601816647,GW,resize,1,9616.38039735722,0.6050165295600891,0.37409675121307373,1.2168810367584229
895631547651467,12.080356238018,-61.704118318475,14.601653732247453,-60.99121542521344,GD,resize,1,290.7703829118523,0.8354456424713135,0.7128404378890991,0.5963566303253174
953292548822411,18.0817933464398,-15.894888251115804,16.65310882210375,-15.401234404095671,MR,resize,1,167.27742466051598,0.9881541728973389,0.9849386215209961,0.09246181696653366
1179673359141283,-27.440457092686,31.884625638401,-25.21108281941726,31.934939676758265,SZ,resize,1,247.94580844912343,0.571124792098999,0.38244661688804626,1.3946841955184937
1391570534555001,12.121586777999,-61.634729332904,15.597431607561164,-61.44246543680991,GD,resize,1,387.0530558043549,0.560378909111023,0.3926854729652405,1.2796263694763184
1931718050309638,42.316673318457,42.610766550542,39.11611037714751,-8.533205334206672,GE,resize,1,4259.981905660748,0.15002542734146118,0.044231921434402466,4.688943386077881
1441784959495240,18.614866388889,52.371751388889,17.426466474682893,54.02831676563138,YE,resize,1,219.4160414437676,0.5811975002288818,0.33110812306404114,1.3083966970443726
1092193684624091,13.222041768155,-61.27004985443,13.848458648782687,-61.0017507856796,VC,resize,1,75.45201794591416,0.6365519762039185,0.5560705065727234,1.7516489028930664
545855749735091,44.933679619312,10.542218724088,44.83892237853421,11.757615746256977,IT,resize,1,96.32913055707263,0.6549286246299744,0.6213403344154358,2.0468637943267822
2774084016236056,4.2465653216704,73.54886569526,16.33850986886618,-61.48106654473282,MV,resize,1,14567.818880168681,0.5929183959960938,0.3256428837776184,1.1727241277694702
193239609283383,16.442716181297,97.600636667113,44.584532444094,38.14382637275569,MM,resize,1,6329.0466206092815,0.23248137533664703,0.11132818460464478,3.806467056274414
838605060406461,-38.684857801033,-62.245177670808,-36.96121272588012,-59.10586226950495,AR,resize,1,335.7707655213103,0.47874024510383606,0.20938488841056824,1.4731091260910034
1398766300483374,-20.281888888888,139.05741666667,-28.914683457742118,134.54054048296868,AU,resize,1,1062.704436385799,0.20060326159000397,0.025068238377571106,2.5983264446258545
309592324146292,-40.470381504032,175.24679558692,-36.014062444233055,174.57846328151786,NZ,resize,1,498.9408147911134,0.3228735625743866,0.07302142679691315,2.0998401641845703
787330225321281,78.186979979764,14.79210601878,64.67115679605608,-14.144721369273183,SJ,resize,1,1776.585475937345,0.40212520956993103,0.03186613321304321,1.50948965549469
481435006457069,41.714515597444,19.778002854189,42.35753422217592,20.782722506471355,AL,resize,1,109.53150205274868,0.28189748525619507,0.033885419368743896,2.6935853958129883
562746315113072,-21.036239487922,55.673092800575,14.55606195125886,-60.98135939067571,RE,resize,1,13310.239072603954,0.7631436586380005,0.5395650863647461,0.6190585494041443
251075026766241,42.736773777269,78.935492923137,42.981569859796686,79.1969651943947,KZ,resize,1,34.57087938348857,0.6820098757743835,0.5394619703292847,1.365100622177124
4010096302418176,13.274118,121.232275,14.906249151794142,120.87427583085471,PH,resize,1,185.54598269878025,0.7697950005531311,0.5994749069213867,0.8105898499488831
385537683018740,8.58587702121514,-10.943586617629483,11.300304967516205,104.9131130631992,SL,resize,1,12585.036913408143,0.38111546635627747,0.02622896432876587,1.585073471069336
180372857328994,49.843429916622,73.222888258927,52.112488563983256,77.19588313937226,KZ,resize,1,375.4361913372358,0.25194627046585083,0.0717616081237793,3.3543972969055176
907851513392138,-18.164645479454,178.22136593468,14.5539952066234,-60.98649256084599,FJ,resize,1,13711.263588542546,0.5855370163917542,0.4814167022705078,2.2016639709472656
1131598217344189,54.864195040685,8.7383931888414,53.293485447326255,19.608691106383233,DE,resize,1,729.4918872287532,0.45292648673057556,0.42165040969848633,3.403047800064087
3247097405547891,33.97288015656933,71.60789771722264,34.027591113943494,71.51606344024361,PK,resize,1,10.424873539475623,0.9688202738761902,0.9517619609832764,0.2018473744392395
1063412324270300,-15.431355385415,167.20499794568,-15.829988394872036,173.57479107710546,VU,resize,1,683.5066536555864,0.5059843063354492,0.06797987222671509,0.9181196689605713
478746096705872,12.1865576631,-0.3910576992899,21.62930231904412,104.81600798905677,BF,resize,1,11034.750057292715,0.37890955805778503,0.2025211900472641,2.5581483840942383
163486722253544,18.376454722061,-65.907019733384,8.06114010336043,98.65713495144404,PR,resize,1,16622.35374039777,0.31653496623039246,0.07764831185340881,2.1171181201934814
1394646127681740,50.27605756468763,-5.022433442071348,56.27771986322866,10.438389619647946,GB,resize,1,1221.3917154101537,0.11923310905694962,0.03225259482860565,4.4638671875
311036310426740,10.534375285392,-85.108561963834,-18.375967045455265,29.435468896097344,CR,resize,1,12947.125194440545,0.5777819156646729,0.4587767422199249,1.8082548379898071
180655490594869,-4.2955834051727,39.583247618282,14.02677846980928,100.75817613898617,KE,resize,1,7045.956149958494,0.7793256044387817,0.7312617301940918,1.3235620260238647
225040172344104,54.10668466178,-8.5444506137227,54.04568051100362,-8.531334543987008,IE,resize,1,6.83710855499053,0.7023627758026123,0.4243098497390747,0.7040785551071167
590599688583224,62.579080335013,22.030513453623,61.14347792064992,22.086455014940185,FI,resize,1,159.6586424742287,0.62784343957901,0.46656209230422974,1.4130133390426636
378410597431210,11.755141729610802,11.99142765025279,14.024530712099667,100.8014844159084,NG,resize,1,9566.97766262722,0.4193767309188843,0.2890150547027588,2.7274529933929443
769560623930363,13.781555904684,-60.954984062834,13.709189511215266,-60.99350454376232,LC,resize,1,9.058769743513736,0.9871038794517517,0.9778625965118408,0.08378631621599197
191217559525689,10.598613143242,103.76819114404,8.060268390638154,98.67550642842652,KH,resize,1,625.9804975864323,0.14962360262870789,0.027945898473262787,3.3423824310302734
960119301406916,8.934567996624,15.810201192055,9.984651065248418,-12.767903019634195,TD,resize,1,3135.7559036759185,0.7952107191085815,0.742590606212616,1.2500008344650269
162029952434974,10.416592641005,-6.9267518159549,18.834072731891183,101.33162805683465,CI,resize,1,11507.53875404005,0.21722500026226044,0.09870275855064392,3.561985969543457
777563772895063,60.262939806644,20.372533414245,44.67004555979144,-0.6815590873210994,AX,resize,1,2224.754046660587,0.47416019439697266,0.3320038318634033,2.470876455307007
483016122754010,8.2177331232449,-10.640871255174,7.400459665253198,-11.825566444641844,SL,resize,1,159.03216200633366,0.8304459452629089,0.7159757614135742,0.6636393070220947
945669026244322,32.28289364111786,34.89665697754903,-34.05389948281745,18.752964825810935,IL,resize,1,7567.212105901982,0.48123160004615784,0.3148246705532074,2.2726500034332275
834907740772712,-51.828914124143,-58.391576104278,38.260518604562215,-6.143686500301555,FK,resize,1,11223.646971265554,0.26691681146621704,0.053035885095596313,2.6778616905212402
315786796574792,17.029958580939,-61.837386119134,34.58884244624562,139.05047336082578,AG,resize,1,13865.074889316584,0.23041656613349915,0.1176895871758461,3.704688787460327
3935353219835220,5.0624805680856,-52.559930285878,5.126438204798176,-52.79392568990179,GF,resize,1,26.874386072106255,0.2806585431098938,0.004517704248428345,2.062450885772705
703624374104706,11.148071748184186,42.461472571281,45.223085505560746,73.86055157248673,DJ,resize,1,4820.934074802296,0.20870259404182434,0.05916959047317505,3.499023199081421
552376936150414,45.747934121718,28.392399493234,42.23818994982084,22.540891245175967,MD,resize,1,609.1567133304777,0.993347704410553,0.9923794865608215,0.06658381223678589
279990610516417,-25.052590421722,25.938389437355,-25.20518585882216,25.90269654685768,BW,resize,1,17.34413039486951,0.7800812721252441,0.7210918068885803,1.0588761568069458
244594784129468,17.181606776437,-25.056350793491,28.65438777681564,-17.69701493861693,CV,resize,1,1480.7126892131082,0.8137733936309814,0.73502516746521,0.8191138505935669
916296905814911,29.986443376454,35.073653850875,31.1130134753367,35.43878514176007,JO,resize,1,130.05673400409734,0.3411458134651184,0.07557976245880127,2.0840327739715576
160409959286661,13.609489121743,-15.203056960483,52.874871325492414,26.421142275495757,GM,resize,1,5697.185099966503,0.4066556394100189,0.23879943788051605,2.868342638015747
375549574325666,-8.088511666666667,156.78238944444445,-9.565250027431524,159.553915337985,SB,resize,1,345.9710268769302,0.9696072936058044,0.9571343660354614,0.20542974770069122
6504127516293875,-20.153986376711,28.58502890468,-33.29567701499084,26.602924526154005,ZW,resize,1,1474.3873999447192,0.11617393046617508,0.0026051998138427734,4.769190788269043
955352585280405,53.073543217589,5.6644949286343,53.01773328650562,6.676997297838283,NL,resize,1,67.96710400912937,0.17917408049106598,0.08671543002128601,3.370954751968384
198798338740227,41.487329996943,45.08669320994,48.487578082642656,44.55794167649214,GE,resize,1,779.4964773955879,0.6372911930084229,0.5678138136863708,1.7401732206344604
747640439246618,6.555528380315,-10.331525634335,6.446186520009799,-10.553495783113942,LR,resize,1,27.371756410309583,0.9992594122886658,0.9991447925567627,0.008579625748097897
537333261008423,39.113511978868,117.21046994629,35.86293520016339,115.39764914860757,CN,resize,1,395.23100316746286,0.4348328709602356,0.1640762984752655,1.6830391883850098
5205930492794121,13.596220054527333,-87.36529096486619,13.6089838690615,-87.54097436666,HN,resize,1,19.040119860181033,0.9999334812164307,0.9999173283576965,0.0009111216058954597
282961036881213,36.025363064061,14.258923344808,35.84500620953793,14.2731374331345,MT,resize,1,20.09555651476738,0.47630244493484497,0.10732999444007874,1.4384453296661377
2898417523733065,12.385310410818,-5.9561351141694,12.428053301705164,-5.807048793278109,ML,resize,1,16.873695107063966,0.9614908695220947,0.9341497421264648,0.21792535483837128
814006309495024,18.427369706947,-64.568261557542,17.164185341523304,-62.19191875877221,VG,resize,1,288.1393247771255,0.6561344861984253,0.44400280714035034,1.0301377773284912
363924908375174,-4.7913317580586,11.855642981142,5.244720011459412,-3.9002438254458034,CG,resize,1,2075.299298811278,0.8740419745445251,0.7738527059555054,0.4908681809902191
520091355848418,69.217861349712,-51.109419049396,62.06128676741178,-7.022846342931707,GL,resize,1,2115.4593496776824,0.681678056716919,0.6272380948066711,1.5987355709075928
840734783196696,32.126256113931,44.324859980182,24.963845759675525,67.04650968218276,IQ,resize,1,2352.237429259694,0.22565574944019318,0.038459211587905884,2.868504762649536
226163689282727,12.168906318554,-68.967070805139,16.398804681498174,-61.500261830348016,CW,resize,1,931.773897411772,0.5420593619346619,0.3696843981742859,1.7566431760787964
341214407334376,-19.377102833928,34.400509607794,-16.796300249726272,-48.17677998787983,MZ,resize,1,8642.99609056297,0.31679466366767883,0.05434995889663696,2.528595209121704
894968224414635,34.986110625975,32.668982915426,35.0063074138659,32.68626048078876,CY,resize,1,2.742335786917686,0.8267202377319336,0.6738594770431519,0.5789704918861389
462694431488011,18.632063011792,-68.389902993932,26.301924808182214,-80.2195968136734,DO,resize,1,1483.5202114155277,0.19533579051494598,0.04833522439002991,2.972714900970459
857893648147331,-10.905676698416,14.247198141961,21.89144869385075,96.10803821281613,AO,resize,1,9634.907553117891,0.24383820593357086,0.10315702855587006,2.842231273651123
382009819762071,39.329365017441,27.62045985936,40.669887914808086,19.585332969952148,TR,resize,1,700.2070621249558,0.3636351227760315,0.28124725818634033,2.7471163272857666
271875871339932,11.850545983225,38.038235893261,12.302041857011048,31.54793891708943,ET,resize,1,707.4819690984432,0.5184453725814819,0.07922714948654175,0.8915503025054932
525646118616107,-15.637682963249,166.84078278513,-15.540901966015046,169.7334338728591,VU,resize,1,310.0000196439788,0.9953988194465637,0.9913013577461243,0.032018907368183136
2982805328705469,64.437207664635,24.181485346398,64.34261133228772,24.422531142461363,FI,resize,1,15.648143948298534,0.2030320167541504,0.10188250988721848,3.5865423679351807
320116623608771,23.185410152402003,91.17769833999328,23.116968825110273,91.10218676034347,BD,resize,1,10.840697486151429,0.9000565409660339,0.8208091259002686,0.4116586744785309
803534963702486,51.121882315762,3.1082009025971,51.826840963004024,16.945820114736094,BE,resize,1,960.1276907893405,0.26274344325065613,0.13466882705688477,3.1791720390319824
376395010415901,13.924250043571,-61.056412107275,13.876596001725117,-60.94269928997706,LC,resize,1,13.368963780781637,0.9992940425872803,0.9989075064659119,0.007154734805226326
303078421392591,-16.446930463398,-152.24847310031,-16.96210414360998,145.65978560525735,PF,resize,1,6583.23292021569,0.26010841131210327,0.01590406894683838,2.2670788764953613
312172783608841,49.510993358681,6.3452033888591,47.2842977697622,8.808502699194719,LU,resize,1,307.1731601952092,0.18012002110481262,0.0889226496219635,3.9965360164642334
6235880006437043,-3.1366812272296,-79.214143657851,-2.8676314293398146,-79.0724776539517,EC,resize,1,33.800690531059885,0.3276277780532837,0.07467818260192871,2.1057822704315186
965921670819949,-10.479678823577,105.67386300715,26.525332377790857,-78.2870093612674,CX,resize,1,18183.07672834788,0.2619105577468872,0.011177301406860352,2.791304588317871
925871031561258,-6.2639877158616,107.06741782953,-6.32844868414341,106.7963864147839,ID,resize,1,30.801142894121398,0.4103343188762665,0.10407981276512146,1.2228878736495972
1164097447347216,4.8674337462563,31.519362784566,6.469345393870054,2.6850025049744572,SS,resize,1,3195.0814327639755,0.6118695735931396,0.5228735208511353,1.9157830476760864
4396227090475829,-1.2678653976589,36.678122304876,-1.1207336099086527,35.78728816240306,KE,resize,1,100.37693782539698,0.3139157295227051,0.057718366384506226,2.6445605754852295
865652107497194,25.981085501999,50.457665915183,26.027508683513762,50.53124233956468,BH,resize,1,8.984092554947466,0.6134501695632935,0.548919677734375,2.105781078338623
299799271640333,2.1039771270774,45.331583431777,31.894012402242957,35.12118684669861,SO,resize,1,3480.935141694558,0.7966009378433228,0.7418287992477417,1.1450183391571045
461018955189846,14.544694692651,-60.871651329228,12.282179849210692,76.74706913352155,MQ,resize,1,14475.549839613894,0.46756723523139954,0.3110799193382263,2.3940694332122803
848673612668103,42.673726026337,20.952183058644,42.83840189778377,18.267240039157244,XK,resize,1,219.96600285668026,0.5940941572189331,0.4912722110748291,2.154724597930908
1416342685418545,-18.613385898721,-174.00201190817,13.908147952477329,-60.940129677351116,TO,resize,1,12889.405310785683,0.7241476774215698,0.525080144405365,1.0266789197921753
494963678607139,41.553688076193,76.443594560854,42.7023121721897,70.73005529276185,KG,resize,1,488.073828009959,0.693219780921936,0.5340309739112854,1.1216533184051514
219389349648885,10.15103545444,-0.08621895664982,10.402933243842556,-0.2552645243227488,TG,resize,1,33.56526948569148,0.9999110698699951,0.9998764395713806,0.0010696096578612924
3089177431309627,15.373065639057,-61.261521114061,18.629520361918953,-74.10256121251051,DM,resize,1,1412.1899677920585,0.8359231948852539,0.7194725871086121,0.5724424123764038
267446095163419,-24.410317211088,31.569065250692,-25.241434956362642,31.98395073752916,ZA,resize,1,101.45820838427089,0.7888236045837402,0.7034758925437927,0.9333284497261047
302215634735033,41.271908839255,44.308127758638,14.77364844539046,-91.05990568409652,AM,resize,1,12278.600380421063,0.743556022644043,0.6971384286880493,1.4990304708480835
2667851503513129,17.27324849632742,52.95912218803253,17.440796910896477,53.17934122864788,YE,resize,1,29.889059328531246,0.9938017725944519,0.9920358061790466,0.053591981530189514
153409713461640,8.790179318271212,17.833063690255294,9.006102639320709,12.391121459391455,TD,resize,1,598.3098953965593,0.5349575877189636,0.30555135011672974,2.009018659591675
197648665524336,32.845770012076,3.9393382718177,37.97571174240821,40.99497888084087,DZ,resize,1,3383.6081355061046,0.88371342420578,0.8622424602508545,0.7434518933296204
186111083366529,51.38944480684,5.6393438286668,53.43812010131296,6.884658902031714,NL,resize,1,242.94637834161313,0.49607768654823303,0.4447278678417206,2.7431459426879883
2778308682433187,46.907087389519,21.768223720096,45.35753048290332,20.16371096039464,RO,resize,1,212.06276436750687,0.29660555720329285,0.17793895304203033,3.598797559738159
937732960392917,57.179863762985,9.5235696942098,57.167151696433464,9.57786665851082,DK,resize,1,3.5651274145520504,0.945439875125885,0.9367712140083313,0.4271475672721863
1146261095856485,7.3615432427089,134.43713448334,16.23497973860188,-61.616895981416185,PW,resize,1,16851.8447111889,0.3926355242729187,0.19355104863643646,1.6745538711547852
481510253092194,55.547652479706,10.237061583967,53.51515767426009,9.510491235688267,DK,resize,1,230.81048344384013,0.2843148112297058,0.13210855424404144,3.272731304168701
373515770750013,52.085212737279,23.57416942403,51.66764395735361,8.26129437098485,PL,resize,1,1050.2596656914416,0.15187664330005646,0.006388425827026367,4.108523368835449
509958026699758,8.7996562999047,17.834358755261146,8.994751281248766,12.38458644871462,TD,resize,1,599.0826327944567,0.2892274260520935,0.021979302167892456,2.248185873031616
898715014311013,48.970224789976,9.8639365242088,35.74259462221474,-97.42606671734046,DE,resize,1,8184.185979901498,0.26242196559906006,0.08368456363677979,3.3807146549224854
1199206943853136,-16.678932002412,-60.816984800192,-23.496403978163325,-47.480992104109355,BO,resize,1,1584.296882385948,0.17409013211727142,0.07397356629371643,4.048710823059082
498260671492955,-38.013275055456,-73.225185383762,-35.44618759082259,-72.45421682577711,CL,resize,1,293.5961237428209,0.3036234974861145,0.19935378432273865,2.991788148880005
894859321231304,12.227082918058008,-69.07847800166279,20.599702365663436,-101.00118802291152,CW,resize,1,3522.764492086414,0.34890323877334595,0.06688180565834045,1.96185302734375
1389207538112280,-18.237830811581,177.83923612892,-13.377426216849518,-172.3905453657276,FJ,resize,1,1176.33223511167,0.3232730031013489,0.02526220679283142,2.3143630027770996
853984918525885,16.723203555806,-62.23130997289,53.43265683197644,5.5496678488210085,MS,resize,1,7056.112181997214,0.20314793288707733,0.09599578380584717,4.251735687255859
122049223635653,-9.093844554597762,143.20550105803093,19.779877463233436,-70.7079121474869,PG,resize,1,16184.068980176504,0.36834174394607544,0.1248418539762497,2.329498291015625
503430330798585,15.754797111762,-86.834109918362,15.607525858001987,-86.85343807121016,HN,resize,1,16.50602762924693,0.9625886678695679,0.9316142201423645,0.18357977271080017
909387153127451,28.736208967151,48.003263644262,30.02592787454662,47.666585408505114,KW,resize,1,147.07333981709593,0.4176025092601776,0.07571178674697876,1.49839448928833
906902016543352,31.331782024306,46.203432956327,38.233335812866784,57.75664750441036,IQ,resize,1,1302.9501000041107,0.7389846444129944,0.5918052196502686,1.2786164283752441
2928214434172169,1.1206763559822,104.10141369167,-23.503562619438334,-47.471047766778746,SG,resize,1,16067.548550826543,0.14443247020244598,0.005246967077255249,3.7140395641326904
450152016285778,44.280050101707,22.571319099243,44.14923926224911,26.131857348652446,RS,resize,1,284.1143716722742,0.7050366997718811,0.6072770953178406,1.2361586093902588
364335675754039,27.44091865174831,89.6695301948495,40.10663698641084,20.038518491980444,BT,resize,1,6425.096348940756,0.16466845571994781,0.0009826421737670898,3.0884413719177246
1465192193846342,49.242897458505,-2.1257188472841,49.20075763034036,-2.077378716858195,JE,resize,1,5.85500922602249,0.9420014023780823,0.9225324392318726,0.38831424713134766
307943760727803,32.017590561359,35.44667005004,32.08974028027162,35.32445177207237,PS,resize,1,14.03687561266957,0.915578305721283,0.8491857647895813,0.3863365352153778
460785571683103,37.925916394446,71.433043060589,37.1472855894841,72.30297196098341,TJ,resize,1,115.6693115306006,0.5385965704917908,0.4752538800239563,2.66422176361084
1128725237604299,-29.134916665635,150.74974999676,-32.21955520298198,147.56825457470774,AU,resize,1,458.4401233651823,0.7715796232223511,0.72771817445755,1.2440434694290161
490647468911155,40.963268605415,72.227703152599,42.960025080861946,77.77306257886856,UZ,resize,1,509.2965384637739,0.9817938804626465,0.9717413783073425,0.13057288527488708
333643931662411,5.6383973900144,16.079947991405,-32.83554419873083,151.2616025765819,CF,resize,1,14485.473816559772,0.2622666358947754,0.07833145558834076,3.590451717376709
1227174381045729,47.768093183573,107.23115509769,41.23562659801547,-4.902482884695657,MN,resize,1,8082.212072887334,0.11581844836473465,0.007722645998001099,3.9465675354003906
1407497409603690,3.0843020507054,19.86280519181,0.8788110023482217,17.807540082511114,CD,resize,1,335.11449474015296,0.8422070741653442,0.7695447206497192,0.7263251543045044
3723636841075361,45.568657163831,14.018918146853,55.10726866294538,15.082905523381648,SI,resize,1,1063.2965140671622,0.9564018249511719,0.9521913528442383,0.3786003887653351
165305525550262,8.3525370889256,-10.025850369874,6.813654907988913,-11.068977503787243,GN,resize,1,206.15357767775708,0.8308577537536621,0.6753706336021423,0.5248727202415466
340729614142712,18.491135,53.019456388889,17.5896725245529,54.01755429886526,YE,resize,1,145.5450038145689,0.6338907480239868,0.45136329531669617,1.8357996940612793
454659182301876,-11.625933853582,43.262174830246,-20.919497728784577,55.578875575052066,KM,resize,1,1670.6359694572227,0.7691948413848877,0.6045883893966675,0.7902795076370239
668193423973890,-24.287426139806,25.329460617088,-24.09968276205113,24.485120246687128,BW,resize,1,88.14751233985844,0.9599224925041199,0.9391602873802185,0.2512015700340271
838630760070492,25.060757368329,105.86456403205,25.076985341096954,105.78203737230842,CN,resize,1,8.505717505373227,0.8103832006454468,0.7257860898971558,0.7477631568908691
390606075408650,42.986310463262,19.555681585034,43.04779107667721,19.945738143183465,ME,resize,1,32.44017449587208,0.5970320105552673,0.38970106840133667,1.625910997390747
131134676170300,-12.948481303182872,45.128315287832365,16.033443582858688,-61.7788021198331,YT,resize,1,12179.110520702245,0.5647416114807129,0.4152778387069702,1.687529444694519
1792656240942534,13.919496365755608,-90.97051612073146,14.517750715973747,-90.52864943826198,GT,resize,1,81.81507123378073,0.7243694067001343,0.6659280061721802,1.4891968965530396
170823461623752,16.241110201764,-89.025642613932,19.55334344209524,-96.8355841913095,BZ,resize,1,904.5651512495293,0.4836442172527313,0.16844943165779114,1.554151177406311
326797512347685,20.477204466217,103.99483406515,21.4777813839737,102.38827928591957,LA,resize,1,200.49883096501475,0.43967491388320923,0.03342738747596741,1.330613136291504
603719283920573,40.194963555707,44.545682589004,48.15960784284211,28.29451442390612,AM,resize,1,1564.631654478509,0.5638000965118408,0.3009156584739685,1.2132126092910767
307023807471036,48.822446939892,15.635962976885,45.36436223428943,28.104510518026345,AT,resize,1,1017.6917533370721,0.44778677821159363,0.38288140296936035,3.32210636138916
1360919617610849,48.744206328516,20.484833979395,40.64163462092179,-82.41696990815171,SK,resize,1,7538.425354283111,0.16713687777519226,0.07050993293523788,4.292754173278809
4130359377021158,12.744808419842,-86.016174505038,13.805807492198353,-60.98525010821156,NI,resize,1,2710.3028298928334,0.5723490715026855,0.2885976731777191,1.1981498003005981
186509513837116,-9.162518629974178,125.26855431414576,6.003782097155836,-73.50590988626537,TL,resize,1,17916.55641567296,0.5884444713592529,0.502571702003479,1.9886085987091064
305027981215954,-18.157704641057,178.42394691893,4.666418103034991,158.87587830909126,FJ,resize,1,3321.9653068002326,0.9601435661315918,0.9479005932807922,0.26880812644958496
156576193076602,-0.78254800116056,36.454570001926,8.014690463006662,38.79720881585574,KE,resize,1,1012.0977599380395,0.8530753254890442,0.7989909052848816,0.7905023694038391
713195779986935,15.71706020536666,-87.91892889999826,13.821770548635087,-86.86630618138055,HN,resize,1,239.21159957125826,0.5572032332420349,0.45200151205062866,2.3252925872802734
211686643757850,18.378333055477,-65.856644722755,-20.237013446972494,57.62477780790386,PR,resize,1,14109.452903833066,0.3809152841567993,0.26448091864585876,2.4437520503997803
1127316044444733,45.524200027704,20.00828632566,45.0707297688974,20.225532782311618,RS,resize,1,53.20973548141827,0.6534546613693237,0.5587765574455261,1.9560532569885254
1705161749686063,1.6727266549458,109.85191823171,14.354577249326137,101.12209098914661,MY,resize,1,1705.4256322178803,0.35567063093185425,0.21251657605171204,2.991264581680298
1180959432346280,4.2166399722222,-55.441371916667,-27.675696559930568,-55.586297665969965,SR,resize,1,3546.3000915413345,0.5497046113014221,0.41529375314712524,2.0384461879730225
152378826822821,62.297150880353,-6.3605044614883,62.74909059584201,-7.108698024324282,FO,resize,1,63.2356372052441,0.9753549098968506,0.9516593217849731,0.12025802582502365
2163885233752606,46.261529486069,41.00615902421,45.84999889694757,40.361540583642096,RU,resize,1,67.58822884042584,0.4970085620880127,0.37157511711120605,2.1817123889923096
828943404645761,-4.2440126883445,39.574345953224,-6.882998281449079,39.25648945898372,KE,resize,1,295.5424327559109,0.3348081111907959,0.15013930201530457,2.751821994781494
145074444769704,19.85141683329288,-70.79678177411726,19.794707760721487,-70.80036639071395,DO,resize,1,6.316900201006016,0.950691282749176,0.9406477212905884,0.3758232593536377
167921538557854,32.347416850468,15.10321327924,35.64304329045638,-0.5422314516446263,LY,resize,1,1486.3565197646128,0.9489145874977112,0.9275621175765991,0.2993490397930145
628318788994208,13.152619444444444,-59.56710666666667,13.221744820531855,-59.62358330477123,BB,resize,1,9.821682091268947,0.9980815649032593,0.9976218938827515,0.021673982962965965
842741859611073,16.018956092128,-61.581760537768,16.25641078392051,-61.58842461348181,GP,resize,1,26.41335007964847,0.39051979780197144,0.03662779927253723,1.3610244989395142
310752417096783,66.229694079253,29.133889499018,67.47819192018139,24.918665023697418,FI,resize,1,230.60936289870315,0.6106070876121521,0.5158256888389587,1.716143250465393
280932113713079,11.564178753638,15.28787472986,9.080908746615181,1.2813642629439652,CM,resize,1,1556.6754568454853,0.20970183610916138,0.07347041368484497,3.984625816345215
306629164189671,31.994107162003,34.880880875532,24.970343189237582,121.28293316208382,IL,resize,1,8253.07713591075,0.26717013120651245,0.07722461223602295,2.7851145267486572
375713220429607,-20.444336397825,57.719071106087,-33.568706708187555,-70.67066895494325,MU,resize,1,11893.424693134355,0.5293862223625183,0.42890113592147827,2.231266736984253
935998006944813,2.0128177809748,-157.40717950301,13.873371454068085,-60.963750370005826,KI,resize,1,10648.652287828509,0.407141774892807,0.2332283854484558,2.843092679977417
243279310922728,22.002956746269,59.647583227775,23.24085700518758,58.73412968140037,OM,resize,1,166.54377521339438,0.8716724514961243,0.8085592985153198,0.6843289732933044
302369984598824,4.2729453578223,11.366798338452,4.25112160709324,11.519030782547492,CM,resize,1,17.054197288149258,0.9311124682426453,0.89537513256073,0.3504049479961395
1410294946017903,39.031705816026,125.75630076806,-20.780030491645938,-40.77633333992942,KP,resize,1,17612.29245472936,0.24022959172725677,0.01158037781715393,3.046804189682007
557405362093639,36.954042854563,8.9131949083518,35.3012058986339,24.783758457641095,TN,resize,1,1435.4732805523186,0.9400615096092224,0.9185947775840759,0.37763291597366333
508273253877668,60.696459628121,23.784802432989,60.58400948370519,24.090432553591796,FI,resize,1,20.832163630188404,0.44313672184944153,0.19431503117084503,1.9631872177124023
822631438351061,41.306291815096,76.061806069928,56.56364658390825,27.530099404513027,KG,resize,1,3827.1116770062695,0.11056813597679138,0.0347653329372406,4.640205383300781
1138310456645189,43.382281881015,16.41157939924,37.181828297904154,27.15347653769888,HR,resize,1,1141.0850096348138,0.29592666029930115,0.14407993853092194,3.3027257919311523
222871899226271,-15.510435536345,40.349633637766,-15.430027419333717,40.38795350537183,MZ,resize,1,9.838961178077152,0.6655725240707397,0.33710360527038574,0.6868611574172974
653703302135487,21.606686370966,39.215434593079,21.485657356246477,39.713052186311174,SA,resize,1,53.19643003994644,0.9522331953048706,0.925568699836731,0.2781876027584076
512353726583180,57.378685294191,22.247361108176,56.8353076312575,21.670877578095226,LV,resize,1,69.73143571611088,0.5710522532463074,0.4047647714614868,1.505662202835083
221188212807394,5.9007667928315,15.424776553249,37.52049018016047,29.957932563206864,CF,resize,1,3811.6745544001737,0.27291247248649597,0.112785205245018,3.694131851196289
319019459840888,18.609369461477,-74.151456712619,18.635247030521153,-74.12619145981127,HT,resize,1,3.9201382878065476,0.5256300568580627,0.35281264781951904,1.9932411909103394
3291218371154050,-17.313447180213565,37.46183809351605,6.491083105839059,2.632263194398273,MZ,resize,1,4652.538345524542,0.5783685445785522,0.4180542826652527,1.8173861503601074
584561212946534,-19.59947361892,169.46805368552,5.035592793744616,156.25361877708482,VU,resize,1,3097.333671356362,0.7764013409614563,0.6734969615936279,0.8901517987251282
304491461128491,-24.913992289767,-56.992001471465,-24.958114482664836,-57.58940234846066,PY,resize,1,60.43488217027422,0.9868266582489014,0.9795209765434265,0.09737473726272583
297816615150376,21.480754782652,-71.133236713743,21.811483661309392,-71.17619190953008,TC,resize,1,37.042377997800486,0.682208776473999,0.4766239821910858,1.092581868171692
393440354996585,52.70481457742,27.450028836652,52.17995971598503,26.337055726517992,BY,resize,1,95.375256022948,0.5723246932029724,0.447842538356781,1.761914849281311
473720683849376,40.29467551394,43.521641209406,40.32643881485433,43.524913004757785,TR,resize,1,3.5427964131682095,0.9991003274917603,0.9989919662475586,0.010830157436430454
454870842476357,28.72600008284,48.263573067355,-33.58532862704476,-70.68804821535441,KW,resize,1,14264.050355482816,0.466105192899704,0.155943363904953,1.2486928701400757
151442870324225,56.727613998069,9.8232903910496,56.66793061969909,9.645916064384146,DK,resize,1,12.700864311594197,0.33115535974502563,0.17952360212802887,2.567476987838745
3734785956631637,-32.223694448748,147.71777777513,-29.572357391229854,151.67814339510235,AU,resize,1,479.2060678604498,0.32227417826652527,0.05874300003051758,1.744766354560852
2674396816191889,2.5936083377885,9.8483489898272,-0.3033724577348421,31.68006438081885,GQ,resize,1,2448.111622229709,0.32192978262901306,0.11789271235466003,2.540119171142578
1379450249134838,11.1299017047619,42.37458637619046,23.158349851274966,57.40964899881624,DJ,resize,1,2080.3062548604444,0.13289515674114227,0.05829766392707825,4.643870830535889
275414690944598,-13.67751150128,-71.664754722863,-14.57908396584266,-70.75561773405323,PE,resize,1,140.21573122780475,0.4223706126213074,0.21842800080776215,1.9343571662902832
1234218287109955,-20.82413546364793,164.48620687630458,-16.51869635440713,145.46554236464317,NC,resize,1,2058.5448149094213,0.6163145303726196,0.5183109641075134,1.7459205389022827
302961411491361,46.996007579057,27.801513788055,46.906791130478005,27.774865256791397,RO,resize,1,10.124527889395775,0.5511087775230408,0.2712051570415497,1.4132190942764282
948698085931649,49.321417002248,19.543460957034,49.81033674041226,20.614749281244748,SK,resize,1,94.46851110499293,0.3168247938156128,0.058115869760513306,2.6333019733428955
328279275310503,2.1101448348,45.328888943853,13.595602853470806,78.25466590271702,SO,resize,1,3838.123035082074,0.5545341372489929,0.26612892746925354,1.4716289043426514
3938529579574500,12.745875526918,-6.8748541915599,12.77633153902127,-6.667739047337622,ML,resize,1,22.715162399492744,0.9988754391670227,0.9980584383010864,0.009667487815022469
1194874720960051,12.083080655367,-61.701340518071,14.603865157364677,-61.019085638848075,GD,resize,1,289.8532121363656,0.7734307050704956,0.5641032457351685,0.6232094764709473
2660802827398825,16.196727547951927,-16.262142180464767,15.889992437855263,-16.471706824341425,SN,resize,1,40.80253071406433,0.6373401284217834,0.3480110168457031,1.0416861772537231
474318140350732,-30.186929671859,28.721722313277,-16.66841298844555,-69.25802710376688,LS,resize,1,9821.032220570123,0.917262613773346,0.8846803903579712,0.48887068033218384
131538628927343,23.927591478789,56.89006326826,16.92091499223891,53.85557520483894,OM,resize,1,840.7231170138878,0.2657521367073059,0.09740923345088959,3.241877555847168
956252018280238,5.6732085786965,16.632589745091,-24.232699393193204,-53.86823897579855,CF,resize,1,8316.541143443348,0.3446381688117981,0.2686645984649658,3.5311989784240723
986557568784559,47.96199867689,3.329329196682,47.9230474295772,3.3964426591607504,FR,resize,1,6.614362091881707,0.12197135388851166,0.02333845943212509,3.759434700012207
858888201360481,27.431311876486,89.411968800978,28.292646108640543,83.44429417078412,BT,resize,1,594.3503239777432,0.39946597814559937,0.24945521354675293,2.486454486846924
1122494928228049,-6.2923231452892,176.31516236757,23.09310827121046,89.63588622706327,TV,resize,1,9943.99772218099,0.7464094758033752,0.5380100607872009,0.8294507265090942
822289958383794,41.363620514254,46.930408712763,41.83210357790336,46.62292059578659,AZ,resize,1,58.029562297422565,0.8090325593948364,0.6298840045928955,0.5472297072410583
507580496941067,41.24483557588,71.582892060753,41.27918852958516,32.62481747477739,UZ,resize,1,3228.391145427865,0.32047709822654724,0.17325356602668762,2.366349935531616
850897392160274,15.37337039371,101.11838827961,15.271160120739847,101.12722320533557,TH,resize,1,11.404689307502656,0.9608637690544128,0.9514997601509094,0.30301982164382935
1479666545728283,-2.207944528615442,29.59226081231841,-1.8992907344892362,29.78209855287375,RW,resize,1,40.28559615028541,0.6799387335777283,0.5250110030174255,1.2083667516708374
580789552886656,50.678594855093,4.8188742178492,51.68711669084071,20.820497004297128,BE,resize,1,1118.6785840214334,0.7568239569664001,0.6914496421813965,1.507111668586731
795872621134242,21.469950825343,-71.131968567748,21.615682645917314,-72.3861826309379,TC,resize,1,130.72771429441812,0.838982343673706,0.7225099205970764,0.5623868107795715
537185557301814,21.468632587884,-71.131614335596,26.513214393642013,-78.69295906197847,TC,resize,1,950.7606614811937,0.6255711317062378,0.39052847027778625,1.0811331272125244
533124681034633,9.6221481881675,5.9902728883701,20.145315897506137,-97.12831768680005,NG,resize,1,10983.038874430558,0.6002134680747986,0.5030275583267212,1.8505232334136963
459637375114061,16.326241192515,-61.485416089177,14.58803345841219,-61.019687595025616,GP,resize,1,199.62023190135034,0.10564029216766357,0.028839632868766785,4.175964832305908
761065858107101,18.02556598756,-63.076095445477,37.663184010792925,26.55296912088623,SX,resize,1,8764.021442641515,0.4579957127571106,0.19031772017478943,2.1540298461914062
175886771114688,37.132743072818,71.445580058334,37.173806460235845,71.62868311893814,TJ,resize,1,16.857637707233586,0.9986923336982727,0.9981300234794617,0.0131102679297328
3028763490743210,44.505071370572,14.497751817403,39.65423117559207,3.39116174859318,HR,resize,1,1062.1865378407667,0.6689497828483582,0.5660051703453064,1.4729387760162354
4083027895078105,6.922264444172,81.810604007404,13.008502737327401,76.45496380042535,LK,resize,1,895.3573721265076,0.5763426423072815,0.35985642671585083,1.3173283338546753
196273232181806,10.57170873112,-61.274575577684,34.03612091516457,9.99828336070197,TT,resize,1,7632.386177172893,0.08121415972709656,0.014504201710224152,4.897284984588623
311046543750546,5.8181956657151,-55.229591655912,5.830491045336676,-55.15745571765291,SR,resize,1,8.09601654807043,0.49200767278671265,0.3382555842399597,2.6883368492126465
1340777496415094,-24.184041937054644,-56.01406804634483,-24.27077019080587,-56.212866824823216,PY,resize,1,22.346475658453706,0.9998281002044678,0.9997692108154297,0.0020767070818692446
320265609670289,38.422783933334,-28.447899110035,43.32912696847998,143.26047886339217,PT,resize,1,10886.35550386363,0.41265997290611267,0.3549693524837494,3.355220317840576
587462658901340,49.482634783129,7.2198204378864,56.67145485578692,36.68802898487913,DE,resize,1,2104.069037869837,0.12164480239152908,0.04896815866231918,4.642841815948486
1117419915461502,-13.3507635470948,24.07831798797145,-13.540153713217999,27.647619903895954,ZM,resize,1,386.5806848313528,0.4676288068294525,0.1561684012413025,1.6130057573318481
293849812373143,21.729330866875,58.283925067403,22.227762079027407,58.455404433000965,OM,resize,1,58.175228267928105,0.31787630915641785,0.10564044117927551,2.8278698921203613
913136816207204,27.685309394915,84.245084160599,27.786699551591585,83.90713849865163,NP,resize,1,35.11900233640366,0.7889654636383057,0.680916428565979,0.8613324165344238
1427947294218129,38.134538979321,20.602291273787,41.447498857972256,13.140458109254658,GR,resize,1,735.9226826946034,0.8006998300552368,0.6321362853050232,0.7085812091827393
950864868999393,51.137636946693,23.395299320308,50.415105235584306,22.066537581844514,PL,resize,1,123.22015712676888,0.2641085684299469,0.052364230155944824,2.9587666988372803
223308666224105,10.524123082769,-2.6530083555487,0.02210916225479631,29.865883109255797,GH,resize,1,3779.914025886258,0.6053816080093384,0.5039193034172058,1.916379451751709
202168424910797,63.087501381586,29.619921161522,62.176018855301756,22.808105670708493,FI,resize,1,362.4529595847206,0.8489146828651428,0.7370766401290894,0.6450068354606628
134334415352783,34.771117780932,10.388663407803,34.75106862483851,10.508605910993461,TN,resize,1,11.18133276746669,0.6415207982063293,0.29580748081207275,0.7242399454116821
1123967504754624,2.462911169111,9.8411851986574,0.3411688814091739,32.69447284260941,GQ,resize,1,2551.185189511737,0.5865724086761475,0.4973207712173462,1.9767208099365234
563150931329907,-16.454467194083,-152.25488087725,13.204017790793996,-61.21336669213529,PF,resize,1,10528.456101920015,0.8426071405410767,0.7222272753715515,0.5952135920524597
527782441730123,19.613317472222,37.21518325,11.450550102912755,-13.964436236569048,SD,resize,1,5538.040339612519,0.3815835118293762,0.2983705401420593,3.2632060050964355
874132063313509,2.1211650392132,45.325477296944,21.075620464428074,-101.62417041774448,SO,resize,1,15589.4579375142,0.21973173320293427,0.09347192943096161,3.413055181503296
1414690518888723,4.4280699971271,-7.3572366993037,6.496739553126639,2.549699499966119,CI,resize,1,1120.392157264433,0.7941516041755676,0.671752393245697,0.7953806519508362
1488652064809969,31.757099517069,35.492951999494,27.614937033154487,68.74294040447825,PS,resize,1,3232.2373853773806,0.32110148668289185,0.25371891260147095,3.6418325901031494
548267689892757,4.8188638046841,31.553307958678,-1.3275587835751887,37.33237090439774,SS,resize,1,937.6901522890504,0.8388221859931946,0.7757014036178589,0.963169276714325
151479410277523,13.926511407569,-90.820049410327,10.94984215257413,-74.78955842826177,GT,resize,1,1771.3801487725361,0.35545384883880615,0.08837193250656128,1.9706205129623413
282741450237053,40.63918244788,14.689358309553,40.18520465221631,15.489554865572371,IT,resize,1,84.48597575389262,0.43762579560279846,0.2830493152141571,2.131885528564453
466856821203613,32.362756289357,15.075112091192,37.73025075868444,40.94141025897857,LY,resize,1,2420.6159150055432,0.6346495151519775,0.5270131826400757,1.7045695781707764
503692787493112,-8.4956747146718,28.873913205907,-9.778143653381248,28.069955866279674,ZM,resize,1,167.70714171194302,0.7718102335929871,0.747411847114563,1.448684811592102
129527739201981,50.74400552946,15.089402768176,49.56997023035746,18.08041465341727,CZ,resize,1,249.86447219236302,0.23684552311897278,0.0164041668176651,2.8729946613311768
459080448727005,43.398268683651,17.872251876102,56.882883630249005,-5.007378192273923,BA,resize,1,2195.6497472962787,0.2544785737991333,0.10802154242992401,3.242988109588623
2599771000325900,10.491317886291,-66.940783689543,-19.89197767648587,-43.984438592282366,VE,resize,1,4210.660184658117,0.289829820394516,0.08881404995918274,2.3702142238616943
1586218158513391,-35.09726470656671,-71.96444205112698,-35.18738919864139,-71.62060731105771,CL,resize,1,32.83066077933992,0.36574167013168335,0.041827112436294556,1.5792982578277588
790312034924185,6.4665061966066,-73.264673048874,-23.489585976962605,-47.478590542089094,CO,resize,1,4351.569382056157,0.6423914432525635,0.5166738629341125,1.5647437572479248
3828714587227647,-28.982228650362,17.795137519664,-32.7264243267491,18.585004328758533,ZA,resize,1,423.10295121106736,0.751218855381012,0.551966667175293,0.8243019580841064
915335685911826,-26.650343222475,31.676701721271,-25.188773665689137,32.083078512975426,SZ,resize,1,167.52328328571272,0.6711538434028625,0.53691166639328,1.532376766204834
295989332000056,-21.294072972472,55.453451741806,-20.917892588967266,55.39934791122266,RE,resize,1,42.204198870063244,0.7628424763679504,0.530378520488739,0.5844318866729736
762826894424335,15.953620769688,-61.226106662441,16.366376122497194,-61.47197767106073,GP,resize,1,52.87741757682367,0.8042571544647217,0.7230386734008789,0.8004185557365417
748877299000226,37.48624814219,-5.6260757420713,37.087893601700074,-3.6886695783954435,ES,resize,1,177.02543148108722,0.4148532748222351,0.23502014577388763,2.0342650413513184
995130811306873,23.092040987381,59.032220074214,23.06606593021123,58.7180226044169,OM,resize,1,32.27047242905071,0.5228801369667053,0.07706788182258606,0.8879014253616333
173462692069034,50.00493277190843,-109.16881836125964,41.953077171078135,-108.57196598496027,CA,resize,1,896.5043245724613,0.32002711296081543,0.1338362842798233,2.672337293624878
374397180633667,51.090338894144,4.5540810997605,53.30843530207141,-6.254472699029741,BE,resize,1,775.9216162662094,0.3369784653186798,0.14315125346183777,2.7132163047790527
925791128266982,3.9464155812419,-59.099715656841,41.25214613594014,25.23782995041484,GY,resize,1,9245.127074444641,0.6052382588386536,0.5464720726013184,2.258448839187622
1008151256597783,5.4088235841337,-54.080394782482,23.78752390000476,90.06962514088,SR,resize,1,14950.92261176873,0.1449359953403473,0.0184737890958786,4.390040874481201
183020897030038,12.165472591779,-68.284782803721,-24.46316726150892,25.422899598209355,BQ,resize,1,10933.360274518502,0.7066435217857361,0.5958778262138367,1.5437135696411133
497361505026790,24.459011977771,39.707017834424,26.0417453869166,50.467650229441816,SA,resize,1,1096.0760015203186,0.17085842788219452,0.021341919898986816,3.2440102100372314
312120757154735,47.999359257395,28.38593989914,47.13277011865224,28.871417455709267,MD,resize,1,103.01414679500064,0.5407140851020813,0.33850014209747314,1.6269564628601074
507960406990835,40.602484593203,70.9323931635,34.73730278291545,33.07129860726392,UZ,resize,1,3368.7789733778554,0.5410941243171692,0.37800896167755127,1.7487614154815674
1068908920302393,28.118257713069,84.092550077463,28.05395736138899,83.20846110902153,NP,resize,1,87.02378667820093,0.6521561145782471,0.5347694158554077,1.4665770530700684
2455881761214087,9.3112240684333,7.2316171757752,-11.612728174810302,29.88579935219903,NG,resize,1,3418.3679560578003,0.1147867739200592,0.010477349162101746,3.77816104888916
308361434006892,4.4588854980948,-75.339098450144,56.611355238768056,36.730876227006505,CO,resize,1,10910.378301919978,0.18902143836021423,0.008839532732963562,3.3465704917907715
155484156583350,-42.588544997261,171.13273084297,-39.35175248489802,175.4799883033398,NZ,resize,1,512.4556517124211,0.7385483980178833,0.6319217681884766,1.2448806762695312
792143884742189,53.499641726189,-10.025130557347,53.479500493525585,-9.86009541988958,IE,resize,1,11.145647596760334,0.9882650375366211,0.9794523119926453,0.07927459478378296
538480140482205,46.417273237497,15.981580762317,44.59970895788693,7.750699188047352,SI,resize,1,672.1126752954475,0.11294388771057129,0.021845191717147827,3.904025077819824
968891463855525,40.418204733364,44.58904057928,42.66759049103982,77.97155404563856,AM,resize,1,2771.3811902334323,0.3956703245639801,0.18136858940124512,2.2123279571533203
2562980810671463,39.539716862316,22.649912734594,38.668082724136056,35.27366446735715,GR,resize,1,1092.670691318183,0.577771008014679,0.464295893907547,2.1144227981567383
840569223558585,53.471437474357,30.369358954069,54.87104687641387,26.385901069260814,BY,resize,1,302.3360788478051,0.6392587423324585,0.32430389523506165,0.9183001518249512
212713197082595,42.7199422641,21.124316375918,42.54532637521547,21.15207277638264,XK,resize,1,19.548723543008723,0.9375054836273193,0.8988730907440186,0.30346107482910156
300368228286972,2.6515753388508,99.632830332947,14.05185245053065,99.73750946262038,ID,resize,1,1267.7051039476953,0.30488070845603943,0.19938665628433228,3.4006214141845703
803382520382829,-28.928078796683,27.877133995547,-29.111814413851867,27.821663922986065,LS,resize,1,21.13042750481962,0.49180835485458374,0.20196694135665894,1.4211046695709229
1251699818583166,9.3253458360703,36.511457430463,-27.562658285842126,-55.71684909758628,ET,resize,1,10703.314651220087,0.33857640624046326,0.2266494333744049,2.809422016143799
134346362021204,-20.169316372954,57.574783850557,-17.117827185527307,-65.95019745904001,MU,resize,1,12587.530560846539,0.20837439596652985,0.0041487812995910645,3.788363456726074
2659684644176450,15.207410023546576,-14.26851329497232,13.601126119752227,-6.565747006732709,SN,resize,1,848.5239464870562,0.7645872235298157,0.6327404975891113,0.8863247036933899
338266731040151,-27.714887442632,27.237097549584,-27.630518031691448,27.24773645260845,ZA,resize,1,9.4397688689867,0.23152044415473938,0.11340999603271484,2.7625670433044434
290719459343271,25.048779030648,-77.341776655437,18.581886809484132,-66.31226341130916,BS,resize,1,1345.694102359914,0.32160449028015137,0.20743396878242493,3.5961897373199463
592656634965955,46.682736593205,21.206630159237,46.63821281392762,17.122993626639943,HU,resize,1,311.6484583952501,0.16775289177894592,0.0004964768886566162,3.5991532802581787
327481305476197,3.6341919176295,72.959377283817,1.3602103032848178,103.834843968914,MV,resize,1,3438.934717939862,0.2569441795349121,0.14360886812210083,3.5213406085968018
511298200008833,41.001835659413,71.969851087691,40.891037456872276,72.17403949280376,UZ,resize,1,21.116065029339733,0.9992746710777283,0.9990367293357849,0.007937820628285408
1048097032779725,43.42241145892943,4.995993425198574,43.52469391867807,4.928715463369775,FR,resize,1,12.602556678868918,0.5522772669792175,0.459298312664032,2.2390694618225098
275678077530743,-17.141803188939,177.19494791591,10.392242074345457,-85.92519069884202,FJ,resize,1,11068.468214400395,0.41372284293174744,0.07861948013305664,1.8065738677978516
292380389132080,14.868771348072,-61.121170377502,14.598012787176696,-61.04712173314364,MQ,resize,1,31.142270373759047,0.8446996808052063,0.7499601244926453,0.5556202530860901
195963679022241,41.444760586953,46.861020646343,40.694570461906366,46.31697522872658,AZ,resize,1,95.07066522876832,0.6948819756507874,0.49060630798339844,1.068725824356079
967102544034985,16.986811638045,120.77076999861,41.15761451987903,28.88728359595096,PH,resize,1,8928.183440309003,0.2173311412334442,0.11155977845191956,3.885526418685913
132001678913743,-38.053559635768,-63.429009930635,41.54396243252687,-102.49959616087091,AR,resize,1,9696.740632784016,0.20847943425178528,0.12007816135883331,4.348320007324219
4323012444383952,-25.366368202834,-57.609654895019,-25.55405732036433,-54.62465009274587,PY,resize,1,300.40225658412686,0.5187500715255737,0.08413127064704895,0.8814830780029297
1156261378535995,32.32323776884,-64.709264213971,14.609963791134051,-61.02385611275186,BM,resize,1,2004.7332822961057,0.6851257681846619,0.5640759468078613,1.1986581087112427
1022165461521852,10.726476338495,-14.376868641028,10.18468587189708,-14.736152890706702,GN,resize,1,71.92257215260136,0.8965909481048584,0.8578927516937256,0.5348159670829773
193167485884135,44.181071716568,19.719133913291,44.05203049816521,19.593858373755324,RS,resize,1,17.489993519563946,0.5065951943397522,0.326494961977005,1.7328451871871948
2679866852305147,50.425563977087,60.525062163106,51.79481332446081,60.101788672218575,RU,resize,1,155.09373677624416,0.8664424419403076,0.7644102573394775,0.5529042482376099
924145305018051,45.915356124611,13.677818254528,46.66683590248685,13.82404988319268,SI,resize,1,84.31269630769711,0.19563360512256622,0.07458864897489548,4.406308650970459
3991894140857885,6.396085635246,-10.578195078991,6.409567695833573,-10.558216599565691,LR,resize,1,2.6685433970625025,0.9965873956680298,0.9941622018814087,0.026871690526604652
3753076561487105,2.0937663139626,45.333850241529,33.9971654258101,10.022128035601467,SO,resize,1,5098.54493999377,0.26552051305770874,0.10967329144477844,2.914994716644287
4014259028668392,-23.777002866313,29.535916133115,-28.71073040014969,29.36130150342938,ZA,resize,1,548.8815129871728,0.8039945363998413,0.7009810209274292,1.0344117879867554
1164259444051011,-33.004571460529,-56.45950492044,38.28758696991952,-121.40867140308917,UY,resize,1,10382.298998426017,0.13972947001457214,0.01410306990146637,4.146305561065674
427797935584192,-3.381688479243244,-44.524339863567576,-2.479302298836721,-44.242456058951205,BR,resize,1,105.11008654184599,0.6423380970954895,0.49627572298049927,1.5874961614608765
348228456711934,0.368039651477356,6.712420799552506,6.092351238726343,1.0700489391396937,ST,resize,1,892.8632779257073,0.3263185918331146,0.0342583954334259,2.0548126697540283
4037485459669920,4.8556815609205,31.589953699137,-11.843795584220342,31.079377970437935,SS,resize,1,1857.755420783,0.3895804286003113,0.04086998105049133,1.6651815176010132
157040263028996,18.045966582305,-63.112275507715,-12.958570049074053,-38.43222262120905,MF,resize,1,4383.569192788084,0.3772839903831482,0.06350967288017273,2.0106728076934814
1124425647962016,-8.100649444444445,156.82296055555554,-9.307239835194194,159.01000212608406,SB,resize,1,275.2894712881975,0.924750030040741,0.9003143310546875,0.47029781341552734
190098606266094,55.069795005888,22.812891905378,56.37642382316891,36.7762465337755,LT,resize,1,884.8326796677247,0.14533796906471252,0.015616491436958313,4.240933895111084
3863626387049111,15.379540488714,-61.26786022339,18.630469938667908,-74.1092690000735,DM,resize,1,1412.0449346547848,0.8764230608940125,0.7541720271110535,0.384365439414978
807900806500123,19.60787766549,37.220870972767,13.421863260021095,-6.6953523936936215,SD,resize,1,4719.501375525432,0.7543021440505981,0.6285311579704285,1.0897486209869385
135555819075899,46.30515446867184,15.555693802754446,48.05138498737331,14.397139639108964,SI,resize,1,212.99670291656005,0.1639765501022339,0.00016692280769348145,4.074375152587891
152233856857550,11.552312562133,43.119735981314,-6.869524398541644,39.242529076710895,DJ,resize,1,2092.83367465628,0.4510488212108612,0.14022156596183777,1.8931198120117188
319392699542913,1.3294518861992,34.311410798855,1.5613776882018282,34.558560043303316,UG,resize,1,37.68070691161008,0.9940074682235718,0.9917694330215454,0.04724803566932678
991289955033112,34.234741855173,35.65948675276,37.49653475454287,29.75258127136405,LB,resize,1,643.8847584789651,0.6690037250518799,0.5834648609161377,1.7299628257751465
328520695545965,63.434626046589,-19.024249484436,64.9220052796702,-23.30448567521593,IS,resize,1,265.1035706120207,0.3163749873638153,0.0533241331577301,2.0132863521575928
464789361418887,3.807393,113.74682650005,5.260203697642454,115.52979022019159,MY,resize,1,255.25426752140137,0.8242937326431274,0.6620738506317139,0.5579371452331543
1310937239362809,-16.05923501421255,28.45034874273332,-15.526040598941938,28.908006858060297,ZM,resize,1,76.89605982967049,0.8914195895195007,0.8096043467521667,0.4452036917209625
1177148709364507,3.9517282399816,-59.127383286379,17.41202407138803,-88.51048574754523,GY,resize,1,3533.77568689389,0.8545947670936584,0.8152016997337341,0.8459133505821228
141607461308537,-22.361528273609,-59.837892878355,40.974095617945885,68.76397042295025,PY,resize,1,14815.974220318907,0.26963284611701965,0.0193789005279541,2.8958675861358643
463077528107904,-4.7878008330033,11.864756923075,5.314199024440364,-3.907852540782321,CG,resize,1,2080.785681533923,0.9900859594345093,0.9854574203491211,0.06633533537387848
173215948022940,8.5714365537216,-9.8691302343456,3.676540159321972,11.110293998437143,LR,resize,1,2381.6402134890177,0.9383824467658997,0.891190767288208,0.281062513589859
3926033430843905,32.171256244263,35.467920604541,32.122067753780364,35.296694041597526,PS,resize,1,17.023152338826275,0.8177926540374756,0.7942451238632202,1.204264521598816
916665025779516,24.524150796485,67.540287646591,25.091171479577326,70.23993768056859,PK,resize,1,279.6797558460918,0.18265359103679657,0.05824056267738342,3.1105504035949707
842532369808274,41.215589499727,-7.4506176074975,42.548190758899615,-6.8732072732009915,PT,resize,1,155.6969904906669,0.7969670295715332,0.7333350777626038,1.110482931137085
909312326294088,28.050014468342,-14.340539294975,27.49523683657868,34.815227349399045,ES,resize,1,4802.497058775325,0.6116583943367004,0.4475005865097046,1.499123215675354
1207676993015897,10.787243979814,-68.323068119416,5.221708802435835,-0.9910161163740725,VE,resize,1,7427.125937852034,0.3312589228153229,0.16803838312625885,2.488640546798706
317484316498860,51.531648181729,128.20909035955,56.909706564035446,60.595078099593586,RU,resize,1,4253.24848656084,0.2896597385406494,0.02034658193588257,1.7083982229232788
947661819318356,17.121694235905,-24.994762874038,15.769653789594742,-26.014158966622762,CV,resize,1,185.52684132608934,0.991659939289093,0.9860779643058777,0.05721025913953781
3947329925333716,12.679493966294,-6.7269231036328,12.681548193110686,-6.407066376197396,ML,resize,1,34.69970196891459,0.9997039437294006,0.9995011687278748,0.0030809014569967985
142131454599179,24.557496611483,35.148695104321,16.947858752604343,53.43434364986648,EG,resize,1,2078.3639115067544,0.42903468012809753,0.13433325290679932,2.260716438293457
165567675960284,19.612087898208788,-70.1751715983372,19.574684737277344,-70.7078309330006,DO,resize,1,55.95418834261924,0.30589723587036133,0.007746785879135132,1.7982079982757568
1366666657062368,47.544360211205,12.177256693404,47.33440310004053,13.274326802196041,AT,resize,1,85.74790029599282,0.24791958928108215,0.09459055960178375,3.191265821456909
829244944391118,39.11803685393,-7.7196219014644,39.340145384568665,-6.501502853849713,PT,resize,1,107.78829739516053,0.7720460891723633,0.6614035367965698,1.0522674322128296
298013541938371,41.541448730912,-8.7560397976019,41.26596294476707,-8.22658125298629,PT,resize,1,53.74330519298681,0.5553063750267029,0.3906008303165436,1.6158639192581177
930318810923353,12.290897526921208,-69.09122276531554,42.784590501380656,10.234524323548413,CW,resize,1,8216.624098275706,0.4446289539337158,0.34651872515678406,3.0702157020568848
503246924141783,15.602839427825,32.487242561959,24.702938017978394,46.71776835455378,SD,resize,1,1795.1864705964806,0.9177113771438599,0.8660346865653992,0.4365362226963043
449325599700589,50.12174331487,4.4948783441326,37.242956508964724,-80.70462941510259,BE,resize,1,6618.99051703067,0.15491937100887299,0.0851290225982666,4.608807563781738
467405711031097,17.992572255683,-66.263814308226,38.06850755963179,-0.6711118950533937,PR,resize,1,6672.626772043195,0.3450583815574646,0.12976543605327606,3.0450870990753174
288246882935326,40.557590089793,75.163197454637,41.00776915035434,70.05692243887577,KG,resize,1,432.7682638848761,0.06218765303492546,0.007521722465753555,5.574578285217285
505540450790369,22.70995468898,92.098773627243,24.236907869202955,91.57770146173918,BD,resize,1,177.9119361054391,0.6248455047607422,0.31341856718063354,1.0155471563339233
591386078920254,62.107759453888,-6.6834959276139,62.07930949843897,-7.012175504680161,FO,resize,1,17.395361919584907,0.9980091452598572,0.9961516857147217,0.01517535001039505
370606561029319,10.210502973191,-0.07341133185964,10.149986691166207,-0.028243518840337455,TG,resize,1,8.349709889775848,0.9998928308486938,0.9998159408569336,0.001213334035128355
439450394288287,50.054284237917,38.880788589348505,50.02638518593064,39.07573198552476,UA,resize,1,14.263278653678366,0.3077494502067566,0.12598513066768646,2.527967929840088
310375324029868,-37.347698548595,-71.82270654997,40.42070743558828,-6.368220971145109,CL,resize,1,10914.869249419427,0.4895183742046356,0.2111644148826599,1.5746102333068848
981591149045969,18.008278271819,-76.772753375805,9.057130255379379,-79.4718253155227,JM,resize,1,1037.113246575885,0.5235157608985901,0.46691668033599854,2.1784257888793945
538662890462002,22.639099459104,-80.443942528532,22.505780122386646,-79.82105790328372,CU,resize,1,65.6513691094601,0.7335886359214783,0.6375948190689087,1.2458351850509644
481222069768896,22.306404025662,114.25196352132,22.37727914675871,114.06236336784498,HK,resize,1,21.032298945285316,0.627745509147644,0.4319462180137634,1.0616308450698853
853822608822418,-13.764240001823,34.415945000478,-17.68752840213686,36.17500990518088,MW,resize,1,475.12629772437117,0.3284279406070709,0.21169620752334595,3.137413263320923
2945544342367414,18.448984494982,-64.550096065019,18.73582524074821,-64.4821046820863,VG,resize,1,32.69026771193369,0.1492462158203125,1.537799835205078e-05,3.0201621055603027
733805970633940,26.209879663614,44.103482474166,23.549303677149013,58.12617076104168,SA,resize,1,1444.3298099116696,0.8094687461853027,0.7369509339332581,0.968056321144104
2579377392357434,34.360744713034,0.072177953700416,34.29025824058773,0.10058173413927482,DZ,resize,1,8.260355427262937,0.9325936436653137,0.8664060235023499,0.2551107704639435
321976292610460,2.6050561253904,-76.72716581048,6.014926500730182,-73.47921195581611,CO,resize,1,522.8961275536059,0.519909143447876,0.26594069600105286,1.453055739402771
246778030560130,22.378053670525,103.87749530607,41.042575645948006,30.592859452468176,VN,resize,1,7029.6666839873205,0.11428916454315186,0.030090399086475372,4.452988147735596
132463405538393,51.895041095248,4.7359317785887,51.98637255979036,4.961686987315794,NL,resize,1,18.510020521784543,0.2197251319885254,0.13255251944065094,3.2805843353271484
159985626091830,42.085182325218,23.055097885585,40.212454007959984,29.004581118587446,BG,resize,1,539.7666647082169,0.5569813847541809,0.3510493338108063,1.7731101512908936
740422473321001,35.328722082019,33.504620154232,35.3096407114639,33.74003069766738,CY,resize,1,21.46364950632566,0.4372612237930298,0.13601863384246826,1.4977507591247559
6049840251722845,8.4468470660858,-83.484163463651,9.552051328496269,-82.71272867124482,CR,resize,1,149.26679056498057,0.9846291542053223,0.9793480634689331,0.11574414372444153
138432154861804,35.516834375223,24.116877817233,-16.677810063761573,-48.7647054613052,GR,resize,1,9607.308866865493,0.6918401718139648,0.5897233486175537,1.4010100364685059
171677658627663,18.637934456903466,98.81616605062511,13.231506538057248,101.03897058251758,TH,resize,1,646.4017577938538,0.5647794604301453,0.3474580943584442,1.5538301467895508
473447400410020,45.472666923779,13.751881662375,44.551091424969336,38.2598573344447,SI,resize,1,1921.8262784752824,0.16304488480091095,0.0988316461443901,4.631168365478516
208370247526297,56.307504479799,9.1351912802156,56.668832638119994,9.644883176208264,DK,resize,1,50.924934852781206,0.20079921185970306,0.10834190249443054,4.0197906494140625
1163829564042676,17.629236812387,-63.23181172096,-8.665720612569906,115.10089139048176,BQ,resize,1,19002.208991785563,0.4941730797290802,0.42994120717048645,2.9862680435180664
1180300995725561,32.355451166141,15.079114167989,35.570404216672294,-0.5936201922104531,LY,resize,1,1487.1616237921023,0.3022414743900299,0.05757664144039154,1.7359836101531982
1162905660800863,17.15804609038,-62.622664100026,14.59396086478128,-61.019703911973096,KN,resize,1,332.6796761202373,0.766849160194397,0.5830536484718323,0.7278271317481995
780194756204466,31.983423754021,34.895586904175,31.988805887934625,34.83553157223366,IL,resize,1,5.695523459093642,0.3912784159183502,0.3043007552623749,2.8401944637298584
789897778580281,54.185632103826,28.47319812173,56.00657215405769,37.88528588776205,BY,resize,1,631.5567202537006,0.4634163975715637,0.360547810792923,2.707592487335205
769108033797400,-13.06839043317,-76.274611371143,17.857125248019884,106.33288740859857,PE,resize,1,19413.778783769278,0.3395477831363678,0.2559182941913605,3.5382208824157715
5011086665646025,13.613395452952757,-16.429313461515747,5.198100981878534,-0.9302497869069577,GM,resize,1,1939.1588731452975,0.7078383564949036,0.4358776807785034,0.7219333648681641
3772032009586752,-4.0767885530923,29.088814837055,1.8008126096691486,32.72958474370086,BI,resize,1,768.650039262349,0.5787832736968994,0.35178735852241516,1.6326457262039185
971793776898906,-34.758013649475,-55.95646902546,-34.12740066296663,-56.24902357708541,UY,resize,1,75.07767984459342,0.697681725025177,0.48376405239105225,0.9073871374130249
745163459490620,31.824187546378,35.267560408259,35.69958526925115,-5.782599268259217,PS,resize,1,3791.695708762501,0.8071378469467163,0.7351243495941162,1.148441195487976
531383694528931,37.605095136322,48.695122536588,36.03424771806628,50.51205110434373,IR,resize,1,238.03784585123674,0.24635934829711914,0.07730834186077118,2.743250846862793
355157592673467,1.0703328887576,103.96283377749,0.911297636997961,104.11631303086018,SG,resize,1,24.574087280553325,0.5102962851524353,0.43575337529182434,2.6894044876098633
303575617923017,-9.4382405064784,147.20811425115,-9.28803946896709,146.93265473731802,PG,resize,1,34.5295385866876,0.8869190216064453,0.7951412200927734,0.4389578104019165
1038259080102537,-26.782850103384,31.938656241877,-10.380298802763726,15.246418713991629,SZ,resize,1,2528.0675982615344,0.3369863033294678,0.29062414169311523,3.8249857425689697
459158871851075,10.792404464252,-12.298637806325,10.18629941520028,-13.376254414244942,GN,resize,1,135.73619063451022,0.9980756044387817,0.9977535009384155,0.020165350288152695
288005262963881,-21.597843332119,23.667795003616,33.05979123653201,-111.30646796630673,BW,resize,1,15425.686476739818,0.07115326076745987,0.013486295938491821,5.299511909484863
311438013831843,16.840623273889,121.74439328693,13.117961127462308,79.32199498480738,PH,resize,1,4567.34809448654,0.13648280501365662,0.03694740682840347,4.39619779586792
457187265449390,18.32580535956599,-64.95398969507924,36.65390338722664,28.24665879649928,VI,resize,1,9079.308917085811,0.4217664301395416,0.1634560227394104,2.183462619781494
327825698973041,39.559288635696525,72.9109157130074,37.21896433295227,72.80970143349766,KG,resize,1,260.381601599844,0.5852382779121399,0.4473732113838196,1.339520812034607
1376712112713014,5.1198336159589,-52.65735432583,-7.570635527653967,-35.26220233611836,GF,resize,1,2390.713565831119,0.9930837154388428,0.9900801181793213,0.06454101204872131
524817781855332,-14.010419075563,-171.76031777505,-9.74680130252891,-172.1697308553199,WS,resize,1,476.180114217737,0.9962060451507568,0.9952238202095032,0.03183900937438011
858561451393926,36.701828275673,67.096598041303,35.75042243012711,10.426199842193682,AF,resize,1,5007.429985717831,0.2881229817867279,0.1585146188735962,3.406238555908203
177928610855949,6.391780060521,2.6237783121974,5.167874206442513,-3.119465845199931,BJ,resize,1,649.7697114547719,0.999618411064148,0.9993844628334045,0.004060474690049887
747501719832988,-9.89210909998267,38.8967731000014,1.8909602691898098,32.35464658958373,TZ,resize,1,1497.1278361936656,0.8613352179527283,0.7639950513839722,0.5612033009529114
488569252193683,12.539996192436,-81.714972968868,10.691754071813934,124.5890036180087,CO,resize,1,16128.213399551163,0.6400858163833618,0.3365577161312103,0.8609769344329834
762294004482937,20.222569995853,-76.036013281341,57.166290886100256,56.75219381422402,CU,resize,1,10359.16150180162,0.3394889533519745,0.14404653012752533,2.6228690147399902
526448611961086,7.924136171510359,-11.169831512240096,7.93034549487386,-11.133601087174387,SL,resize,1,4.049437760949848,0.4295165538787842,0.05821406841278076,1.7371548414230347
1359226914447321,10.466207945458,-85.77513112055,13.876301860117385,-90.22647029989943,CR,resize,1,614.6534637458539,0.9323887228965759,0.9054704308509827,0.35278332233428955
478165190183611,12.430745089839997,-15.317974157219002,12.325291714828126,-14.230698258817727,GW,resize,1,118.66984703072788,0.9994021654129028,0.9992538690567017,0.006932377349585295
336533984561274,18.419385888373,-72.877030607553,18.622275844650915,-72.61184490532483,HT,resize,1,35.92679921773896,0.9977720379829407,0.9963868856430054,0.019641397520899773
292195892390772,-13.068772639841,-76.278890129748,17.895009729845476,106.30455800109674,PE,resize,1,19411.28070688536,0.8501312732696533,0.8020859956741333,1.039605736732483
786215532287048,19.827903639239,94.949804250429,16.424887283385193,73.5907550647493,MM,resize,1,2286.952751777943,0.29662415385246277,0.0650145560503006,2.303417682647705
4028024750648073,-1.455427434928822,29.883620710338125,-1.3946131283552217,29.767930594448757,RW,resize,1,14.52969432702561,0.949555516242981,0.9190436005592346,0.25898998975753784
481816143100801,26.018200502837,50.622605427635,26.037035679878606,50.61317506570453,BH,resize,1,2.296577392422762,0.9542757868766785,0.9390141367912292,0.29864242672920227
304881227850189,22.470625099054,114.10853488259,22.384157307474997,114.08655627030144,HK,resize,1,9.876606150292048,0.9530414342880249,0.9156439304351807,0.21612344682216644
126797393065714,49.84047838484732,15.803297909812008,49.738431216870346,15.960878518884035,CZ,resize,1,16.022631622547678,0.21280761063098907,0.02915555238723755,2.8674964904785156
1211101869349798,-10.507365795363,105.65356096619,49.49539481688319,-1.339604268917938,CX,resize,1,12118.443716198442,0.32011333107948303,0.2122405767440796,3.5214645862579346
1357493864625552,2.1640539673148,30.64994870704,2.122487526652328,30.741731278054008,UG,resize,1,11.197073345698955,0.9990585446357727,0.9986104369163513,0.009049254469573498
934011534098551,12.028286166295,-61.732840110417,14.024404750156187,-60.95216875122946,GD,resize,1,237.52303422185264,0.9481635689735413,0.9232056736946106,0.27630114555358887
500159881489089,7.342259838854188,134.46879110851162,13.825395292404501,-60.94078490034778,PW,resize,1,17111.146765476493,0.4282335042953491,0.36826497316360474,3.1797192096710205
2829740963958043,-2.733735821930212,29.43081567684662,-1.9979454326585464,29.849424829549612,BI,resize,1,94.11059966717515,0.797984778881073,0.6491345167160034,0.6509319543838501
300848138109718,4.2523717777778,-55.444873805556,7.272474791994559,-11.79800919975044,SR,resize,1,4838.621733066492,0.5629714131355286,0.46949002146720886,2.162233829498291
2960966407518451,59.940574907434,18.785342625587,58.67759149294519,22.864888543597445,SE,resize,1,270.72647357527745,0.15318652987480164,0.052976109087467194,3.9701805114746094
220493529416834,14.451610237561,99.415018949546,17.895005803984834,104.88928365987024,TH,resize,1,698.7378907297492,0.9771589040756226,0.9615482687950134,0.13945356011390686
516560806259751,-18.175596732511,178.20009731967,16.744568845736996,-88.45152242971864,FJ,resize,1,10921.785988141082,0.18456365168094635,0.06604527682065964,3.724910020828247
294110862335495,53.181595920049,5.7480942483866,39.41957688152219,-6.377071572078344,NL,resize,1,1785.9827896471143,0.38700684905052185,0.3366433084011078,3.231550693511963
244296907493001,65.57013399313,-19.349029020965,65.74406746689316,-18.990413983819032,IS,resize,1,25.381507571664493,0.8084292411804199,0.631912350654602,0.5462871193885803
233889245170464,4.8560503387361,31.612436706474,12.299711768029372,76.59145823161103,SS,resize,1,5007.601430185775,0.31905248761177063,0.27220118045806885,4.0283708572387695
1927622730739430,40.369069324101,18.219159988562,39.106966473388646,-9.078080993716789,IT,resize,1,2329.036108535807,0.18166236579418182,0.07662306725978851,4.084997177124023
471926114136200,4.5631962676901,114.07349517648,12.795899748731548,101.15157320635372,BN,resize,1,1688.6782132957885,0.08321185410022736,0.015904486179351807,4.324758529663086
1192683651176123,9.0895860909637,-79.618866004971,-24.057976559177856,-47.517079034194424,PA,resize,1,5072.791298622476,0.49663281440734863,0.26050931215286255,1.687416434288025
1413530045696031,-15.969463833371,168.26130683879,-6.285808866470975,145.10326542121317,VU,resize,1,2742.8198116456942,0.6575613617897034,0.4750522971153259,1.2933831214904785
299499428465574,22.36370144725,113.94841256522,24.20463683182405,120.62755685771135,HK,resize,1,712.1476787591732,0.7751692533493042,0.7122848033905029,1.0937784910202026
189606749553432,56.525393057968,10.08101978509,56.268670888254164,9.376287930346402,DK,resize,1,51.91992801827731,0.6076509356498718,0.3061264455318451,1.1743515729904175
1108722216274003,1.3887705484241,173.14385660736,-8.722082844116102,159.11643983634744,KI,resize,1,1918.4698704687012,0.44242677092552185,0.15606540441513062,1.8323845863342285
240591061153313,9.7075559946148,100.00619099387,14.025383294516343,100.78262282036789,TH,resize,1,487.49405764238674,0.7997122406959534,0.7022481560707092,0.9312118291854858
794974811139135,32.804114385981,13.043328230439,39.909514470807316,24.262557460912603,LY,resize,1,1276.3537527801152,0.31858792901039124,0.012895166873931885,1.852162480354309
1107588656407422,-46.062736055573,169.00760704864,-39.59942138435585,175.69574728911857,NZ,resize,1,901.4866820566402,0.7217714786529541,0.5483726263046265,1.0865678787231445
1279096795825768,54.406755367854,-8.4796165911836,54.329730107819536,-8.54897737177489,IE,resize,1,9.671833966728775,0.8152909874916077,0.6935288310050964,0.6619689464569092
193108499326081,-6.7004249966118,39.206861112601,-28.09350008459023,26.90373025573402,TZ,resize,1,2708.612059039762,0.38526222109794617,0.03638562560081482,1.7258994579315186
291897862594169,27.521924666676,89.820270487386,28.01242825956631,83.63210797743952,BT,resize,1,611.2276985767804,0.9898490905761719,0.9884435534477234,0.09433301538228989
123070833137806,5.8145917994639,-55.143095980408,5.8462867727143175,-55.219942330267166,SR,resize,1,9.202340846089534,0.9993675351142883,0.9991027116775513,0.006434693932533264
5396405327097940,69.21259125489,-51.103395948712,78.28944600376369,14.37463081378428,GL,resize,1,2116.175069979533,0.7616645693778992,0.6645087003707886,1.1015896797180176
957601181668431,-51.706042723598,-57.906993308318,64.25342637261038,-20.386129778181573,FK,resize,1,13295.10675294827,0.4140931963920593,0.36840522289276123,3.7170188426971436
604130717650197,-1.9959688798483,30.050157126173,-2.0138725504486232,29.878668794732118,RW,resize,1,19.16066182236083,0.5123879909515381,0.351097047328949,1.389211893081665
1941512039367524,30.98571832847058,-7.229221956634584,33.58040491555842,2.1459747475502873,MA,resize,1,926.9272740480698,0.1345614790916443,0.0012916624546051025,4.170412540435791
196243366278308,13.167682777777776,-59.53696416666668,13.21397165162235,-59.60956867410577,BB,resize,1,9.395527722321175,0.9999768733978271,0.9999573230743408,0.00029727554647251964
215411967015224,-16.468819194731,-71.941378039278,-31.52683346849982,-68.7245860271802,PE,resize,1,1705.6739494558603,0.6672319173812866,0.5460506081581116,1.934234380722046
1450360272005106,15.921467840879,-16.279407687736,40.171557290054295,-86.21724596086639,SN,resize,1,7182.563354836597,0.5923580527305603,0.4696056842803955,2.1367835998535156
756714068376834,4.8155110248734,114.77642618053,4.638430172711342,114.59204024131013,BN,resize,1,28.37647750959563,0.3079127371311188,0.11613662540912628,2.073657512664795
2918063678449936,8.0011665869234,38.705149393002,8.2637742407075,39.05851271741057,ET,resize,1,48.638016609952935,0.9999967813491821,0.9999951720237732,5.1978764531668276e-05
1001295333882125,40.63113853803493,-6.0362211199295865,40.627688385888106,-6.205874794470548,ES,resize,1,14.32220329904972,0.5994918942451477,0.4803304672241211,1.8327633142471313
808035410091724,16.206487661547,77.345926501434,5.590823523590937,-0.19143900741063985,IN,resize,1,8506.49665093565,0.6930207014083862,0.5123580098152161,1.237898349761963
268897404930235,57.163975404144,-3.6875044027183,43.50149732531168,-7.803486158273336,GB,resize,1,1546.322888128998,0.3418768644332886,0.22946485877037048,3.3638174533843994
1125401674596218,39.823992064377,42.428897726042,39.8828327870346,41.20397517772445,TR,resize,1,104.76653768274717,0.9562472105026245,0.9264909029006958,0.2498561292886734
526674661844363,36.219109563696,44.414746657631,37.00740214255955,-3.434619595369524,IQ,resize,1,4225.508820166024,0.5758550763130188,0.5435342788696289,2.6646602153778076
964858007616084,4.2630124849459,73.563178328896,10.113114251469984,-75.86942451109542,MV,resize,1,16271.284357691467,0.7249341011047363,0.5947605967521667,1.3862571716308594
5490667957675480,5.2624334865771205,163.0047322024813,4.914605587845883,157.84750338622973,FM,resize,1,572.5031235513818,0.9967225193977356,0.9941128492355347,0.02432251162827015
573195574072375,-15.671003834964,-48.191441316741,-16.566705616905512,-48.57207476018883,BR,resize,1,107.57744132964437,0.4011605978012085,0.2891373932361603,2.334449529647827
892381884955306,58.981961021242,24.221882703215,58.609339304195046,23.822688711921536,EE,resize,1,47.387777925976074,0.23743174970149994,0.0649932324886322,3.3590879440307617
5416581451690167,8.876751843202419,-64.23554389395768,53.94758134490813,38.005544151615986,VE,resize,1,9998.190056369873,0.32145535945892334,0.010860264301300049,1.7578039169311523
482078066336394,-18.636202891772,-174.01936863548,17.31052102252483,-94.2409139719696,TO,resize,1,9590.266139550307,0.16243556141853333,0.014360442757606506,2.999239921569824
329210971927794,5.843070862629,-55.089876855582,5.852522902050726,-55.12155534447527,SR,resize,1,3.6583811836440745,0.9782527089118958,0.9763745665550232,0.20160576701164246
251937010050891,47.507459505795,21.685088460781,12.18697942785567,-86.65505469105574,HU,resize,1,10339.620000109942,0.9636862277984619,0.9508057832717896,0.28337258100509644
469124120816531,33.256755487161,126.61974805537,21.486057003014245,-104.88964951982693,KR,resize,1,11838.322190283394,0.5006967186927795,0.34265822172164917,2.2183713912963867
6544008378958782,42.576053933645,12.422579613177,44.602342546054075,4.671264345440925,IT,resize,1,663.3691731525691,0.14985546469688416,0.06309814751148224,4.573052883148193
468826351040628,-32.904700967934,-52.731761718702,-32.419891086652086,-52.717793253410484,UY,resize,1,53.92425531950122,0.9957459568977356,0.9952224493026733,0.04600851237773895
458089889154332,49.9716081757907,38.98921274981689,50.082452393608264,39.12987291669222,UA,resize,1,15.902054632633652,0.9660425186157227,0.9602578282356262,0.2630546987056732
913455289198852,10.638477230341,-61.313394324688,10.59659696771349,-61.277739920265695,TT,resize,1,6.072134772226801,0.9012256860733032,0.8473679423332214,0.47723260521888733
391651555234292,4.7891910927864,103.42511490766,5.475577783249204,100.47783682392281,MY,resize,1,335.210562322755,0.9120094180107117,0.8841611742973328,0.5677052736282349
169873605037737,10.045722702666,-83.299560625022,15.584053962562392,-88.27590251462568,CR,resize,1,818.6007451859001,0.6522944569587708,0.5343908071517944,1.448728084564209
1032233080991900,39.140834029054616,20.961949886464165,40.401332373351885,-8.537206191606277,GR,resize,1,2513.3431097930866,0.45519331097602844,0.22905932366847992,1.838376522064209
375451844456388,-26.804552190115,31.961012436385,-16.61890428430613,-48.383761922026785,SZ,resize,1,8249.752744642687,0.1561858057975769,0.03713247925043106,3.820600986480713
855805948342180,44.525909974035,15.903249699487,56.13278057950596,47.227818163344445,BA,resize,1,2538.917219658851,0.4818136692047119,0.44029325246810913,3.0603339672088623
139526285635637,13.217826050214152,2.929162678521952,12.643858617840403,4.499904454991752,NE,resize,1,181.79916089619712,0.40290015935897827,0.13653746247291565,2.5071141719818115
5442759149130487,67.890019179633,20.308537274689,67.56163615583527,21.163225543162998,SE,resize,1,51.29191322026399,0.9844447374343872,0.979051947593689,0.1344197541475296
3921179927973144,54.246330015747,-4.5628069974706,54.393056527744,-5.180732854395586,IM,resize,1,43.2696411518146,0.40930894017219543,0.09329992532730103,2.23156476020813
469492320924211,38.276346407666,57.98363402764,38.136162932355944,58.14457921696769,TM,resize,1,20.99370612521597,0.9980600476264954,0.9971894025802612,0.018439436331391335
310307137129739,48.189212227502,-106.60069617067,35.13320632218921,-100.88619954087785,US,resize,1,1526.2973794783577,0.25297340750694275,0.11228123307228088,3.6129727363586426
383397352939199,39.95006776682,140.12870703204,42.986332988886396,142.27813941306147,JP,resize,1,382.1425187246295,0.13524013757705688,0.008586466312408447,4.377777576446533
1688335251353973,-14.865382426326,35.3053829175,47.04548722081953,28.83390503184576,MW,resize,1,6914.442564629633,0.1578097641468048,0.04659444838762283,4.206315040588379
368819684557497,9.8821178559993,-84.703514000306,10.478047890263747,-84.79226573709832,CR,resize,1,66.97252466194088,0.485051691532135,0.3731875717639923,2.4631874561309814
3142165536067308,8.892556698116664,-64.244099923535,19.476992060554593,-70.79408461963573,VE,resize,1,1371.8806638699755,0.5327037572860718,0.30413195490837097,1.5187859535217285
916461445802958,18.351592546824,-73.166686920189,18.6658070738888,-72.54439728840292,HT,resize,1,74.3385793097513,0.8989636898040771,0.8812417387962341,0.713026762008667
1438450646526614,11.602056871897,43.143067800469,35.53178974089097,-6.022146266213148,DJ,resize,1,5598.39581704531,0.38166409730911255,0.11438792943954468,2.0448362827301025
171644361525352,3.2965683888889,-59.645080555556,63.29064783522882,9.83671221911664,GY,resize,1,8668.411953927502,0.09782329946756363,0.0006360411643981934,5.372757911682129
3643623472415985,13.248359768362,-61.267804498546,23.189958931926256,119.35266454923946,VC,resize,1,15962.76791137642,0.301695853471756,0.14017550647258759,3.113401412963867
974847123463445,45.48089676461988,141.9141645369168,45.39151705574139,141.97450493628057,JP,resize,1,10.997338009367901,0.9361730813980103,0.930084228515625,0.5254766345024109
219450919950414,4.2765353097168,73.575427012288,56.027282713285196,12.658669102593048,MV,resize,1,7846.683442545481,0.19305294752120972,0.1325613260269165,4.043755531311035
197777158852668,18.542511750027,-72.425551013845,41.719269024913274,44.83267531584491,HT,resize,1,10725.697712124937,0.7506679892539978,0.7016159296035767,1.3303072452545166
1673203299531642,49.085005765367,-1.4823203864636,49.35102342836421,-1.5530927205501555,FR,resize,1,30.023111337415084,0.9850487112998962,0.9768692255020142,0.10649220645427704
1605231949662620,31.431741304615,7.0759601080198,25.24880424889068,55.38164470059304,DZ,resize,1,4739.989558854927,0.29920879006385803,0.2455824315547943,4.110716819763184
451593852608237,49.039623298927,17.575489860882,44.97108244335431,18.61149236511838,CZ,resize,1,459.15829833062253,0.13211694359779358,0.03269808739423752,4.219641208648682
304641044593781,8.0755534487471,-80.948273440388,6.01643133520979,-73.50891912546804,PA,resize,1,852.2489112315134,0.27555960416793823,0.19253009557724,3.803541660308838
537192110996228,33.673060807593,8.992445655067,35.26751065151445,-0.20788189807458932,TN,resize,1,861.4905227357183,0.7351018190383911,0.6771960854530334,1.6291565895080566
2874567659528784,10.624021568983,103.55740436843,11.378732597881,104.90510646244638,KH,resize,1,169.35663344343848,0.3517318665981293,0.24919120967388153,3.1856260299682617
306873294180376,36.543159906681,-95.385746192161,36.35483513453577,-95.53366716053786,US,resize,1,24.770213497055437,0.3823481500148773,0.04745680093765259,1.5244078636169434
474237406957052,38.032230216342,71.296052545699,37.453267851444906,72.3592563434683,TJ,resize,1,113.50751284286399,0.9854072332382202,0.9820941686630249,0.12724784016609192
893270331236297,35.542457911478,34.345047266311,35.54983010776704,34.390277418154284,CY,resize,1,4.173429492206935,0.8202299475669861,0.7573833465576172,0.8549537658691406
394355595015312,-10.420322783141,105.70164382136,-9.582666657463253,147.53279925310358,CX,resize,1,4578.393008493287,0.1784774214029312,0.0557980015873909,4.228752136230469
1720688194781084,-2.0414077903770145,29.44965968721136,-2.002531564621102,29.522389187418295,RW,resize,1,9.165562534369014,0.7569614052772522,0.6856886148452759,1.0021255016326904
1072181156643275,18.07465399978,-91.640772999734,43.54309979823931,-85.48264499265373,MX,resize,1,2890.313659647434,0.23774723708629608,0.11508595198392868,4.197246074676514
4167670343253112,38.101113171443,70.434664027996,38.32946441179463,71.19657469553096,AF,resize,1,71.24247741188778,0.6353936195373535,0.2819356620311737,0.727649450302124
174020494657037,17.630108574846,-63.232604239636,16.02041281640745,-61.77208842515945,BQ,resize,1,237.06526318831772,0.7482017278671265,0.5673795342445374,0.8458523750305176
841778303361650,4.4129500800509,-7.3568081852969,5.0710013297365055,-2.636239564322562,CI,resize,1,528.1955186542514,0.4807386100292206,0.2950201630592346,1.6844483613967896
6128179790541161,55.439905979985,25.277989368239,53.80466033805224,30.319114108705094,LT,resize,1,371.8761303475435,0.5730338096618652,0.2551758587360382,1.2019881010055542
860733724520470,42.906057348904,19.550997884227,43.99612913222836,42.93729076590713,ME,resize,1,1885.365888030659,0.218484029173851,0.08412885665893555,3.1621363162994385
864697561114910,-29.077441505083,27.74348424067,-29.450390132762696,27.535987836215465,LS,resize,1,46.096558163503246,0.47825324535369873,0.18393519520759583,1.594698190689087
470728414179183,-4.4035085235997,28.875651684315,1.9766495164374938,32.726333170051035,BI,resize,1,828.4743837031311,0.5463165044784546,0.3266114592552185,1.3395508527755737
572376240384590,38.710627031317,20.595182002582,38.67800047819527,20.602355748218436,GR,resize,1,3.680940688843694,0.9763422012329102,0.9631404876708984,0.16417796909809113
121312253609017,-2.475605,101.08095666666668,-2.834047973974566,102.72284846209463,ID,resize,1,186.6782710662946,0.9761824607849121,0.967902421951294,0.18220798671245575
1443161219370901,-20.998296188116,55.608257838223,14.57762388125983,-60.951434649893585,RE,resize,1,13300.726850665622,0.9594177603721619,0.9346297979354858,0.2543792724609375
935114343986233,14.756132710056,106.17208788727,-3.4204937900015864,16.67969794420963,LA,resize,1,10049.877117269256,0.6964924335479736,0.6427257657051086,1.5769104957580566
528816851860286,13.929456140067,-90.641111213437,15.56571592790973,-61.40822423236978,GT,resize,1,3146.3359817812848,0.41670188307762146,0.18678170442581177,2.5047481060028076
949677732469296,-3.949905939326,29.108488727431,-3.020319511941613,29.260250909690225,BI,resize,1,104.72868455931561,0.9552710056304932,0.9261741042137146,0.24562187492847443
535238961691986,-9.012128600000004,125.26142969997224,18.96340914667227,-97.23239827314043,TL,resize,1,15311.49815659375,0.37610766291618347,0.12085095047950745,2.3854875564575195
785746405666869,-15.233412447604,27.672681901373,-7.167340031798991,-35.506521416614376,ZM,resize,1,6928.257691999879,0.36205214262008667,0.2167295664548874,2.9074721336364746
3016818381880651,49.809878371642,-121.45256952608,45.030721269270785,-123.86288177093337,CA,resize,1,561.4274638260836,0.7442625164985657,0.5748096704483032,1.031819224357605
381383576502282,45.377597713432,18.296766050051,-35.48416017190937,-58.563848675936015,HR,resize,1,11836.408347323462,0.12932665646076202,0.01707088202238083,3.8522446155548096
610064709949694,39.354018070055,3.189777650907,39.65797918476923,2.643543289873313,ES,resize,1,57.779852089943745,0.49918872117996216,0.35838285088539124,2.157663106918335
172787811514759,35.229088448061,33.767549827448,35.20754710117501,33.71338035536164,CY,resize,1,5.472863146120178,0.9927756786346436,0.9911254048347473,0.06168651580810547
782110492675930,20.011066718061,-75.671652777958,4.940827696660353,114.94856271245762,CU,resize,1,17007.497456504254,0.3125040829181671,0.1170596182346344,3.279146432876587
400250872119328,11.85196334791822,13.142710363889922,9.316858873657718,-0.6962513127427618,NG,resize,1,1538.4249566371907,0.1564372032880783,0.08442340046167374,3.8449294567108154
892609551301442,-6.2907747954542,176.31557778615,23.10509361511328,89.59585706978298,TV,resize,1,9948.198983003607,0.8505993485450745,0.7925089597702026,0.8959385752677917
202638525024688,49.252128640765,-2.2302663941837,52.15096027467074,-9.520891911444442,JE,resize,1,605.8156333491071,0.5063045620918274,0.0982530415058136,1.1916825771331787
482179499657429,35.35863654069,-87.442281622797,40.23627880551189,-76.6499903066331,US,resize,1,1091.2517376020623,0.789175808429718,0.7734300494194031,1.4915387630462646
166409505310564,-9.7930504284381,33.876999664849,-24.551275182983215,-56.25073675673931,MW,resize,1,9569.668163825037,0.24443137645721436,0.019765019416809082,2.8007352352142334
839128376686201,-21.379486131927,55.652855746499,53.393866594340786,-6.229622472068571,RE,resize,1,10204.737798715927,0.30273953080177307,0.08469586074352264,2.4972944259643555
173546557995177,6.6979922509375,-57.920196653076,6.776463597476023,-58.0736768705337,GY,resize,1,19.062624850798347,0.5104578733444214,0.24655351042747498,1.3525149822235107
778732033031387,49.481310552598,-2.580607408903,49.53279522064499,-2.0516227520053576,GG,resize,1,38.62185585233807,0.9996256828308105,0.9995611906051636,0.005010295193642378
1459021641097176,19.327056989127,-81.381676002568,26.690740113132513,-78.05508089112755,KY,resize,1,886.628997838763,0.5718831419944763,0.4270397424697876,1.6622694730758667
968337867447613,25.014773599486723,55.87302113372367,24.747581588687954,55.79104021754585,AE,resize,1,30.83984705380778,0.5550743341445923,0.41334956884384155,1.3959707021713257
516599479378641,56.372189487703,27.438134814115,56.5418761565586,27.08643277208316,LV,resize,1,28.687479150379346,0.7550204396247864,0.6452667117118835,1.199698567390442
826574104989977,0.4096083408951371,9.468790964341348,35.020453959704774,-89.93141144690067,GA,resize,1,10835.889545351016,0.21279457211494446,0.12072185426950455,3.710876226425171
298265468509297,-10.44607449126,105.70171289589,13.860891610348418,-61.003446537705464,CX,resize,1,18521.226549682506,0.9565671682357788,0.9314846992492676,0.23988619446754456
135182671936165,24.97002129251,55.490379135321,24.208651539383954,55.63936229673052,AE,resize,1,85.9901529508481,0.8136365413665771,0.7221372723579407,0.8644624948501587
369953761725438,-20.697927254597545,164.42307519257272,-21.296214094638305,55.49223946714927,NC,resize,1,10995.159680455523,0.698545515537262,0.5912743806838989,1.5945137739181519
150605930403453,1.5703799596146,10.84323380127,-16.5721622133662,-48.44693866523879,GQ,resize,1,6807.14351680764,0.5625190734863281,0.38659870624542236,1.471243143081665
942025196552576,18.04711135987549,-15.94458243190681,17.186804890227737,-15.54523996350814,MR,resize,1,104.60543897032747,0.9672300219535828,0.9460989236831665,0.18716903030872345
4245112742269900,-15.204236527253409,13.710121098211696,-16.987762667403043,-48.58931626013115,AO,resize,1,6630.19362128131,0.5589586496353149,0.40148645639419556,1.5808738470077515
800629050558884,1.5780520325706,10.841365858236,6.19600544614017,1.185232652069503,GQ,resize,1,1187.684354936881,0.24656274914741516,0.11131027340888977,3.2762086391448975
329089375465231,-4.7898646188584,11.8559793524,-6.819444544997245,39.248006966888845,CG,resize,1,3038.1643026436245,0.9044506549835205,0.8600752353668213,0.5159410834312439
2991410527805673,-4.1374600287328,29.078493212922,12.755617858948305,-85.98339394408016,BI,resize,1,12825.274542047659,0.5877779722213745,0.24843353033065796,1.1553902626037598
798429247478749,46.183809459674,20.174482609731,56.50191676449095,21.075884053281975,HU,resize,1,1149.0019587957113,0.7829452157020569,0.6351277828216553,0.8953062891960144
2371116466357575,16.796385002204,107.11609099971,16.695608046960462,107.2201473595047,VN,resize,1,15.758645816314473,0.7971218824386597,0.6229162216186523,0.6298995018005371
468504837703680,49.210225417814,-2.0260057718567,49.1923336221981,-2.0670342596714004,JE,resize,1,3.5838489717877566,0.7845636606216431,0.7325049638748169,1.4375016689300537
544837470219031,25.294971915181225,67.28170930758036,25.10440684755769,67.3250544207806,PK,resize,1,21.633985488439265,0.9958939552307129,0.9949002265930176,0.038772083818912506
962376597848366,-7.8679271311768,35.785662187966,-24.2609487151254,-53.99487531279561,TZ,resize,1,9626.92783157223,0.19841405749320984,0.028176963329315186,3.430457830429077
284560226710077,22.245356411415,113.94634816993,22.40020368719696,114.19896100662146,HK,resize,1,31.17124490344705,0.877590000629425,0.7728679776191711,0.4328778088092804
366104118882534,-12.947203981722575,45.1622949013442,15.607496056545338,-61.442230430831636,YT,resize,1,12140.084320143262,0.6198533773422241,0.4793214201927185,1.9075539112091064
302738837907407,13.971297523146,-60.953783885869,13.872181850409891,-60.98095503907114,LC,resize,1,11.40463863789326,0.9500705599784851,0.9120198488235474,0.22597016394138336
212663677118887,61.377613835646,-149.52560052518,61.228899649855414,-149.636578086647,US,resize,1,17.565826509084307,0.9985988736152649,0.9980081915855408,0.013321179896593094
298675135079993,35.02573827135,0.1062064724418,34.87377507142478,-1.574417765702073,DZ,resize,1,154.10183229858458,0.6782374382019043,0.44690433144569397,0.9831668138504028
200766568352215,12.2259298372,-69.032711700173,33.053727743823394,-16.346263395978912,CW,resize,1,5811.260709923598,0.988503634929657,0.9858315587043762,0.09391167759895325
522150762114358,-51.767857219423,-59.20385240723,64.2518092397496,-20.85400515758385,FK,resize,1,13319.03134968015,0.6577581167221069,0.3992239236831665,0.9002958536148071
907645580029480,-10.531873592618,105.64908608946,39.38347924653174,-6.474833180227454,CX,resize,1,12644.353225337845,0.1411871314048767,0.02603352814912796,3.816488027572632
461637908454191,8.5770592738416,-9.8384949656858,8.704528751527366,-11.047418263001724,LR,resize,1,133.65396738485938,0.35012078285217285,0.06410887837409973,1.647955060005188
737762176916399,-28.523157809827,26.988610572901,-28.70579633030893,27.343371713440757,ZA,resize,1,40.1452295615923,0.5188247561454773,0.2967541515827179,1.4148229360580444
974044566464626,-8.9232594155592,125.57214462009,-8.80606863866479,125.45189942071842,TL,resize,1,18.556305548817107,0.5333776473999023,0.08725276589393616,0.8382790088653564
207733560892728,62.969803716081,25.819453012454,62.226378560769014,22.845409287069902,FI,resize,1,173.17463379443905,0.3753606975078583,0.1770412027835846,2.136647939682007
935214247230705,38.662861546978,21.897000127107,45.369018813098215,6.304612789192912,GR,resize,1,1484.668289212997,0.7409633994102478,0.6442472338676453,1.326163649559021
308609804241585,45.352253598167,18.741494665616,45.17791682841327,18.882222136969098,HR,resize,1,22.29555651684832,0.8355271220207214,0.7402427196502686,0.6633825302124023
812815579353857,19.970422258885,95.026704859366,16.63287628924037,104.08361619108398,MM,resize,1,1025.3790422561005,0.9621903300285339,0.9375402927398682,0.23754900693893433
955193138582276,42.352822713826,18.93350046301,42.5200452082155,18.586819835253472,ME,resize,1,33.98768402361427,0.5349860191345215,0.10426980257034302,0.9755628705024719
314068633495505,18.384993994121,-64.663491419319,-33.18960527870538,-71.40199622647944,VG,resize,1,5779.324501217148,0.4563120901584625,0.36871930956840515,2.7198805809020996
153100520088504,8.6445550800531,-10.895087890593,7.0225753073726285,-11.010879854322841,SL,resize,1,180.8063755196404,0.9039552211761475,0.8811843395233154,0.5263380408287048
899516343957294,31.154817998866,35.36251239366,31.341640149164306,35.2126238205774,IL,resize,1,25.190829113653514,0.6954956650733948,0.5994033813476562,1.4711145162582397
362016302748290,-10.182357974219284,26.92114281109953,1.9026284223319148,32.52528244582729,CD,resize,1,1480.0696731718538,0.6907331347465515,0.5750836133956909,1.594098687171936
784285982279583,12.468243816564,105.11776238356,20.03551557340958,96.44296224010017,KH,resize,1,1250.5589549884803,0.24356894195079803,0.08175729215145111,2.71751070022583
741076933253733,55.559361968752,24.218044357931,56.54456201895546,36.68376100355086,LT,resize,1,780.6686937984302,0.324981153011322,0.23596680164337158,3.109661102294922
588238156406124,13.540014603247103,6.862262541663696,-14.996340664309507,29.33640006615117,NE,resize,1,4022.7574425443727,0.2531856894493103,0.005960315465927124,2.3254246711730957
704583704721230,13.358425346344903,2.9695516051747206,12.800595938434629,3.7462075166023805,NE,resize,1,104.51559674412918,0.9783887267112732,0.9720423817634583,0.14972013235092163
743913432954382,12.506491685569,-70.011189878756,38.07182060718326,-0.711874422377575,AW,resize,1,7349.507348573448,0.753490686416626,0.7285675406455994,1.651349425315857
837216263894683,59.234310100905,25.661811016329,59.82853250249104,13.616482067303854,EE,resize,1,681.4053953994628,0.2176055759191513,0.007690310478210449,2.4712648391723633
4165344470189392,22.250944346283,113.98372956798,22.396458628072985,114.23912474055648,HK,resize,1,30.85339512079655,0.7423375248908997,0.5029551982879639,0.648810863494873
123034153486017,8.896413266511479,-64.21983107316368,-8.051087965385998,-35.23283613088051,VE,resize,1,3723.3782304068877,0.09411021322011948,0.0220659002661705,4.6545538902282715
495142175172477,52.064618461934,27.758129879211,57.403483565711404,21.552231419795966,BY,resize,1,714.324961180512,0.882150411605835,0.8626518845558167,0.7753621339797974
278818637266368,21.668020820761,39.5871724527,22.42584359975553,38.66389611124109,SA,resize,1,127.10353830991303,0.9998143315315247,0.9997801780700684,0.0024195616133511066
311313370600056,34.298302972773,35.843733635285,33.977539653770556,35.64366488623717,LB,resize,1,40.139757460005676,0.999870777130127,0.9997538328170776,0.0013604253763332963
546356603055282,16.319144026137,-61.319536174119,16.35346383372912,-61.482761706737044,GP,resize,1,17.830265250299338,0.7005216479301453,0.566184937953949,1.4458953142166138
455880318809614,13.212934938654,103.97535020814,18.541980100172093,104.38330559436316,KH,resize,1,594.1655451500799,0.46780139207839966,0.09375083446502686,1.4370718002319336
561177494854490,65.249274201498,-14.3599477776,65.61884325003727,-19.44281476088498,IS,resize,1,238.46928755916352,0.308540940284729,0.008613109588623047,1.3879672288894653
591338181829945,40.948513592565,47.680340883083,40.62381097083117,46.99562513098774,AZ,resize,1,68.02025616837375,0.6207482814788818,0.25024157762527466,0.7423018217086792
478603033472419,10.605368280525,-61.423503253964,10.62524308119292,-61.34329236889376,TT,resize,1,9.040677263833944,0.9842744469642639,0.9827945232391357,0.1430976390838623
140993104682356,11.492434620243,14.669528720435,58.03573493681834,56.67957904590211,CM,resize,1,6262.950912643028,0.6530719995498657,0.4895904064178467,1.8861207962036133
1365904140461073,16.782552049243,-62.177983430902,-24.043785461554215,-46.49642331403815,MS,resize,1,4848.294167834281,0.23975293338298798,0.11984314024448395,3.83443284034729
184854733517675,66.049214556266,-16.60518565352,65.8545470430348,-17.17356657778584,IS,resize,1,33.64282213056719,0.9979982972145081,0.996726930141449,0.017197486013174057
484812855999457,11.316364972572,-60.600609669164,14.605788781783133,-61.0068448659091,TT,resize,1,368.4058303352588,0.891412615776062,0.8013666868209839,0.4153774678707123
198374955275087,31.228889368174,35.249839466257,31.350884887395576,35.436060951522585,IL,resize,1,22.29646572617663,0.29341593384742737,0.022653400897979736,2.734346389770508
493661578655706,21.902623515855,58.249258213784,22.236929863971337,58.34846273373547,OM,resize,1,38.55319654512487,0.2715333104133606,0.11573684215545654,2.8716492652893066
1421342044880216,-33.979765814868,-55.677857234372,-34.14281577867277,-55.716713546881685,UY,resize,1,18.48027913239653,0.9985717535018921,0.9974939823150635,0.011758562177419662
791346968192465,47.64092226916,22.514698705141,47.732379409341604,22.38571397699337,RO,resize,1,14.022886352718396,0.4036753177642822,0.27639180421829224,2.1822705268859863
509490393519441,12.00528480685,15.133921129804,26.87083779036785,70.77779178866083,CM,resize,1,6015.387596724678,0.19895124435424805,0.147565096616745,4.581542015075684
365265328257309,-16.455863020951,-152.25124408953,21.228126114826267,-98.44036428113176,PF,resize,1,7208.990897701325,0.7132492065429688,0.5740470290184021,1.3010731935501099
373099774078768,15.381551450461,-61.278224581511,15.361170129371896,-61.228235071168626,DM,resize,1,5.819184658950917,0.5799142718315125,0.17202085256576538,0.74560546875
3849748481728507,54.429547030142,-8.350480924746,54.46654688154854,-8.430186500007046,IE,resize,1,6.594114418268955,0.8212705850601196,0.697788655757904,0.6050130724906921
486814105900044,24.815009873567,55.581561784151,24.543542266183923,55.765092769685886,AE,resize,1,35.42668413141903,0.9688870906829834,0.9591959714889526,0.19990791380405426
553493755814632,25.651486854641,55.817622488275,24.596466223602093,55.75989583583187,AE,resize,1,117.45679925378322,0.25780561566352844,0.02800746262073517,2.321789264678955
294731518788880,12.182130031336,-68.992602507728,13.195182759553447,-59.618209553849134,CW,resize,1,1023.0781184116748,0.648529589176178,0.49917519092559814,1.3548815250396729
526112418414577,-4.1889057701817,39.593824106105,5.254799213742302,-0.7914054769029362,KE,resize,1,4606.581142114405,0.605778157711029,0.4514704644680023,1.8525276184082031
1143243902846918,3.9423529755317,73.490255336254,3.5637219979460433,98.87520439279812,MV,resize,1,2816.832965925842,0.17515690624713898,0.10819851607084274,4.564704895019531
1222724854903474,-15.992638795519348,27.473549745213845,-15.90991649721852,28.251776560335188,ZM,resize,1,83.70975941082285,0.8653509020805359,0.849881112575531,0.9522210359573364
814962436102418,17.246826160842,-88.964928894179,16.968240209794345,-88.48121925040785,BZ,resize,1,60.018257982264466,0.9773293137550354,0.9724562764167786,0.20054253935813904
2588410498130022,8.6681322733063,15.915175571704,6.480557679923283,2.658993088729277,TD,resize,1,1481.1194542395365,0.8823859095573425,0.8674454689025879,0.8148309588432312
757152124922572,40.280135692488,20.032560201339,40.166695860068266,20.14434015721447,AL,resize,1,15.785293345762346,0.8663792610168457,0.8235102295875549,0.6834356784820557
3729075633885792,52.879324916405,14.84215981606,52.87583318734492,14.349855668788976,PL,resize,1,33.03994454724291,0.25124678015708923,0.1133938580751419,2.8638861179351807
193255762642321,-25.463140138686,31.530813486271,-25.375015116982098,25.371627724118806,SZ,resize,1,618.592173039889,0.8767510652542114,0.7631083130836487,0.43479645252227783
158748456176634,18.003107984756,-76.750140742066,18.471807731829482,-69.93540611542863,JM,resize,1,721.5400713821898,0.5402697324752808,0.43221765756607056,1.789838433265686
487059602744422,22.483846298693,88.311807710332,18.533755771676788,73.89530553253498,IN,resize,1,1563.490748480673,0.8221704959869385,0.7390408515930176,0.7107267379760742
187972779810965,37.223202382218,126.95228008609,35.52653198254976,128.9455205261353,KR,resize,1,259.67522301018613,0.9982045888900757,0.9967508912086487,0.014389029704034328
325108962571033,-14.007024453392,-171.59812253095,12.28296890564167,75.56554567025935,WS,resize,1,12765.037955520333,0.32309257984161377,0.19274842739105225,3.0026955604553223
506599274036580,54.629530708934,-8.6760286174409,50.56025683987184,-4.703271285948827,IE,resize,1,525.873538260536,0.38597503304481506,0.25289034843444824,2.9767074584960938
507218187079443,37.843340581126,68.830014881381,40.42657747307484,23.00135783635733,TJ,resize,1,3918.741457515774,0.4808672070503235,0.3747710883617401,2.192406177520752
153324916692555,5.5180289616018,-6.5822215976398,7.016052058651898,-2.401156913079912,CI,resize,1,491.224261886167,0.5659183263778687,0.43566983938217163,2.030339002609253
771731993706945,41.928551334201536,19.551310678151587,41.95968676997681,19.51933476662761,AL,resize,1,4.356620122260036,0.8898892998695374,0.8546169400215149,0.6282844543457031
486481489451262,49.966660340065,17.026531427218,49.84020006321926,16.73654831538246,CZ,resize,1,25.080742209286917,0.24233002960681915,0.1932176947593689,4.247852325439453
2949034095418835,3.9465097772644,-59.099420704396,44.55060383605667,15.818849014209286,GY,resize,1,8507.57364607965,0.13297784328460693,0.024633124470710754,4.036808013916016
372845630827843,-27.768029274082,-64.271302066744,45.124277776663966,37.42106605049479,AR,resize,1,13028.99699403614,0.4719463288784027,0.417629599571228,2.7190747261047363
804236390516614,24.360035161271,90.528148543285,24.836856458796916,90.6318622159116,BD,resize,1,54.04705074376993,0.6505680680274963,0.482208788394928,1.305065393447876
1165449024229030,11.127732358514072,42.37283796780444,13.856572226690886,38.77170988667411,DJ,resize,1,494.84944735900575,0.8128401637077332,0.7385645508766174,1.127607822418213
465682694540312,47.092368215581565,15.033271683507603,49.64652718474725,13.872009611507847,AT,resize,1,296.67146084158355,0.09489808976650238,0.03022954612970352,4.377202987670898
1414034302297531,5.9652601827551,-10.011148216804,13.03343590041292,76.70969883308582,LR,resize,1,9504.587032410049,0.4608443081378937,0.14558640122413635,1.7928133010864258
164124928906484,17.026658655636,-88.957499025099,30.25844215510896,-84.31377774208539,BZ,resize,1,1544.9599370583983,0.42782148718833923,0.2865871787071228,2.839085102081299
265373079006579,12.19339030343679,-4.128458023871779,11.226733764741615,-3.8349130370940805,BF,resize,1,112.13840506360293,0.8330668210983276,0.8041917085647583,0.9665756821632385
211403467484458,-24.160264772744977,47.3486048183456,56.607165789341416,36.625157285947715,MG,resize,1,9037.49191690712,0.16148687899112701,0.00038117170333862305,3.5817182064056396
4252117868180040,-31.701164589216,28.774388216841,-29.307519153100035,27.532920652100927,ZA,resize,1,291.5197274035636,0.36588484048843384,0.15535424649715424,1.8395726680755615
1185546705230006,60.068284515535,20.263657107897,59.38916401584725,24.708822461198704,AX,resize,1,260.2974264638418,0.8910186290740967,0.8724968433380127,0.7848900556564331
307549670912816,47.805455809752,29.008339682994,46.76340744042099,29.814015157856883,MD,resize,1,130.83859390388383,0.32881543040275574,0.17605699598789215,2.6111574172973633
1150240562161074,1.3857279016312,173.14547646453,13.866867104394997,-60.94271490606538,KI,resize,1,13821.192080155064,0.3775266706943512,0.18061473965644836,2.0871527194976807
1926367507521003,-34.006516340223,-62.239283065807,-32.91424624451646,-60.75942692511987,AR,resize,1,183.29119281399426,0.5514776706695557,0.30339932441711426,1.3033678531646729
174862464516382,18.026136330252,-63.051721834115,35.14673319290675,33.3972775299058,SX,resize,1,9428.198649882228,0.6718050241470337,0.5094488263130188,1.444786548614502
238608201397184,13.394898337011,-15.796480495355,5.838330439560218,0.6790086843646862,GM,resize,1,1990.6714625718548,0.3993687629699707,0.045638084411621094,1.7481935024261475
168171301893400,-21.306913177085,47.234054757271,-18.21636068207812,47.895557737305545,MG,resize,1,350.5541800718904,0.28432124853134155,0.1824384182691574,3.131913185119629
143601257800230,6.1813662366503,-10.476370028512,-2.2428666464865463,102.83458109285893,LR,resize,1,12610.78896094181,0.3541402816772461,0.13467863202095032,1.8216044902801514
1426576467702919,42.716570546448,19.37002352769,46.20756717372557,12.362388696489555,ME,resize,1,677.7980036304656,0.06122462451457977,0.009647469967603683,4.908010482788086
582527629366762,13.909926027264,-60.995742963827,13.881213021554801,-60.93001117837069,LC,resize,1,7.780400764655269,0.9987810254096985,0.9980670809745789,0.010562198236584663
789178535042815,10.848339859199,-14.344376628968,11.076756844312241,-14.589097586593338,GN,resize,1,36.861881175672075,0.999798595905304,0.9997317790985107,0.0024137406144291162
770818833619667,46.189989851656,27.550790956761,46.22783617641537,27.50302431605825,RO,resize,1,5.5875230685011745,0.9774890542030334,0.9615753889083862,0.14102506637573242
771812706865289,18.810877831997,-72.868700352417,18.74396815652973,-72.22288487895517,HT,resize,1,68.39515025512421,0.9353389739990234,0.8840060830116272,0.2906762361526489
1979924955729830,0.4210184118848502,9.466164114756396,-8.808655649272257,13.248102029224894,GA,resize,1,1108.5087927387628,0.27454113960266113,0.013132184743881226,2.054347276687622
1215125515585698,-29.72467996101,27.401763312517,-29.634793470830765,27.55548644027067,LS,resize,1,17.90089518331467,0.5826918482780457,0.46896570920944214,1.4218602180480957
525797611782911,33.53278970091,10.187082947953,33.54066623858505,10.20822806230674,TN,resize,1,2.146623507954253,0.9773833751678467,0.9672012329101562,0.1665961742401123
981736889296495,15.18213389856,106.76109629686,14.380699019901748,101.20563889847524,LA,resize,1,603.8858048343483,0.6066298484802246,0.43317222595214844,1.6177986860275269
290546622610201,0.90650801653382,111.91071699724,17.5754684900772,105.36763548006958,MY,resize,1,1986.7603787209446,0.1978071928024292,0.04067413508892059,3.7398574352264404
925069178226405,-33.684138890591,120.78000000686,-32.816450951990056,117.31131134901247,AU,resize,1,336.6548249144979,0.8983520269393921,0.8750106692314148,0.6489007472991943
841753896415038,-6.3002644508667,176.31963764015,1.794259127964852,152.26041436248562,TV,resize,1,2818.502226282046,0.275595486164093,0.1427452266216278,3.909372329711914
645048966783670,42.89641826045616,17.56617896330491,42.85046385705112,17.821725206470393,BA,resize,1,21.44225508707056,0.44165095686912537,0.17895928025245667,1.9612380266189575
2157623727878098,42.203008413762,12.652366039877,42.2083845316013,12.617149635621823,IT,resize,1,2.9616041745671926,0.8375649452209473,0.7909427285194397,0.8735828995704651
491154428864902,34.78133892235,10.662689207895,32.34612824698057,-8.900545949869212,TN,resize,1,1829.7598426336924,0.452048659324646,0.2302718162536621,2.096808671951294
5023711767716996,27.43539864879576,89.6844986785493,37.13277753455998,-118.11517317301694,BT,resize,1,12270.477134550223,0.3739956319332123,0.2663387060165405,3.4501090049743652
502661524102239,25.24288508,105.72866675,25.108321782407437,105.92604707515322,CN,resize,1,24.867974821002143,0.15507575869560242,0.0032140761613845825,3.2994394302368164
768051953908267,24.417738719697,124.24306124209,24.381536144472758,124.50680683198225,JP,resize,1,27.00951925591789,0.16031767427921295,0.011709168553352356,3.9946951866149902
2634487660183183,15.505396860363,-61.465808232581,15.4269150059056,-88.08577786192927,DM,resize,1,2850.969745425022,0.4844483733177185,0.39679354429244995,2.2010819911956787
777370986311883,69.771194043132,-50.45379669083,65.4663671073311,-23.60003484019501,GL,resize,1,1220.8368342032095,0.7334089875221252,0.6746581792831421,1.7916126251220703
214018630224328,-30.195842567793,28.141370668784,43.10581285990046,76.5545740457429,LS,resize,1,9528.29649502441,0.7111263871192932,0.5727792382240295,1.3067214488983154
898244168080774,48.39779130109938,69.97859259537432,31.93063823398338,-106.697521377779,KZ,resize,1,11076.847044602755,0.25371551513671875,0.15411946177482605,3.9293770790100098
4492529727427156,-28.146082771307,-51.513579498292,-28.33098906548721,-51.15967511264062,BR,resize,1,40.30716419047129,0.8834614753723145,0.8578541278839111,0.6946680545806885
285348029668834,24.497433158551,56.506035667282,24.623099121878635,56.23103671792078,OM,resize,1,31.124855960274267,0.36546534299850464,0.14016734063625336,2.118168592453003
171014971604854,50.702549851864,3.6582481425115,51.062578405090115,3.1411756426858672,BE,resize,1,54.02315771493843,0.21752053499221802,0.04284869134426117,2.9613394737243652
4840639372618820,-14.92550912288379,13.489538311090364,40.226499864646186,29.0558513315252,AO,resize,1,6340.372282212542,0.46648290753364563,0.3878694772720337,2.9280202388763428
206149904648055,26.21207915528,44.093256403165,25.37333910990093,51.44605747745126,SA,resize,1,741.9189554951357,0.45599788427352905,0.27138590812683105,2.1900980472564697
204252138180851,-21.559664995251,23.773974999472,32.99374743980525,-111.26979676471862,BW,resize,1,15430.8465791311,0.11960876733064651,0.058519985526800156,5.062921524047852
920871192081755,-20.154762249788,28.582363111001,-26.05182609136551,32.61534501176309,ZW,resize,1,774.5134008043735,0.7238271832466125,0.5212488174438477,0.9703195095062256
219966586218279,47.029132462966,15.932431980783,49.30628377696698,9.50642148449934,AT,resize,1,539.4009941542121,0.16596300899982452,0.04442255198955536,4.07921028137207
135549215221893,2.4175748743344,9.8423648123313,2.0291819268382585,31.962922181210352,GQ,resize,1,2458.1933636998697,0.33059120178222656,0.1739978939294815,2.4990437030792236
376262240365585,11.737844217402,-84.258740123025,11.725717191950563,-84.22371969626667,NI,resize,1,4.044180127299614,0.8439951539039612,0.7248173356056213,0.554997444152832
171728951493255,49.507376607171,105.95258746284,53.511641203196454,49.67295278323752,MN,resize,1,3817.5866542805406,0.7341582775115967,0.7047317028045654,1.7349683046340942
253978489850814,48.281270225581,27.973739010266,47.045631472124434,28.8287984043938,MD,resize,1,151.58301646558866,0.16604994237422943,0.024751335382461548,3.171938419342041
300413981460892,28.731055900238,48.000514767945,29.51052719856555,47.753632675789376,KW,resize,1,89.92981134843905,0.3345142900943756,0.034512877464294434,1.5028741359710693
1184530975332530,-14.802947311274,-42.709531402229,-14.154696202258396,-42.55612793105008,BR,resize,1,73.95012661816598,0.887639045715332,0.8248539566993713,0.5874335765838623
1266617723756139,-2.7425780868466467,29.42359642013631,-2.400326360887613,29.251991802116734,BI,resize,1,42.56384713305691,0.4694545269012451,0.28892773389816284,1.669663906097412
473474263980538,21.715223057868,59.471278053944,17.030782919932378,54.62773895937167,OM,resize,1,727.4995704846303,0.702093780040741,0.48621952533721924,0.8767755031585693
1249815355421012,41.352986665751,46.933972599593,41.86408640845804,46.77164186151956,AZ,resize,1,58.41220918222845,0.8084732294082642,0.6220641732215881,0.5181207656860352
228708892356879,48.677696253977,17.636842304644,46.135105034285445,15.802200211961578,SK,resize,1,314.61095879690134,0.33244064450263977,0.24363219738006592,3.0335350036621094
573918251034517,24.9108887387342,90.79494731880273,21.892845242173827,87.85079988546653,BD,resize,1,450.3919011289787,0.8869492411613464,0.8344624042510986,0.5754492282867432
2964997383812126,2.6098453233173,9.8422664516346,1.0607161150910085,34.14100766390595,GQ,resize,1,2705.895243426841,0.29709023237228394,0.0418088436126709,2.3331899642944336
216212559884926,39.033844678159,125.75376577506,42.6585402675067,41.19808245719128,KP,resize,1,6810.937786102255,0.554101288318634,0.4443686604499817,2.096951723098755
305136647878220,12.193469016038,-61.616092049056,6.774402754584211,-58.124013888732165,GD,resize,1,713.9036864270068,0.2889334261417389,0.09578707814216614,2.058744192123413
1425023424516398,-16.694601299289,-60.803490901407,-14.031623399425058,29.939878273409775,BO,resize,1,9640.405183878833,0.6243668794631958,0.5470430254936218,2.1411828994750977
454775888919551,46.828024824521,7.8088947836121,46.90245722262833,7.455608299545061,CH,resize,1,28.105142832722244,0.5078524947166443,0.3111683130264282,1.6075396537780762
861104217828929,17.113853213721,-25.242018334352,15.516210748442939,-26.14925005505477,CV,resize,1,202.31717976895447,0.9965323209762573,0.9935066103935242,0.02627844549715519
1051007365779921,6.813554100014411,158.2040012,7.518781537406721,160.5774409676248,FM,resize,1,273.34085111510274,0.999920129776001,0.9998953938484192,0.0010077324695885181
1334507140366814,-23.48982047010992,35.38536972552172,-24.451020905451525,35.22233991855353,MZ,resize,1,108.15656287062733,0.6057207584381104,0.5126523971557617,1.8911696672439575
3912389445490209,49.325970928935,17.226098099604,42.200323878145156,24.759642704065836,CZ,resize,1,983.4770434243837,0.11674181371927261,0.02025914192199707,4.139564514160156
265194928674974,13.23781099507,-59.544998005588,13.180792437439772,-59.33592613400463,BB,resize,1,23.503915995958195,0.6544495820999146,0.581190824508667,1.6697430610656738
130827665729646,41.660012138201,21.174396481341,41.42277762725661,21.097299640501234,MK,resize,1,27.14843813581099,0.7881470322608948,0.7004308104515076,0.9501270651817322
382514279656400,17.169493550421,-62.549673737704,14.023760504192895,-60.97284091354392,KN,resize,1,388.41228616449075,0.9846829771995544,0.9778355360031128,0.10081439465284348
490566595325309,32.35061764629,15.101938149737,35.65420201347869,-0.5797877073438222,LY,resize,1,1489.6844611841568,0.8892966508865356,0.8618267178535461,0.6163879632949829
177150824328343,-14.845732355681,35.25013351485,-14.486323526812228,30.303194318102083,MW,resize,1,533.6389612824878,0.8741492629051208,0.7943789958953857,0.5989882946014404
337754307681723,22.908438446718,90.804919962877,22.8232053814532,90.75031741403652,BD,resize,1,11.005458812378105,0.8701205849647522,0.7984045147895813,0.5589260458946228
288297272916728,-17.786629070676,177.44305087069,-38.62356933885269,177.94833975179077,FJ,resize,1,2317.4801203131146,0.10146888345479965,0.004342705011367798,4.264707565307617
485752159242168,60.005211059817,20.384442671458,56.880779410509824,21.60236356522552,AX,resize,1,354.5607216561616,0.24058133363723755,0.011117279529571533,3.1865241527557373
495377298477425,41.941602973878,34.631294266421,41.877447326888515,34.84755654629386,TR,resize,1,19.265435509072102,0.999470055103302,0.9993119239807129,0.00592455081641674
2890584101196635,41.681667019865,21.147788358398,41.39463433404397,35.16484092209095,MK,resize,1,1165.802949730757,0.3657171130180359,0.2194313257932663,2.4357831478118896
401731674144754,23.355590466277,121.32187991241,23.012491272818114,121.16111417845016,TW,resize,1,41.53942413802698,0.19224461913108826,0.06486588716506958,3.3862693309783936
1169142930166538,20.834467782196,-75.727264614924,17.717786078977095,-97.55995038350827,CU,resize,1,2315.745066749289,0.9933546781539917,0.9925046563148499,0.067345529794693
306207777612908,-13.800621344179,-171.85935966246,-12.759584206355118,-172.00916223620789,WS,resize,1,116.88772951458272,0.8143609166145325,0.6703002452850342,0.653414249420166
2665542867084280,15.44922162275011,-15.809327283661323,15.683143467990721,-16.181321257962303,SN,resize,1,47.58488779023856,0.9841465353965759,0.9765461087226868,0.11150141060352325
473236960624282,-11.390300678508,43.342774487865,-8.58253015499969,115.92940783928323,KM,resize,1,7935.302775054224,0.23266860842704773,0.06024184823036194,3.722752094268799
175640891118270,58.3416314331,22.123379209424,58.247614589429894,22.446013169076906,EE,resize,1,21.558601855756837,0.434979647397995,0.04497978091239929,1.444312572479248
940728323368212,5.5203195797668,16.760305199775,1.9259357427157888,32.26268313783335,CF,resize,1,1765.6696557663759,0.7675363421440125,0.6358209848403931,1.11097252368927
159670792680757,4.8671591384211,31.498747958114,13.070178450338553,79.86270477752477,SS,resize,1,5380.880045940019,0.8640744090080261,0.8425732851028442,0.9447856545448303
490425192372401,-42.289566526657,-73.549884623054,-38.81763981822207,177.73257497176226,CL,resize,1,8484.234985170875,0.14050836861133575,0.05652005225419998,3.860717535018921
140927168065220,14.884255893398,-24.355900858541,28.000224519707572,-15.79840217424316,CV,resize,1,1704.7711445823352,0.9188368916511536,0.8969463109970093,0.48951515555381775
2148319455305366,12.658976107053,-1.5012029355804,12.62683078218013,-6.666190992664977,BF,resize,1,560.3972948726713,0.594689130783081,0.21491262316703796,0.8127192258834839
950272148968894,-12.972416512525884,45.15611771647966,-12.781537043417911,45.118538015721676,YT,resize,1,21.61220487211278,0.4665133059024811,0.0001378953456878662,1.0866217613220215
153355823412892,49.184810534933,-2.0480987436129,49.26650353394321,-2.1498903549909003,JE,resize,1,11.71146855612274,0.8948658108711243,0.8805122971534729,0.7648109197616577
363513025083758,47.047992478928,8.7799077721095,46.92369365541,9.695105346938712,CH,resize,1,70.78422200768276,0.28649088740348816,0.05490173399448395,2.0077061653137207
512297363276315,31.456330474142,35.250774430442,31.516510538039586,35.23685443380727,PS,resize,1,6.820653802268112,0.25436273217201233,0.10532660782337189,3.372697114944458
456622292570371,17.562683786778276,52.54996407813734,-23.520869083538045,-46.5108584695117,YE,resize,1,11670.662510386033,0.4387405216693878,0.26817554235458374,1.949474811553955
4527359417278295,12.574854908472,-70.042613806787,5.1598446049773665,-1.220314441736179,AW,resize,1,7587.752352185707,0.5643070936203003,0.30833184719085693,1.658801794052124
537629581307027,13.181351944444442,-59.52259444444445,13.203183555116643,-59.61924077809371,BB,resize,1,10.740900545757013,0.7714449167251587,0.5509769916534424,0.5744460225105286
795129897807041,35.163207188355,-6.1437231591152,-41.337001081055234,175.02806180957853,MA,resize,1,19321.02931367433,0.25049418210983276,0.016974523663520813,3.13881254196167
351777130251541,39.481253041447,46.278721306968,40.483375558147685,44.29344547306254,AM,resize,1,202.5466830606937,0.334631085395813,0.0398632287979126,2.0876376628875732
808281843784947,-9.017975593206083,125.18936083216094,-8.81731304236677,126.47654382121384,TL,resize,1,143.14760859546055,0.4512229859828949,0.18546411395072937,1.5315515995025635
571640328046013,9.496515810605342,138.0909467705742,13.80710545484364,-60.96863214277473,FM,resize,1,16677.826498414,0.576903760433197,0.46421805024147034,2.2674903869628906
1596718320725210,6.820059002595853,158.1889075956807,8.135218042755108,159.8231591288657,FM,resize,1,232.05036449839764,0.9994481205940247,0.9991398453712463,0.005494378972798586
909068383276012,51.71872582063,71.017642467242,40.67959442580804,-8.25613232604414,KZ,resize,1,5914.853644237583,0.08733843266963959,0.03953903168439865,5.13430118560791
201271568510246,11.498181689874,104.89298318393,7.968880337129636,38.243128113239955,KH,resize,1,7300.1575851351445,0.8527256846427917,0.8209847807884216,0.9172195196151733
865101847550557,14.337966085705,-11.307015681085,32.04713180343276,-109.83458433948037,ML,resize,1,9946.19558277554,0.2050885260105133,0.12781700491905212,4.291899681091309
273645621106204,11.400246031697,15.323762439617,8.995837307806353,0.9897148027366782,TD,resize,1,1591.0612974702874,0.22235697507858276,0.1048455759882927,4.224001884460449
816784312848146,47.27419583333333,110.70045194444444,47.61762014585745,109.00129428153014,MN,resize,1,133.35690462810967,0.4715271294116974,0.20370939373970032,2.0444087982177734
205051911255970,15.898719949045,108.34769045302,19.414847689818945,105.19640503607877,VN,resize,1,514.103615057042,0.963355541229248,0.948095977306366,0.25508537888526917
1197452254025430,60.290261118231,20.017018951216,60.23023639553252,20.117638239666285,AX,resize,1,8.680546102113992,0.6867359280586243,0.4789544939994812,1.2229793071746826
524857088520171,40.969687102424,47.506671390525,6.043212651948047,0.6751220370703677,AZ,resize,1,6044.287063272675,0.17275188863277435,0.07535135746002197,4.787258625030518
585468982429325,56.863557681775,25.533807915732,56.963467682224746,21.98983112021436,LV,resize,1,215.38816337606795,0.27956056594848633,0.07934410870075226,2.5061862468719482
223293895846479,40.460441929706,49.654367032421,38.693628234983116,35.26977255949317,AZ,resize,1,1246.9456590370887,0.42085394263267517,0.05133262276649475,1.7242687940597534
983815092358003,45.845665401276,-1.1566237774946,47.45658563742014,-0.5254254419395812,FR,resize,1,185.49032850297664,0.09569473564624786,0.017081469297409058,4.466925621032715
495004361712254,16.705985016912,-62.221856779895,31.586021526733887,-111.03270062233467,MS,resize,1,5174.782577079979,0.7773001790046692,0.7429593205451965,1.5827553272247314
1116467962190839,49.234789455854,-2.1566386309068,49.23193196647637,-2.074008872046125,JE,resize,1,6.0079917971570795,0.44281306862831116,0.332670658826828,2.5989580154418945
799261197806429,13.04112461881004,7.584578150427974,12.605543422531039,-5.86977044070235,NG,resize,1,1459.3761860529514,0.3182573616504669,0.10726499557495117,2.55889630317688
375892980333603,53.800018986142,19.066495869964,53.51340282973129,19.226329535996644,PL,resize,1,33.56553827032603,0.47099560499191284,0.35131552815437317,2.416440486907959
216735996617694,-51.729168266578,-59.221494505424,64.286390949379,-20.702683347703996,FK,resize,1,13322.006410629981,0.9909728765487671,0.9833559393882751,0.06059666723012924
122836676470530,19.317250203375,-81.382868299519,17.29751623416871,-88.47735540236779,KY,resize,1,781.795745198301,0.9986515641212463,0.997909426689148,0.011984932236373425
864991334054817,22.630694715979,75.815649968185,5.320815694203621,-3.71216253085611,IN,resize,1,8706.979937027947,0.6107538938522339,0.46871352195739746,2.092892646789551
303472461226103,30.448379399773,-91.249052345819,27.897199045864628,-82.60344863858663,US,resize,1,885.7362902182506,0.33558642864227295,0.19897302985191345,3.238644599914551
751120052245249,18.306901319254,-66.036105758042,17.477613547443458,97.00660680595195,PR,resize,1,15625.149596814346,0.8117886781692505,0.734841525554657,0.9048585891723633
618094669584037,1.0592725919843,104.01250864856,1.0964344003830122,104.06973453147651,SG,resize,1,7.586267465443656,0.16966485977172852,0.04964141547679901,4.477532386779785
204293011757830,15.079993126144066,39.21687884094408,-14.42372317513671,40.32951509081216,ER,resize,1,3282.943758344844,0.6769569516181946,0.5557377338409424,1.5412434339523315
2928508607437195,37.840107608369,68.802462308142,38.57630171528477,68.8179612245886,TJ,resize,1,81.87224944496789,0.8403374552726746,0.710914671421051,0.5853769779205322
1371451869918489,3.6333328691599,72.957712473483,-8.673981228661022,115.10704412563675,MV,resize,1,4869.158797472483,0.1701870560646057,0.07728871703147888,4.278099536895752
215955796651386,14.063525259413,-83.397823687399,11.78089117331476,-86.43214839067183,NI,resize,1,415.3939384284384,0.4457317888736725,0.35461869835853577,2.6114416122436523
137850255541406,24.545211603122045,88.5941532347436,23.817155859694875,90.36470690212556,BD,resize,1,197.00125367610664,0.8332711458206177,0.6823450326919556,0.53328937292099
300676795037037,47.54022479277,18.649560765963,29.665874595708345,-98.46469494348868,HU,resize,1,9383.485185803025,0.5834407806396484,0.5230749845504761,2.291217565536499
758419548202670,56.459896994613,24.509987996003,56.956327199381086,21.919291361488586,LV,resize,1,167.4698032925484,0.42902299761772156,0.25250524282455444,1.903128743171692
234036278489604,30.859288137504,35.983036655163,30.429038453835368,35.67674981728576,JO,resize,1,56.10150978665181,0.4357105493545532,0.15799540281295776,1.3962974548339844
1877580812408950,8.2904185166376,-13.160532748623,8.275521136193117,-13.172331928864903,SL,resize,1,2.1046800788528426,0.9071128964424133,0.8409915566444397,0.395274817943573
508516997178857,-20.44017415751,57.716929198138,14.620434285156023,-60.99563707211949,MU,resize,1,13519.473702268035,0.9772615432739258,0.963749349117279,0.1362655907869339
2476936639119646,-17.187994442004,145.88923082343,-17.443358928516574,145.88290677060132,AU,resize,1,28.403170199624995,0.9407580494880676,0.884714663028717,0.24264343082904816
170299241727097,29.609911657314345,104.99307446089506,30.237421270920667,105.3101431903508,CN,resize,1,76.1731590686375,0.9999630451202393,0.9999582767486572,0.0005816576303914189
297845861929140,19.00823988924,101.48346297652,18.510437183934062,-96.92333240790556,LA,resize,1,15384.46250690931,0.3783763349056244,0.2672771215438843,2.3846981525421143
322702535907825,20.283683791944,105.67522750563,44.63945011581532,20.521557114580506,VN,resize,1,8066.545862122914,0.13210240006446838,0.013463892042636871,4.57905387878418
787272635685450,4.323621691762423,18.511948154254057,1.8301581249963004,32.794988500056746,CF,resize,1,1609.8297749870317,0.7976461052894592,0.7634565830230713,1.385308027267456
173788081866624,59.75612769558473,-127.47179840177547,56.97591581180569,39.207303394398956,CA,resize,1,6982.281064573309,0.13920263946056366,0.08523210883140564,4.554505348205566
233747548461554,9.3263006266193,2.619361832951,6.381387704731957,2.4039755019062206,BJ,resize,1,328.317526064805,0.5303853154182434,0.1693342924118042,1.187726378440857
765041667535640,-33.099247370966,-56.459447149244,-33.172879111975135,-58.12506172304827,UY,resize,1,155.302737849492,0.8240875601768494,0.7823509573936462,1.069310188293457
296876208707767,35.337232736933,0.33737085013529,35.52924669648762,0.12774897607135174,DZ,resize,1,28.57542727007715,0.7859669327735901,0.6907224059104919,1.0209213495254517
5220870694689924,13.010537169214352,-15.781125774925767,12.997279238968844,-15.50866560653612,SN,resize,1,29.556021483942672,0.8708992600440979,0.8116418123245239,0.5490574836730957
490774565689974,13.06406278563,-1.087121270677,12.446743432148692,-2.0052063190107248,BF,resize,1,120.9351474387294,0.5619473457336426,0.30051136016845703,1.404536485671997
218599310068075,-21.24302439442,55.333436310069,-20.92502989382336,55.42261643544683,RE,resize,1,36.54988526399881,0.8723788857460022,0.7902420163154602,0.5311558246612549
174969884519406,46.737187807587,8.3987859932934,47.54693360693907,13.270784461385238,CH,resize,1,379.25320239240756,0.7985849380493164,0.7457563281059265,1.0923875570297241
581849006299222,-16.292466257509595,167.67474403169504,-15.454951439847326,40.55697488290806,VU,resize,1,13222.797003950567,0.09946099668741226,0.002713426947593689,3.912095785140991
514194699740537,49.025633194136,19.779030185528,49.11257812531936,20.05579893634797,SK,resize,1,22.36039934128248,0.24561287462711334,0.04982590675354004,3.190178394317627
1636152166570934,13.748349438255,109.21278035386,11.364275223092699,105.31817722999061,VN,resize,1,498.9197838069975,0.48716720938682556,0.4161420464515686,2.815093755722046
810831549638249,38.371680067627,71.17919493021,37.45837500179696,71.70019808275826,AF,resize,1,111.36505695070505,0.9960749745368958,0.9926007986068726,0.028325654566287994
126986893262506,9.535228699145444,138.11777436553538,5.018943992999668,156.45816761308248,FM,resize,1,2083.6634638925207,0.9993509650230408,0.9990851283073425,0.0071925027295947075
355702972637605,13.535688328213,-8.1000075739741,12.501515663446673,-5.826979651988551,ML,resize,1,271.77545697562704,0.9806252717971802,0.9712002277374268,0.13349470496177673
939211946839909,40.900998111452,76.418995914539,54.051844992340925,26.55382819994413,KG,resize,1,3925.909402771628,0.3758179545402527,0.20397372543811798,3.2525947093963623
211629123827045,6.1356720399309,-3.8436536027728,6.808206509900944,-2.6715637397057392,CI,resize,1,149.54069796891542,0.3861773908138275,0.043605685234069824,1.6565594673156738
696540331416062,44.87397500000002,15.571799722222226,45.15646349659684,15.012292940851864,HR,resize,1,54.04561043044501,0.2256692498922348,0.0008330494165420532,3.049351453781128
942512046483923,57.98102591119,22.153417844629,53.94971219283407,24.220016458229786,EE,resize,1,466.2910680958982,0.420409232378006,0.2665259838104248,2.4593231678009033
1794577467377638,2.2867934802243,111.96866392671,4.235075905141948,101.70149045661393,MY,resize,1,1160.15492885709,0.3240644633769989,0.16554318368434906,3.4326279163360596
569520134014537,45.631513310144,14.917895762855,46.44387853510012,15.186739869524137,SI,resize,1,92.6837959756956,0.23995886743068695,0.06738585233688354,3.37587571144104
759618951395520,13.918783401918,-90.820453412238,9.583426553418988,76.46743256176117,GT,resize,1,17049.205450145226,0.412066251039505,0.2936532199382782,2.8315951824188232
317414069756073,8.849591446096811,17.846700004099304,12.445523468154182,-15.4444057769646,TD,resize,1,3657.5166749317737,0.4881685972213745,0.3027550280094147,1.6344876289367676
310132177165029,32.35614104026,15.078246874263,35.95651831549847,0.36539976780063016,LY,resize,1,1410.114679563089,0.737105667591095,0.6121481657028198,1.092585802078247
378106816842746,47.677672060857,2.1491709666626,47.746238154116625,5.671869516426841,FR,resize,1,263.65018830827677,0.2300887554883957,0.13334780931472778,3.7845208644866943
974285533334788,1.987119011826,-157.37182088346,17.398731513292024,-88.37175647584408,KI,resize,1,7714.942562752715,0.9754158854484558,0.9656152129173279,0.16148826479911804
186014066630410,-0.26584500006505,29.929660585315,-34.619187919074214,150.7417080186359,UG,resize,1,12761.245963148142,0.14244690537452698,0.008711308240890503,4.491008758544922
2045346162308378,6.372858133743794,2.3062901826009594,13.068625789811204,102.9459514500691,BJ,resize,1,10990.274380519993,0.2712395191192627,0.10277681052684784,3.3740062713623047
1172091903236601,49.476195621557,-2.5778975923381,49.520925853958055,-2.140762877802185,GG,resize,1,31.9581240536716,0.9998020529747009,0.9997487664222717,0.0025987005792558193
1148818178927460,38.977689066483,-8.2445481523452,38.65628522651914,-7.84752322928801,PT,resize,1,49.60247550940939,0.3898155987262726,0.27982938289642334,2.750117063522339
1222613584876307,17.370666616194,-62.748620435823,-34.49129459755062,150.85163885583069,KN,resize,1,16180.335549167094,0.8348633050918579,0.8086623549461365,1.0255123376846313
2874363389509925,1.1429664809873,33.846541381524,1.0683914410051925,33.99222597135566,UG,resize,1,18.19576139669167,0.9983910322189331,0.9976107478141785,0.016585752367973328
472676697278023,-11.651270507603,43.263829479505,-12.764932532969741,45.18338432155596,KM,resize,1,242.59934983322503,0.9679027795791626,0.944312334060669,0.17435070872306824
229441082274343,16.133435457207,-61.769410665445,11.144523370031559,-60.80544821555429,GP,resize,1,564.4294996849347,0.783774197101593,0.7365467548370361,1.1510696411132812
588131552889375,-30.701177534770288,-55.134334723553735,-7.0980388880384275,-35.58962392563761,BR,resize,1,3321.144456922163,0.7734082937240601,0.6315537691116333,1.02032470703125
282418593597680,-15.111719223373,167.09145508574,3.364439579042237,155.40854117679658,VU,resize,1,2423.9826606214488,0.9084705114364624,0.8552730083465576,0.37917041778564453
979772486214909,34.1336148881033,136.00098041765338,35.42229383038725,136.52101732762733,JP,resize,1,150.96014777204024,0.39187321066856384,0.27585285902023315,2.4376723766326904
3774979212627875,-14.866355003204,34.792262380462,13.55889674777236,79.20136314884752,MW,resize,1,5819.286355930018,0.32501280307769775,0.24564296007156372,3.077296257019043
426972879607348,-17.525550986516745,-149.84053510202472,5.381561552971593,158.32156409842054,PF,resize,1,6233.251665593489,0.33246445655822754,0.010896563529968262,2.097182512283325
1689362237932062,13.800606381009,-88.316570230116,13.80391928007997,-88.30619432975192,SV,resize,1,1.1794370786704262,0.9528977870941162,0.9367466568946838,0.32393887639045715
1166613090443646,50.253231893566,106.33993531955,43.57134501672082,-85.42190914661856,MN,resize,1,9520.141140459331,0.0541476346552372,0.01353580504655838,5.73689079284668
420134173638637,-10.810393821363714,31.731146261210167,-11.88981980928331,30.68805397967923,ZM,resize,1,165.3414534098336,0.9916080236434937,0.9882070422172546,0.06479433178901672
474713760445897,34.526350993866,69.196344342811,47.014732326484896,28.812596729114787,AF,resize,1,3624.4576897364823,0.6477533578872681,0.5490549206733704,1.89207124710083
506851794060092,43.177582319251,19.311856309232,44.39611182406229,20.799432910359695,ME,resize,1,180.59858277000217,0.2537504732608795,0.15934553742408752,3.689699411392212
2995572500661892,38.898518256485,16.523049856494,40.13187426506422,15.876553122133107,IT,resize,1,147.93029835723752,0.17867344617843628,0.11666188389062881,4.189255714416504
115961117883320,28.43217928695932,36.51346701072073,32.98221683201309,10.498495002421738,SA,resize,1,2531.2101725456196,0.527213454246521,0.41476231813430786,2.236999750137329
1007571866714652,55.571514078836,10.350650482308,56.66753986178052,21.361085223970697,DK,resize,1,692.507771672843,0.647121012210846,0.5304560661315918,1.7439388036727905
1174895919599539,20.052558993471,103.35914721659,19.839211984509372,102.11395745709781,LA,resize,1,132.2973146378685,0.30163538455963135,0.0642041265964508,1.8997509479522705
912812452874701,-11.627287351809,43.262280127651,-11.712964108303773,43.434627256015126,KM,resize,1,21.04749512792099,0.9270908236503601,0.8767322301864624,0.3307052552700043
173416451344450,35.019561811666,33.986374163354,34.74685375260854,32.45463834850299,CY,resize,1,142.96900430093424,0.8952379822731018,0.8487095832824707,0.5482102036476135
1449896788674967,-5.4217682185916,141.29314063475,9.894660399128513,-84.1670406158838,PG,resize,1,14984.43059846,0.5254785418510437,0.48930639028549194,3.2032852172851562
232511111978904,-34.065025583843,-55.656389079107,-34.33721387884676,-56.18069340703096,UY,resize,1,56.92979714258114,0.7040548324584961,0.42291581630706787,0.7139894366264343
1109815899545804,24.996104447036725,51.03225264110503,24.988964913159226,51.166329168152195,QA,resize,1,13.535927871191241,0.6668378710746765,0.4653282165527344,1.1258805990219116
736517197023313,6.5599786208778,-4.9915528001493,5.268444264181354,-0.7708010929296565,CI,resize,1,488.40794258523255,0.48079267144203186,0.3829593360424042,2.2331700325012207
456214902348496,19.610685333333,37.215206138889,13.253824387101258,-8.8862394331677,SD,resize,1,4953.04983939054,0.6108086109161377,0.5227192640304565,1.7991163730621338
345208620288312,19.224700165467,-69.390303678979,10.093698212413477,-83.5889643548455,DO,resize,1,1832.2592008399272,0.13969849050045013,0.062019869685173035,4.480619430541992
1468811220266965,7.362390601198927,134.50483736055023,34.79928848829061,134.4309482846135,PW,resize,1,3050.8532113839765,0.894982099533081,0.8727949261665344,0.7474148273468018
308427384185327,35.884648502247,14.544820145722,35.847084675080275,14.481457910689233,MT,resize,1,7.074370952127794,0.9804009795188904,0.9678897857666016,0.11668066680431366
395740224747116,6.5139480425193,2.6483266181429,6.210194741865413,1.1673688448722346,BJ,resize,1,167.10952437242614,0.9013236165046692,0.812615156173706,0.36854708194732666
1432327937141676,13.459201505715,-14.688767601582,-24.585191691652337,-56.41386997287789,GM,resize,1,6195.9925473320645,0.2625579535961151,0.08493420481681824,3.1802568435668945
1797066053813454,45.212729270223,20.36112097384,44.83060531080438,19.78102187909994,RS,resize,1,62.32331584949467,0.8048880696296692,0.7825433611869812,1.3611643314361572
4182076221831792,70.667211583155,25.389289533957,39.872930264882115,39.08202053393481,NO,resize,1,3512.992678900193,0.3286760151386261,0.16453513503074646,3.1188464164733887
3450481218541153,25.63903018538021,51.51003081357617,25.367847113795012,51.46178657983961,QA,resize,1,30.54042502720529,0.9305970072746277,0.9014301300048828,0.38843274116516113
881754115706919,18.443691037533,-64.642920411564,-36.85096822173963,-73.04727375480132,VG,resize,1,6211.445239419944,0.7419841289520264,0.6344731450080872,1.3332871198654175
512504643106571,-51.848040759038,-58.223206369416,-28.135626300401228,-56.76755402936721,FK,resize,1,2639.4838926271414,0.2760104835033417,0.12033098936080933,3.3378665447235107
172855664661959,10.37149331328,-12.099479736597,10.129164801608631,-14.12197601833034,GN,resize,1,222.9358632454575,0.9997087121009827,0.9995923042297363,0.003123437985777855
833358057538383,78.076451987378,14.16217603674,65.62016972868761,-23.38807535549568,SJ,resize,1,1835.3448723356776,0.988716185092926,0.9814214110374451,0.0814635306596756
214810390166469,3.5846135120697,23.723674547511,-38.47056975136885,177.9230120671037,CD,resize,1,15337.790084285267,0.4095095694065094,0.34247395396232605,3.4595580101013184
562840304708452,46.225408646208,15.611350197474,46.47904645756775,14.372518958272423,SI,resize,1,99.1729536832473,0.13140396773815155,0.0250680074095726,3.672128915786743
817268602327565,-5.9419482354293,29.161401435445,1.7628630735985737,30.324222969099573,CD,resize,1,866.4106462775197,0.3940325677394867,0.11892515420913696,2.668558359146118
1034524170413490,21.467073188908,-71.131572461898,13.149312697829822,-59.04468505471977,TC,resize,1,1580.3787802270265,0.5191642642021179,0.3019804358482361,1.3501651287078857
1856356164529190,14.123830049658,99.400519963042,16.983125208289646,104.81474540056735,TH,resize,1,661.3377329769642,0.26061543822288513,0.014338001608848572,2.4768621921539307
478137076746783,18.362805634492,-88.435381772096,17.523565202029875,-88.30096504749626,BZ,resize,1,94.39638287058992,0.9995317459106445,0.9993476867675781,0.004981644451618195
498318618261034,41.404988775836,21.780395818511,39.87045481564314,24.339420782150924,MK,resize,1,275.18824755380325,0.29608920216560364,0.11881116032600403,3.234090805053711
2934584883419749,40.95347805494,47.883005000971,40.766457856546566,48.714811676623604,AZ,resize,1,72.978501403431,0.9762559533119202,0.9727444648742676,0.2266359031200409
928316151288980,7.1879551740757,2.0018755441177,6.5311233037196565,2.621689074698096,BJ,resize,1,100.08237783098993,0.9835769534111023,0.9788963198661804,0.133503258228302
684315855630498,-29.405735807316,27.816853497845,-29.401143974821856,27.634760287894,LS,resize,1,17.646988337693625,0.7876136302947998,0.6974605321884155,0.8006790280342102
186849946625100,14.753512333683,-61.142985518229,9.828683872239198,76.47044931327187,MQ,resize,1,14602.480914987524,0.3461429476737976,0.10148915648460388,2.7206623554229736
963176671141156,18.09268978577508,-15.935383158508005,34.80157309328804,10.746244903479854,MR,resize,1,3224.0811341635836,0.26415666937828064,0.0323273241519928,3.3552327156066895
300283158416232,38.131370007974,13.274583161259,38.07560105756679,13.233800648434144,IT,resize,1,7.154639673637275,0.5434026122093201,0.435968279838562,2.006593942642212
1247260492372230,-2.4010827279028115,29.579609392792413,-2.210616820445791,29.701274786895663,RW,resize,1,25.12507245518101,0.8788310885429382,0.8388861417770386,0.6109938621520996
4176262119093022,14.688978023377,-91.548589043217,14.676654026138932,-91.5557684893023,GT,resize,1,1.5729811823288524,0.9458587169647217,0.925876796245575,0.3469257950782776
2762253127421121,2.0297128301047,45.335734728401,14.744691637976588,-17.32406022216132,SO,resize,1,7013.186074499675,0.5014269948005676,0.37327176332473755,2.6452741622924805
225659908904821,25.948880833757,50.588428667013,25.881480681580417,50.49402754258902,BH,resize,1,12.054373504693658,0.7410699725151062,0.5454517602920532,0.8799588084220886
149923280750483,7.361847187159381,134.51969303436232,14.575014196769155,-61.005745299517976,PW,resize,1,17034.883647065963,0.7786555290222168,0.6537407636642456,0.9548348188400269
190898982868748,55.795733000622,26.378530002305,58.62286088758119,22.641365263169327,LT,resize,1,386.490473582538,0.5243208408355713,0.41569390892982483,2.0764291286468506
186306836702993,38.679684725081,-3.0625683543611,37.76509368487824,-5.149934145637133,ES,resize,1,208.77897592119902,0.3518206775188446,0.19989703595638275,2.7145156860351562
1146877169153705,18.59342674547,-68.388033766711,21.094314939158313,-101.62788206575382,DO,resize,1,3481.5808985909916,0.0899064913392067,0.017078548669815063,5.239727973937988
950737242436239,10.385183082561,-0.78958324298512,10.534647019837864,-0.6292813888917986,GH,resize,1,24.15495415329696,0.9998188614845276,0.9997179508209229,0.0021551204845309258
301977051516569,58.706895821146,13.896556360307,63.84555111936927,20.258750081193337,SE,resize,1,664.1826972816566,0.3069690465927124,0.11874048411846161,2.663074016571045
898624280682585,49.458533172147,-2.5981886348273,51.77855802050888,-4.872191925923917,GG,resize,1,303.75765665493867,0.9568313956260681,0.9537867903709412,0.36137324571609497
469891447444920,16.804499980025383,53.27984729115688,17.19120407556649,54.16059549243725,YE,resize,1,103.05555197802111,0.6433603763580322,0.4207536578178406,1.1816048622131348
530606458102780,11.557031237126,43.092310521315,15.474813550979961,-23.42502600059649,DJ,resize,1,7177.833396369966,0.2196761518716812,0.06144633889198303,3.1404061317443848
310840073886034,-0.84581588834853,-80.17844601219,-1.1851159230155102,-80.75301445027377,EC,resize,1,74.18866429136281,0.9110043048858643,0.8929294347763062,0.5772984027862549
477881999969065,24.946444828187,56.186213387143,23.066937279203156,57.80112586127128,AE,resize,1,265.671773806457,0.518534243106842,0.38538700342178345,1.9494086503982544
494687355014866,15.351932577531,-61.256287052693,15.383609858447556,-61.17040684464465,DM,resize,1,9.858712974436125,0.953019380569458,0.926440954208374,0.2569768726825714
1443285099355563,16.555627302292,96.198597103646,13.952209244171462,100.72586171703546,MM,resize,1,565.352265665367,0.49125078320503235,0.1292489469051361,1.078913688659668
4104851466266998,50.070544187764,5.8458119238789,53.070551320895106,6.281938626427043,LU,resize,1,334.9428064625011,0.17632625997066498,0.10323496162891388,4.49544095993042
1896496400517870,13.223609624878,-61.268552428199,9.108871906234265,-82.91765358035681,VC,resize,1,2404.528227861525,0.48415958881378174,0.41689610481262207,2.804335117340088
1077942902611364,51.861118010498,-1.6602529488605,57.08861327564394,8.904467291244998,GB,resize,1,894.82649312934,0.3610536754131317,0.3015325367450714,3.292083740234375
1365414380506403,21.476737171908,-71.132920671407,17.196459125096826,-62.43633113090234,TC,resize,1,1028.7922125979255,0.5503493547439575,0.34605708718299866,1.2038507461547852
275646330919906,47.355981665822,13.66278897535,67.57754018922283,23.874571813855297,AT,resize,1,2322.8072423819026,0.33877623081207275,0.1881665140390396,3.176414728164673
4085345498214305,54.3204660444997,-4.449369579381132,51.219275952549516,0.49440204757240325,IM,resize,1,478.87240594930114,0.3027269244194031,0.045396894216537476,2.4737703800201416
319387202956018,36.746376386627,71.926086394726,37.02405948175874,72.00977370985717,TJ,resize,1,31.761359270035022,0.9992710947990417,0.9987085461616516,0.006832551676779985
192500316060760,8.5018456161549,-10.886196315338,8.565492340318148,-11.930151465460227,SL,resize,1,115.01525203897879,0.33527320623397827,0.10897263884544373,2.0204687118530273
469096650835409,78.165866991509,14.615773975551,65.44984898027663,-23.177434066337206,SJ,resize,1,1861.9103376186192,0.7867476344108582,0.598492443561554,0.63481605052948
204485121341585,12.133472243206,-68.277416893276,5.207564218088265,-0.8881683952498767,BQ,resize,1,7431.5355445988025,0.569320023059845,0.4967538118362427,2.0767982006073
142251097914946,62.221882069575,-7.0387447331054,62.22460318440222,-7.129948921349182,FO,resize,1,4.735869203165415,0.9993705153465271,0.9989655613899231,0.006340541876852512
5522870664422058,42.480681608263,24.806056880296,42.186088517356225,25.10685129637644,BG,resize,1,41.04104300622829,0.4466758370399475,0.22556032240390778,1.9071202278137207
911536296350418,13.531493241774,2.048401634304,-10.385778752239906,14.011850593563661,NE,resize,1,2969.0559541725997,0.3833215534687042,0.2189018279314041,2.825777053833008
217953836457406,10.205301098661,-14.000220074778,12.878511787005602,77.61603008293807,GN,resize,1,9928.355529594623,0.29867786169052124,0.0712786316871643,2.6007237434387207
2915873148627226,47.806436500583,28.717659500757,48.20164805012249,28.21996068297729,MD,resize,1,57.46511726321151,0.9657435417175293,0.9442151784896851,0.1991497278213501
1383220612042284,40.713663160769,75.04503308282,41.314330717397105,-6.841347141907504,KG,resize,1,6590.624849546004,0.3189624547958374,0.09016348421573639,3.356578826904297
966259830868758,43.623138586006,18.908434254799,44.58900234422029,8.420162712947386,BA,resize,1,843.682134075627,0.15880781412124634,0.044186532497406006,3.6962029933929443
216904886576725,-17.609749712456,168.24322430001,-11.41239939139115,-171.78006411540053,VU,resize,1,2256.301811852849,0.8953349590301514,0.8661109805107117,0.6467185020446777
1083924499211873,-15.604998425967928,-54.3918257160871,-24.37803742408743,-53.8853794957216,BR,resize,1,976.9479129389937,0.47519001364707947,0.23378562927246094,1.8579473495483398
515495726108152,-21.626125276138,46.991186348236,-32.82891030640602,27.982941555610356,MG,resize,1,2248.751162315942,0.2821606397628784,0.02228158712387085,2.217823028564453
995843031248300,0.35769064003091,6.56005755347,13.847066870087573,-61.018490053022475,ST,resize,1,7580.4001513459325,0.680787205696106,0.5592246055603027,1.233471155166626
868028680411287,33.75473452141,35.539565617947,33.903256962865626,35.61239786233573,LB,resize,1,17.832628515950827,0.9761571288108826,0.9687259793281555,0.16616737842559814
497044088003103,39.80104505168,3.0309963190024,39.85517695664157,3.1075799061248004,ES,resize,1,8.888176436928516,0.6048387885093689,0.3012414276599884,1.1106442213058472
763955694314654,46.724388793399,10.079801957807,47.173686740322985,10.229024469455458,CH,resize,1,51.227588108252625,0.3650924563407898,0.153139129281044,1.9958175420761108
933520784110620,12.510164810275,-70.009077685586,35.11969947686223,33.354668374199505,AW,resize,1,10389.727350692563,0.4540814459323883,0.05502408742904663,1.4903368949890137
4220821467968709,8.70139122196,80.590505170341,8.173152486648798,81.43273014491231,LK,resize,1,109.68929176308451,0.9996888637542725,0.9995748996734619,0.0035274536348879337
472361870697782,26.020756253761,50.623130115609,26.034438295466824,50.610958685673424,BH,resize,1,1.9477119126778484,0.643747091293335,0.4427366256713867,1.1975284814834595
658902925214070,22.641060199825,-79.087651499584,23.113279687026505,-81.97660860286902,CU,resize,1,300.58475504532885,0.2539673447608948,0.09051424264907837,3.5289647579193115
1183079165486550,-5.70834515155,34.761777557018,18.007567640061094,104.38819699633798,TZ,resize,1,8075.054630690508,0.4216642379760742,0.044187575578689575,1.9067282676696777
296065025397911,34.897985568931,32.528909790104,34.893670413753455,32.410815898475796,CY,resize,1,10.78100577408505,0.6319617629051208,0.47054076194763184,1.2942626476287842
298824355069041,42.200225487404,21.258956694741,42.77147994906406,22.091407639963453,XK,resize,1,93.24301311820545,0.6060675978660583,0.5313035249710083,2.1541733741760254
111691027649131,-22.530138328473,-59.8361857055,-24.532012590039876,-56.62091461455667,PY,resize,1,396.2015803783763,0.8135822415351868,0.7851129770278931,1.0768158435821533
752480212123625,49.471066330606,-2.5339439207361,49.49463330891631,-2.1986318195015944,GG,resize,1,24.36447371958422,0.644586980342865,0.5056473016738892,1.3381624221801758
1074377829753053,-6.7022282025878,-76.214917225524,3.060160687033826,-76.54558135083582,PE,resize,1,1086.14849176599,0.9217397570610046,0.9033389687538147,0.48565125465393066
525641785107823,50.160224002237,6.1091880533415,49.898550150307436,7.004681036621084,LU,resize,1,70.27221494216542,0.18958686292171478,0.09388111531734467,3.8073606491088867
226167275508563,15.49826792628,-61.465568794916,15.587620860601554,-61.427470868457355,DM,resize,1,10.741211276230905,0.8790491819381714,0.8404074907302856,0.5899364352226257
148887153873411,5.2121780980173,-52.75060936262,-37.88876163716331,144.8694518856548,GF,resize,1,15967.216436643837,0.675685465335846,0.6322770118713379,1.877553939819336
303850827922633,-34.01092105809,-55.839634214304,-34.139848959251985,-55.88872587479538,UY,resize,1,15.03224441095182,0.984931468963623,0.9742498993873596,0.09799237549304962
311706737236449,50.868855073513,8.8221774508729,56.2972017040729,9.450627026564323,DE,resize,1,605.0215909692106,0.2678748071193695,0.19280973076820374,3.783703327178955
1416886515315835,8.139352166375,34.375065339482,8.366783083292479,34.54414638738156,ET,resize,1,31.39639693238057,0.9815523028373718,0.9707221984863281,0.1266789585351944
178330404153531,-21.691747493695,-64.656846311167,-17.52088038844625,-65.95058271617738,BO,resize,1,483.16099696785784,0.4461269974708557,0.3044653832912445,2.0612618923187256
218036349822435,41.14963208511,20.008913305496,41.27282272065354,19.856692048987043,AL,resize,1,18.702360049212317,0.5668908953666687,0.41102591156959534,1.7949501276016235
2882903775325778,69.217437476679,-51.098566140502,62.130173134471164,-6.839192374696705,GL,resize,1,2117.2823417473915,0.23604737222194672,0.03230978548526764,3.5641798973083496
459460818448144,27.426607200988,89.643491444303,-6.6605268145948635,106.55781400857379,BT,resize,1,4204.275296726225,0.6510264873504639,0.498615562915802,1.5635430812835693
309590514053514,-21.85770610861,165.95185481884,-35.165272663250214,173.42180808541568,NC,resize,1,1648.5276546553325,0.7039040327072144,0.6181325912475586,1.5147342681884766
179548807357974,23.005385103705,120.43121323661,24.722115143364125,120.96225852211717,TW,resize,1,198.38203478492125,0.4532262980937958,0.270062118768692,2.1931040287017822
528726041469936,3.6332857552313,72.958318596822,8.050452176156899,98.72047606888442,MV,resize,1,2890.7915192001824,0.2142021805047989,0.06514862179756165,2.7388949394226074
568831498116619,24.732585867741577,121.74077955053384,24.712853356018876,121.8125920419173,TW,resize,1,7.57788977628938,0.4715466797351837,0.26074090600013733,1.6700749397277832
871486690248300,-19.804021310365,-63.993881510197,5.543224304546804,-73.55392867074575,BO,resize,1,3006.219603708425,0.6715570092201233,0.5910798907279968,1.896313190460205
380042953234728,-19.161161992074,-64.572161532541,-24.820632150990704,28.367502651297652,BO,resize,1,9408.972311650696,0.30246701836586,0.09902286529541016,2.5503954887390137
368884091223603,35.755508707073,53.366090359346,-26.966400198863994,-71.10652659366426,IR,resize,1,14722.716280196473,0.7587064504623413,0.6892038583755493,1.2996225357055664
512716496579771,12.164080960014,-68.283956526724,32.34118529256765,34.89386518463288,BQ,resize,1,10489.415868349352,0.28613290190696716,0.10162368416786194,2.925776481628418
485436899323868,65.609323761209,-37.633778515025,64.7348700079177,-14.293298115689089,GL,resize,1,1087.751490210873,0.5269901156425476,0.33157801628112793,1.571927547454834
172629294662585,48.532451875231,17.496813301999,48.987512331577406,2.883110194634681,SK,resize,1,1070.7408625766534,0.09888205677270889,0.0004390329122543335,3.9436941146850586
506770377649958,-12.679904697999794,45.08466359942028,-12.820249998298685,45.148772419564644,YT,resize,1,17.084460947588603,0.2158297449350357,0.12563928961753845,2.9344277381896973
265103101980958,14.721827633666,-60.947724527678,41.79599933221232,44.884776865769176,MQ,resize,1,10181.814023206802,0.20627717673778534,0.06193371117115021,3.6886260509490967
517013032790983,42.403345896483,44.64336095767,42.94365781264368,44.6920905557441,GE,resize,1,60.211876544604216,0.9769307374954224,0.9672180414199829,0.15571510791778564
825755764959780,20.340364998941,-87.352869999803,42.251343467235486,-79.99541213471967,MX,resize,1,2532.164892659438,0.09026939421892166,0.016651399433612823,4.697399616241455
3799534356839064,60.209940286403,20.246918494907,60.2415529226331,20.031445174040435,AX,resize,1,12.40632118554389,0.5868389010429382,0.4426122307777405,1.674849033355713
134126825414739,38.270282754345,61.711075339758,38.736064536653394,58.51018418945011,TM,resize,1,283.29425374873597,0.6176766157150269,0.40509092807769775,1.4194473028182983
1397623030665407,14.493780516069648,-88.97344682800627,14.421724931463578,-89.15915289923613,HN,resize,1,21.54115174606432,0.39009982347488403,0.013024061918258667,1.4741270542144775
170949221611851,33.305143801504,126.28817369339,35.70937818112264,128.92725527979377,KR,resize,1,360.4486084244391,0.9456450343132019,0.9296815395355225,0.38619422912597656
978428179365285,33.705735440434,51.794214966505,39.84231456620766,-119.01312396080856,IR,resize,1,11782.488991217837,0.18028880655765533,0.1114160493016243,4.5659050941467285
333013904838174,32.340904308709,15.105537141291,30.092991608197288,31.339544235167722,LY,resize,1,1562.2966892794689,0.43241429328918457,0.2466856688261032,2.2750885486602783
248513507027667,5.6150523860158,16.240852825971,-15.447665290691152,28.25057961529832,CF,resize,1,2689.802609943132,0.10699191689491272,0.019838377833366394,3.796170711517334
237495388152862,-11.621236170917,43.26262853229,-25.555227470279302,-54.621113898051334,KM,resize,1,10226.177165739306,0.4174376428127289,0.294789582490921,2.1269760131835938
3042776155952353,18.400872724367,-88.464242712832,16.821773770576833,-88.426721100638,BZ,resize,1,175.63281406602263,0.9560448527336121,0.9122282266616821,0.1816750019788742
487380732512751,4.8184532,114.77786780001,5.457945831970317,100.47574804411819,BN,resize,1,1585.4863392320322,0.29278185963630676,0.22527259588241577,3.9620378017425537
290265362649999,26.177525761353,50.383620514714,24.4234371123937,54.56480550762979,BH,resize,1,463.3390180464476,0.5453124046325684,0.3387536108493805,1.6541869640350342
482049282914438,7.5885792292079,134.59098074356,5.409415500066725,100.25181197138393,PW,resize,1,3800.5432110956563,0.5811827182769775,0.5007572174072266,1.953490138053894
225571855612889,46.763350531273,-81.597671294692,46.244236224749535,-78.73673440696425,CA,resize,1,226.4310882637166,0.6102126240730286,0.35185253620147705,1.2308640480041504
4804926129529176,15.24531506432567,-14.593708973874378,11.122537808961198,-0.921249778978787,SN,resize,1,1549.0693458949186,0.48199859261512756,0.3689645826816559,2.813660144805908
369883598351184,-20.367575551703407,57.57618979619237,-34.45008989043551,150.84185394664806,MU,resize,1,9029.936872548822,0.23640261590480804,0.10762894153594971,3.4895503520965576
4121896524538487,24.635513307941,-76.169569569,37.168142734234344,-8.790140276144442,BS,resize,1,6445.41476667584,0.13294799625873566,0.02537805587053299,4.195035457611084
3863471930446023,-17.111944610128667,15.757158787596603,-16.282022201480245,16.400101925271496,AO,resize,1,114.91420626369361,0.8825684785842896,0.7931874990463257,0.5675064325332642
300728688257104,30.395743312589,35.487349115709,30.31030488263637,35.6529533311062,JO,resize,1,18.513680448233952,0.8341657519340515,0.7187983989715576,0.709250807762146
1126228627789114,50.981438273289,3.9109549608118,47.15310180178585,-1.5838461748663042,BE,resize,1,584.0299718861189,0.2867916226387024,0.2433302253484726,4.2590861320495605
549637092752676,-14.934793656692474,13.483762083058584,-8.929099460306627,13.336188919050722,AO,resize,1,667.9954869991308,0.8669805526733398,0.8054662942886353,0.5481953620910645
1003284990411465,12.059176169795167,-15.322303903822672,15.733043027911302,73.77529518157834,GW,resize,1,9551.787716958484,0.6990544199943542,0.6493040919303894,1.8028154373168945
549574962737771,14.061193852760738,-84.04279947361962,14.177700327180501,-83.89240312519901,NI,resize,1,20.757081416765377,0.8069958686828613,0.7008063793182373,0.6853368878364563
542559790066195,33.009983226586,35.680040403337,38.4159700120109,27.075280530804648,SY,resize,1,981.5066819163428,0.29008299112319946,0.1361875981092453,3.163172483444214
265445685298888,13.004017262133,109.35894392193,21.680105134832058,106.67847381689975,VN,resize,1,1005.7134513275877,0.877077043056488,0.826069176197052,0.6010379791259766
1444159855929152,12.212140324895,-61.65046673147,14.630527396155538,-61.02387409130713,GD,resize,1,277.3192829602275,0.7044691443443298,0.4747176170349121,0.8974533081054688
378257181042695,0.4223981532159322,9.46341740514976,5.152797552505287,-1.2511031373528563,GA,resize,1,1300.7417971393977,0.34428367018699646,0.10351832211017609,2.9025719165802
136200968757362,15.043474943211962,-3.1134483369205417,10.79649962923171,-0.1872559386984962,ML,resize,1,568.8023549607867,0.39579659700393677,0.15789827704429626,2.128368377685547
533142534351766,-9.8840552815116,33.911477956503,7.315678832696242,38.720877124225844,MW,resize,1,1985.3055958953755,0.6915928721427917,0.6542860269546509,1.8993693590164185
522728752252154,41.038602463059,19.563694296348,40.94885518070878,19.600735938053692,AL,resize,1,10.452466839817028,0.6280871629714966,0.3911918103694916,1.270994782447815
758888101326263,31.637988555726,73.231186805001,33.68637818697929,72.29865559047592,PK,resize,1,243.9222452527728,0.6133993864059448,0.5419385433197021,1.9270069599151611
305757657709496,1.0675572904673,103.9646409699,19.736608152551653,-70.49013070542179,SG,resize,1,17624.016884975903,0.18079735338687897,0.10580692440271378,4.03770637512207
223281329232117,12.507939003947,-70.014398687436,35.1302814871432,33.392673903735016,AW,resize,1,10393.263831720338,0.3987942337989807,0.17618779838085175,2.3740835189819336
353672373022082,41.381628312913,22.307214335612,42.325304876347154,18.894658938728263,MK,resize,1,301.46340195273604,0.4648169279098511,0.2656593918800354,2.2757010459899902
855868761633795,18.030052213813,-63.078616758552,13.772419620360647,-60.91980202272676,SX,resize,1,526.6881478403557,0.9809907674789429,0.9713008999824524,0.13326966762542725
510341753682172,18.547859996816,-68.613997996337,27.171967733792375,-81.99634818669603,DO,resize,1,1671.217548630456,0.127712681889534,0.03510995954275131,4.541963577270508
3864898026890576,49.490894517019,-2.5725344431006,49.50285456430819,-2.2805214677465666,GG,resize,1,21.131036771556005,0.45623159408569336,0.23123662173748016,2.001227617263794
307754797548858,34.712695715026,-3.8563324324235,34.37231347923528,-3.7554752113993137,MA,resize,1,38.9597812144877,0.4230218529701233,0.02531072497367859,1.3368802070617676
446821260679124,-9.024115630183084,125.29622320893388,-6.393373443782891,-78.88709319024115,TL,resize,1,16833.528999322334,0.3884824514389038,0.22842969000339508,2.812394618988037
947185652683658,-2.3270469336559,-78.929168380573,-2.248193502202354,-78.66331505068715,EC,resize,1,30.811878523360754,0.9987531900405884,0.9980140924453735,0.011587295681238174
2947290612262244,-11.652155080814,43.263890007029,-20.92086237628593,55.51147246290971,KM,resize,1,1663.0765343853625,0.7300659418106079,0.6268182992935181,1.02599036693573
2932426006995864,12.349827079376,105.09907855331,11.162294631378785,106.38291238656721,KH,resize,1,192.27318030055997,0.9597141742706299,0.9443288445472717,0.2611945867538452
271753411301610,-18.657738465691,-174.02787918873,13.699086752476857,-60.987540298908364,TO,resize,1,12881.993190450152,0.3805930018424988,0.018903106451034546,1.8928288221359253
478264666827999,61.472372240129,-6.7939711372832,61.694676434021034,-6.73538755144213,FO,resize,1,24.91271630228636,0.9699069857597351,0.9398795962333679,0.13563849031925201
1101915547131650,-35.411992228208355,-71.29963328046824,-35.47925957036432,-71.32169800901154,CL,resize,1,7.7422416011503845,0.6825020909309387,0.5825887322425842,1.1249070167541504
3920872697958453,60.225200988406,20.059664271851,60.249723038521864,20.101588848230943,AX,resize,1,3.5763560129555283,0.6562966704368591,0.37354984879493713,1.0412648916244507
480958303108322,18.02673753942373,-15.984917957529673,16.897001681633903,-15.720740053791848,MR,resize,1,128.70813110214334,0.8989347219467163,0.8682560324668884,0.6597391963005066
477439253471149,2.1909112658474,25.247273616721,6.428955880202298,37.604618752846136,CD,resize,1,1448.6473682737485,0.4661700129508972,0.020054727792739868,1.1569676399230957
2503535586463255,5.369009126207446,163.01297824070343,0.7116339442050786,153.42080546464274,FM,resize,1,1184.058937112072,0.9999639987945557,0.9999400973320007,0.00044561128015629947
699303201033596,25.12900987620192,33.08865526570508,-25.880585688378705,32.46117719148628,EG,resize,1,5672.408616121017,0.725997269153595,0.5757835507392883,1.010343074798584
1109009986288059,-8.6876105869135,120.2374852281,-7.08475589092395,110.46181017782452,ID,resize,1,1091.3156037868607,0.7815545797348022,0.6096169948577881,0.7858242988586426
945361122882179,12.134119747509,-68.278230013563,29.11324964363099,-13.665417662258506,BQ,resize,1,5932.43036957797,0.19061900675296783,0.13682608306407928,4.057357311248779
1086140081896052,17.025256612863,-61.868698580061,17.117171897934057,-62.0297797255225,AG,resize,1,19.940660076170634,0.9995071887969971,0.9992960691452026,0.004889052361249924
2896487987274330,-8.6384264591615,125.60292428532,-8.781249501502172,125.43729649488405,TL,resize,1,24.158210166117147,0.4758710265159607,0.19837945699691772,1.7167456150054932
2579869142308862,10.34358900767,-61.458152299031,17.04976124426356,-61.80233346050529,TT,resize,1,746.6175437273156,0.46048250794410706,0.30130302906036377,1.9379606246948242
267083508462188,52.899440738443,8.4141554815178,51.48730497214432,7.670987006849315,DE,resize,1,164.98864285033733,0.10322749614715576,0.03342283517122269,4.255899906158447
135893315238976,8.7909434146234,-78.181606800432,13.94638683266658,100.75696335283558,PA,resize,1,17484.09960049159,0.15703412890434265,0.05523563176393509,3.8307044506073
150017570480103,41.50666060749,21.935799073836,18.90971225671466,-99.2018916007285,MK,resize,1,10976.961533837175,0.6632171273231506,0.6480522751808167,2.558556079864502
869032447374518,45.14353499999999,14.845183055555555,44.03429648150911,15.99265552304749,HR,resize,1,153.19540221638192,0.5690902471542358,0.40221959352493286,1.4215800762176514
919042368661061,-35.376055559767,146.26475,53.374586523710086,44.72063541977944,AU,resize,1,13809.58828213198,0.6088565587997437,0.4770568311214447,1.8802629709243774
985915661813386,-23.393263453848,44.397761247232,-25.959504336295023,32.547277847759055,MG,resize,1,1230.3904516492603,0.8640125393867493,0.7913018465042114,0.7180386781692505
670850541182018,26.0204034,51.064903400000006,25.67163166559974,51.103759063065986,QA,resize,1,38.97608836824332,0.9641910791397095,0.9514967203140259,0.2849723696708679
358677975646602,18.32970950933104,-64.95126838918696,13.156670311722607,-61.22600715878732,VI,resize,1,699.7785442719547,0.9568939805030823,0.9414606094360352,0.26568952202796936
468571217849628,27.519976313624777,114.13899685380947,27.574127699881515,113.72549004488701,CN,resize,1,41.20944448817104,0.6001192331314087,0.4099127948284149,1.5141581296920776
166033172108272,39.547581612083,46.441663046559,39.655722946607156,46.28625444187318,AM,resize,1,17.940868434139116,0.32590797543525696,0.19485265016555786,3.2117481231689453
494503958271926,65.59525777881,-23.774501108369,65.74279393228541,-23.735466522150986,IS,resize,1,16.502451716992528,0.9997580647468567,0.9996392130851746,0.0027956124395132065
912539252641876,-6.3006910051682,176.31917767142,10.10504995847873,76.21941725264844,TV,resize,1,11230.985421889854,0.5932466387748718,0.5259219408035278,2.48396635055542
528519191857396,31.419084991343,35.033717818153,31.3808596234844,35.114633083516814,PS,resize,1,8.77749618135112,0.2951253652572632,0.046874210238456726,1.7202930450439453
2693852350916149,-22.134506991871,166.34104640683,-16.853859915881706,145.6881139739942,NC,resize,1,2240.778119047486,0.2936252951622009,0.07463806867599487,2.715229034423828
943976513021626,17.310149834096,-62.711002505143,17.168622618029577,-62.32461642683401,KN,resize,1,43.948197844620424,0.7980547547340393,0.689256489276886,0.733092188835144
314603156759488,27.431221771339,89.646958499505,27.989199232338684,83.03784378145002,BT,resize,1,653.4841642850205,0.5787871479988098,0.3717499375343323,1.7832585573196411
142911821192377,18.124397901175595,-15.95930487738458,34.82912478909863,10.75085886273246,MR,resize,1,3225.538088070371,0.8800023794174194,0.8522188663482666,0.72163987159729
995608364307407,62.231154398192,-7.0203744109078,62.142123239299885,-6.977744334728063,FO,resize,1,10.143874948186419,0.7565116286277771,0.6905671954154968,1.3969637155532837
920634065161187,49.245509981929,-2.1382669508349,49.18234204548159,-2.1026902255384563,JE,resize,1,7.484241645751929,0.999332845211029,0.9991380572319031,0.007619474548846483
314870496880636,28.628362975198,48.038775336392,30.002136784162758,47.67288364858933,KW,resize,1,156.8214491954802,0.8408562541007996,0.7718940377235413,0.7723401188850403
137727984953777,-6.2967650470378,176.31787733981,23.107796821548956,89.60215244304923,TV,resize,1,9948.094127550583,0.7321110963821411,0.6621891260147095,1.386051058769226
970870010403579,1.3869451851245,173.14684137479,20.180338057798345,-87.42731568034525,KI,resize,1,10936.68191592667,0.43011704087257385,0.370290070772171,2.9035840034484863
319746332831620,37.296859809574,-5.7125450742042,37.388734569626095,-6.20479641237822,ES,resize,1,44.69916102307149,0.8785022497177124,0.7757729291915894,0.48024165630340576
3035810213314122,55.003356832716,24.139338741958,55.333407591471,24.782760042150013,LT,resize,1,54.92474213959743,0.6316596269607544,0.5255212187767029,1.666269302368164
288447642774684,-6.1571269966165,107.04394801454,-6.985083488556671,110.49182760148341,ID,resize,1,391.8331191896385,0.7642541527748108,0.6654741168022156,0.892081618309021
829997677895262,12.323432189112,-1.5533388682237,12.474770157322554,-1.0097845042539904,BF,resize,1,61.38247521098833,0.7272184491157532,0.6313117742538452,1.0834898948669434
106381768201986,11.974525625543,39.044869566531,8.104487157882085,38.4273701353594,ET,resize,1,435.605490328492,0.9338494539260864,0.8998942971229553,0.36909177899360657
305230294414376,18.451313183212,-64.558514994681,15.564944013235156,-61.442231028475774,VG,resize,1,461.27619986097125,0.693074107170105,0.6034640669822693,1.23628830909729
883910462466493,-15.648621030725534,39.34163432285212,5.982068563249449,0.6072694535785137,MZ,resize,1,4896.240566948316,0.6425724029541016,0.5674890875816345,2.34039568901062
492194012125902,46.117642,18.110710999899,45.32270073620914,-75.70747276593272,HU,resize,1,6817.4019917071055,0.7992059588432312,0.7638471722602844,1.3224514722824097
1573490059506418,18.338429999176,-64.899272406242,20.313490448043503,97.75649578055734,VI,resize,1,15319.574914775589,0.7282903790473938,0.6316179633140564,1.3796908855438232
766495730715953,44.706372569218,18.069343447503,44.69467162438856,8.150937404128271,BA,resize,1,783.4330623397535,0.2900097966194153,0.09793362021446228,3.0286102294921875
781285156083286,32.087994573877,-8.2233968662806,31.970348869708108,-8.219039023206673,MA,resize,1,13.088054249200324,0.9997938275337219,0.9996052980422974,0.002067513531073928
745256106153583,52.344707039659,45.336839122968,52.825116826445715,45.15842564428248,RU,resize,1,54.76211729496745,0.4494500756263733,0.34918123483657837,2.4893245697021484
1117334568775680,18.337748404316,-64.915702992028,25.800815083385157,-100.29558890792175,VI,resize,1,3727.0359908637743,0.36750954389572144,0.12668710947036743,2.409703254699707
306286164527539,33.350146257859,126.25399959043,13.668512818322974,101.00776821446539,KR,resize,1,3360.926640695857,0.12615180015563965,0.007310636341571808,3.9087674617767334
336794264546437,4.9054666559617,-52.301588003183,4.826523366430792,-52.475108115952544,GF,resize,1,21.13423915152466,0.9565889835357666,0.9317573308944702,0.22947485744953156
153474173412155,38.399164295663,71.058858396182,32.32622472220781,77.59523034637414,AF,resize,1,897.9776219612265,0.972032368183136,0.9580838084220886,0.1593077927827835
350521240549818,31.321208568090835,27.27841709921041,17.154721568591054,-15.471413430630326,EG,resize,1,4578.202246998387,0.519464910030365,0.35130661725997925,2.2385482788085938
218975556246226,7.8821057071516,-74.834139978895,-27.414816029113048,-59.038359732571884,CO,resize,1,4277.359712385776,0.2447081208229065,0.044867321848869324,2.753800868988037
1259603784501134,31.292411220432,35.534796522034,30.84277448315011,35.562163153526484,JO,resize,1,50.06522109951213,0.9966716766357422,0.9962224960327148,0.03468484804034233
4309223739108363,2.1266240352603,45.323364966483,33.50253468289036,10.847714588763958,SO,resize,1,5000.976766339765,0.5837998390197754,0.5125206112861633,2.2431180477142334
259978149147748,40.965992824636,70.990742663385,44.86166842774705,-111.3262378011084,UZ,resize,1,10468.691192789523,0.19906245172023773,0.07786397635936737,4.23591947555542
764847514207415,29.990268063885,35.075916116471,39.900950323314596,49.223809482930044,JO,resize,1,1692.421756454042,0.24186836183071136,0.0640471875667572,3.672140121459961
248250033759700,29.80888569787,-8.8927590395819,37.75481912832368,41.50401956320259,MA,resize,1,4684.007131194827,0.58184415102005,0.5077273845672607,2.28320050239563
454143095650719,4.754477618596,115.1672935653,4.666553116932657,114.67768775850999,BN,resize,1,55.13159445222027,0.16403569281101227,0.02898852527141571,3.3220815658569336
779725396245876,17.150242379267,95.997861485963,19.86255655094584,101.35427488905464,MM,resize,1,640.2053002541047,0.432709664106369,0.15834012627601624,2.3461029529571533
580468796254927,1.0529367558583,104.00979134276,1.082085346566059,104.09332087469781,SG,resize,1,9.835818964903213,0.9868313074111938,0.9804250001907349,0.08611413836479187
996366924230321,9.4509927129863,-5.632989557206,12.660092405640004,100.91434614609385,CI,resize,1,11539.341373691164,0.2839395999908447,0.19937296211719513,3.088677406311035
167430881975593,48.946219066106,17.372135047934,53.05084653430378,6.3161350093862705,CZ,resize,1,896.8639854159035,0.2746668756008148,0.17511215806007385,3.2306156158447266
1287753361619391,41.902938185448,12.402760733592,38.76052504627629,0.14428977744198368,VA,resize,1,1095.0874239968643,0.28418126702308655,0.07080888748168945,2.4809975624084473
631066277884886,8.81662211291624,-82.90477256073295,16.56952839320332,-88.71198185490255,PA,resize,1,1067.3858567466523,0.5100744366645813,0.0601632297039032,0.9275933504104614
1770786233100996,69.218294531367,-51.091665910743,68.75451523281674,16.215075356001844,GL,resize,1,2549.41058758957,0.3542969822883606,0.06275683641433716,2.860762119293213
239943934683187,68.81413122743538,15.673939453479123,62.253352365908256,9.562047314921795,NO,resize,1,781.042040697699,0.19878163933753967,0.000632166862487793,3.4429194927215576
481611806279393,19.322225516792,-81.380605067753,6.773537406263494,-58.07886015338562,KY,resize,1,2878.19906448759,0.35732877254486084,0.1084500253200531,1.9598528146743774
3800949300034619,38.343949995952,57.117059018247,42.863240521864824,77.1891006341599,TM,resize,1,1762.5816561321856,0.8491448760032654,0.7902792096138,0.7624189853668213
823233711883166,29.068560075854,48.084048261556,23.513330349968907,39.12462223706167,KW,resize,1,1085.3346129710678,0.8312905430793762,0.669434666633606,0.49356555938720703
450038362963389,38.978830137822,-7.2812361854766,38.14264234341365,-8.53411284145495,PT,resize,1,143.21832014708494,0.5016075372695923,0.3338228762149811,1.4539177417755127
297933462444738,13.662316404789827,-16.430340101173016,5.85723964543771,0.40275764773580763,GM,resize,1,2037.0480000919301,0.7402039766311646,0.5753178596496582,0.9861855506896973
949917125580796,18.251570400358,-62.984528794394,53.45075876928489,6.870462816896392,AI,resize,1,7059.618665617002,0.2292315810918808,0.06440891325473785,3.4234161376953125
313078556837128,55.266055994786,11.315098206416,53.30615247353428,6.03159404289643,DK,resize,1,406.1683262437879,0.7863598465919495,0.7183219194412231,1.1693953275680542
210766354219144,-26.628804736334,31.659445474276,-24.8043610124326,28.33587289161053,SZ,resize,1,389.86681940302316,0.2816741466522217,0.16195201873779297,3.256760597229004
520708829313842,54.68692259669,9.0074931788196,53.431459949070316,13.248416137748032,DE,resize,1,309.9291351909399,0.4667224586009979,0.41197770833969116,3.0206618309020996
992154464938892,-17.65251068093,177.40709100849,-17.488751793032655,175.2112784379355,FJ,resize,1,233.48165732590536,0.9226701855659485,0.8890047073364258,0.4838408827781677
150289013771703,50.348577719861,-4.6628826388904,56.05750422988044,-3.4533055313752903,GB,resize,1,639.8684485547184,0.25604838132858276,0.08585906028747559,3.7898800373077393
1423738521294950,17.182641732455,-88.332789645282,17.394008919002093,-88.41608316139677,BZ,resize,1,25.111637369422866,0.36340782046318054,0.22845245897769928,2.915372848510742
1155605118288528,14.706942793316,-61.143095527488,14.639807850625271,-61.00764609823713,MQ,resize,1,16.371139686607272,0.6485975980758667,0.5053677558898926,1.603299617767334
2986698694926936,78.215334468879,15.012641390148,65.6126031882744,-23.231647231566214,SJ,resize,1,1857.2868134493349,0.7049165964126587,0.5768464803695679,0.9655203223228455
2083829008422694,58.379655829272,6.1151443597417,56.90518277731706,-5.792068774370233,NO,resize,1,726.2896870848358,0.37362802028656006,0.1738947629928589,2.38954758644104
155652916570780,42.348418071723,20.818276988414,40.22935789356003,29.049028229886005,XK,resize,1,726.5685474490484,0.32173073291778564,0.19557684659957886,2.714268207550049
845707173409060,13.15145888888889,-59.57003805555556,13.189613552352801,-59.595526742598466,BB,resize,1,5.061169029386055,0.9960673451423645,0.9939395785331726,0.030407773330807686
792307658322895,52.913640031191,6.8640509875213,56.29655064995808,10.474024585662942,NL,resize,1,442.07898662242087,0.2163139283657074,0.013026714324951172,3.5609655380249023
463829391356731,7.1956119778003,124.23640602451,-9.085302629663246,159.02990648736375,PH,resize,1,4259.0772235459,0.477175235748291,0.38237056136131287,2.4239420890808105
190327429484222,18.406063827426,-66.173016157195,18.40667416799533,-66.21218578799883,PR,resize,1,4.133199886317044,0.9677224159240723,0.959013044834137,0.2439993917942047
964385794363812,38.838166509572,140.96848476449,38.916150302385475,141.1413858758369,JP,resize,1,17.29760616939161,0.5015962719917297,0.28760045766830444,1.7314716577529907
992350614846774,12.919375038455,-85.248546579532,13.064969803799894,-85.55914761198738,NI,resize,1,37.34473351690684,0.5703859925270081,0.1982288658618927,0.9002653956413269
2898111640459899,32.288702684025,-64.767038528517,4.898855771247093,114.99344614835148,BM,resize,1,15879.9413890305,0.5228016972541809,0.06671637296676636,0.8276942372322083
156853596375003,19.653051191999,98.633327646919,17.877215427071558,98.75610318513023,TH,resize,1,197.88652084417677,0.5542628169059753,0.4384169280529022,1.7531867027282715
353101693221406,-16.097698333830845,28.68442044328358,-15.746722410125685,29.177728476777148,ZW,resize,1,65.61647159323786,0.9876109957695007,0.9865409135818481,0.1290002167224884
