id,true_lat,true_lon,pred_lat,pred_lon,country,corruption_type,severity,error_km,top1_score,margin,entropy
1198015930637035,47.58736244394304,13.72243335782696,46.10935558542911,26.799864117565203,AT,resize,2,1006.7665835889804,0.09048490226268768,0.020226165652275085,4.9055681228637695
2627501530880734,-21.690540312924,165.67395409726,-17.264806098393535,145.4943004202039,NC,resize,2,2170.0440872545837,0.6177313923835754,0.4720858335494995,1.6407325267791748
464312504633961,25.061219179854,-77.474052344488,25.634980180452967,-100.05602809130654,BS,resize,2,2267.406902501365,0.35009267926216125,0.20929868519306183,2.8618438243865967
1640910792965420,14.05090975535,-83.408252576108,9.23298531122627,1.1695056739870608,NI,resize,2,9180.596502689497,0.6998469233512878,0.5757923126220703,1.2529653310775757
784509382269632,39.054295235447,125.75444015475,44.57571269611245,38.14014426570994,KP,resize,2,6924.639549897066,0.15063463151454926,0.02146446704864502,3.8202524185180664
1203580403446328,59.403162352068,5.3346943684814,63.38897847142387,11.030316408271394,NO,resize,2,536.5561560148977,0.7482670545578003,0.6307247281074524,1.306017518043518
529318031569520,35.884852698,14.543835095527,35.85264207081832,14.338834494598876,MT,resize,2,18.816233226224252,0.19269594550132751,0.11353083699941635,3.7645134925842285
579627393601024,31.161290071016406,27.62620232776423,-26.88814983681766,26.73402259032424,EG,resize,2,6455.497915948246,0.5453150868415833,0.44848692417144775,2.1879689693450928
493287055050730,18.529699440908,-73.82906994801,6.513528460723958,2.6254220706379936,HT,resize,2,8353.643682183205,0.6154723763465881,0.5668462514877319,2.2447779178619385
194636675718395,15.711283292961,-86.911458774945,14.677633937669006,-88.34138565642469,HN,resize,2,191.71351833270148,0.5898769497871399,0.4684404730796814,1.5748276710510254
324862519056205,19.31841800221,-81.382583014952,-27.44986560480753,153.34566345646908,KY,resize,2,14399.813266019151,0.9126843810081482,0.8761229515075684,0.4617188274860382
312497683776326,-3.5385285661184,29.342796802632,36.00883365459573,50.62128933315594,BI,resize,2,4922.610233730547,0.4643920958042145,0.30424803495407104,2.3346011638641357
524249899215869,-20.36057432562562,57.57448506856856,47.602389040388324,5.870129213749645,MU,resize,2,9146.02234683001,0.17280805110931396,0.10783993452787399,4.771634578704834
762407414666903,18.261799133186,-66.040383948361,20.583516401097974,-101.13617781395718,PR,resize,2,3682.52220202198,0.15473027527332306,0.06376070529222488,4.538145542144775
1162773017520174,6.3181766455254,37.510104406035,7.982999115183194,38.33688992673038,ET,resize,2,206.37271017969175,0.8235413432121277,0.7096235156059265,0.6214825510978699
3356357477800408,-13.862024739384,-171.85937431059,54.50645970420959,16.64072064288029,WS,resize,2,15435.399357991235,0.33755767345428467,0.07400277256965637,1.9871735572814941
487479689165720,-0.79790097222466,-77.201507380967,14.234207307153893,101.15371637879457,EC,resize,2,18510.128097067536,0.27285143733024597,0.17226533591747284,3.4084694385528564
255694192945304,0.23852452895088,109.87510053714,7.291727031929653,-11.521928348601694,ID,resize,2,13463.369755488131,0.9628744125366211,0.936165452003479,0.2107536345720291
810188746588631,46.29075689375,10.078154998184,55.64536014949112,37.53244367604436,CH,resize,2,2165.5453957080176,0.11048552393913269,0.0007139667868614197,4.064375400543213
152336490235316,6.1412981189533,-10.222955468447,17.625827563788896,105.07253493996652,LR,resize,2,12439.340320229676,0.862146258354187,0.8337728381156921,0.9259387254714966
1128248694323507,4.9712879947102,-52.440325961909,44.63874726417908,20.719375112333687,GF,resize,2,8290.540253145982,0.40039658546447754,0.2919570803642273,3.4849298000335693
319600276196154,17.249258189479,-62.655520880016,-29.616468818934536,26.703257443844908,KN,resize,2,10884.736987949964,0.12573720514774323,0.056193023920059204,4.820998191833496
227605128698501,30.534718182782,35.557018519973,-26.006855150035012,27.905473829969022,JO,resize,2,6339.628246360792,0.4164094030857086,0.1858881264925003,2.457915782928467
469353001013618,-4.8497851046353,11.90522368749,-6.870491449444744,39.26061695168164,CG,resize,2,3033.7481940682883,0.42547696828842163,0.18138457834720612,1.7401999235153198
312137333614311,50.147457733865,106.21881807879,-29.480348569805543,27.503630633803972,MN,resize,2,11740.333876262766,0.33836039900779724,0.23047557473182678,4.082962989807129
417436926432877,-9.466630277777776,160.38180111111112,20.10982615821624,-97.04526996822432,SB,resize,2,11671.231010505047,0.08905915915966034,0.02275320142507553,4.738719940185547
521833368998076,33.828288106674,35.578984207651,38.364005188768495,26.988789867061275,LB,resize,2,921.3446577909576,0.3728671967983246,0.15726569294929504,2.2153093814849854
804138920493771,-0.43494769438863,-76.201325946671,53.396212292948775,83.9556125251245,EC,resize,2,13847.991324059569,0.5566216111183167,0.5290652513504028,3.1657321453094482
302261168190071,-13.859325484052,-171.70998038915,15.766723642412101,-61.35594344438068,WS,resize,2,12560.4951936159,0.6642168760299683,0.4033971428871155,1.0214049816131592
1226452984452730,18.570054722222,52.82152305555601,31.382325344291147,36.53601464913956,YE,resize,2,2168.497121709258,0.4596136808395386,0.4039972722530365,3.4761719703674316
321769825972532,56.815207379952,13.937240092613,52.99832200886617,10.08815130766744,SE,resize,2,490.41093226047286,0.44375237822532654,0.385134220123291,3.202785015106201
773469050698883,0.4364979004820079,9.440864620026538,5.22118428473069,-0.8384473451611731,GA,resize,2,1259.1944350185722,0.4873350262641907,0.37084007263183594,2.272045612335205
333032548339836,51.706235270322,-9.7173149835356,51.90020595212169,-9.789805448288007,IE,resize,2,22.13699150124407,0.7837945818901062,0.7327316999435425,1.2764158248901367
321482029535925,44.652229350002,21.162756330018,40.27477000862852,-86.97326224987253,RS,resize,2,8163.732014050887,0.13002824783325195,0.04528028517961502,4.243127822875977
832510974027702,-17.456552891966,-65.728142843828,-35.12031977214411,173.53388111635752,BO,resize,2,11461.440751779219,0.9186861515045166,0.896214485168457,0.559527575969696
109891514526025,48.213328182129,28.09057650588,46.884498742865645,29.29855210594571,UA,resize,2,173.35036662771816,0.39331376552581787,0.04629999399185181,1.8611434698104858
2942639579308445,34.805369127435,127.95898406217,37.36234737597178,127.32090321272369,KR,resize,2,290.04481246298036,0.47942015528678894,0.30216407775878906,2.553642988204956
370894024357836,15.425447150296,-61.271269855519,14.033200500882034,100.85994980645772,DM,resize,2,16195.44911564116,0.7444219589233398,0.6345199942588806,1.163913607597351
788101518532706,11.258356617235,-60.564806768225,15.569808160648957,-61.42687215647303,TT,resize,2,488.3899255746645,0.8287163376808167,0.8009787797927856,0.9995160102844238
3872288566218352,50.796778330451,21.153443346433,50.90873788948051,16.691569083710835,PL,resize,2,313.4189154346324,0.19761262834072113,0.10371632874011993,4.1818461418151855
1002859423856924,17.09712846732,-24.97047664313,28.657568001825467,-17.69256398985363,CV,resize,2,1485.036779938891,0.6578267812728882,0.5728808641433716,1.7509796619415283
238160651412928,-46.337650900733,167.79026062048,-36.13726314087133,174.4143203473004,NZ,resize,2,1261.124437864407,0.09859693795442581,0.021184876561164856,5.031854629516602
2563203020654329,54.32142990519237,-4.456551481932205,13.909837433917343,100.72530954964489,IM,resize,2,9707.92103169899,0.21007202565670013,0.10966922342777252,4.450746536254883
732194144134616,9.3458958330497,-79.823967302875,8.916724130042972,-79.55076557025178,PA,resize,2,56.36468354051683,0.329998642206192,0.09556548297405243,2.641810894012451
476322813419625,17.628516606198,-63.231308396649,-20.92778898491792,55.41012438114187,BQ,resize,2,13602.929713366715,0.8922799825668335,0.860862672328949,0.6803032159805298
1136304350214402,-39.328969954559,174.63690058405,-39.46178712952825,175.1241952010498,NZ,resize,2,44.40114309672785,0.781073808670044,0.668455183506012,0.9745770692825317
486828262519306,14.646929324615,-60.975801183717,14.596756186703676,-61.01792146712474,MQ,resize,2,7.18770584892544,0.624860405921936,0.5982558131217957,2.5729498863220215
1387937924894828,47.907557209354,107.17858480002,41.335649051240736,22.463487800566167,MN,resize,2,6399.971707818929,0.46817949414253235,0.2753296494483948,2.4752864837646484
944100506347413,4.8670503980303,31.542952103365,6.21953343855329,1.1646085586004027,SS,resize,2,3365.0244409970273,0.9240666031837463,0.8514107465744019,0.2935350835323334
225738692700446,69.2342740620203,17.971246283328018,69.14370579655012,18.54001665579813,NO,resize,2,24.62334755714738,0.29311126470565796,0.013942986726760864,2.440002202987671
138012564971418,-17.546030537707,-149.57580216474,10.439409773097333,76.22204294078023,PF,resize,2,15022.769953214067,0.23939692974090576,0.16664119064807892,4.224542140960693
1349102025473123,60.210439476288,20.246196471172,17.84515658307902,104.24256154809218,AX,resize,2,7963.138943150901,0.5452138781547546,0.39877504110336304,2.4404296875
481515363098541,8.3835270285271,-82.196719096621,-0.24199862298368827,-79.20672893601144,PA,resize,2,1014.7267229310588,0.7393630743026733,0.663964569568634,1.2761242389678955
208681127527124,49.241162571487,-2.1218631166228,49.21596121213099,-2.1026715769621287,JE,resize,2,3.1296624984100037,0.1310579776763916,5.5730342864990234e-05,3.974452257156372
496883494997876,12.508559533613,-70.010590958509,36.09888122181379,-115.11378411880403,AW,resize,2,5205.346960073955,0.23806962370872498,0.1316283494234085,3.51397967338562
1258448591563623,-8.614371141011388,35.602892240053215,5.059487050228801,-73.28544752385805,TZ,resize,2,12163.874154624325,0.1778893917798996,0.05138044059276581,4.052809238433838
849655245900069,5.9311045328258,15.65109465938,19.69505418491865,102.89500916876895,CF,resize,2,9498.254923140184,0.11486568301916122,0.029545456171035767,4.587925434112549
1448430112350839,11.026769583975025,-8.632346605323722,6.497374075401594,2.64118671871077,GN,resize,2,1337.0243567669481,0.37017741799354553,0.12315158545970917,2.430600881576538
711741309997504,-35.434392939173,-67.582981443437,-32.78947693602327,137.3919476276476,AR,resize,2,11995.09247704021,0.21944308280944824,0.12197364121675491,3.825153350830078
330646891800305,14.870259800656,-24.373949477736,16.01616659137431,-61.66903155452251,CV,resize,2,3994.0385939955263,0.19001436233520508,0.09119750559329987,3.585205554962158
844947319428707,12.572384044567,-70.044602664275,28.00579972460237,-15.970821130314816,AW,resize,2,5845.254181538766,0.4371344745159149,0.238617405295372,2.6830313205718994
1424082877926694,39.063764515107,125.77381801639,-35.42242189005555,-71.66337524654868,KP,resize,2,18422.14255054464,0.2942797839641571,0.15318509936332703,3.126106023788452
262049738998529,15.746495092756,-86.857367093038,1.369158127558623,103.70037777240809,HN,resize,2,17786.178141723176,0.23514510691165924,0.13909660279750824,3.4416675567626953
2941932222749741,8.8904169624644,80.720461103422,12.846779245003987,79.67090733126908,LK,resize,2,454.6054807480433,0.45464959740638733,0.358096182346344,2.3999805450439453
2957416491247002,22.534707236092,-79.367474703615,54.82609628116498,8.429809108240358,CU,resize,2,7839.855662974533,0.15749605000019073,0.012327209115028381,4.143405914306641
1339793246404338,78.178055846086,15.902100697497,64.30991266685044,-20.818515649702718,SJ,resize,2,1956.284955543762,0.7630670070648193,0.6665228605270386,1.2608157396316528
742849163058043,7.9945228460384,126.06338592216,25.638332911077107,91.00033638065639,PH,resize,2,4195.027381457859,0.35546576976776123,0.12037603557109833,2.2529854774475098
487902825754300,18.349709806038,-64.886627593059,29.979901663244096,-90.21692137321166,VI,resize,2,2867.2868985686987,0.2291545420885086,0.07683916389942169,3.6573221683502197
188819323085799,41.434692972264,43.314083402676,41.81453795000224,45.10917320023508,GE,resize,2,155.06663098229262,0.7485638856887817,0.5059844255447388,0.62387615442276
449823653747421,53.88835461402647,-122.76729722632489,46.56076655866242,-95.55656271979774,CA,resize,2,2083.796550294802,0.46331679821014404,0.13382214307785034,1.9945534467697144
227770655816183,49.479739351354,-2.5890746408905,54.98051378142689,-7.741968436527766,GG,resize,2,704.7461266779474,0.8142057657241821,0.7869263291358948,1.102249264717102
216079839905055,19.324976978962,-81.381549997813,13.937047179947701,100.71895670363207,KY,resize,2,16309.376030009791,0.08249354362487793,0.023130159825086594,5.494760990142822
828630294440097,3.9058095275261,11.829761470611,40.55145007047789,46.3849050363128,CM,resize,2,5341.850319506815,0.08719543367624283,0.008712917566299438,4.929358005523682
860118858181209,-20.177979,57.661693,-20.174801603775528,57.478881557095846,MU,resize,2,19.083569904714704,0.8963636755943298,0.8153274655342102,0.43376457691192627
114507540681851,35.729256605436,128.41830771074,19.905120300884935,96.6740395661622,KR,resize,2,3559.788144565992,0.2652009427547455,0.09455093741416931,2.689253091812134
661381454786146,-18.972548731094268,29.805283361910963,10.262386352193932,-13.693923517427557,ZW,resize,2,5770.646441249529,0.23476922512054443,0.003377750515937805,2.844308376312256
222747492577837,61.352664593679,27.429725107498,60.16078044673098,15.064398322894876,FI,resize,2,683.5448479025204,0.11461769789457321,0.0009312182664871216,4.680662155151367
138806294926443,38.717835758735,58.495184798492,38.36602531006455,57.55991164697163,TM,resize,2,90.25929634915634,0.9870498776435852,0.9795121550559998,0.09992276132106781
135421499385396,13.275246919086468,2.911011286873044,13.234694768676054,-7.020294847828034,NE,resize,2,1074.8298110036772,0.9789578914642334,0.9758316874504089,0.174089714884758
517034622643483,-9.0920015075631,160.82242285539,13.538705040473086,99.97779987315994,SB,resize,2,7170.752429488812,0.4107508957386017,0.24081480503082275,2.7379777431488037
2526299567665760,35.829307962213,14.558295593658,37.41151977933238,24.419933426946123,MT,resize,2,897.0675608895386,0.09958752989768982,0.007484562695026398,3.5348830223083496
281947363629492,78.231350087799,15.142395905188,62.65969415776029,-7.056460589165504,SJ,resize,2,1889.2795755552331,0.9390341639518738,0.8818055391311646,0.25698885321617126
309954333906145,40.335258934887,19.990673334292,41.94702824142902,44.93200518663057,AL,resize,2,2088.8524994468307,0.16872306168079376,0.02596352994441986,3.3975491523742676
163258222377928,-8.7192284268616,160.86453616743,-22.680430693022007,-45.98954899059181,SB,resize,2,15460.887803587746,0.9303836822509766,0.8762093782424927,0.3471391201019287
497041608993768,7.354967160960991,134.4972694391149,11.939922840914726,-86.36309555930303,PW,resize,2,15013.692968808858,0.44096481800079346,0.35947322845458984,3.3677425384521484
325055798982586,-10.203132697528,31.216979658259,6.488313193542254,2.634648967620884,ZM,resize,2,3669.188488688064,0.6915971636772156,0.6237460374832153,1.7848708629608154
361816321938390,12.57472666996,-70.041979864956,36.55600168411247,-4.539205192322631,AW,resize,2,6999.782096843185,0.34961721301078796,0.059004366397857666,2.7500853538513184
1145510005966861,18.05148025828786,-15.896397560721027,17.599147845969078,104.67344933251385,MR,resize,2,12403.230663910863,0.32107028365135193,0.07699871063232422,2.2550926208496094
262345932212210,15.140006372867152,39.26672870985676,0.6835929990188577,34.78037949240426,ER,resize,2,1681.2977757946462,0.3643294870853424,0.2082662582397461,2.7455852031707764
901986960835723,13.278551582622178,2.917996515380901,13.209775083494375,-7.018959241119656,NE,resize,2,1075.5067246185492,0.8251695036888123,0.7927295565605164,1.1089109182357788
317050140097070,43.4276581353825,24.38127115862344,12.710120942734076,-85.94218351907669,BG,resize,2,10612.475715830025,0.5888292193412781,0.541450023651123,2.8315303325653076
994714827967018,22.682567905302,39.11769149111,25.889305152869948,50.28098092032983,SA,resize,2,1185.7910376954733,0.15938812494277954,0.041167303919792175,3.986015558242798
145209974249665,16.762668175828,-62.220769939941,15.591577452324879,-61.464094512028694,MS,resize,2,153.25324976140692,0.8290300965309143,0.7721670866012573,1.022264003753662
763480160945552,3.114388438698,31.177872023014,6.490056934059105,2.632842793771002,UG,resize,2,3184.415588415697,0.9230921268463135,0.9082779288291931,0.510040819644928
4405163029511350,43.682079175037,23.978223195064,38.25285182009029,-85.74221891500173,BG,resize,2,8489.80603818376,0.18221744894981384,0.006279677152633667,3.6271114349365234
326659798812032,12.410385336248002,-16.110049424682003,17.7454897866394,104.394764929677,GW,resize,2,12675.678312706292,0.1678626984357834,0.030998721718788147,3.125765085220337
895631547651467,12.080356238018,-61.704118318475,13.83808956963844,-61.03265271002504,GD,resize,2,208.55433786970613,0.605284571647644,0.4293968975543976,1.9115655422210693
953292548822411,18.0817933464398,-15.894888251115804,16.590993955161306,-15.716323984594016,MR,resize,2,166.8492648057177,0.9606156945228577,0.9506382346153259,0.2940066456794739
1179673359141283,-27.440457092686,31.884625638401,-24.795485420059233,28.428498700236737,SZ,resize,2,453.3473341642024,0.27057719230651855,0.08869177103042603,3.34251070022583
1391570534555001,12.121586777999,-61.634729332904,17.111347270414957,-61.95014898694919,GD,resize,2,555.8722465344455,0.6196180582046509,0.46061909198760986,1.1536433696746826
1931718050309638,42.316673318457,42.610766550542,17.80460214958698,98.69717658453722,GE,resize,2,5918.492371027835,0.12738166749477386,0.06696495413780212,5.183731555938721
1441784959495240,18.614866388889,52.371751388889,31.34623178493007,36.52658034553017,YE,resize,2,2129.425751898913,0.661195695400238,0.6029933094978333,1.7169309854507446
1092193684624091,13.222041768155,-61.27004985443,-36.15941608655582,174.3744444105623,VC,resize,2,13937.758147525989,0.251839816570282,0.17697234451770782,3.3515679836273193
545855749735091,44.933679619312,10.542218724088,51.68708237938333,10.401602520303918,IT,resize,2,751.0157283406331,0.09619224071502686,0.015226088464260101,5.245474815368652
2774084016236056,4.2465653216704,73.54886569526,10.463213047953733,76.13987692280988,MV,resize,2,747.9312409678084,0.41045233607292175,0.17163915932178497,2.402617931365967
193239609283383,16.442716181297,97.600636667113,-38.65930309985514,177.96488525479387,MM,resize,2,10335.550861373044,0.6139629483222961,0.57123863697052,2.5561177730560303
838605060406461,-38.684857801033,-62.245177670808,-38.6676796192652,-72.78566675922504,AR,resize,2,914.5031905905921,0.4530913829803467,0.20566211640834808,2.3026905059814453
1398766300483374,-20.281888888888,139.05741666667,16.355691521910906,73.72570727387006,AU,resize,2,8212.55493419541,0.30817392468452454,0.08371482789516449,3.0088279247283936
309592324146292,-40.470381504032,175.24679558692,-41.2813198228295,174.7966413313683,NZ,resize,2,97.79272731531678,0.25276440382003784,0.04569973051548004,2.251619815826416
787330225321281,78.186979979764,14.79210601878,62.37203362038269,-7.162851365621203,SJ,resize,2,1912.9020093423296,0.374218612909317,0.2417469322681427,3.438462018966675
481435006457069,41.714515597444,19.778002854189,42.77879476040974,22.106164596459152,AL,resize,2,225.21983550818797,0.23299211263656616,0.03923267126083374,2.891387701034546
562746315113072,-21.036239487922,55.673092800575,15.70167504320582,-61.402920324140716,RE,resize,2,13388.563087179376,0.9350751638412476,0.9039609432220459,0.31960442662239075
251075026766241,42.736773777269,78.935492923137,13.751070238775862,-60.89696139750488,KZ,resize,2,12517.546878219651,0.3019612431526184,0.09717118740081787,2.4272565841674805
4010096302418176,13.274118,121.232275,14.918805116986627,120.82973547792082,PH,resize,2,187.96249578309735,0.8195522427558899,0.7953934073448181,1.113710641860962
385537683018740,8.58587702121514,-10.943586617629483,5.307424712966841,-2.4273891679496153,SL,resize,2,1008.0829204658244,0.46554887294769287,0.3707784414291382,2.1801443099975586
180372857328994,49.843429916622,73.222888258927,17.73095780987572,104.80057414903993,KZ,resize,2,4545.905721629251,0.7034208178520203,0.6341110467910767,1.5481956005096436
907851513392138,-18.164645479454,178.22136593468,-21.04537584525354,55.26387083939621,FJ,resize,2,12425.46581129007,0.9769211411476135,0.9585620164871216,0.13957898318767548
1131598217344189,54.864195040685,8.7383931888414,56.27306793421623,10.498191867595544,DE,resize,2,191.7773163234125,0.40390369296073914,0.34754320979118347,3.3289284706115723
3247097405547891,33.97288015656933,71.60789771722264,34.020088786252465,71.56882970015968,PK,resize,2,6.366120048258365,0.9895692467689514,0.9879777431488037,0.10275215655565262
1063412324270300,-15.431355385415,167.20499794568,2.946455881225342,157.59746223224866,VU,resize,2,2300.8020077717247,0.720481812953949,0.6239572167396545,1.210911512374878
478746096705872,12.1865576631,-0.3910576992899,9.598281581490337,0.952446840449756,BF,resize,2,323.0282997596516,0.996654748916626,0.9952388405799866,0.031924761831760406
163486722253544,18.376454722061,-65.907019733384,-34.85160705663165,-56.08734894846665,PR,resize,2,6008.9632211141325,0.3886168897151947,0.22553467750549316,2.515537977218628
1394646127681740,50.27605756468763,-5.022433442071348,49.490905861530926,10.354159232703267,GB,resize,2,1103.1757181571638,0.08038736134767532,0.00010633468627929688,4.682245254516602
311036310426740,10.534375285392,-85.108561963834,-28.555911670487845,29.498911106073756,CR,resize,2,12959.734693851475,0.8102585673332214,0.7572923302650452,0.9391093850135803
180655490594869,-4.2955834051727,39.583247618282,-6.991366127045864,110.47813325775054,KE,resize,2,7844.201256135607,0.1730993688106537,0.12045024335384369,4.631443023681641
225040172344104,54.10668466178,-8.5444506137227,53.94515726491132,-8.545683082329166,IE,resize,2,17.961207452599837,0.6295585036277771,0.284837543964386,0.846787691116333
590599688583224,62.579080335013,22.030513453623,61.139333054714484,22.754711017147915,FI,resize,2,164.53332672141937,0.48350396752357483,0.29147428274154663,1.8854563236236572
378410597431210,11.755141729610802,11.99142765025279,6.708668299873857,-1.6177986333956198,NG,resize,2,1595.0289367670455,0.23945102095603943,0.04505886137485504,3.2842702865600586
769560623930363,13.781555904684,-60.954984062834,13.692104942735684,-60.949600865568044,LC,resize,2,9.963474536892756,0.9980860948562622,0.9964197874069214,0.015001497231423855
191217559525689,10.598613143242,103.76819114404,18.751847656803065,99.06019136514465,KH,resize,2,1038.1993586371416,0.7808400988578796,0.7313927412033081,1.0880547761917114
960119301406916,8.934567996624,15.810201192055,9.96099249003106,-13.069708684552909,TD,resize,2,3168.823727686524,0.53458571434021,0.43043434619903564,2.4447615146636963
162029952434974,10.416592641005,-6.9267518159549,19.00736909937615,101.28577708553776,CI,resize,2,11497.540725291374,0.6065856218338013,0.45264437794685364,1.7322410345077515
777563772895063,60.262939806644,20.372533414245,53.42275716629316,9.447828652022606,AX,resize,2,1007.3675480838209,0.0842057541012764,0.01760304719209671,4.775022983551025
483016122754010,8.2177331232449,-10.640871255174,7.339150732664362,-11.585656513206597,SL,resize,2,142.7526774817706,0.960786759853363,0.9503498077392578,0.3050829768180847
945669026244322,32.28289364111786,34.89665697754903,13.925396580640411,100.67540497924563,IL,resize,2,6924.972338151368,0.1561160832643509,0.005063578486442566,4.250753402709961
834907740772712,-51.828914124143,-58.391576104278,34.608105741342875,-116.51771936506246,FK,resize,2,11147.10757800476,0.5482243895530701,0.42592301964759827,2.396843910217285
315786796574792,17.029958580939,-61.837386119134,13.932970086873064,100.7177183818676,AG,resize,2,16075.366724761334,0.7882785201072693,0.7022210359573364,1.032218098640442
3935353219835220,5.0624805680856,-52.559930285878,51.71247186893751,6.039702950791202,GF,resize,2,7449.389151317362,0.338625431060791,0.3019043803215027,4.469600677490234
703624374104706,11.148071748184186,42.461472571281,61.788259433863736,15.91148685107264,DJ,resize,2,6024.256157056191,0.4995911419391632,0.41247648000717163,2.901667833328247
552376936150414,45.747934121718,28.392399493234,53.149750183170696,44.33633434735697,MD,resize,2,1411.2101076267618,0.2069992870092392,0.05602836608886719,4.096047878265381
279990610516417,-25.052590421722,25.938389437355,-30.66344789163042,25.585492111965817,BW,resize,2,624.8612934633456,0.3351167142391205,0.21441912651062012,3.0220394134521484
244594784129468,17.181606776437,-25.056350793491,42.82842494367737,44.52529528845382,CV,resize,2,7067.569746628448,0.3588342070579529,0.28545495867729187,3.2498743534088135
916296905814911,29.986443376454,35.073653850875,36.182379667081705,50.550439607537434,JO,resize,2,1595.4295860583552,0.7209534645080566,0.6638919115066528,1.6209018230438232
160409959286661,13.609489121743,-15.203056960483,13.331983705693913,-7.035709681494012,GM,resize,2,883.6802540749572,0.8984510898590088,0.8659459352493286,0.6448067426681519
375549574325666,-8.088511666666667,156.78238944444445,-6.855565344641294,146.67851558221244,SB,resize,2,1122.317233805009,0.7426679134368896,0.5886132717132568,1.0897492170333862
6504127516293875,-20.153986376711,28.58502890468,-28.541602771046264,29.605796409164604,ZW,resize,2,938.359170801027,0.4544636905193329,0.34826597571372986,2.967007875442505
955352585280405,53.073543217589,5.6644949286343,53.275513958429286,6.3829846850056775,NL,resize,2,52.890359551122266,0.13067853450775146,0.057863421738147736,4.034424781799316
198798338740227,41.487329996943,45.08669320994,44.517567114594,25.792176341461442,GE,resize,2,1600.75742017842,0.5115918517112732,0.32490289211273193,2.3092410564422607
747640439246618,6.555528380315,-10.331525634335,6.460366305087514,-10.531525892679555,LR,resize,2,24.498759636642518,0.18494051694869995,0.029587402939796448,3.0866637229919434
537333261008423,39.113511978868,117.21046994629,35.75061322400418,128.92171552265543,CN,resize,2,1098.5908216872483,0.31971296668052673,0.004625409841537476,2.264214038848877
5205930492794121,13.596220054527333,-87.36529096486619,-8.58844269429031,125.45667792623796,HN,resize,2,16393.716346573314,0.4298725724220276,0.10107401013374329,1.9784003496170044
282961036881213,36.025363064061,14.258923344808,-24.092999017066187,-46.67195142098949,MT,resize,2,9250.012230915198,0.09085799753665924,0.0068795159459114075,5.001840591430664
2898417523733065,12.385310410818,-5.9561351141694,12.42868021205905,-6.2332276433717055,ML,resize,2,30.475693750832818,0.7806510925292969,0.5854246616363525,0.6717170476913452
814006309495024,18.427369706947,-64.568261557542,15.58756751525714,-61.440595812600556,VG,resize,2,458.5671005266679,0.7490895986557007,0.5163122415542603,0.6642951369285583
363924908375174,-4.7913317580586,11.855642981142,6.4786122488329365,2.6138366467469005,CG,resize,2,1619.512287556181,0.7447591423988342,0.6304445266723633,1.1294595003128052
520091355848418,69.217861349712,-51.109419049396,63.827441055612034,20.236647928459224,GL,resize,2,3028.4355928564473,0.2750485837459564,0.08394531905651093,2.353334426879883
840734783196696,32.126256113931,44.324859980182,24.960242980914302,66.99945226030867,IQ,resize,2,2348.1074810869463,0.33125072717666626,0.16119477152824402,2.1648342609405518
226163689282727,12.168906318554,-68.967070805139,17.174550940288025,-62.65767425932856,CW,resize,2,877.5259958322051,0.4734644293785095,0.2974919080734253,2.0411133766174316
341214407334376,-19.377102833928,34.400509607794,45.22094378401109,-75.59506953506522,MZ,resize,2,13072.423681608263,0.07859041541814804,0.00014331936836242676,5.240118503570557
894968224414635,34.986110625975,32.668982915426,35.03583858243913,32.699718892242714,CY,resize,2,6.197661380418726,0.5240405797958374,0.25470301508903503,1.6823261976242065
462694431488011,18.632063011792,-68.389902993932,27.378709713069913,-80.5527487335979,DO,resize,2,1578.0099611005724,0.21628931164741516,0.1439022421836853,3.8527562618255615
857893648147331,-10.905676698416,14.247198141961,15.687915229656602,100.26327859859131,AO,resize,2,9915.012918089053,0.2452547252178192,0.07435581088066101,3.112230062484741
382009819762071,39.329365017441,27.62045985936,36.96982995677384,34.841854037396,TR,resize,2,683.5378338310574,0.39506104588508606,0.3293657600879669,3.222187042236328
271875871339932,11.850545983225,38.038235893261,11.585727319828527,38.485011231839785,ET,resize,2,56.8621723843556,0.999099850654602,0.9987053871154785,0.009438936598598957
525646118616107,-15.637682963249,166.84078278513,-15.631047419034338,167.53198270696763,VU,resize,2,74.01791085717677,0.6006627678871155,0.3815937638282776,1.7674936056137085
2982805328705469,64.437207664635,24.181485346398,9.572429333455382,1.4887180547359233,FI,resize,2,6353.820346264427,0.6866947412490845,0.5017984509468079,1.2891783714294434
320116623608771,23.185410152402003,91.17769833999328,23.934173027312664,90.63189879050385,BD,resize,2,100.13370933613987,0.6355478167533875,0.4720344543457031,1.730575442314148
803534963702486,51.121882315762,3.1082009025971,44.70624553910639,20.13304947595082,BE,resize,2,1450.6654524022997,0.15572616457939148,0.013275817036628723,4.596630096435547
376395010415901,13.924250043571,-61.056412107275,13.868596501312766,-60.94931369471289,LC,resize,2,13.112417356220192,0.41071784496307373,0.1629742830991745,2.6004793643951416
303078421392591,-16.446930463398,-152.24847310031,13.728807292232085,-60.99491466924709,PF,resize,2,10566.205558298407,0.16827327013015747,0.061920538544654846,4.178256988525391
312172783608841,49.510993358681,6.3452033888591,46.666887950381444,6.7644524309061955,LU,resize,2,317.77802765805865,0.09159956872463226,0.008738145232200623,4.544021129608154
6235880006437043,-3.1366812272296,-79.214143657851,5.445578717762786,-73.52709860252,EC,resize,2,1144.4112197338115,0.2926855683326721,0.18959248065948486,2.98945689201355
965921670819949,-10.479678823577,105.67386300715,25.77007728712088,-80.67593104096906,CX,resize,2,18188.22424509963,0.7135242223739624,0.6822419166564941,1.827110767364502
925871031561258,-6.2639877158616,107.06741782953,-6.561077011877196,106.75766633862116,ID,resize,2,47.5689503448842,0.5425536036491394,0.3514334559440613,1.5411477088928223
1164097447347216,4.8674337462563,31.519362784566,6.219739009423489,1.1496372156237744,SS,resize,2,3364.069373693759,0.707081139087677,0.4632425904273987,0.7783864736557007
4396227090475829,-1.2678653976589,36.678122304876,7.926183280450208,38.24545455158473,KE,resize,2,1036.999065597891,0.2733978033065796,0.08833560347557068,3.4028806686401367
865652107497194,25.981085501999,50.457665915183,40.48736822488087,68.786326480697,BH,resize,2,2337.6673705840158,0.11014960706233978,0.011763304471969604,4.029911518096924
299799271640333,2.1039771270774,45.331583431777,31.893693634401203,35.1298016088205,SO,resize,2,3480.624645078661,0.470935583114624,0.2887948453426361,1.9794968366622925
461018955189846,14.544694692651,-60.871651329228,44.65434894558233,20.54268578029833,MQ,resize,2,8204.143788840021,0.16494914889335632,0.04989355802536011,4.199499130249023
848673612668103,42.673726026337,20.952183058644,41.824859301435986,44.87470108281174,XK,resize,2,1964.7331926414076,0.9733887910842896,0.970273494720459,0.23039570450782776
1416342685418545,-18.613385898721,-174.00201190817,13.877601671439095,-60.99601771645881,TO,resize,2,12882.723514168214,0.5280859470367432,0.17123576998710632,1.2573800086975098
494963678607139,41.553688076193,76.443594560854,40.01608104053733,73.96173769898084,KG,resize,2,269.96874072917603,0.16276468336582184,0.058315761387348175,4.186525821685791
219389349648885,10.15103545444,-0.08621895664982,10.451423758290794,-0.3949573845822123,TG,resize,2,47.503040981290944,0.9997774958610535,0.999694287776947,0.0026633364614099264
3089177431309627,15.373065639057,-61.261521114061,18.668776960220598,-74.10023239608063,DM,resize,2,1412.932229472762,0.6856719851493835,0.5436534881591797,1.5996595621109009
267446095163419,-24.410317211088,31.569065250692,12.845730873084348,-86.07007923048305,ZA,resize,2,13370.946376448943,0.21110719442367554,0.11004842072725296,3.327833652496338
302215634735033,41.271908839255,44.308127758638,43.974850097061754,22.274964281877185,AM,resize,2,1821.9801446216336,0.048652056604623795,0.007524136453866959,5.841339588165283
2667851503513129,17.27324849632742,52.95912218803253,17.566251314083544,53.15947923396315,YE,resize,2,38.90166716759111,0.9250593185424805,0.9113597273826599,0.538579523563385
153409713461640,8.790179318271212,17.833063690255294,13.370615957810214,-8.294477485464284,TD,resize,2,2894.4734663458826,0.5738877654075623,0.47620970010757446,1.9555715322494507
197648665524336,32.845770012076,3.9393382718177,25.525656723433958,36.184841749386514,DZ,resize,2,3220.6632942719666,0.2589418292045593,0.06274458765983582,2.9546947479248047
186111083366529,51.38944480684,5.6393438286668,53.16695862284467,9.90597017370117,NL,resize,2,351.07855736524806,0.1789446473121643,0.07044421881437302,3.9960522651672363
2778308682433187,46.907087389519,21.768223720096,50.94839660269622,16.607190016824966,RO,resize,2,586.3046019789927,0.15189819037914276,0.0044649094343185425,4.1012725830078125
937732960392917,57.179863762985,9.5235696942098,57.16933988982133,9.563516485492354,DK,resize,2,2.6771535086669696,0.14473570883274078,0.05898803472518921,4.331130027770996
1146261095856485,7.3615432427089,134.43713448334,16.356998771000306,-61.49292561305595,PW,resize,2,16848.31326368389,0.5150400400161743,0.11511093378067017,1.0178006887435913
481510253092194,55.547652479706,10.237061583967,51.68755659082436,8.229052763683693,DK,resize,2,449.1428226531623,0.5130608677864075,0.4310896396636963,2.473134994506836
373515770750013,52.085212737279,23.57416942403,53.15544711851927,10.15271879794079,PL,resize,2,912.4282666461343,0.1095723882317543,0.03125012665987015,4.351500034332275
509958026699758,8.7996562999047,17.834358755261146,13.283428108919379,-8.318034033474644,TD,resize,2,2895.6837653271864,0.8433781266212463,0.8086056709289551,0.940687894821167
898715014311013,48.970224789976,9.8639365242088,9.620175862661188,1.299948056877214,DE,resize,2,4447.541207235335,0.2321181297302246,0.05421656370162964,3.333831310272217
1199206943853136,-16.678932002412,-60.816984800192,-16.5754142498589,-48.57318047613135,BO,resize,2,1304.3691131785574,0.26204192638397217,0.09645482897758484,3.0187020301818848
498260671492955,-38.013275055456,-73.225185383762,-33.42008334917684,-71.10499190711431,CL,resize,2,545.382618283232,0.12222571671009064,0.04533672332763672,4.332690238952637
894859321231304,12.227082918058008,-69.07847800166279,-7.235287626158952,-35.48388147899654,CW,resize,2,4298.225902301029,0.41701969504356384,0.31862279772758484,3.0104074478149414
1389207538112280,-18.237830811581,177.83923612892,15.616947605406144,-61.46618999738218,FJ,resize,2,13726.727342545575,0.1806875765323639,0.03273063898086548,3.554948329925537
853984918525885,16.723203555806,-62.23130997289,15.639765440976989,-61.42314709111643,MS,resize,2,148.19486193639588,0.27190425992012024,0.11915387213230133,3.1417553424835205
122049223635653,-9.093844554597762,143.20550105803093,42.476209360853915,14.083656650467912,PG,resize,2,13842.62706408751,0.2000371366739273,0.13148324191570282,4.735640525817871
503430330798585,15.754797111762,-86.834109918362,15.438651069174574,-87.75205759290296,HN,resize,2,104.4084536257373,0.9964926838874817,0.9952700138092041,0.030221356078982353
909387153127451,28.736208967151,48.003263644262,29.51755134004793,47.735736268354394,KW,resize,2,90.68411542464018,0.583951473236084,0.5314416289329529,2.227862596511841
906902016543352,31.331782024306,46.203432956327,38.31335624739959,57.64024665509256,IQ,resize,2,1299.2583044776607,0.7569217681884766,0.69101881980896,1.5307666063308716
2928214434172169,1.1206763559822,104.10141369167,49.275613219310884,-123.17155532291707,SG,resize,2,12823.642747942327,0.312137246131897,0.1154504120349884,2.918229341506958
450152016285778,44.280050101707,22.571319099243,44.4013584235188,26.09964806257331,RS,resize,2,280.89682284060865,0.4055767059326172,0.0636303722858429,2.0030572414398193
364335675754039,27.44091865174831,89.6695301948495,37.5919145916559,41.50768724590507,BT,resize,2,4602.673231655465,0.8934706449508667,0.8809263110160828,0.7589904069900513
1465192193846342,49.242897458505,-2.1257188472841,49.18242161671145,-2.079416824696121,JE,resize,2,7.518787652339036,0.13379351794719696,0.04966636002063751,4.129847049713135
307943760727803,32.017590561359,35.44667005004,33.09000866802858,35.37526553224032,PS,resize,2,119.43508635790944,0.7079671025276184,0.4917606711387634,1.048192024230957
460785571683103,37.925916394446,71.433043060589,14.034790405726666,100.88220030291367,TJ,resize,2,3932.8729023103906,0.1365908533334732,0.012564346194267273,4.3452887535095215
1128725237604299,-29.134916665635,150.74974999676,-19.98748537456508,146.77554128673503,AU,resize,2,1093.4189596096,0.28126639127731323,0.03669463098049164,2.414661169052124
490647468911155,40.963268605415,72.227703152599,42.96779429590664,77.90475350110728,UZ,resize,2,519.4543956086353,0.9180687665939331,0.8864744305610657,0.43481236696243286
333643931662411,5.6383973900144,16.079947991405,40.568305536056734,46.41903957187871,CF,resize,2,4920.157759436474,0.36015042662620544,0.3141138255596161,4.14510440826416
1227174381045729,47.768093183573,107.23115509769,40.58143907334618,45.89925886949937,MN,resize,2,4825.97081985978,0.3905070722103119,0.3076517581939697,3.1518354415893555
1407497409603690,3.0843020507054,19.86280519181,6.355248747698006,37.55094880832092,CD,resize,2,1993.3008475200072,0.3289340138435364,0.1375175416469574,2.2013189792633057
3723636841075361,45.568657163831,14.018918146853,54.96694445298145,15.448778571382329,SI,resize,2,1049.9126511725317,0.2662416994571686,0.20008710026741028,3.949807643890381
165305525550262,8.3525370889256,-10.025850369874,6.768129180384872,-11.033421095614358,GN,resize,2,208.2614783477012,0.9929662942886353,0.9907548427581787,0.057505056262016296
340729614142712,18.491135,53.019456388889,29.37053283348035,47.9516456471849,YE,resize,2,1314.32767725369,0.10472532361745834,0.009327806532382965,4.578836441040039
454659182301876,-11.625933853582,43.262174830246,-20.93801687507394,55.401961798063766,KM,resize,2,1657.098719211127,0.6659454107284546,0.5152339935302734,1.5097103118896484
668193423973890,-24.287426139806,25.329460617088,12.612910873126369,-86.04318261626229,BW,resize,2,12726.807010558188,0.7110379934310913,0.6525760889053345,1.761925458908081
838630760070492,25.060757368329,105.86456403205,19.544899362727303,102.8353415107995,CN,resize,2,687.8816280030709,0.9356050491333008,0.9120981693267822,0.3451427221298218
390606075408650,42.986310463262,19.555681585034,41.92195379230014,23.02066495091529,ME,resize,2,307.8938582721108,0.20847177505493164,0.10392143577337265,3.2233283519744873
131134676170300,-12.948481303182872,45.128315287832365,-21.2587847192773,55.60420115325358,YT,resize,2,1445.8023865156722,0.8242055773735046,0.7348166704177856,0.8486233949661255
1792656240942534,13.919496365755608,-90.97051612073146,33.13337783370628,35.2587038317458,GT,resize,2,12278.134449862193,0.27327296137809753,0.0863976776599884,3.975682258605957
170823461623752,16.241110201764,-89.025642613932,19.556564545346333,-96.84294779527386,BZ,resize,2,905.4152185127667,0.20805902779102325,0.030394315719604492,3.2357754707336426
326797512347685,20.477204466217,103.99483406515,21.54738101699184,102.48171461287237,LA,resize,2,197.04864511408957,0.5334641933441162,0.3285040259361267,1.3697643280029297
603719283920573,40.194963555707,44.545682589004,36.43696297427557,59.424132062041934,AM,resize,2,1361.6803979767217,0.4488442838191986,0.29944419860839844,2.105376720428467
307023807471036,48.822446939892,15.635962976885,51.60689521003156,39.07769802392896,AT,resize,2,1688.8384256792156,0.20269976556301117,0.10744518041610718,3.437772512435913
1360919617610849,48.744206328516,20.484833979395,44.53112635126645,38.33811585490609,SK,resize,2,1437.2766241732245,0.22535867989063263,0.17060434818267822,4.602710247039795
4130359377021158,12.744808419842,-86.016174505038,21.626896044370298,-104.81948628261027,NI,resize,2,2225.2851029274834,0.2463640719652176,0.06487405300140381,2.640247106552124
186509513837116,-9.162518629974178,125.26855431414576,-7.278969519910131,108.384370453443,TL,resize,2,1869.684124410665,0.2702827453613281,0.16248813271522522,2.922757387161255
305027981215954,-18.157704641057,178.42394691893,4.447718060186335,158.65046582370368,FJ,resize,2,3319.363379647563,0.913811206817627,0.8895376324653625,0.5678914189338684
156576193076602,-0.78254800116056,36.454570001926,17.614041974204515,104.4507232042122,KE,resize,2,7709.471634964254,0.3448054790496826,0.022034108638763428,2.3433713912963867
713195779986935,15.71706020536666,-87.91892889999826,44.016530564473804,-79.3379827395354,HN,resize,2,3249.3639630140724,0.11994963884353638,0.026705443859100342,4.562535762786865
211686643757850,18.378333055477,-65.856644722755,-0.8963154939049314,-78.67589932089936,PR,resize,2,2560.8842967268615,0.5791589021682739,0.49223363399505615,2.091627597808838
1127316044444733,45.524200027704,20.00828632566,17.88151551948704,104.44953825664771,RS,resize,2,8175.047711989829,0.5486927628517151,0.39297354221343994,2.27478289604187
1705161749686063,1.6727266549458,109.85191823171,5.438613228700367,-74.7052364604921,MY,resize,2,19076.232444489313,0.19651009142398834,0.11305692046880722,3.697356700897217
1180959432346280,4.2166399722222,-55.441371916667,-16.82020149457343,145.68043493090403,SR,resize,2,17318.702297102987,0.16200652718544006,0.013465136289596558,3.5543837547302246
152378826822821,62.297150880353,-6.3605044614883,62.698210864344325,-7.218299944703021,FO,resize,2,62.67957420777326,0.931307315826416,0.8630325794219971,0.25369882583618164
2163885233752606,46.261529486069,41.00615902421,45.93496846085609,27.473790483445278,RU,resize,2,1042.780601932324,0.12860305607318878,0.0421549528837204,4.568099021911621
828943404645761,-4.2440126883445,39.574345953224,53.99259288020279,37.59238385222068,KE,resize,2,6478.242880728388,0.38144323229789734,0.32184332609176636,3.5607733726501465
145074444769704,19.85141683329288,-70.79678177411726,13.912661855712718,100.7358359492921,DO,resize,2,16148.096323108553,0.280158132314682,0.23082119226455688,4.326874732971191
167921538557854,32.347416850468,15.10321327924,6.500986710710476,2.6838471927633956,LY,resize,2,3148.8789925524106,0.4459223747253418,0.10258874297142029,1.7253153324127197
628318788994208,13.152619444444444,-59.56710666666667,13.635518999184079,-60.952078980357726,BB,resize,2,159.14454365780455,0.4258497953414917,0.15392175316810608,2.3960509300231934
842741859611073,16.018956092128,-61.581760537768,-21.001348757489303,55.264194742579,GP,resize,2,13373.772872099731,0.7823659777641296,0.6655036807060242,0.8164644241333008
310752417096783,66.229694079253,29.133889499018,61.323758420174975,23.721634115737398,FI,resize,2,606.3684662444147,0.6777598261833191,0.5978319048881531,1.7424999475479126
280932113713079,11.564178753638,15.28787472986,9.206853476424428,1.2917392090676079,CM,resize,2,1552.8423848934517,0.32132211327552795,0.159540593624115,3.437669515609741
306629164189671,31.994107162003,34.880880875532,32.15107534882731,34.88765901267753,IL,resize,2,17.465746763340757,0.38699790835380554,0.31377390027046204,3.566692352294922
375713220429607,-20.444336397825,57.719071106087,-33.67021405963179,-70.94186170928612,MU,resize,2,11905.427565614658,0.34834983944892883,0.17653615772724152,2.674933433532715
935998006944813,2.0128177809748,-157.40717950301,8.636172158047026,98.25454323872079,KI,resize,2,11547.80626851257,0.3775581419467926,0.22340671718120575,3.0170130729675293
243279310922728,22.002956746269,59.647583227775,22.539568895734995,59.51564752900053,OM,resize,2,61.193509537140635,0.678547739982605,0.5793873071670532,1.647781491279602
302369984598824,4.2729453578223,11.366798338452,-7.661764572025453,-35.2872519431899,CM,resize,2,5343.195419902366,0.4851623773574829,0.33393585681915283,2.46114444732666
1410294946017903,39.031705816026,125.75630076806,37.345106220702846,-6.323229778801631,KP,resize,2,10210.451485617388,0.26779553294181824,0.0978987067937851,3.29943585395813
557405362093639,36.954042854563,8.9131949083518,37.059790885707905,-3.4464210513588367,TN,resize,2,1096.7757094967217,0.5741996169090271,0.46087953448295593,2.051994562149048
508273253877668,60.696459628121,23.784802432989,64.4965921720613,18.20414760836079,FI,resize,2,509.61696947755325,0.7838606238365173,0.7467833161354065,1.323826789855957
822631438351061,41.306291815096,76.061806069928,56.5549632949324,27.609254845676432,KG,resize,2,3822.1933252991776,0.10146041214466095,0.002906613051891327,4.662939071655273
1138310456645189,43.382281881015,16.41157939924,31.34238643332548,130.41075749529682,HR,resize,2,9338.590404088205,0.27739325165748596,0.17449478805065155,4.024186134338379
222871899226271,-15.510435536345,40.349633637766,13.20933135257659,-7.2235445389481,MZ,resize,2,6129.7446571222135,0.09383802860975266,0.028381362557411194,4.583467483520508
653703302135487,21.606686370966,39.215434593079,29.992227268481614,32.09752672898703,SA,resize,2,1172.8309094689594,0.4321167767047882,0.12087416648864746,1.9183878898620605
512353726583180,57.378685294191,22.247361108176,56.91285038651878,22.37409532900482,LV,resize,2,52.359591379526314,0.3725062906742096,0.21083800494670868,3.3280234336853027
221188212807394,5.9007667928315,15.424776553249,-16.868601846400182,145.65823463906452,CF,resize,2,14471.003803871215,0.1082836389541626,0.06517325341701508,5.552100658416748
319019459840888,18.609369461477,-74.151456712619,21.384885124576627,102.22252716751865,HT,resize,2,15550.445387958931,0.6737970113754272,0.5604008436203003,1.6339082717895508
3291218371154050,-17.313447180213565,37.46183809351605,6.49746420279059,2.624108105893673,MZ,resize,2,4653.683559791738,0.954531729221344,0.9359309673309326,0.3656161427497864
584561212946534,-19.59947361892,169.46805368552,19.6328654105446,101.37581298450014,VU,resize,2,8605.104157272022,0.27618786692619324,0.19238080084323883,3.9725961685180664
304491461128491,-24.913992289767,-56.992001471465,47.582934113517474,-91.21313270597173,PY,resize,2,8758.185584359975,0.2143646627664566,0.07432790100574493,3.5516457557678223
297816615150376,21.480754782652,-71.133236713743,13.824829062919813,-60.91102049196189,TC,resize,2,1376.7091293317233,0.7340600490570068,0.5471570491790771,0.8840435147285461
393440354996585,52.70481457742,27.450028836652,33.94495631294035,-80.82592165795612,BY,resize,2,8155.728494875539,0.09438404440879822,0.058113690465688705,5.470324993133545
473720683849376,40.29467551394,43.521641209406,40.262819523003316,43.698587909242384,TR,resize,2,15.422940727572469,0.9999527931213379,0.9999388456344604,0.0007039405754767358
454870842476357,28.72600008284,48.263573067355,29.188664796362684,48.06847036686226,KW,resize,2,54.83619177177661,0.20231905579566956,0.07260596752166748,3.475449562072754
151442870324225,56.727613998069,9.8232903910496,56.62500221086281,9.675592288488675,DK,resize,2,14.546136879287545,0.474843829870224,0.2923508286476135,2.1563563346862793
3734785956631637,-32.223694448748,147.71777777513,12.082961751371354,-86.16654777834451,AU,resize,2,14100.945593278382,0.4518496096134186,0.24738246202468872,2.2327234745025635
2674396816191889,2.5936083377885,9.8483489898272,7.298948112769741,-11.495279462028323,GQ,resize,2,2420.895495960924,0.7368010878562927,0.5906375646591187,1.0305472612380981
1379450249134838,11.1299017047619,42.37458637619046,58.03249082738019,56.80093903305384,DJ,resize,2,5356.788370635376,0.38448283076286316,0.32286059856414795,3.595067024230957
275414690944598,-13.67751150128,-71.664754722863,-17.361397853566746,-66.18040567188761,PE,resize,2,716.1712630637378,0.47337979078292847,0.15040329098701477,1.6736971139907837
1234218287109955,-20.82413546364793,164.48620687630458,-17.27022873170008,145.5679956043838,NC,resize,2,2025.9462747002742,0.3481472134590149,0.13387256860733032,2.2069525718688965
302961411491361,46.996007579057,27.801513788055,47.157570929443466,26.38021302746376,RO,resize,2,109.11640316933048,0.30702778697013855,0.09483236074447632,3.1804070472717285
948698085931649,49.321417002248,19.543460957034,45.08163639337833,23.43933411480874,SK,resize,2,555.598609060682,0.09831473231315613,0.021010197699069977,4.053561687469482
328279275310503,2.1101448348,45.328888943853,13.164079050183357,78.3882773773591,SO,resize,2,3838.6121657577646,0.2904462516307831,0.22870609164237976,3.6565465927124023
3938529579574500,12.745875526918,-6.8748541915599,12.776476417311146,-6.6676071815709905,ML,resize,2,22.73170278593454,0.9830290675163269,0.9681068658828735,0.09588296711444855
1194874720960051,12.083080655367,-61.701340518071,44.672260746125254,20.48483695450898,GD,resize,2,8452.20459901614,0.41419553756713867,0.1431916058063507,2.5661497116088867
2660802827398825,16.196727547951927,-16.262142180464767,17.451790872242086,104.21217890433796,SN,resize,2,12497.489546344465,0.7474073171615601,0.6312442421913147,1.140417456626892
474318140350732,-30.186929671859,28.721722313277,8.164075671293352,38.67387148027038,LS,resize,2,4394.957283787267,0.16470061242580414,0.023165404796600342,4.189297199249268
131538628927343,23.927591478789,56.89006326826,32.66789001532243,-114.5100847823384,OM,resize,2,13656.154982126154,0.08588793873786926,0.010703891515731812,4.360156059265137
956252018280238,5.6732085786965,16.632589745091,53.18911557142398,50.32349252955955,CF,resize,2,6102.756231618351,0.1583026647567749,0.09260466694831848,4.933567047119141
986557568784559,47.96199867689,3.329329196682,43.32841956621593,-0.49256339986749637,FR,resize,2,594.571152395747,0.48458704352378845,0.36019304394721985,2.297585964202881
858888201360481,27.431311876486,89.411968800978,17.606874664347906,105.55103421472884,BT,resize,2,1982.0726606497658,0.6623702645301819,0.4242294430732727,1.1520172357559204
1122494928228049,-6.2923231452892,176.31516236757,7.187264554574027,-11.556960664728667,TV,resize,2,19140.13694042227,0.21716706454753876,0.09256479144096375,3.377910614013672
822289958383794,41.363620514254,46.930408712763,40.59527108204258,46.69003380789714,AZ,resize,2,87.78700436558921,0.4284086525440216,0.18208624422550201,2.806812286376953
507580496941067,41.24483557588,71.582892060753,44.42436515105643,26.151563848919885,UZ,resize,2,3673.6321012789513,0.3323187232017517,0.20875763893127441,3.023519992828369
850897392160274,15.37337039371,101.11838827961,44.32972226017149,-79.66604776010354,TH,resize,2,13375.928819265244,0.1411375105381012,0.049715280532836914,4.301880836486816
1479666545728283,-2.207944528615442,29.59226081231841,19.748002662030537,101.41543589664371,RW,resize,2,8197.043955040856,0.12224231660366058,0.03796326369047165,3.963045597076416
580789552886656,50.678594855093,4.8188742178492,51.68705411890788,20.834485205332086,BE,resize,2,1119.6428962867674,0.15387944877147675,0.0896705836057663,4.320727348327637
795872621134242,21.469950825343,-71.131968567748,21.550142818771732,-73.14974630162625,TC,resize,2,208.92914344552818,0.4574882388114929,0.10227257013320923,1.28420090675354
537185557301814,21.468632587884,-71.131614335596,26.512939900617262,-78.49767364661517,TC,resize,2,934.811889559165,0.7315929532051086,0.5058712363243103,0.73956698179245
533124681034633,9.6221481881675,5.9902728883701,20.134255326724276,-97.10432210274509,NG,resize,2,10980.896078304433,0.7825431227684021,0.7320873141288757,1.2696895599365234
459637375114061,16.326241192515,-61.485416089177,13.274077526775528,101.11081046188076,GP,resize,2,16208.277560121523,0.13305127620697021,0.05634848773479462,4.626503944396973
761065858107101,18.02556598756,-63.076095445477,34.38646982515663,-118.62266838088658,SX,resize,2,5757.36177948162,0.13251668214797974,0.06054086238145828,4.80582332611084
175886771114688,37.132743072818,71.445580058334,-17.349856258598557,-66.16394274042075,TJ,resize,2,15334.395564677168,0.6735076904296875,0.4704570770263672,1.3236676454544067
3028763490743210,44.505071370572,14.497751817403,39.07540248229083,-0.02179204958646962,HR,resize,2,1344.0245817914686,0.6282207369804382,0.5175420641899109,1.5475107431411743
4083027895078105,6.922264444172,81.810604007404,13.00531523443772,76.57677664397343,LK,resize,2,886.4162984148527,0.9109711050987244,0.8913542628288269,0.605793833732605
196273232181806,10.57170873112,-61.274575577684,53.46279374789194,14.723750558503234,TT,resize,2,8139.625112631233,0.1956023871898651,0.15391522645950317,5.0317583084106445
311046543750546,5.8181956657151,-55.229591655912,8.470113652828562,-82.47915920466882,SR,resize,2,3020.1893137771935,0.2715356945991516,0.09072601795196533,3.6366140842437744
1340777496415094,-24.184041937054644,-56.01406804634483,-25.490287763758804,-54.64601305682245,PY,resize,2,200.38301040484612,0.3979896008968353,0.26784414052963257,2.74387788772583
320265609670289,38.422783933334,-28.447899110035,-23.941551072770075,-46.392850549278826,PT,resize,2,7182.632961646336,0.12569069862365723,0.02383393794298172,4.9636640548706055
587462658901340,49.482634783129,7.2198204378864,47.79464073891062,-0.2458784464013404,DE,resize,2,579.490530600518,0.1774284988641739,0.06990121304988861,4.175732135772705
1117419915461502,-13.3507635470948,24.07831798797145,-0.10519613810964158,29.80702923285483,ZM,resize,2,1602.3725963585528,0.5386266708374023,0.39125126600265503,2.493879795074463
293849812373143,21.729330866875,58.283925067403,22.493500796285918,58.9426681737398,OM,resize,2,108.74424826625533,0.13010457158088684,0.055710189044475555,3.9438421726226807
913136816207204,27.685309394915,84.245084160599,13.94216399586604,100.77013810874365,NP,resize,2,2294.002878953176,0.23837727308273315,0.16168950498104095,3.726925849914551
1427947294218129,38.134538979321,20.602291273787,39.891797040502496,24.251662875085465,GR,resize,2,370.8887480147295,0.6167446970939636,0.5584869980812073,2.282494068145752
950864868999393,51.137636946693,23.395299320308,50.67842039730398,22.376387840325403,PL,resize,2,87.81281106185641,0.38173437118530273,0.2021852731704712,2.3513946533203125
223308666224105,10.524123082769,-2.6530083555487,6.145386316203777,37.57578420319788,GH,resize,2,4449.546155291922,0.8779256939888,0.8171741962432861,0.6734814643859863
202168424910797,63.087501381586,29.619921161522,58.10726173237726,56.774453040720886,FI,resize,2,1567.9891710850222,0.7542306780815125,0.696858823299408,1.5469517707824707
134334415352783,34.771117780932,10.388663407803,34.65815459620899,10.474134526998641,TN,resize,2,14.792161487002337,0.13930927217006683,0.02371424436569214,3.5686540603637695
1123967504754624,2.462911169111,9.8411851986574,0.33867395899335523,32.61083302439022,GQ,resize,2,2541.9550687812225,0.7878903150558472,0.7211108207702637,0.9679061770439148
563150931329907,-16.454467194083,-152.25488087725,15.714822651620375,-61.42486914776054,PF,resize,2,10582.301293824203,0.13704979419708252,0.04321897029876709,3.605024576187134
527782441730123,19.613317472222,37.21518325,23.020544531900484,72.59526938938575,SD,resize,2,3675.760643020466,0.17543137073516846,0.02341577410697937,3.4022552967071533
874132063313509,2.1211650392132,45.325477296944,21.06165621876694,-101.6343525515998,SO,resize,2,15591.171855742452,0.623406708240509,0.5169034004211426,1.8191289901733398
1414690518888723,4.4280699971271,-7.3572366993037,6.508920536477857,2.5802576954575063,CI,resize,2,1123.9688608279494,0.6493101716041565,0.4191855788230896,1.0295014381408691
1488652064809969,31.757099517069,35.492951999494,31.63750933366471,-7.852605202795331,PS,resize,2,4072.783721493762,0.9614977240562439,0.957554042339325,0.3431871831417084
548267689892757,4.8188638046841,31.553307958678,13.510738319866038,-6.714684509469028,SS,resize,2,4304.33988721633,0.33786389231681824,0.09913870692253113,2.742274522781372
151479410277523,13.926511407569,-90.820049410327,12.12656767363402,-86.2630347226737,GT,resize,2,532.6771912049229,0.2005276083946228,0.0665312260389328,3.2069027423858643
282741450237053,40.63918244788,14.689358309553,44.17750440731666,8.160218775280395,IT,resize,2,664.5966206327113,0.3701174855232239,0.2767290771007538,2.582305669784546
466856821203613,32.362756289357,15.075112091192,37.69021731372573,40.91042432954161,LY,resize,2,2417.4089119328273,0.4299660623073578,0.238870769739151,2.0181498527526855
503692787493112,-8.4956747146718,28.873913205907,8.031295035434157,2.6503992175090687,ZM,resize,2,3438.082420666793,0.32843613624572754,0.037428975105285645,2.1964101791381836
129527739201981,50.74400552946,15.089402768176,50.30592023946884,11.803646101963084,CZ,resize,2,237.30588233190593,0.28894510865211487,0.09748335182666779,3.2105064392089844
459080448727005,43.398268683651,17.872251876102,16.831945923738044,104.51717179687898,BA,resize,2,8465.715594730524,0.20364247262477875,0.00029265880584716797,3.4145712852478027
2599771000325900,10.491317886291,-66.940783689543,6.172725453041215,-75.35037328521521,VE,resize,2,1042.204752695757,0.7369171977043152,0.6579744219779968,1.3859750032424927
1586218158513391,-35.09726470656671,-71.96444205112698,-35.1086054438498,-72.01869010023552,CL,resize,2,5.093557183929506,0.7960097789764404,0.7351920008659363,1.126289963722229
790312034924185,6.4665061966066,-73.264673048874,-23.661321181774863,-46.569536810632314,CO,resize,2,4429.383159490661,0.22088246047496796,0.08304554224014282,3.281716823577881
3828714587227647,-28.982228650362,17.795137519664,-27.46514914806441,29.892977888639397,ZA,resize,2,1196.6736828419473,0.34984534978866577,0.00949975848197937,1.9170478582382202
915335685911826,-26.650343222475,31.676701721271,-25.06815294964147,32.32013388297993,SZ,resize,2,187.34067935870877,0.7643899321556091,0.7296155095100403,1.6469515562057495
295989332000056,-21.294072972472,55.453451741806,-20.93876450015081,55.37766058072478,RE,resize,2,40.2830894935303,0.889240562915802,0.8441839814186096,0.6175071001052856
762826894424335,15.953620769688,-61.226106662441,16.409578971706416,-61.4724266041391,GP,resize,2,57.117714385612665,0.4968104660511017,0.2162209451198578,1.3306920528411865
748877299000226,37.48624814219,-5.6260757420713,37.34950445947739,-6.538522565090546,ES,resize,2,82.0032969124432,0.6880242228507996,0.576607882976532,1.4800012111663818
995130811306873,23.092040987381,59.032220074214,24.53910616556634,55.63854115624081,OM,resize,2,380.8638314589097,0.21311324834823608,0.02306501567363739,3.9773201942443848
173462692069034,50.00493277190843,-109.16881836125964,40.62685840750949,22.75697402491043,CA,resize,2,8900.461108478836,0.375218003988266,0.2987428903579712,4.0068206787109375
374397180633667,51.090338894144,4.5540810997605,52.25827219707009,-9.316325897635624,BE,resize,2,963.69425628248,0.13411740958690643,0.06401403248310089,4.6744890213012695
925791128266982,3.9464155812419,-59.099715656841,-22.83357753149441,-45.74792172696026,GY,resize,2,3311.9999001500064,0.4724586308002472,0.40123245120048523,3.1783223152160645
1008151256597783,5.4088235841337,-54.080394782482,53.526603366915495,14.700329602729045,SR,resize,2,8133.058309074845,0.09307654947042465,0.0060344114899635315,4.736825942993164
183020897030038,12.165472591779,-68.284782803721,11.144875880610378,-1.8627964102071206,BQ,resize,2,7215.322873107982,0.4768608510494232,0.3631705045700073,2.668076992034912
497361505026790,24.459011977771,39.707017834424,30.14746398133482,31.692110748795965,SA,resize,2,1012.9642907918713,0.3763555884361267,0.1938599795103073,3.061052083969116
312120757154735,47.999359257395,28.38593989914,44.62027812821502,20.604671278232352,MD,resize,2,705.4478143054702,0.2464950680732727,0.16896745562553406,3.98087215423584
507960406990835,40.602484593203,70.9323931635,40.80009126436497,71.09777066218192,UZ,resize,2,26.02233720769161,0.648252546787262,0.529853343963623,1.8080499172210693
1068908920302393,28.118257713069,84.092550077463,7.8600828346880895,-11.203599504536962,NP,resize,2,10110.716324936233,0.21115568280220032,0.13735555112361908,4.527839660644531
2455881761214087,9.3112240684333,7.2316171757752,7.8815997018456425,36.44571289062915,NG,resize,2,3215.0106137315747,0.3169657588005066,0.18690460920333862,3.2421035766601562
308361434006892,4.4588854980948,-75.339098450144,18.723059982503013,98.98457464837813,CO,resize,2,17363.439697198486,0.289713591337204,0.12803639471530914,2.4040331840515137
155484156583350,-42.588544997261,171.13273084297,-39.42406965815643,175.6206765425003,NZ,resize,2,515.2546524744129,0.6819310188293457,0.6123545169830322,1.6019675731658936
792143884742189,53.499641726189,-10.025130557347,53.51564406910668,-9.863309374917748,IE,resize,2,10.848056015619393,0.828307569026947,0.7877114415168762,0.8970630764961243
538480140482205,46.417273237497,15.981580762317,44.57643263733518,10.828906005935591,SI,resize,2,450.6402510839025,0.19648821651935577,0.06609968841075897,3.777738094329834
968891463855525,40.418204733364,44.58904057928,42.802500990615805,21.052662925044874,AM,resize,2,1968.1108118588095,0.5314363837242126,0.397136390209198,2.034235715866089
2562980810671463,39.539716862316,22.649912734594,38.56659588212064,35.66523396573535,GR,resize,2,1128.0689415870017,0.6851667761802673,0.639620304107666,1.928297996520996
840569223558585,53.471437474357,30.369358954069,45.85605151130308,3.266265682025021,BY,resize,2,2109.9860328767536,0.1264457106590271,0.06225849688053131,5.048925876617432
212713197082595,42.7199422641,21.124316375918,44.8464008003722,20.2743679839675,XK,resize,2,246.09535289448317,0.4601939022541046,0.1771966814994812,1.8199506998062134
300368228286972,2.6515753388508,99.632830332947,13.300838058536032,101.12179226475256,ID,resize,2,1195.4074223957837,0.5392085909843445,0.3784148693084717,1.6426557302474976
803382520382829,-28.928078796683,27.877133995547,42.99343421373127,25.06619863512417,LS,resize,2,8002.468815039576,0.04970347881317139,0.007080066949129105,5.238070011138916
1251699818583166,9.3253458360703,36.511457430463,-14.538611327919643,29.926642690333402,ET,resize,2,2751.096031519278,0.10122977942228317,0.019185863435268402,4.496488571166992
134346362021204,-20.169316372954,57.574783850557,-35.11361992021937,173.43560036044488,MU,resize,2,10880.550057326027,0.5359719395637512,0.45901617407798767,2.8208937644958496
2659684644176450,15.207410023546576,-14.26851329497232,17.70353679674815,-97.39769920231718,SN,resize,2,8791.320423376,0.25095123052597046,0.07282562553882599,2.9263343811035156
338266731040151,-27.714887442632,27.237097549584,34.36761568807309,-3.5925878353666763,ZA,resize,2,7627.518471746216,0.23629626631736755,0.04663228988647461,3.3493311405181885
290719459343271,25.048779030648,-77.341776655437,34.228464444279126,-119.21031275797017,BS,resize,2,4142.590162375966,0.09567215293645859,0.007103428244590759,4.861929893493652
592656634965955,46.682736593205,21.206630159237,48.362197048419496,11.839132858594953,HU,resize,2,727.249822039971,0.08900976926088333,0.004700198769569397,5.013608455657959
327481305476197,3.6341919176295,72.959377283817,1.289573727274046,103.82986738847652,MV,resize,2,3439.0492399817113,0.5513979196548462,0.20485293865203857,1.0768369436264038
511298200008833,41.001835659413,71.969851087691,40.833412864880295,71.9913411920373,UZ,resize,2,18.814609918372497,0.6872958540916443,0.589035153388977,1.3853541612625122
1048097032779725,43.42241145892943,4.995993425198574,37.334271011744335,-6.366383650724044,FR,resize,2,1174.9848789018336,0.5270828008651733,0.316585898399353,2.0529770851135254
275678077530743,-17.141803188939,177.19494791591,12.728658432650906,75.31693515704671,FJ,resize,2,11662.10442555597,0.5563704967498779,0.37326955795288086,1.9925522804260254
292380389132080,14.868771348072,-61.121170377502,14.602978046417656,-61.05460875017621,MQ,resize,2,30.409295044796472,0.39447566866874695,0.1810065358877182,2.2100961208343506
195963679022241,41.444760586953,46.861020646343,40.61567695419199,46.29256570183536,AZ,resize,2,103.79059293437531,0.8629441261291504,0.8232161402702332,0.8867715001106262
967102544034985,16.986811638045,120.77076999861,40.48967337725548,-7.571388563704847,PH,resize,2,11693.252812242677,0.2083011120557785,0.0629802793264389,3.9838740825653076
132001678913743,-38.053559635768,-63.429009930635,40.79820901489357,-97.32949541597495,AR,resize,2,9420.482969896693,0.14069466292858124,0.014612853527069092,4.475205898284912
4323012444383952,-25.366368202834,-57.609654895019,-25.515676479277893,-54.652839156068126,PY,resize,2,297.35777478723884,0.5705874562263489,0.356231153011322,1.5914192199707031
1156261378535995,32.32323776884,-64.709264213971,16.008660119628512,-61.676232731080546,BM,resize,2,1839.7280929128679,0.4972584545612335,0.2620345950126648,1.6005597114562988
1022165461521852,10.726476338495,-14.376868641028,17.598817605873904,104.45739769781824,GN,resize,2,12597.372302105228,0.6280879974365234,0.5576592087745667,1.7369837760925293
193167485884135,44.181071716568,19.719133913291,44.06776585800546,19.56213394807705,RS,resize,2,17.770088368000955,0.3570016622543335,0.18377520143985748,2.829202651977539
2679866852305147,50.425563977087,60.525062163106,51.67583880090882,59.255072695096125,RU,resize,2,164.9438407257095,0.5126816034317017,0.44985049962997437,2.716135263442993
924145305018051,45.915356124611,13.677818254528,53.77657525040707,10.806424223949223,SI,resize,2,897.8513511843211,0.10049851983785629,0.03683088719844818,5.200732707977295
3991894140857885,6.396085635246,-10.578195078991,8.345692661918182,-13.083467561295764,LR,resize,2,351.16150708416853,0.5091239809989929,0.29699069261550903,1.6510807275772095
3753076561487105,2.0937663139626,45.333850241529,33.480081512323224,10.859472955804172,SO,resize,2,5002.104526101116,0.3990894854068756,0.3136647343635559,3.3808836936950684
4014259028668392,-23.777002866313,29.535916133115,-28.643792615326888,29.433362844530357,ZA,resize,2,541.258929530975,0.8419217467308044,0.8022845983505249,0.9413060545921326
1164259444051011,-33.004571460529,-56.45950492044,11.961095819226877,-86.3835949330404,UY,resize,2,5922.455413431585,0.20375147461891174,0.10775084793567657,3.9106040000915527
427797935584192,-3.381688479243244,-44.524339863567576,6.540643122724411,2.627364744030285,BR,resize,2,5349.288315491217,0.45493632555007935,0.2924432158470154,2.3449013233184814
348228456711934,0.368039651477356,6.712420799552506,6.183233608507856,1.1560342286520522,ST,resize,2,893.4590179069426,0.5720551609992981,0.24055707454681396,1.1655244827270508
4037485459669920,4.8556815609205,31.589953699137,-11.85834463989578,31.253312885157413,SS,resize,2,1858.8877472730676,0.7510842084884644,0.7006513476371765,1.256162166595459
157040263028996,18.045966582305,-63.112275507715,42.5299736940832,-6.535171085824108,MF,resize,2,5944.792105844954,0.4195397198200226,0.2766166925430298,2.7860939502716064
1124425647962016,-8.100649444444445,156.82296055555554,17.348454760207186,-88.36761958590112,SB,resize,2,12899.769559937313,0.40962183475494385,0.32370948791503906,2.8566417694091797
190098606266094,55.069795005888,22.812891905378,54.195141180862585,10.836677677235686,LT,resize,2,775.9432358247733,0.11725571751594543,0.04953761398792267,4.4415812492370605
3863626387049111,15.379540488714,-61.26786022339,15.404607810687834,-61.14620944369122,DM,resize,2,13.336305337873547,0.8010571599006653,0.6304094791412354,0.7040497064590454
807900806500123,19.60787766549,37.220870972767,14.801441166203256,-16.413322552169735,SD,resize,2,5700.148013000289,0.9248402118682861,0.8765830993652344,0.42040160298347473
135555819075899,46.30515446867184,15.555693802754446,43.03133946817608,-73.77376981475477,SI,resize,2,6676.817784508899,0.10963737219572067,0.03708118200302124,4.732052803039551
152233856857550,11.552312562133,43.119735981314,11.378079321079952,37.37211509911168,DJ,resize,2,626.642222385206,0.23820888996124268,0.0689309686422348,2.8994460105895996
319392699542913,1.3294518861992,34.311410798855,-15.105413085383567,31.393019434698097,UG,resize,2,1855.4535137668668,0.14376404881477356,0.01014941930770874,3.2274773120880127
991289955033112,34.234741855173,35.65948675276,13.116778439943953,77.80988241471307,LB,resize,2,4844.027678139948,0.07549470663070679,0.01157880574464798,5.545535087585449
328520695545965,63.434626046589,-19.024249484436,63.60126420729801,-19.725500688030372,IS,resize,2,39.39939254083109,0.4089761972427368,0.24764932692050934,2.1629724502563477
464789361418887,3.807393,113.74682650005,5.065474607652646,115.54844148115991,MY,resize,2,243.84494706766537,0.7474365234375,0.5359599590301514,0.8551034331321716
1310937239362809,-16.05923501421255,28.45034874273332,-15.643614762839208,28.224037583958104,ZM,resize,2,52.17110462660105,0.5346444845199585,0.24938923120498657,1.3117778301239014
1177148709364507,3.9517282399816,-59.127383286379,44.11027078542914,26.34415835310685,GY,resize,2,9340.409557984729,0.7553892731666565,0.7300519943237305,1.7371463775634766
141607461308537,-22.361528273609,-59.837892878355,45.09617583245908,37.40182084588731,PY,resize,2,12297.470057072482,0.9947146773338318,0.9941518306732178,0.05734502524137497
463077528107904,-4.7878008330033,11.864756923075,33.202433050028816,-7.640658798180514,CG,resize,2,4697.56405915778,0.8219777941703796,0.6958868503570557,0.6455327868461609
173215948022940,8.5714365537216,-9.8691302343456,6.842026361554212,-11.217404678386227,LR,resize,2,243.0027150400903,0.8251338601112366,0.7331634163856506,0.7832809686660767
3926033430843905,32.171256244263,35.467920604541,32.07209992911232,35.29669321422768,PS,resize,2,19.534138646166273,0.7551626563072205,0.6578050851821899,1.3719557523727417
916665025779516,24.524150796485,67.540287646591,17.029607696101603,99.85687389600493,PK,resize,2,3452.6130356954955,0.14004898071289062,0.02741188555955887,4.102053642272949
842532369808274,41.215589499727,-7.4506176074975,37.16196065869782,-7.903353289745532,PT,resize,2,452.4265128006255,0.22350817918777466,0.056053370237350464,3.1752028465270996
909312326294088,28.050014468342,-14.340539294975,36.23366759459934,10.510166571531919,ES,resize,2,2501.507190094471,0.6979944705963135,0.5175064206123352,1.170718789100647
1207676993015897,10.787243979814,-68.323068119416,18.402069063471835,-66.02565228871995,VE,resize,2,882.0200831350097,0.41870883107185364,0.23076793551445007,2.521615505218506
317484316498860,51.531648181729,128.20909035955,56.90529160709034,60.60247439798322,RU,resize,2,4253.012853379702,0.930297315120697,0.8840869665145874,0.3290342092514038
947661819318356,17.121694235905,-24.994762874038,28.884422289387814,-17.69235773660184,CV,resize,2,1505.4056426632212,0.7722064852714539,0.6622552275657654,0.872223973274231
3947329925333716,12.679493966294,-6.7269231036328,12.693592307630423,-6.406164057768841,ML,resize,2,34.831309021720266,0.999569833278656,0.9992788434028625,0.004348184447735548
142131454599179,24.557496611483,35.148695104321,34.401980173135726,-1.0907542660633716,EG,resize,2,3652.658721961989,0.34451860189437866,0.2664971947669983,3.3325319290161133
165567675960284,19.612087898208788,-70.1751715983372,17.726449913687123,-97.45887943224999,DO,resize,2,2878.8082744416565,0.49499261379241943,0.3778698742389679,2.3580193519592285
1366666657062368,47.544360211205,12.177256693404,45.863544495535564,8.118070855199074,AT,resize,2,361.5076145442271,0.29944440722465515,0.09172840416431427,2.9257760047912598
829244944391118,39.11803685393,-7.7196219014644,39.3644321333128,-6.494290883279225,PT,resize,2,109.0223570414879,0.47697293758392334,0.41418492794036865,3.1204750537872314
298013541938371,41.541448730912,-8.7560397976019,39.64216009614165,-7.8278987641656865,PT,resize,2,225.2592464359325,0.3665856122970581,0.09037429094314575,2.780535936355591
930318810923353,12.290897526921208,-69.09122276531554,53.428106432177664,14.604937721765326,CW,resize,2,8496.975037885575,0.16564899682998657,0.026368051767349243,4.395490646362305
503246924141783,15.602839427825,32.487242561959,18.534929065384954,73.91451537542665,SD,resize,2,4406.378331302102,0.21145883202552795,0.00843319296836853,2.4418656826019287
449325599700589,50.12174331487,4.4948783441326,42.81818726560448,22.195098686385297,BE,resize,2,1574.3538522213069,0.37969017028808594,0.29069024324417114,3.740227460861206
467405711031097,17.992572255683,-66.263814308226,15.094139026671668,101.76829464184625,PR,resize,2,16109.218519663928,0.18976044654846191,0.09302184730768204,4.3225932121276855
288246882935326,40.557590089793,75.163197454637,8.899077241935986,-11.977378878937932,KG,resize,2,9125.345823075406,0.3108275234699249,0.2714522182941437,4.758072376251221
505540450790369,22.70995468898,92.098773627243,24.25581167944417,91.57300166616464,BD,resize,2,180.06007177373746,0.5252048969268799,0.4073668420314789,2.2315540313720703
591386078920254,62.107759453888,-6.6834959276139,62.08297694031277,-7.080784800147026,FO,resize,2,20.857468926184374,0.6347377300262451,0.3865889310836792,1.1848326921463013
370606561029319,10.210502973191,-0.07341133185964,-25.329934732251406,-54.695842932870036,TG,resize,2,7110.788171232434,0.6868964433670044,0.6410652995109558,2.0429258346557617
439450394288287,50.054284237917,38.880788589348505,42.625752322558,-82.92196948584132,UA,resize,2,8264.32295113293,0.11632823944091797,0.06009446084499359,4.4920268058776855
310375324029868,-37.347698548595,-71.82270654997,41.927652752982,23.774810369467147,CL,resize,2,13074.74387212772,0.5161821842193604,0.34066134691238403,2.522324800491333
981591149045969,18.008278271819,-76.772753375805,12.124829161357578,-86.26431198912218,JM,resize,2,1210.5160728062904,0.5138865113258362,0.40926575660705566,2.0697875022888184
538662890462002,22.639099459104,-80.443942528532,8.24178396100079,1.5915815514009393,CU,resize,2,8843.198639522932,0.6514501571655273,0.43352556228637695,1.1748806238174438
481222069768896,22.306404025662,114.25196352132,22.341318576356088,114.19576514165834,HK,resize,2,6.963334603406494,0.5034664869308472,0.2647210359573364,1.3007062673568726
853822608822418,-13.764240001823,34.415945000478,9.072997843619424,2.0822863776364966,MW,resize,2,4379.451652942342,0.8230848908424377,0.7826682329177856,1.1194738149642944
2945544342367414,18.448984494982,-64.550096065019,14.021885878795214,100.82663376736001,VG,resize,2,16064.772919733952,0.24658578634262085,0.07313932478427887,3.128451347351074
733805970633940,26.209879663614,44.103482474166,7.926156940048024,38.57693749336722,SA,resize,2,2115.3335826255316,0.34733331203460693,0.23101341724395752,3.1519265174865723
2579377392357434,34.360744713034,0.072177953700416,32.28405993573049,-8.591395211038629,DZ,resize,2,837.1105305387408,0.8846495747566223,0.845370888710022,0.6991309523582458
321976292610460,2.6050561253904,-76.72716581048,6.186081887948131,-75.28281293420493,CO,resize,2,429.17437440312887,0.6343392133712769,0.43918222188949585,1.6858117580413818
246778030560130,22.378053670525,103.87749530607,17.94933883471882,105.95738309262228,VN,resize,2,538.150392788183,0.3941190838813782,0.35233455896377563,3.955137014389038
132463405538393,51.895041095248,4.7359317785887,53.26748247941536,6.703062279556453,NL,resize,2,202.35726196094927,0.05846387520432472,0.00978080928325653,4.635039806365967
159985626091830,42.085182325218,23.055097885585,42.83548261709345,21.32135565243819,BG,resize,2,164.88391766602336,0.16283245384693146,0.07025324553251266,3.670396566390991
740422473321001,35.328722082019,33.504620154232,37.05067928670253,35.96392044695325,CY,resize,2,292.162604205076,0.3396874666213989,0.16139690577983856,2.739292621612549
6049840251722845,8.4468470660858,-83.484163463651,11.79032776263401,-86.25368997824728,CR,resize,2,479.68770390481643,0.14642424881458282,0.028712935745716095,3.7658588886260986
138432154861804,35.516834375223,24.116877817233,38.17867137991162,-8.426531909906874,GR,resize,2,2895.9579570071346,0.16051293909549713,0.016777366399765015,4.404068946838379
171677658627663,18.637934456903466,98.81616605062511,14.055945730800808,100.83559876600371,TH,resize,2,553.1556965661532,0.5269638895988464,0.42227303981781006,1.7743103504180908
473447400410020,45.472666923779,13.751881662375,44.097655622784295,22.190195729675896,SI,resize,2,682.9325283027848,0.3011353313922882,0.18862709403038025,3.5478994846343994
208370247526297,56.307504479799,9.1351912802156,46.63980931363073,-0.3087863557144372,DK,resize,2,1255.8030378368833,0.3871152102947235,0.35289105772972107,4.025566101074219
1163829564042676,17.629236812387,-63.23181172096,23.202659972918905,119.39047547312232,BQ,resize,2,15465.856594073368,0.2965201437473297,0.17561259865760803,3.0525617599487305
1180300995725561,32.355451166141,15.079114167989,-17.40144804812853,-66.1601525752333,LY,resize,2,10245.092368633137,0.4104295074939728,0.22636203467845917,2.505079507827759
1162905660800863,17.15804609038,-62.622664100026,13.065697534376046,-59.58505231054549,KN,resize,2,559.7720067893099,0.34840264916419983,0.1107945591211319,1.7099345922470093
780194756204466,31.983423754021,34.895586904175,39.4063411836755,-9.16714083466693,IL,resize,2,4022.8487957175503,0.4155830144882202,0.3150857388973236,3.5659570693969727
789897778580281,54.185632103826,28.47319812173,47.18009407122223,29.177709648165237,BY,resize,2,780.5492847087511,0.25326377153396606,0.03476886451244354,3.280911922454834
769108033797400,-13.06839043317,-76.274611371143,35.61763604815738,-94.0714531081603,PE,resize,2,5728.358834023357,0.5447037816047668,0.4307493567466736,2.5848922729492188
5011086665646025,13.613395452952757,-16.429313461515747,13.263323796405652,-8.31214877996934,GM,resize,2,878.6964514178467,0.3547861874103546,0.11959165334701538,2.0102152824401855
3772032009586752,-4.0767885530923,29.088814837055,-6.854567480361092,39.25508588136791,BI,resize,2,1166.7966506386376,0.26854193210601807,0.06374154984951019,3.4180047512054443
971793776898906,-34.758013649475,-55.95646902546,-34.15135545713154,-56.241355391348456,UY,resize,2,72.33787862598429,0.8753931522369385,0.8155169486999512,0.646596372127533
745163459490620,31.824187546378,35.267560408259,-33.67933757172145,-70.98175381487917,PS,resize,2,13272.012312506162,0.4264899492263794,0.3710944354534149,3.467404842376709
531383694528931,37.605095136322,48.695122536588,40.435470504346384,43.89969332447252,IR,resize,2,520.1274721370369,0.285022109746933,0.06746914982795715,3.446535110473633
355157592673467,1.0703328887576,103.96283377749,13.062651659221569,102.91605315328323,SG,resize,2,1338.459712911296,0.13738366961479187,0.012026429176330566,4.14247465133667
303575617923017,-9.4382405064784,147.20811425115,-16.849325193762247,145.6869730358726,PG,resize,2,840.3484877452062,0.3932962715625763,0.24029086530208588,2.747979164123535
1038259080102537,-26.782850103384,31.938656241877,12.755478295141305,-86.09540296480702,SZ,resize,2,13407.666023364172,0.17730599641799927,0.01543724536895752,3.160048246383667
459158871851075,10.792404464252,-12.298637806325,10.21262803220671,-13.649744532015266,GN,resize,2,161.17350466885705,0.4338083565235138,0.28217175602912903,2.7836365699768066
288005262963881,-21.597843332119,23.667795003616,53.696990750014564,8.438136348002747,BW,resize,2,8499.419780788388,0.1746135801076889,0.08695559203624725,4.990189552307129
311438013831843,16.840623273889,121.74439328693,17.960377876335286,99.05184068918913,PH,resize,2,2409.5666693842436,0.5502194762229919,0.3768373727798462,2.172635555267334
457187265449390,18.32580535956599,-64.95398969507924,37.6206474371579,-25.345825218193657,VI,resize,2,4396.335258897925,0.38191190361976624,0.2787609100341797,2.978400707244873
327825698973041,39.559288635696525,72.9109157130074,-16.503932862560216,-68.26141009744586,KG,resize,2,15476.327385402838,0.5715882778167725,0.43857571482658386,2.1045312881469727
1376712112713014,5.1198336159589,-52.65735432583,-7.552479012674582,-35.27315223474578,GF,resize,2,2388.5560284791245,0.6176878809928894,0.5582234263420105,2.48350191116333
524817781855332,-14.010419075563,-171.76031777505,-10.829170328698696,-172.13321671025005,WS,resize,2,356.04827429213276,0.5160478353500366,0.32394665479660034,2.176936149597168
858561451393926,36.701828275673,67.096598041303,35.6634562330104,51.06116577438073,AF,resize,2,1442.1099563179107,0.1429966688156128,0.021940283477306366,3.5453078746795654
177928610855949,6.391780060521,2.6237783121974,5.174752075809196,-3.264026894724364,BJ,resize,2,665.2559158582852,0.9834502935409546,0.9810822606086731,0.1386534571647644
747501719832988,-9.89210909998267,38.8967731000014,12.415244182361096,-6.053121215474117,TZ,resize,2,5549.953297669778,0.41832876205444336,0.18046793341636658,2.0701401233673096
488569252193683,12.539996192436,-81.714972968868,10.179420820097848,105.54719573373329,CO,resize,2,17364.551073389186,0.37018612027168274,0.1787959635257721,2.3589437007904053
762294004482937,20.222569995853,-76.036013281341,57.18601694340132,56.98762764682684,CU,resize,2,10367.339203616015,0.1303367018699646,0.0844571590423584,4.88306999206543
526448611961086,7.924136171510359,-11.169831512240096,5.413471320255036,100.46439836084397,SL,resize,2,12289.197965176321,0.4496205747127533,0.22739264369010925,2.3813302516937256
1359226914447321,10.466207945458,-85.77513112055,13.735616408294275,-60.98676744911497,CR,resize,2,2718.1565938645513,0.28833767771720886,0.18053331971168518,4.184013843536377
478165190183611,12.430745089839997,-15.317974157219002,13.922211828682343,100.69885228171444,GW,resize,2,12380.953496078053,0.27808573842048645,0.06807008385658264,2.5948233604431152
336533984561274,18.419385888373,-72.877030607553,12.745257897094914,39.28908213375438,HT,resize,2,11811.851518289908,0.48268789052963257,0.4318508803844452,3.0946156978607178
292195892390772,-13.068772639841,-76.278890129748,17.88352548675574,106.28818449066095,PE,resize,2,19413.21504316963,0.3929041922092438,0.2224908024072647,3.11716628074646
786215532287048,19.827903639239,94.949804250429,6.4915253636344925,2.660195050691543,MM,resize,2,10001.127461537006,0.19504112005233765,0.061819836497306824,3.674856185913086
4028024750648073,-1.455427434928822,29.883620710338125,6.1987160280740135,37.52982091810534,RW,resize,2,1202.0512481350984,0.401170551776886,0.09088307619094849,1.980722188949585
481816143100801,26.018200502837,50.622605427635,25.260562705023503,51.486391546283045,BH,resize,2,120.81031276645413,0.2334619164466858,0.06105370819568634,3.2387924194335938
304881227850189,22.470625099054,114.10853488259,22.39626439061088,114.20326305875882,HK,resize,2,12.773473077706036,0.43422186374664307,0.2590612471103668,2.3286147117614746
126797393065714,49.84047838484732,15.803297909812008,42.46828301784068,25.735758446999903,CZ,resize,2,1119.4264500299398,0.3123852610588074,0.28094518184661865,4.1373372077941895
1211101869349798,-10.507365795363,105.65356096619,38.60809763570272,-7.871545007429082,CX,resize,2,12772.331463450895,0.8852431178092957,0.8724687099456787,0.9366381168365479
1357493864625552,2.1640539673148,30.64994870704,6.540950326047995,2.6302327111086274,UG,resize,2,3143.612833163725,0.5065469741821289,0.38861995935440063,1.8486511707305908
934011534098551,12.028286166295,-61.732840110417,14.070517431249385,-60.96999621447349,GD,resize,2,241.65150140670238,0.785545289516449,0.6454077959060669,0.8008502721786499
500159881489089,7.342259838854188,134.46879110851162,34.87735929678845,138.2577000093776,PW,resize,2,3086.182591175845,0.12057074159383774,0.054247625172138214,5.107819557189941
2829740963958043,-2.733735821930212,29.43081567684662,-2.955983701437415,29.321814267998963,BI,resize,2,27.518474239585732,0.5976383090019226,0.494147390127182,1.6314008235931396
300848138109718,4.2523717777778,-55.444873805556,7.306088145978413,-11.725240047137762,SR,resize,2,4846.742557521946,0.794115424156189,0.6422727108001709,0.8041911125183105
2960966407518451,59.940574907434,18.785342625587,55.57578390477267,11.837140861514255,SE,resize,2,636.0810457872535,0.06301052868366241,0.010567013174295425,4.907380104064941
220493529416834,14.451610237561,99.415018949546,17.899219279782926,104.90712453638648,TH,resize,2,700.582795961886,0.9028873443603516,0.8311203718185425,0.4303058683872223
516560806259751,-18.175596732511,178.20009731967,-29.994799056158755,152.87262805860144,FJ,resize,2,2877.8201031426697,0.11179563403129578,0.009542010724544525,4.078781604766846
294110862335495,53.181595920049,5.7480942483866,33.32296233022746,-7.595044515504658,NL,resize,2,2449.140846301802,0.4350040555000305,0.3549162745475769,3.2597150802612305
244296907493001,65.57013399313,-19.349029020965,65.72974366966443,-19.711148220867713,IS,resize,2,24.30241655552798,0.8985857367515564,0.8401932716369629,0.4257585406303406
233889245170464,4.8560503387361,31.612436706474,12.093476455956012,-86.2529611371905,SS,resize,2,12893.48170810647,0.3286319077014923,0.20514364540576935,3.0898327827453613
1927622730739430,40.369069324101,18.219159988562,52.456128840936714,-0.705089960989499,IT,resize,2,1966.5906897455902,0.19753549993038177,0.13961653411388397,4.897590160369873
471926114136200,4.5631962676901,114.07349517648,49.8072613979799,1.995291884474491,BN,resize,2,11167.285950838448,0.14638544619083405,0.07370372861623764,4.693971157073975
1192683651176123,9.0895860909637,-79.618866004971,17.968606188259265,105.31983050995937,PA,resize,2,16957.874103957536,0.21103936433792114,0.08716747909784317,3.6304314136505127
1413530045696031,-15.969463833371,168.26130683879,4.756713341116139,-74.54481751127598,VU,resize,2,13057.643896017727,0.20074418187141418,0.06399624049663544,3.8524770736694336
299499428465574,22.36370144725,113.94841256522,22.380494972154114,114.18145680095903,HK,resize,2,24.035524654261703,0.430658221244812,0.16724416613578796,2.0553765296936035
189606749553432,56.525393057968,10.08101978509,53.03169545075399,10.071561498800108,DK,resize,2,388.481921657044,0.2064850926399231,0.12820392847061157,3.968466281890869
1108722216274003,1.3887705484241,173.14385660736,13.85011034329796,-60.96765360530876,KI,resize,2,13818.990618989308,0.8530592918395996,0.8276931643486023,1.0395928621292114
240591061153313,9.7075559946148,100.00619099387,14.016449948098662,100.8229477562419,TH,resize,2,487.29685176014954,0.9506757855415344,0.9401330351829529,0.33401450514793396
794974811139135,32.804114385981,13.043328230439,36.61501783246948,2.849140063249088,LY,resize,2,1022.9090853255213,0.3552764058113098,0.20267517864704132,3.032259941101074
1107588656407422,-46.062736055573,169.00760704864,-36.03389100054678,174.3575208421223,NZ,resize,2,1201.2903590221276,0.5852588415145874,0.30955934524536133,1.1920149326324463
1279096795825768,54.406755367854,-8.4796165911836,54.31908802175106,-8.54227934778517,IE,resize,2,10.559754661941177,0.3749765157699585,0.08112666010856628,1.7952929735183716
193108499326081,-6.7004249966118,39.206861112601,-28.055792116444177,26.85406440244477,TZ,resize,2,2707.5215742785435,0.4947602152824402,0.32241061329841614,1.8642897605895996
291897862594169,27.521924666676,89.820270487386,28.15353705409489,83.81126564097839,BT,resize,2,594.9412402066828,0.9525588154792786,0.919820249080658,0.2577751874923706
123070833137806,5.8145917994639,-55.143095980408,13.18989558286987,-59.59366960224624,SR,resize,2,954.1649963192327,0.47206243872642517,0.3025919198989868,2.284283399581909
5396405327097940,69.21259125489,-51.103395948712,67.9492673972434,20.10063663059849,GL,resize,2,2732.167462708187,0.43899211287498474,0.38083064556121826,3.0839433670043945
957601181668431,-51.706042723598,-57.906993308318,36.79245276635849,-109.44360916490136,FK,resize,2,11040.183022501144,0.24005846679210663,0.15614543855190277,4.44515323638916
604130717650197,-1.9959688798483,30.050157126173,0.3470022894112326,32.66098359908934,RW,resize,2,390.03222351773155,0.2938404679298401,0.04937100410461426,2.323026657104492
1941512039367524,30.98571832847058,-7.229221956634584,17.9459133562014,104.75103087611767,MA,resize,2,10945.143142052024,0.9708776473999023,0.964667558670044,0.24435211718082428
196243366278308,13.167682777777776,-59.53696416666668,13.234139507775051,-59.60522156846932,BB,resize,2,10.450307832591259,0.6804159879684448,0.5947578549385071,1.7151918411254883
215411967015224,-16.468819194731,-71.941378039278,17.738849890476995,104.94502416180629,PE,resize,2,19655.318925347823,0.2885519862174988,0.03793543577194214,2.6654601097106934
1450360272005106,15.921467840879,-16.279407687736,38.223567938767694,-88.45221054423423,SN,resize,2,7378.720037354657,0.6145475506782532,0.4784563183784485,2.1056950092315674
756714068376834,4.8155110248734,114.77642618053,14.0461565120215,100.86616246949436,BN,resize,2,1837.3708396327193,0.6565394997596741,0.4815843999385834,1.6794874668121338
2918063678449936,8.0011665869234,38.705149393002,8.28101829804521,39.008845108686906,ET,resize,2,45.67097872617326,0.9995269775390625,0.9993231892585754,0.005519557744264603
1001295333882125,40.63113853803493,-6.0362211199295865,-13.343335413568546,-43.35575247885759,ES,resize,2,7126.44248849617,0.056987982243299484,0.010011326521635056,5.194747447967529
808035410091724,16.206487661547,77.345926501434,17.734189398574742,105.57412668839656,IN,resize,2,3004.202687682664,0.6135186553001404,0.3728058338165283,1.3535391092300415
268897404930235,57.163975404144,-3.6875044027183,45.84964345684132,3.443536900900654,GB,resize,2,1349.6807447367019,0.20480619370937347,0.03317691385746002,4.2502760887146
1125401674596218,39.823992064377,42.428897726042,39.873356518793734,40.995932515762426,TR,resize,2,122.45219231828949,0.5678007006645203,0.4570660889148712,2.365187644958496
526674661844363,36.219109563696,44.414746657631,41.470732134490376,1.1359664845757353,IQ,resize,2,3753.6995486619817,0.2266729176044464,0.07368344068527222,3.837714672088623
964858007616084,4.2630124849459,73.563178328896,6.476157844882488,2.6448430511801715,MV,resize,2,7849.322979440851,0.33042797446250916,0.2656230628490448,3.6773581504821777
5490667957675480,5.2624334865771205,163.0047322024813,6.697011425179235,161.75095743746434,FM,resize,2,211.352876486558,0.9686439633369446,0.9544065594673157,0.20462089776992798
573195574072375,-15.671003834964,-48.191441316741,16.41846028451639,103.15930222059042,BR,resize,2,16954.91980297837,0.06989224255084991,0.021642927080392838,5.492303848266602
892381884955306,58.981961021242,24.221882703215,59.24755113847951,15.306266819057369,EE,resize,2,509.3652124027885,0.3478054404258728,0.2865554094314575,4.060657978057861
5416581451690167,8.876751843202419,-64.23554389395768,6.499651683301987,2.640333814082828,VE,resize,2,7364.942941009175,0.30975794792175293,0.08261121809482574,2.2045743465423584
482078066336394,-18.636202891772,-174.01936863548,20.45367531075931,-97.24236350485567,TO,resize,2,9424.333949188553,0.14579547941684723,0.03262000530958176,3.8107500076293945
329210971927794,5.843070862629,-55.089876855582,49.12456059899953,5.5135417041024315,SR,resize,2,7409.868876074926,0.2880270481109619,0.22273039817810059,4.292097091674805
251937010050891,47.507459505795,21.685088460781,12.099174920296964,-86.170505864588,HU,resize,2,10313.235532543482,0.3011939525604248,0.0085676908493042,3.096112012863159
469124120816531,33.256755487161,126.61974805537,19.820342216555854,-99.43793705943841,KR,resize,2,12353.521405980899,0.3824591040611267,0.31391292810440063,3.914759635925293
6544008378958782,42.576053933645,12.422579613177,45.70775459964696,-0.5644267761785943,IT,resize,2,1091.755930781572,0.2706771194934845,0.2234233319759369,4.745476722717285
468826351040628,-32.904700967934,-52.731761718702,-34.840020596698395,-56.13475333224259,UY,resize,2,380.76850488605226,0.29495254158973694,0.06414487957954407,2.452862501144409
458089889154332,49.9716081757907,38.98921274981689,50.17876879644115,39.2206643372431,UA,resize,2,28.344877916436054,0.8287632465362549,0.7333729267120361,0.8661969900131226
913455289198852,10.638477230341,-61.313394324688,10.617145307104778,-61.27719764444145,TT,resize,2,4.612493231582008,0.538367509841919,0.5125493407249451,3.0752713680267334
391651555234292,4.7891910927864,103.42511490766,-37.437871493399925,143.83078871855466,MY,resize,2,6283.897260532419,0.26751041412353516,0.19799304008483887,3.46836256980896
169873605037737,10.045722702666,-83.299560625022,9.329595119083088,-79.668104078658,CR,resize,2,405.9236311332951,0.17881079018115997,0.07708998769521713,4.333065032958984
1032233080991900,39.140834029054616,20.961949886464165,42.53764692766117,-8.529831229825836,GR,resize,2,2496.651148977797,0.254447340965271,0.10390260815620422,3.150023937225342
375451844456388,-26.804552190115,31.961012436385,38.677976397160904,58.502929663679886,SZ,resize,2,7786.9361896401215,0.06853393465280533,0.01772085577249527,5.236959934234619
855805948342180,44.525909974035,15.903249699487,42.444719293739894,20.967176920765258,BA,resize,2,469.4082932572307,0.16966572403907776,0.05278930813074112,3.9408273696899414
139526285635637,13.217826050214152,2.929162678521952,53.65161685825157,49.80907669371868,NE,resize,2,6076.9155322571305,0.17025576531887054,0.04193958640098572,3.702697515487671
5442759149130487,67.890019179633,20.308537274689,67.92386386751234,19.982740906617845,SE,resize,2,14.135527106003147,0.8064579367637634,0.7877833843231201,1.4454764127731323
3921179927973144,54.246330015747,-4.5628069974706,56.86871939364023,-2.7716044564373297,IM,resize,2,312.5714746419088,0.28707170486450195,0.09002575278282166,3.3097383975982666
469492320924211,38.276346407666,57.98363402764,44.987857386180096,37.400537104135005,TM,resize,2,1859.5844747814072,0.2985818088054657,0.22822827100753784,3.514439105987549
310307137129739,48.189212227502,-106.60069617067,35.30960444831872,-100.98290114747257,US,resize,2,1505.00993533986,0.16910836100578308,0.09678647667169571,4.090036392211914
383397352939199,39.95006776682,140.12870703204,49.57566940828337,18.097728044667623,JP,resize,2,8560.567275536654,0.06728420406579971,0.021340113133192062,5.604576587677002
1688335251353973,-14.865382426326,35.3053829175,13.309999665533505,101.03408281808268,MW,resize,2,7881.375740902329,0.3173576593399048,0.05534762144088745,2.26381516456604
368819684557497,9.8821178559993,-84.703514000306,54.20884848713261,10.825373180085213,CR,resize,2,9473.663325405838,0.09731452912092209,0.00729716569185257,5.050054550170898
3142165536067308,8.892556698116664,-64.244099923535,18.391961837080423,-66.11916399843216,VE,resize,2,1075.491244787141,0.9837030172348022,0.9758414030075073,0.12121900916099548
916461445802958,18.351592546824,-73.166686920189,13.191770481782934,39.400816900872705,HT,resize,2,11834.12103329109,0.11977212876081467,0.051011405885219574,5.17905855178833
1438450646526614,11.602056871897,43.143067800469,6.188409686512316,1.199195633833931,DJ,resize,2,4642.587150794064,0.31519636511802673,0.040822774171829224,2.2910959720611572
171644361525352,3.2965683888889,-59.645080555556,34.58038249141204,-116.51235994555918,GY,resize,2,6804.000925493204,0.20178671181201935,0.12979324162006378,5.142439842224121
3643623472415985,13.248359768362,-61.267804498546,13.830163046215583,-61.000105893453146,VC,resize,2,70.87132398486564,0.8929876089096069,0.8438356518745422,0.472086101770401
974847123463445,45.48089676461988,141.9141645369168,45.38050912808274,142.01207255460855,JP,resize,2,13.526809191206418,0.6588154435157776,0.6317842602729797,2.337244987487793
219450919950414,4.2765353097168,73.575427012288,58.11019454288149,57.00351441516915,MV,resize,2,6157.062741916702,0.1421680450439453,0.03933197259902954,3.935586929321289
197777158852668,18.542511750027,-72.425551013845,8.338959041618027,-13.108862855758495,HT,resize,2,6487.636277599178,0.2973705530166626,0.16910527646541595,3.254167079925537
1673203299531642,49.085005765367,-1.4823203864636,49.34834674743186,-1.5754944809142448,FR,resize,2,30.05402479549736,0.7358829379081726,0.7070046663284302,1.7593708038330078
1605231949662620,31.431741304615,7.0759601080198,24.964425110131717,55.085466211801716,DZ,resize,2,4722.744661451148,0.6755651831626892,0.6030495762825012,2.2085978984832764
451593852608237,49.039623298927,17.575489860882,57.34814830232409,15.130376617291466,CZ,resize,2,937.9562999333339,0.07201854884624481,0.0130062997341156,5.0711236000061035
304641044593781,8.0755534487471,-80.948273440388,-33.67079688047785,-70.94246072418288,PA,resize,2,4760.668882133113,0.42648211121559143,0.22206908464431763,2.7151222229003906
537192110996228,33.673060807593,8.992445655067,37.288559523163755,-7.176230601912939,TN,resize,2,1516.0442177496884,0.2657086253166199,0.06464290618896484,3.411956548690796
2874567659528784,10.624021568983,103.55740436843,0.5309959574491099,33.574697497578406,KH,resize,2,7809.998680617455,0.2958211302757263,0.14092929661273956,3.2886452674865723
306873294180376,36.543159906681,-95.385746192161,35.71751705509479,-96.70465837095455,US,resize,2,149.86123381857104,0.2735510766506195,0.16392043232917786,3.7973971366882324
474237406957052,38.032230216342,71.296052545699,37.33541266029659,72.40117766380327,TJ,resize,2,124.34110577116267,0.975399911403656,0.9706985354423523,0.2023492455482483
893270331236297,35.542457911478,34.345047266311,42.64480028418436,27.62525587467415,CY,resize,2,979.0631943267764,0.21214698255062103,0.08637058734893799,3.4899351596832275
394355595015312,-10.420322783141,105.70164382136,-35.43370075010678,174.1993607437387,CX,resize,2,7395.600908403023,0.23341187834739685,0.11673448979854584,3.879241704940796
1720688194781084,-2.0414077903770145,29.44965968721136,-1.379167352326671,29.754207119748763,RW,resize,2,81.0448465214136,0.2410433143377304,0.03646665811538696,2.165743350982666
1072181156643275,18.07465399978,-91.640772999734,36.611632757474375,-93.83046734119047,MX,resize,2,2072.355198311713,0.3935635983943939,0.31538906693458557,3.8602871894836426
4167670343253112,38.101113171443,70.434664027996,35.98812005027114,51.1745455629893,AF,resize,2,1722.2734863810786,0.7350234389305115,0.6322438716888428,1.1250799894332886
174020494657037,17.630108574846,-63.232604239636,16.019555579458206,-61.792637727500136,BQ,resize,2,235.70963746805472,0.8444975018501282,0.7618392705917358,0.7416558265686035
841778303361650,4.4129500800509,-7.3568081852969,6.503101495025262,2.5487935366358836,CI,resize,2,1120.7471267790904,0.7078154683113098,0.4590584337711334,0.7858753800392151
6128179790541161,55.439905979985,25.277989368239,55.35381386534804,24.939051505990033,LT,resize,2,23.446026277621375,0.41260895133018494,0.20763187110424042,2.566239356994629
860733724520470,42.906057348904,19.550997884227,42.697165250959394,21.150487418138134,ME,resize,2,132.54316404087888,0.9397560954093933,0.9310442209243774,0.43584832549095154
864697561114910,-29.077441505083,27.74348424067,15.172748814216078,101.7306965202559,LS,resize,2,9334.265156885425,0.6412175297737122,0.5081106424331665,1.8017442226409912
470728414179183,-4.4035085235997,28.875651684315,2.0224851774856525,32.937854360190016,BI,resize,2,845.1578272077885,0.3817368745803833,0.18905387818813324,2.1953656673431396
572376240384590,38.710627031317,20.595182002582,38.680405676732356,20.638140007447554,GR,resize,2,5.019125036981223,0.34007883071899414,0.17984135448932648,2.5833380222320557
121312253609017,-2.475605,101.08095666666668,13.537201185995073,100.01092277337091,ID,resize,2,1784.450612686558,0.3104681372642517,0.1290324330329895,2.4740731716156006
1443161219370901,-20.998296188116,55.608257838223,15.736473029565968,-61.427157485405786,RE,resize,2,13384.938985139817,0.7835578918457031,0.7441242933273315,1.4170632362365723
935114343986233,14.756132710056,106.17208788727,8.247962109050999,3.089297375849648,LA,resize,2,11161.188599273426,0.6605697870254517,0.4802358150482178,1.4418399333953857
528816851860286,13.929456140067,-90.641111213437,44.53451026742502,38.2593398506551,GT,resize,2,11720.49466104606,0.30900686979293823,0.1437266319990158,3.5061120986938477
949677732469296,-3.949905939326,29.108488727431,6.524923601940471,2.620522062620994,BI,resize,2,3162.727560177689,0.4398476779460907,0.28840354084968567,2.536208152770996
535238961691986,-9.012128600000004,125.26142969997224,20.004649439812745,101.62988647701178,TL,resize,2,4135.162460245469,0.11651754379272461,0.015124566853046417,4.2725043296813965
785746405666869,-15.233412447604,27.672681901373,29.571680946150376,-97.88850548785469,ZM,resize,2,14249.56566746124,0.2773496210575104,0.1650867909193039,3.7842936515808105
3016818381880651,49.809878371642,-121.45256952608,47.17152359320161,-121.70636762905944,CA,resize,2,293.96674619203117,0.3217788338661194,0.2712601125240326,3.842071771621704
381383576502282,45.377597713432,18.296766050051,41.956179227951154,15.099931628234861,HR,resize,2,459.10287858924636,0.23503397405147552,0.026648476719856262,3.3801112174987793
610064709949694,39.354018070055,3.189777650907,37.09870081586713,-8.263059011060498,ES,resize,2,1030.5779379998437,0.13680511713027954,0.01259969174861908,3.7954883575439453
172787811514759,35.229088448061,33.767549827448,35.45360809174726,0.4956533107327231,CY,resize,2,3003.5002992599243,0.2757784128189087,0.08651234209537506,2.4500365257263184
782110492675930,20.011066718061,-75.671652777958,43.3050907116201,-0.28569832294069164,CU,resize,2,7335.411477988217,0.16524958610534668,0.029100775718688965,4.244075775146484
400250872119328,11.85196334791822,13.142710363889922,5.562080597977156,-0.24806473471924517,NG,resize,2,1628.7658526058383,0.43434134125709534,0.3856004476547241,3.0428876876831055
892609551301442,-6.2907747954542,176.31557778615,23.162185336581615,89.69600544742684,TV,resize,2,9938.820501567452,0.6779780387878418,0.6237637996673584,2.0059690475463867
202638525024688,49.252128640765,-2.2302663941837,37.67437158391808,-5.088106553870123,JE,resize,2,1307.627648671532,0.2874435484409332,0.15176863968372345,3.476926326751709
482179499657429,35.35863654069,-87.442281622797,35.42121420691285,-87.46531444033594,US,resize,2,7.2648176168043594,0.16355209052562714,0.06595007330179214,5.010576248168945
166409505310564,-9.7930504284381,33.876999664849,-28.312422994530063,29.377916647164376,MW,resize,2,2112.224629691698,0.11607212573289871,0.008107766509056091,4.8923020362854
839128376686201,-21.379486131927,55.652855746499,-21.27577542382517,55.495387095781176,RE,resize,2,19.97559226529771,0.44996869564056396,0.2702963352203369,2.224449634552002
173546557995177,6.6979922509375,-57.920196653076,56.29677660974491,10.46059894610855,GY,resize,2,8065.820632927776,0.45597541332244873,0.25284019112586975,2.345771312713623
778732033031387,49.481310552598,-2.580607408903,49.26604359628399,-0.2498428063062841,GG,resize,2,170.43308046908794,0.42709487676620483,0.21455183625221252,2.5926127433776855
1459021641097176,19.327056989127,-81.381676002568,26.151806329228712,-80.0732455137687,KY,resize,2,770.6278440678201,0.7113013863563538,0.5698037147521973,1.2168900966644287
968337867447613,25.014773599486723,55.87302113372367,24.76216524235389,55.694012075157694,AE,resize,2,33.39173756260572,0.3903513252735138,0.2157401144504547,2.777810573577881
516599479378641,56.372189487703,27.438134814115,50.164679875764946,11.817109725089361,LV,resize,2,1242.807293611519,0.3200761675834656,0.21620702743530273,3.722425699234009
826574104989977,0.4096083408951371,9.468790964341348,35.026041436213966,-89.92749192765791,GA,resize,2,10835.472050870716,0.4506448209285736,0.23642057180404663,2.5001637935638428
298265468509297,-10.44607449126,105.70171289589,17.819373025639432,99.28042854671044,CX,resize,2,3221.1057574355414,0.9625177383422852,0.9574019908905029,0.3234248757362366
135182671936165,24.97002129251,55.490379135321,44.68712014694359,20.567562900805516,AE,resize,2,3822.885953517525,0.1815061867237091,0.10068152844905853,4.466302871704102
369953761725438,-20.697927254597545,164.42307519257272,-21.299427369480927,55.438491042032915,NC,resize,2,10999.987191498261,0.17824125289916992,0.08989057689905167,4.3421125411987305
150605930403453,1.5703799596146,10.84323380127,6.4840355041901585,2.5624844823604405,GQ,resize,2,1068.4759854181648,0.4047720730304718,0.08913788199424744,1.8565266132354736
942025196552576,18.04711135987549,-15.94458243190681,16.933270441234097,-15.570022249538404,MR,resize,2,130.06761866889298,0.9389424920082092,0.9297134876251221,0.44617176055908203
4245112742269900,-15.204236527253409,13.710121098211696,13.139701580850756,78.27406911525135,AO,resize,2,7770.219570300962,0.14704138040542603,0.0323142409324646,3.6543877124786377
800629050558884,1.5780520325706,10.841365858236,-7.323970021707164,-35.41530607042989,GQ,resize,2,5225.999312169311,0.4263102412223816,0.2559242248535156,2.5809824466705322
329089375465231,-4.7898646188584,11.8559793524,13.919788868696381,100.72656014975577,CG,resize,2,10014.056209909473,0.37458547949790955,0.2804734706878662,2.593259811401367
2991410527805673,-4.1374600287328,29.078493212922,12.709507344710564,-85.92028227019101,BI,resize,2,12818.559925368401,0.9112536311149597,0.8511024713516235,0.4589243531227112
798429247478749,46.183809459674,20.174482609731,52.48721813827377,11.899893514200903,HU,resize,2,921.1643964312291,0.2524457275867462,0.019218608736991882,3.080350637435913
2371116466357575,16.796385002204,107.11609099971,17.77073288712327,106.09531246200324,VN,resize,2,153.24482878549728,0.6808331608772278,0.5963845252990723,1.8714035749435425
468504837703680,49.210225417814,-2.0260057718567,49.85157012632414,7.545875238740521,JE,resize,2,693.9899742448864,0.22253523766994476,0.0328822135925293,3.5000240802764893
544837470219031,25.294971915181225,67.28170930758036,29.960566865795887,31.026333354239217,PK,resize,2,3594.35161352599,0.21648889780044556,0.09817911684513092,4.017606735229492
962376597848366,-7.8679271311768,35.785662187966,-0.139373840624436,35.15104935360042,TZ,resize,2,862.2497239248381,0.5893680453300476,0.5050399899482727,2.3874619007110596
284560226710077,22.245356411415,113.94634816993,34.79561340414341,134.43370403188484,HK,resize,2,2431.8440507866353,0.18081419169902802,0.05322055518627167,3.5701091289520264
366104118882534,-12.947203981722575,45.1622949013442,16.38909516647555,103.19013731384719,YT,resize,2,7162.557033967415,0.1703830063343048,0.06279315799474716,3.977288007736206
302738837907407,13.971297523146,-60.953783885869,13.763920370073553,-60.956661258861125,LC,resize,2,23.061379374868952,0.9950256943702698,0.9934177994728088,0.047167178243398666
212663677118887,61.377613835646,-149.52560052518,44.41309679981097,-79.82721362895145,US,resize,2,4765.714299742464,0.58451908826828,0.5123981833457947,2.371375799179077
298675135079993,35.02573827135,0.1062064724418,35.44949907680542,0.5243677319265776,DZ,resize,2,60.51919061968344,0.38998910784721375,0.1143561601638794,1.9103485345840454
200766568352215,12.2259298372,-69.032711700173,32.30662925712751,-8.3661432593165,CW,resize,2,6539.622524129534,0.8964073061943054,0.8654779195785522,0.6548638939857483
522150762114358,-51.767857219423,-59.20385240723,63.85758180383473,-19.97195541418092,FK,resize,2,13298.953603369437,0.6331124305725098,0.3215232491493225,1.0357842445373535
907645580029480,-10.531873592618,105.64908608946,44.144873679058975,20.782548080845906,CX,resize,2,10416.707841538211,0.2987276017665863,0.13765481114387512,3.202416181564331
461637908454191,8.5770592738416,-9.8384949656858,16.387983548840154,103.22222054863147,LR,resize,2,12146.837033979466,0.20278330147266388,0.008286327123641968,3.657355785369873
737762176916399,-28.523157809827,26.988610572901,-28.567438049560106,27.63172485541118,ZA,resize,2,63.010723862662196,0.5605793595314026,0.4075823426246643,1.7984492778778076
974044566464626,-8.9232594155592,125.57214462009,-8.631750557558862,125.4279287191619,TL,resize,2,36.08121742900005,0.9816300868988037,0.9790818095207214,0.168722465634346
207733560892728,62.969803716081,25.819453012454,48.179074692777434,-80.86675351598527,FI,resize,2,6090.475090748984,0.41515687108039856,0.31172484159469604,3.1750974655151367
935214247230705,38.662861546978,21.897000127107,43.0027630316116,22.87475212638494,GR,resize,2,489.52518523858873,0.6141334772109985,0.4697129726409912,1.8708914518356323
308609804241585,45.352253598167,18.741494665616,45.704908231715,20.117164055266404,HR,resize,2,114.1092788654692,0.17603173851966858,0.01443229615688324,3.237619638442993
812815579353857,19.970422258885,95.026704859366,16.64820344144521,104.19748262507694,MM,resize,2,1035.9409745227888,0.9306824803352356,0.9199039340019226,0.5666606426239014
955193138582276,42.352822713826,18.93350046301,44.6111199019665,4.6014606409335945,ME,resize,2,1181.6198837089298,0.34644395112991333,0.1519392728805542,2.1577582359313965
314068633495505,18.384993994121,-64.663491419319,34.490084407923355,-116.59208598293613,VG,resize,2,5407.485075081225,0.16208064556121826,0.06634840369224548,4.220155715942383
153100520088504,8.6445550800531,-10.895087890593,7.060603346507208,-11.209772317558713,SL,resize,2,179.50575473660967,0.9985039234161377,0.997927188873291,0.014859972521662712
899516343957294,31.154817998866,35.36251239366,31.084202093816327,35.35130737651257,IL,resize,2,7.924245719798973,0.42780423164367676,0.3031710386276245,2.5624465942382812
362016302748290,-10.182357974219284,26.92114281109953,1.756823671510459,32.22286910188299,CD,resize,2,1451.499180490475,0.47048741579055786,0.08139634132385254,1.5137054920196533
784285982279583,12.468243816564,105.11776238356,20.138892452206267,94.98783851763856,KH,resize,2,1376.1703701440792,0.34061601758003235,0.05793687701225281,2.2610702514648438
741076933253733,55.559361968752,24.218044357931,57.927432872286495,55.73109989583498,LT,resize,2,1921.5998569084984,0.5729367136955261,0.520609438419342,2.693549633026123
588238156406124,13.540014603247103,6.862262541663696,-15.01622931097396,29.486547529168547,NE,resize,2,4034.6456505527317,0.30539295077323914,0.17488054931163788,3.3165667057037354
704583704721230,13.358425346344903,2.9695516051747206,13.342600325454404,-6.930082878041572,NE,resize,2,1070.9712596527072,0.9807240962982178,0.9716052412986755,0.11840415745973587
743913432954382,12.506491685569,-70.011189878756,-8.950648205454332,13.281826058094751,AW,resize,2,9504.090521441798,0.8675366044044495,0.8535273671150208,1.0370218753814697
837216263894683,59.234310100905,25.661811016329,56.093515376098765,36.998944904655076,EE,resize,2,758.0337496827087,0.19175243377685547,0.05489338934421539,3.4663941860198975
4165344470189392,22.250944346283,113.98372956798,22.39177885211829,114.24450869261715,HK,resize,2,31.061084028937856,0.9430002570152283,0.9105994701385498,0.300203800201416
123034153486017,8.896413266511479,-64.21983107316368,-1.059542718917204,-80.81360612217058,VE,resize,2,2146.0300137968807,0.36678317189216614,0.1688048541545868,2.377756118774414
495142175172477,52.064618461934,27.758129879211,17.5169755846069,104.46870769733268,BY,resize,2,7578.0887043615985,0.23666884005069733,0.1866634488105774,4.651419639587402
278818637266368,21.668020820761,39.5871724527,22.990401029629005,37.90263201390237,SA,resize,2,227.24536705241323,0.26892316341400146,0.19833293557167053,3.958930730819702
311313370600056,34.298302972773,35.843733635285,33.969813522099095,35.65544591950703,LB,resize,2,40.42889573356438,0.9923458099365234,0.9881681799888611,0.05498669296503067
546356603055282,16.319144026137,-61.319536174119,16.353781904452145,-61.48728635648553,GP,resize,2,18.309567865523125,0.6327774524688721,0.5119961500167847,2.0112853050231934
455880318809614,13.212934938654,103.97535020814,17.594674167246232,105.02750018081302,KH,resize,2,500.1044912585008,0.6745956540107727,0.5344318151473999,1.4081305265426636
561177494854490,65.249274201498,-14.3599477776,64.27879123564684,-21.747078555034598,IS,resize,2,366.2079599932035,0.6605045199394226,0.5415867567062378,1.2972131967544556
591338181829945,40.948513592565,47.680340883083,40.571819537393125,46.74867198528058,AZ,resize,2,88.94821811418748,0.4441547095775604,0.3810237646102905,3.232748508453369
478603033472419,10.605368280525,-61.423503253964,19.991035601145004,96.09606823980701,TT,resize,2,15816.366165687312,0.43040981888771057,0.0952795147895813,2.148428440093994
140993104682356,11.492434620243,14.669528720435,25.777054722953217,-80.58475999273003,CM,resize,2,9970.383740919435,0.25059792399406433,0.19337451457977295,4.8496551513671875
1365904140461073,16.782552049243,-62.177983430902,15.590452988482598,-61.43796592352946,MS,resize,2,154.32264636767283,0.9876112341880798,0.9860188364982605,0.11737525463104248
184854733517675,66.049214556266,-16.60518565352,65.87037955771973,-16.607597977056034,IS,resize,2,19.885844778101017,0.9871010780334473,0.9765400290489197,0.08072678744792938
484812855999457,11.316364972572,-60.600609669164,14.307965154766634,-60.91782891337166,TT,resize,2,334.4237310899678,0.9247205257415771,0.875919759273529,0.36172300577163696
198374955275087,31.228889368174,35.249839466257,31.36451189097461,35.43885203714042,IL,resize,2,23.45096276080547,0.5067064762115479,0.32596543431282043,2.410719871520996
493661578655706,21.902623515855,58.249258213784,36.04661694643482,-120.0499064295293,OM,resize,2,13568.94122720635,0.12849709391593933,0.007052943110466003,4.014634609222412
1421342044880216,-33.979765814868,-55.677857234372,-34.37753685148715,-56.22275303206301,UY,resize,2,66.84915849312235,0.6534982323646545,0.42291831970214844,1.2552430629730225
791346968192465,47.64092226916,22.514698705141,45.65920932336496,27.73183064772139,RO,resize,2,454.9858829562947,0.1791931837797165,0.02712927758693695,2.877589702606201
509490393519441,12.00528480685,15.133921129804,18.49100945482869,73.90968346139742,CM,resize,2,6321.357375271883,0.5258828401565552,0.28293484449386597,1.8969603776931763
365265328257309,-16.455863020951,-152.25124408953,37.10938922946109,-8.27326104108428,PF,resize,2,15805.01359243351,0.36068999767303467,0.2502257227897644,3.2671895027160645
373099774078768,15.381551450461,-61.278224581511,18.643725897746318,-74.11817233941201,DM,resize,2,1412.1599338878045,0.6652407646179199,0.5078474879264832,1.5314815044403076
3849748481728507,54.429547030142,-8.350480924746,54.32844230066351,-8.496662612577312,IE,resize,2,14.69744964657621,0.11208255589008331,0.026509642601013184,4.2285566329956055
486814105900044,24.815009873567,55.581561784151,24.5461800982494,55.716966442886786,AE,resize,2,32.8744392341358,0.5833982229232788,0.320849746465683,1.3031611442565918
553493755814632,25.651486854641,55.817622488275,24.626456855646616,55.953383208962514,AE,resize,2,114.79445632946654,0.23125949501991272,0.07660186290740967,3.0786375999450684
294731518788880,12.182130031336,-68.992602507728,12.298578258652233,-69.47640219061923,CW,resize,2,54.14418636629287,0.25269171595573425,0.0014355480670928955,3.1937673091888428
526112418414577,-4.1889057701817,39.593824106105,13.05156284903875,102.96228868782332,KE,resize,2,7253.015237548119,0.15233787894248962,0.04167100042104721,4.3284735679626465
1143243902846918,3.9423529755317,73.490255336254,9.139783188319292,125.71699260200064,MV,resize,2,5793.529942930583,0.4036571681499481,0.22002530097961426,2.662619113922119
1222724854903474,-15.992638795519348,27.473549745213845,-15.875527818717906,28.245516791279073,ZM,resize,2,83.56158473805891,0.7117144465446472,0.6424943804740906,1.5799040794372559
814962436102418,17.246826160842,-88.964928894179,19.866220452774392,96.10707807312531,BZ,resize,2,15851.310981005288,0.6959312558174133,0.6376646161079407,1.7240171432495117
2588410498130022,8.6681322733063,15.915175571704,8.912243265537665,1.9834308564436203,TD,resize,2,1531.0948192880705,0.5595880150794983,0.3757358193397522,1.6849607229232788
757152124922572,40.280135692488,20.032560201339,40.20075901486857,20.165874696055045,AL,resize,2,14.350878047335174,0.2630751132965088,0.1796177625656128,3.5714709758758545
3729075633885792,52.879324916405,14.84215981606,53.53756143170392,14.71381341207829,PL,resize,2,73.68990131584785,0.26407358050346375,0.06439848244190216,2.9371047019958496
193255762642321,-25.463140138686,31.530813486271,-25.741113901098586,27.15634201580355,SZ,resize,2,439.727753614552,0.18601934611797333,0.12165229022502899,4.304242134094238
158748456176634,18.003107984756,-76.750140742066,15.124865779896037,101.65334286709785,JM,resize,2,16327.271554522173,0.19934988021850586,0.08067964762449265,4.079113006591797
487059602744422,22.483846298693,88.311807710332,18.5245329051391,73.89414310776648,IN,resize,2,1563.936890533471,0.6946413516998291,0.5530271530151367,1.0445713996887207
187972779810965,37.223202382218,126.95228008609,37.293022471075105,126.53698286633495,KR,resize,2,37.56554497677684,0.5025712251663208,0.14640825986862183,1.4610766172409058
325108962571033,-14.007024453392,-171.59812253095,11.502906183219388,76.56763830477463,WS,resize,2,12642.41253654479,0.44418033957481384,0.18536046147346497,1.9573719501495361
506599274036580,54.629530708934,-8.6760286174409,54.516179465242054,-3.06430323549312,IE,resize,2,361.83288071472157,0.1029132604598999,0.01875031739473343,4.001338958740234
507218187079443,37.843340581126,68.830014881381,40.30598461028072,69.47526915360625,TJ,resize,2,279.4385706769892,0.5617231726646423,0.4098084270954132,1.9260718822479248
153324916692555,5.5180289616018,-6.5822215976398,17.327765086756006,96.84841384235877,CI,resize,2,11238.805693867353,0.3869628608226776,0.2266821414232254,2.5531771183013916
771731993706945,41.928551334201536,19.551310678151587,41.31333847691311,23.336947315601122,AL,resize,2,321.99886280177714,0.2839268743991852,0.19197005033493042,3.3731842041015625
486481489451262,49.966660340065,17.026531427218,49.49689578718774,10.337856197511774,CZ,resize,2,483.39767650710644,0.09750252962112427,0.029138140380382538,4.789234161376953
2949034095418835,3.9465097772644,-59.099420704396,14.323762654580163,101.16922517886998,GY,resize,2,17038.57616771974,0.33729901909828186,0.12191708385944366,2.681950330734253
372845630827843,-27.768029274082,-64.271302066744,40.24767525630501,28.857195360329946,AR,resize,2,12203.316248168438,0.4833771288394928,0.42460358142852783,2.8406176567077637
804236390516614,24.360035161271,90.528148543285,14.041380084841185,100.86668704982736,BD,resize,2,1578.1028873685484,0.9195078015327454,0.9021620154380798,0.553024411201477
1165449024229030,11.127732358514072,42.37283796780444,14.063460139232804,40.2932406735883,DJ,resize,2,396.8351714152941,0.31558603048324585,0.13371407985687256,3.6060564517974854
465682694540312,47.092368215581565,15.033271683507603,49.58467149382681,9.3821023837125,AT,resize,2,501.06565380705655,0.2106320858001709,0.0817715972661972,4.164702892303467
1414034302297531,5.9652601827551,-10.011148216804,8.69737391792566,1.2971083899296374,LR,resize,2,1283.4569220596159,0.3887487053871155,0.2473849356174469,2.444462299346924
164124928906484,17.026658655636,-88.957499025099,30.271137346954024,-84.29844592343262,BZ,resize,2,1546.7712383135085,0.5459538102149963,0.48223352432250977,2.5045409202575684
265373079006579,12.19339030343679,-4.128458023871779,11.409419132650715,-3.692381687214604,BF,resize,2,99.25764601187626,0.8433404564857483,0.7502011060714722,0.7307556867599487
211403467484458,-24.160264772744977,47.3486048183456,17.96560128262253,99.16372358747834,MG,resize,2,7313.9702241637515,0.3809114098548889,0.22197997570037842,3.367175340652466
4252117868180040,-31.701164589216,28.774388216841,-34.92683636099173,149.35206309107738,ZA,resize,2,10351.703428231769,0.2746507227420807,0.15803155303001404,3.5194191932678223
1185546705230006,60.068284515535,20.263657107897,55.62708467629394,13.542435516545346,AX,resize,2,633.4453755577105,0.09288866072893143,0.02508755773305893,4.588701248168945
307549670912816,47.805455809752,29.008339682994,54.25307143430136,28.291600292805736,MD,resize,2,718.6818470650163,0.2859935760498047,0.21388113498687744,3.5453121662139893
1150240562161074,1.3857279016312,173.14547646453,13.8007454240745,-60.959548692286354,KI,resize,2,13820.86706214583,0.259912371635437,0.17692174017429352,4.466310024261475
1926367507521003,-34.006516340223,-62.239283065807,21.093940237874502,-101.63472206991764,AR,resize,2,7410.74034293128,0.6002402305603027,0.49085327982902527,1.9246950149536133
174862464516382,18.026136330252,-63.051721834115,34.686144247707254,33.01966658979848,SX,resize,2,9411.61895682732,0.18582361936569214,0.0317763090133667,3.480485439300537
238608201397184,13.394898337011,-15.796480495355,51.148901270819344,38.90517432070719,GM,resize,2,6425.933183260125,0.07330944389104843,0.021673601120710373,5.093031406402588
168171301893400,-21.306913177085,47.234054757271,6.205403426686237,-75.32178168218849,MG,resize,2,13624.244239557109,0.2726222574710846,0.06128157675266266,3.436677932739258
143601257800230,6.1813662366503,-10.476370028512,5.507246304655289,100.61190075055809,LR,resize,2,12256.604897552757,0.3885234296321869,0.15910367667675018,2.8802268505096436
1426576467702919,42.716570546448,19.37002352769,44.635383767996494,20.29732693672801,ME,resize,2,226.01560908105156,0.4300796389579773,0.2013201117515564,2.649017333984375
582527629366762,13.909926027264,-60.995742963827,13.86722066382283,-60.92798255779073,LC,resize,2,8.72060040348616,0.9965062737464905,0.9935119152069092,0.025253448635339737
789178535042815,10.848339859199,-14.344376628968,10.38378620163734,-14.298458575945311,GN,resize,2,51.89921153999882,0.8782256841659546,0.8326998949050903,0.6279151439666748
770818833619667,46.189989851656,27.550790956761,45.13039687691808,4.867912328801867,RO,resize,2,1760.7258445731575,0.2706739902496338,0.15285079181194305,3.650118589401245
771812706865289,18.810877831997,-72.868700352417,18.835658572769727,-72.1687532016806,HT,resize,2,73.7195283952378,0.6738900542259216,0.5718837976455688,1.5863409042358398
1979924955729830,0.4210184118848502,9.466164114756396,6.494549484786639,2.587056397798658,GA,resize,2,1019.0752668963516,0.5251376628875732,0.2367095649242401,1.469270944595337
1215125515585698,-29.72467996101,27.401763312517,-28.22972514291954,29.188111144387285,LS,resize,2,240.4658002332204,0.6579967141151428,0.56855708360672,1.6525596380233765
525797611782911,33.53278970091,10.187082947953,34.7208482321639,-116.54904830543121,TN,resize,2,10614.732809874238,0.21055667102336884,0.106015145778656,3.757861614227295
981736889296495,15.18213389856,106.76109629686,7.570806251663221,36.71685374991185,LA,resize,2,7654.372677079608,0.136168971657753,0.02025175839662552,3.967660903930664
290546622610201,0.90650801653382,111.91071699724,44.67875230802103,20.527675819329716,MY,resize,2,10045.99925336437,0.151327982544899,0.0616035982966423,4.8827362060546875
925069178226405,-33.684138890591,120.78000000686,-32.81266274284516,117.31981382369914,AU,resize,2,336.02539387372906,0.3351277709007263,0.25895795226097107,3.2459678649902344
841753896415038,-6.3002644508667,176.31963764015,14.043084621032467,100.87644006665562,TV,resize,2,8622.255941766805,0.4114723205566406,0.18773309886455536,2.705998659133911
645048966783670,42.89641826045616,17.56617896330491,42.84493544694297,17.847984190966912,BA,resize,2,23.668103671748415,0.2714099586009979,0.13005484640598297,3.68881893157959
2157623727878098,42.203008413762,12.652366039877,41.46476323278607,13.154549000138891,IT,resize,2,92.03018646696337,0.6556820273399353,0.5472825169563293,1.763256311416626
491154428864902,34.78133892235,10.662689207895,32.298185525580074,-8.716750750688249,TN,resize,2,1814.2844617100807,0.6103502511978149,0.3750632703304291,1.3978313207626343
5023711767716996,27.43539864879576,89.6844986785493,41.29648018103253,44.94283902002915,BT,resize,2,4331.014525633681,0.2000882923603058,0.09357950836420059,3.829975128173828
502661524102239,25.24288508,105.72866675,-1.0142673408770326,29.45641444300525,CN,resize,2,8678.718027339704,0.2405560463666916,0.12507686018943787,3.4064345359802246
768051953908267,24.417738719697,124.24306124209,38.12874094924465,140.82294041481975,JP,resize,2,2185.757899374811,0.5849288105964661,0.541237473487854,2.7600622177124023
2634487660183183,15.505396860363,-61.465808232581,15.415928800388498,-88.14025404353777,DM,resize,2,2856.877206256738,0.3917943239212036,0.09542140364646912,1.895446538925171
777370986311883,69.771194043132,-50.45379669083,65.48956689951444,-23.487496971206465,GL,resize,2,1223.6258748057774,0.543010413646698,0.2693064510822296,1.7162524461746216
214018630224328,-30.195842567793,28.141370668784,42.86999729265789,41.32720252980673,LS,resize,2,8235.48552140651,0.14678442478179932,0.062444016337394714,3.9163832664489746
898244168080774,48.39779130109938,69.97859259537432,53.68113813073767,49.9751911579286,KZ,resize,2,1510.4382466432482,0.1813078075647354,0.08148523420095444,4.084803104400635
4492529727427156,-28.146082771307,-51.513579498292,-25.019566557027098,-53.58916366389394,BR,resize,2,404.2803662036535,0.9837928414344788,0.9788811206817627,0.13350091874599457
285348029668834,24.497433158551,56.506035667282,44.41450325520292,-79.81982438898976,OM,resize,2,11160.188565055121,0.4609093964099884,0.3789112865924835,2.9984261989593506
171014971604854,50.702549851864,3.6582481425115,50.850933854343445,2.8045860091480956,BE,resize,2,62.24992861974743,0.35859212279319763,0.2695223093032837,3.262721061706543
4840639372618820,-14.92550912288379,13.489538311090364,39.425643504091354,-6.4398831284552145,AO,resize,2,6387.530400741582,0.4060787856578827,0.31033942103385925,3.4213430881500244
206149904648055,26.21207915528,44.093256403165,25.237031126990782,51.442451384617854,SA,resize,2,744.0336678364832,0.46535244584083557,0.37742915749549866,2.5817248821258545
204252138180851,-21.559664995251,23.773974999472,18.689170509842594,-72.51124812301194,BW,resize,2,11382.864896894263,0.24331049621105194,0.018848776817321777,3.6755447387695312
920871192081755,-20.154762249788,28.582363111001,16.46442713245825,102.86322302747946,ZW,resize,2,9072.436021400008,0.14167463779449463,0.025311730802059174,3.6604878902435303
219966586218279,47.029132462966,15.932431980783,45.857298885116954,3.214815701499604,AT,resize,2,981.9992858498965,0.11732227355241776,0.032275229692459106,4.569478511810303
135549215221893,2.4175748743344,9.8423648123313,6.518940574625983,2.620642432628067,GQ,resize,2,921.2079700477523,0.642066240310669,0.5846397876739502,1.9111212491989136
376262240365585,11.737844217402,-84.258740123025,11.934162760045472,-86.01378880144244,NI,resize,2,192.24629338083523,0.48979440331459045,0.22414487600326538,1.574957013130188
171728951493255,49.507376607171,105.95258746284,21.074348469315147,-101.642218965617,MN,resize,2,11706.600257500211,0.30995580554008484,0.1226610392332077,3.067135810852051
253978489850814,48.281270225581,27.973739010266,53.25015006247,17.99143505820509,MD,resize,2,892.0240873703816,0.1271430253982544,0.019302546977996826,4.438338756561279
300413981460892,28.731055900238,48.000514767945,29.523695012828362,47.73411293869214,KW,resize,2,91.85738929400476,0.1495441347360611,0.07382127642631531,3.9687914848327637
1184530975332530,-14.802947311274,-42.709531402229,-16.457876649652,-48.63607420118845,BR,resize,2,660.726584076622,0.11301729083061218,0.002708129584789276,4.047689437866211
1266617723756139,-2.7425780868466467,29.42359642013631,19.71710079829952,101.67782080329097,BI,resize,2,8262.763470967699,0.3977339267730713,0.22890613973140717,2.512761116027832
473474263980538,21.715223057868,59.471278053944,17.04020429125811,54.20889367098481,OM,resize,2,758.0787859191013,0.46725741028785706,0.17430448532104492,1.747279167175293
1249815355421012,41.352986665751,46.933972599593,40.67558675347681,46.4395218197954,AZ,resize,2,85.99171884318113,0.3250216543674469,0.2519536018371582,3.680476427078247
228708892356879,48.677696253977,17.636842304644,42.76987442936316,27.784521537160582,SK,resize,2,1024.1843314850814,0.3813132643699646,0.20795442163944244,3.1689085960388184
573918251034517,24.9108887387342,90.79494731880273,14.04498121424383,100.83872020957354,BD,resize,2,1601.1042824326682,0.3299516439437866,0.18234112858772278,3.3576533794403076
2964997383812126,2.6098453233173,9.8422664516346,6.51108106798684,2.6268660591643007,GQ,resize,2,909.7056545226453,0.8242577314376831,0.7707115411758423,0.9065682888031006
216212559884926,39.033844678159,125.75376577506,52.99169974800415,36.12705654942164,KP,resize,2,6627.795969299045,0.4682506322860718,0.31963256001472473,2.474757194519043
305136647878220,12.193469016038,-61.616092049056,15.586777169019676,-61.446591875133606,GD,resize,2,377.761839723159,0.3537971079349518,0.05397579073905945,1.7216906547546387
1425023424516398,-16.694601299289,-60.803490901407,-7.380276697581136,-35.48727432896857,BO,resize,2,2937.3331725628545,0.8342509865760803,0.7423930764198303,0.8961530923843384
454775888919551,46.828024824521,7.8088947836121,46.892943785723176,7.449232203882154,CH,resize,2,28.282762064164604,0.7053990364074707,0.6182887554168701,1.2902072668075562
861104217828929,17.113853213721,-25.242018334352,15.244280998474142,-24.310983466268315,CV,resize,2,230.43750909496546,0.993343710899353,0.9923702478408813,0.06556053459644318
1051007365779921,6.813554100014411,158.2040012,-35.76848650897234,174.37597331062534,FM,resize,2,5027.848551955605,0.4320816993713379,0.3545418679714203,2.7299466133117676
1334507140366814,-23.48982047010992,35.38536972552172,-28.23042422754,29.432708814415406,MZ,resize,2,795.1280133053855,0.10324621200561523,0.02200397104024887,4.759800434112549
3912389445490209,49.325970928935,17.226098099604,56.93259203963548,60.52852524231134,CZ,resize,2,2954.5407508088847,0.16030950844287872,0.024826809763908386,4.124042987823486
265194928674974,13.23781099507,-59.544998005588,11.482579164766447,76.77492702044894,BB,resize,2,14468.049282212418,0.4033689796924591,0.32455992698669434,3.7282562255859375
130827665729646,41.660012138201,21.174396481341,41.353088640328174,22.677448621698336,MK,resize,2,129.72917262146373,0.24807991087436676,0.08346922695636749,2.75179386138916
382514279656400,17.169493550421,-62.549673737704,13.896360585581256,-60.92549803691143,KN,resize,2,403.39919307924447,0.5030409693717957,0.3340894281864166,1.9156371355056763
490566595325309,32.35061764629,15.101938149737,35.08864654843069,9.696386997536644,LY,resize,2,585.2116989156275,0.4687865376472473,0.4015409052371979,2.5805556774139404
177150824328343,-14.845732355681,35.25013351485,-14.531544782526426,31.040493747906535,MW,resize,2,454.13103817332353,0.9466526508331299,0.9172974824905396,0.3223026692867279
337754307681723,22.908438446718,90.804919962877,22.626006427312493,90.82087994663172,BD,resize,2,31.44761181270064,0.469032883644104,0.27172747254371643,1.9222127199172974
288297272916728,-17.786629070676,177.44305087069,49.112441438192434,0.05711798919310884,FJ,resize,2,16523.87554246588,0.36051473021507263,0.3171119689941406,3.9539055824279785
485752159242168,60.005211059817,20.384442671458,58.25621361224838,16.010542649570574,AX,resize,2,316.2669359411618,0.504285991191864,0.3339448571205139,2.3520333766937256
495377298477425,41.941602973878,34.631294266421,41.79938282943903,34.83798619185615,TR,resize,2,23.302199990825216,0.7026299238204956,0.6490547060966492,1.731963872909546
2890584101196635,41.681667019865,21.147788358398,43.803754101356006,19.874797089792814,MK,resize,2,257.84067327004243,0.23249782621860504,0.1342167854309082,3.717237710952759
401731674144754,23.355590466277,121.32187991241,24.5896732561305,120.90674877952398,TW,resize,2,143.55934129070548,0.32538965344429016,0.17645063996315002,3.0543341636657715
1169142930166538,20.834467782196,-75.727264614924,12.085128441157087,-86.61693558093863,CU,resize,2,1513.7270584833852,0.2066081166267395,0.037496671080589294,4.2404375076293945
306207777612908,-13.800621344179,-171.85935966246,-17.523646964476796,145.59637751719907,WS,resize,2,4564.830555662064,0.557786226272583,0.31638994812965393,1.2506977319717407
2665542867084280,15.44922162275011,-15.809327283661323,13.438210885715348,-6.897444119778069,SN,resize,2,985.2277839253258,0.6216124892234802,0.26162049174308777,0.7707724571228027
473236960624282,-11.390300678508,43.342774487865,4.051879729477666,9.08808262400912,KM,resize,2,4160.053793884735,0.06759726256132126,0.0017218738794326782,4.6554856300354
175640891118270,58.3416314331,22.123379209424,58.41215582481732,22.058239477990607,EE,resize,2,8.713192244703274,0.5287397503852844,0.39478182792663574,2.170637607574463
940728323368212,5.5203195797668,16.760305199775,-33.789337293707995,150.74281684091977,CF,resize,2,14333.026373323517,0.26259922981262207,0.04938957095146179,3.48785400390625
159670792680757,4.8671591384211,31.498747958114,8.768922519247928,1.3871344300810133,SS,resize,2,3351.55237688011,0.3171561062335968,0.2516992688179016,3.72597074508667
490425192372401,-42.289566526657,-73.549884623054,45.08074260008804,28.79079107924716,CL,resize,2,14013.07598237467,0.46738195419311523,0.43181750178337097,3.6069183349609375
140927168065220,14.884255893398,-24.355900858541,-21.04385354368455,55.253200020565615,CV,resize,2,9558.340040856447,0.9626939296722412,0.9498291611671448,0.2533673048019409
2148319455305366,12.658976107053,-1.5012029355804,13.235751939990545,-7.894702810184805,BF,resize,2,695.7910678762332,0.8678480386734009,0.783759593963623,0.6025599241256714
950272148968894,-12.972416512525884,45.15611771647966,10.43578962440026,76.22622957270394,YT,resize,2,4305.508110675025,0.5157718062400818,0.43025627732276917,2.558291435241699
153355823412892,49.184810534933,-2.0480987436129,51.846410007193356,-8.455482785430961,JE,resize,2,540.8366588636901,0.10295948386192322,0.010333366692066193,4.633806228637695
363513025083758,47.047992478928,8.7799077721095,47.55519028641589,13.393683718729669,CH,resize,2,352.39114916672617,0.41488540172576904,0.29040104150772095,2.6956892013549805
512297363276315,31.456330474142,35.250774430442,-7.255909914560253,109.74858113271573,PS,resize,2,8982.10485460499,0.13643993437290192,0.0070259422063827515,3.972344398498535
456622292570371,17.562683786778276,52.54996407813734,21.114982977568292,-101.6535507639996,YE,resize,2,14877.002978163038,0.6182224750518799,0.4465535283088684,1.3044542074203491
4527359417278295,12.574854908472,-70.042613806787,21.09070263807338,-101.63312137835092,AW,resize,2,3485.633219930873,0.9272328615188599,0.9065341949462891,0.5119251012802124
537629581307027,13.181351944444442,-59.52259444444445,13.801504271262473,-60.93350514636647,BB,resize,2,167.4169290030149,0.8530515432357788,0.7875940799713135,0.8004539012908936
795129897807041,35.163207188355,-6.1437231591152,44.48418019098436,-79.85043918865053,MA,resize,2,6165.342740612434,0.0909958928823471,0.03274686262011528,4.962652206420898
351777130251541,39.481253041447,46.278721306968,56.478320707909006,93.74737643853638,AM,resize,2,3902.240017934211,0.24507616460323334,0.21283085644245148,4.645958423614502
808281843784947,-9.017975593206083,125.18936083216094,-38.01424902819288,146.67284863427162,TL,resize,2,3875.8218855419123,0.2615620195865631,0.2088126689195633,4.425161838531494
571640328046013,9.496515810605342,138.0909467705742,14.026261043030672,100.77612042731768,FM,resize,2,4088.932146703145,0.18675774335861206,0.009867221117019653,3.8906240463256836
1596718320725210,6.820059002595853,158.1889075956807,-6.4742211593993115,147.03302091722722,FM,resize,2,1927.9780958284402,0.3256836533546448,0.1512659639120102,3.0358777046203613
909068383276012,51.71872582063,71.017642467242,20.052222957331253,96.20762510496881,KZ,resize,2,4144.4109026014685,0.6074685454368591,0.49911201000213623,2.3938796520233154
201271568510246,11.498181689874,104.89298318393,16.834667559325293,96.15499809273015,KH,resize,2,1112.9882304740256,0.4954119324684143,0.4049762189388275,2.2462480068206787
865101847550557,14.337966085705,-11.307015681085,8.339773097954463,1.9114404114677896,ML,resize,2,1587.2098717851802,0.5853706002235413,0.3030102849006653,1.3956085443496704
273645621106204,11.400246031697,15.323762439617,8.876615389680019,1.337309719405367,TD,resize,2,1556.19354726803,0.644105851650238,0.5134443640708923,1.546839714050293
816784312848146,47.27419583333333,110.70045194444444,32.05939772674032,-8.528795234324106,MN,resize,2,9310.798392750772,0.9611188769340515,0.9320096969604492,0.22409607470035553
205051911255970,15.898719949045,108.34769045302,14.02381937735879,100.87074778789093,VN,resize,2,829.7503339253477,0.3092082440853119,0.2266116440296173,3.4699530601501465
1197452254025430,60.290261118231,20.017018951216,57.45095679260176,16.55906788136514,AX,resize,2,372.9699516096529,0.4068332612514496,0.2897593379020691,2.9758799076080322
524857088520171,40.969687102424,47.506671390525,6.49645468179378,2.7043396419787147,AZ,resize,2,5855.980186016756,0.45501908659935,0.22588615119457245,2.5708985328674316
585468982429325,56.863557681775,25.533807915732,56.51523430814942,27.46280199367296,LV,resize,2,123.99463735735176,0.2541390061378479,0.056904226541519165,3.256434917449951
223293895846479,40.460441929706,49.654367032421,39.405474693390545,30.534377951864684,AZ,resize,2,1631.2598660514245,0.5249428153038025,0.37303435802459717,1.8467209339141846
983815092358003,45.845665401276,-1.1566237774946,52.25664566085488,7.397317281374856,FR,resize,2,945.6960640715555,0.1958276927471161,0.07341780513525009,4.471200466156006
495004361712254,16.705985016912,-62.221856779895,34.5242508241884,-116.4376813685396,MS,resize,2,5711.66386572808,0.22586247324943542,0.1450788974761963,4.088281154632568
1116467962190839,49.234789455854,-2.1566386309068,52.10805694047718,-9.360850775141285,JE,resize,2,599.440475916431,0.11312246322631836,0.04045930504798889,4.597781181335449
799261197806429,13.04112461881004,7.584578150427974,6.524312207339371,2.6332356086773734,NG,resize,2,905.0506524231589,0.32800889015197754,0.1275758296251297,2.47092604637146
375892980333603,53.800018986142,19.066495869964,54.0978993899883,10.761629604361294,PL,resize,2,544.1546990944071,0.2619231343269348,0.2158389389514923,4.436862945556641
216735996617694,-51.729168266578,-59.221494505424,64.31804159382533,-20.265144368356825,FK,resize,2,13334.583443331932,0.9974370002746582,0.9965502619743347,0.0247803945094347
122836676470530,19.317250203375,-81.382868299519,26.520294978542587,-78.20303050318073,KY,resize,2,864.4939405174532,0.8873356580734253,0.8577461838722229,0.7123690843582153
864991334054817,22.630694715979,75.815649968185,56.10870395299296,37.24999715818231,IN,resize,2,4869.585513152617,0.24477271735668182,0.17034077644348145,4.662424564361572
303472461226103,30.448379399773,-91.249052345819,30.30475468061132,-91.21054076448927,US,resize,2,16.392086522788535,0.22016127407550812,0.05169357359409332,2.823899745941162
751120052245249,18.306901319254,-66.036105758042,7.866553385887027,98.35873501511095,PR,resize,2,16638.319245756597,0.6303562521934509,0.4518660008907318,1.2600979804992676
618094669584037,1.0592725919843,104.01250864856,40.760949246478944,30.35318672615057,SG,resize,2,8560.786945940603,0.20280620455741882,0.11091934144496918,4.115967273712158
204293011757830,15.079993126144066,39.21687884094408,38.75771095886082,58.44765998481713,ER,resize,2,3235.354990996261,0.4594022035598755,0.22706380486488342,1.9647886753082275
2928508607437195,37.840107608369,68.802462308142,43.26345793846081,76.73439446807181,TJ,resize,2,900.7759388403468,0.4418589770793915,0.1687576174736023,2.0822184085845947
1371451869918489,3.6333328691599,72.957712473483,13.754978520081819,100.53405993726383,MV,resize,2,3228.7014373199636,0.4021543264389038,0.12989512085914612,2.452099561691284
215955796651386,14.063525259413,-83.397823687399,17.59730013690562,104.40918633190356,NI,resize,2,16391.877550631463,0.26938459277153015,0.131888747215271,3.3835272789001465
137850255541406,24.545211603122045,88.5941532347436,23.794947920241317,90.41875015048687,BD,resize,2,203.0282183715051,0.3529389202594757,0.10066419839859009,1.971901297569275
300676795037037,47.54022479277,18.649560765963,29.661167546701673,-98.5069877160673,HU,resize,2,9386.369234579462,0.6821984052658081,0.5858553647994995,1.7526745796203613
758419548202670,56.459896994613,24.509987996003,55.38551260145485,25.26798256505022,LV,resize,2,128.45978091353305,0.2405998408794403,0.1780766248703003,4.283163547515869
234036278489604,30.859288137504,35.983036655163,31.3482532223583,36.08059832816683,JO,resize,2,55.1581702715215,0.2553855776786804,0.04576981067657471,3.112276077270508
1877580812408950,8.2904185166376,-13.160532748623,8.290299176296799,-13.150626907286188,SL,resize,2,1.0900496909830577,0.9151798486709595,0.8591059446334839,0.47618356347084045
508516997178857,-20.44017415751,57.716929198138,-21.0680009785023,55.2598798903673,MU,resize,2,264.8449018675594,0.41095665097236633,0.18920296430587769,1.7701631784439087
2476936639119646,-17.187994442004,145.88923082343,-17.294786073972123,145.69665626134946,AU,resize,2,23.64858035356445,0.9985300302505493,0.9974036812782288,0.012365343980491161
170299241727097,29.609911657314345,104.99307446089506,29.779228730152955,105.20869383708185,CN,resize,2,28.075555196976662,0.9840078353881836,0.9813330769538879,0.15464162826538086
297845861929140,19.00823988924,101.48346297652,21.346428573696038,102.3794114900218,LA,resize,2,276.29660939867745,0.9709907174110413,0.9428349137306213,0.1372946947813034
322702535907825,20.283683791944,105.67522750563,44.65363335046879,20.52726965737779,VN,resize,2,8065.787444844368,0.8372801542282104,0.8102907538414001,1.2312772274017334
787272635685450,4.323621691762423,18.511948154254057,6.508075594117767,2.5652247860766013,CF,resize,2,1781.7524260509113,0.6577866673469543,0.4344131350517273,1.300736665725708
173788081866624,59.75612769558473,-127.47179840177547,42.86716041168094,-109.79673081734954,CA,resize,2,2228.5505002109826,0.22241246700286865,0.13809317350387573,4.90812873840332
233747548461554,9.3263006266193,2.619361832951,6.481662126422353,2.571543914970096,BJ,resize,2,316.35320159575207,0.6406047940254211,0.542717456817627,1.6274915933609009
765041667535640,-33.099247370966,-56.459447149244,37.72227165344598,-76.61114070483336,UY,resize,2,8146.678116405232,0.24074651300907135,0.1647321581840515,4.205686569213867
296876208707767,35.337232736933,0.33737085013529,33.34702212702356,-7.550884967740827,DZ,resize,2,757.0339840052395,0.4538452625274658,0.20596081018447876,1.9736419916152954
5220870694689924,13.010537169214352,-15.781125774925767,1.6875669267066227,31.984962387223657,SN,resize,2,5404.602139859789,0.7484787702560425,0.6768497228622437,1.192221760749817
490774565689974,13.06406278563,-1.087121270677,12.433785526018688,-6.174742351437002,BF,resize,2,556.1918227504981,0.7305413484573364,0.629745364189148,1.149012804031372
218599310068075,-21.24302439442,55.333436310069,-20.912969538075302,55.422380987579956,RE,resize,2,37.84290396218116,0.452732115983963,0.18206915259361267,1.681466817855835
174969884519406,46.737187807587,8.3987859932934,47.544865180057826,13.25226244310948,CH,resize,2,377.8455072427653,0.5627022981643677,0.36063769459724426,1.771775722503662
581849006299222,-16.292466257509595,167.67474403169504,-6.23243799339751,146.0737202577676,VU,resize,2,2604.2179838091465,0.30751559138298035,0.2064429223537445,3.888735294342041
514194699740537,49.025633194136,19.779030185528,46.11174828516577,6.022052729589868,SK,resize,2,1079.9862002773168,0.15587326884269714,0.09618407487869263,4.324342727661133
1636152166570934,13.748349438255,109.21278035386,13.35038664910345,101.15804793079184,VN,resize,2,871.8004622443385,0.26208314299583435,0.136182963848114,3.1858246326446533
810831549638249,38.371680067627,71.17919493021,37.355411571031766,71.77346079688382,AF,resize,2,124.46352755953897,0.9745385050773621,0.9530914425849915,0.14150100946426392
126986893262506,9.535228699145444,138.11777436553538,13.929178197038436,100.71016602835856,FM,resize,2,4097.615493247539,0.7736339569091797,0.6519525051116943,1.11574387550354
355702972637605,13.535688328213,-8.1000075739741,13.280786937821661,-7.099536550886264,ML,resize,2,111.86515032774635,0.38617369532585144,0.04843801259994507,2.0293128490448
939211946839909,40.900998111452,76.418995914539,56.91560775518782,40.71457452525414,KG,resize,2,3104.0549274566574,0.11841926723718643,0.05754752829670906,5.362205505371094
211629123827045,6.1356720399309,-3.8436536027728,13.11194118660332,77.85368940279882,CI,resize,2,8957.450422581653,0.3409930169582367,0.13676029443740845,2.65329647064209
696540331416062,44.87397500000002,15.571799722222226,44.86922341799541,16.730745117139026,HR,resize,2,91.32877112320708,0.11500518769025803,0.025110282003879547,5.20461893081665
942512046483923,57.98102591119,22.153417844629,58.440001803703545,22.78436195464709,EE,resize,2,63.012326742578644,0.11937490105628967,0.007319152355194092,4.222115516662598
1794577467377638,2.2867934802243,111.96866392671,47.70394641032396,8.21437589374992,MY,resize,2,10840.442192192933,0.06714733690023422,0.023067761212587357,5.38795280456543
569520134014537,45.631513310144,14.917895762855,45.72696641861587,14.458090994864563,SI,resize,2,37.265230313031864,0.25393596291542053,0.19350400567054749,4.175012111663818
759618951395520,13.918783401918,-90.820453412238,-33.668766669103505,-70.93972385697501,GT,resize,2,5695.509385256372,0.875469446182251,0.8432615399360657,0.6892943382263184
317414069756073,8.849591446096811,17.846700004099304,13.30032815848564,-7.991854603852582,TD,resize,2,2861.0446383297076,0.6641437411308289,0.4367588758468628,1.23504638671875
310132177165029,32.35614104026,15.078246874263,35.935063720937165,0.31455602904211594,LY,resize,2,1414.0866166924059,0.8664458990097046,0.8312519192695618,0.7993695735931396
378106816842746,47.677672060857,2.1491709666626,49.49857845677239,11.778917040355893,FR,resize,2,736.0670283406283,0.07675423473119736,0.004494182765483856,4.844740867614746
974285533334788,1.987119011826,-157.37182088346,26.52175751612462,-78.16930384941477,KI,resize,2,8835.0013361794,0.6235257983207703,0.5034362077713013,2.1179471015930176
186014066630410,-0.26584500006505,29.929660585315,7.527586821918696,-11.737362952755218,UG,resize,2,4700.36262455581,0.3276022970676422,0.2051820456981659,2.9626898765563965
2045346162308378,6.372858133743794,2.3062901826009594,44.39548901022942,25.777214952288567,BJ,resize,2,4803.194337979173,0.36980801820755005,0.2559089660644531,3.3346500396728516
1172091903236601,49.476195621557,-2.5778975923381,49.49811213868685,-2.247917952761058,GG,resize,2,23.96008054991845,0.9884904623031616,0.9871651530265808,0.110890693962574
1148818178927460,38.977689066483,-8.2445481523452,38.1981079649261,-8.46882797634698,PT,resize,2,88.85013774611737,0.693397581577301,0.6427122354507446,1.846504807472229
1222613584876307,17.370666616194,-62.748620435823,37.1365034500843,-7.896470516037687,KN,resize,2,5761.1933286977155,0.34167104959487915,0.06810915470123291,2.330173969268799
2874363389509925,1.1429664809873,33.846541381524,1.120357123403321,34.012105809412105,UG,resize,2,18.577231703182207,0.4732252359390259,0.2229844629764557,2.093111038208008
472676697278023,-11.651270507603,43.263829479505,-21.330507403015467,55.44802923146671,KM,resize,2,1685.3564453461236,0.6314879655838013,0.5095296502113342,1.4054419994354248
229441082274343,16.133435457207,-61.769410665445,13.712014377245762,-60.96218802265672,GP,resize,2,282.8718251207084,0.35797184705734253,0.18248941004276276,2.758213520050049
588131552889375,-30.701177534770288,-55.134334723553735,-7.087105486392712,-35.51004450707591,BR,resize,2,3327.2141486133764,0.5413828492164612,0.4276866316795349,2.3572871685028076
282418593597680,-15.111719223373,167.09145508574,13.896003567290256,100.73033104727814,VU,resize,2,7978.226057342618,0.2882721424102783,0.14254581928253174,2.9095089435577393
979772486214909,34.1336148881033,136.00098041765338,34.7835686750356,134.43083029985377,JP,resize,2,161.07791876862763,0.7764350771903992,0.7267195582389832,1.265634298324585
3774979212627875,-14.866355003204,34.792262380462,20.50420181932504,-100.90268257495693,MW,resize,2,15293.528006186678,0.15096977353096008,0.004599764943122864,3.112241744995117
426972879607348,-17.525550986516745,-149.84053510202472,-34.720582581957814,150.66413269559763,PF,resize,2,6148.348593391427,0.581627368927002,0.40476906299591064,1.913815975189209
1689362237932062,13.800606381009,-88.316570230116,16.387277183374238,103.23273311149771,SV,resize,2,16426.53661898285,0.4193888306617737,0.2401772141456604,2.778804302215576
1166613090443646,50.253231893566,106.33993531955,56.03971538715358,94.09238368557536,MN,resize,2,1037.2817832563785,0.12050773203372955,0.0008143559098243713,4.188368797302246
420134173638637,-10.810393821363714,31.731146261210167,6.510604340011513,2.5944775713499384,ZM,resize,2,3756.3801826549347,0.8386955857276917,0.6998614072799683,0.5914443135261536
474713760445897,34.526350993866,69.196344342811,47.02397142515636,28.840876760490794,AF,resize,2,3622.4724011862218,0.678902268409729,0.6358435750007629,1.972782850265503
506851794060092,43.177582319251,19.311856309232,46.75290313867985,25.625531643580874,ME,resize,2,635.8794635472002,0.12091754376888275,0.002835966646671295,4.3361358642578125
2995572500661892,38.898518256485,16.523049856494,49.84707008963729,8.779374230964674,IT,resize,2,1362.4206892467885,0.08523541688919067,0.036956049501895905,5.370656967163086
115961117883320,28.43217928695932,36.51346701072073,34.79931297973996,10.747802995847238,SA,resize,2,2532.3486960780315,0.3697676658630371,0.2588224411010742,2.8719561100006104
1007571866714652,55.571514078836,10.350650482308,54.19472546719053,10.885489117452115,DK,resize,2,156.86649952777464,0.4004344642162323,0.2436666339635849,3.1202125549316406
1174895919599539,20.052558993471,103.35914721659,19.851097780091,101.85352171001185,LA,resize,2,158.9552564766613,0.8363874554634094,0.7652338147163391,0.7825114130973816
912812452874701,-11.627287351809,43.262280127651,15.607476350213906,-61.40269288758908,KM,resize,2,11902.394642777668,0.7580843567848206,0.7050583958625793,1.2869051694869995
173416451344450,35.019561811666,33.986374163354,13.257161306520855,77.7071488307945,CY,resize,2,4998.442617577517,0.11269941926002502,0.0037756189703941345,3.442263126373291
1449896788674967,-5.4217682185916,141.29314063475,18.75513967345312,99.06866004570348,PG,resize,2,5349.779859378682,0.1724417805671692,0.06709516048431396,4.240079879760742
232511111978904,-34.065025583843,-55.656389079107,32.01785019383144,-96.66123959841094,UY,resize,2,8508.761856293051,0.24560607969760895,0.11992591619491577,3.3055248260498047
1109815899545804,24.996104447036725,51.03225264110503,30.096077940023942,32.12634166454465,QA,resize,2,1945.4702264404311,0.35524696111679077,0.1647239476442337,2.156963586807251
736517197023313,6.5599786208778,-4.9915528001493,19.97889412203737,101.64940698296323,CI,resize,2,11475.264718434915,0.8990232348442078,0.8899650573730469,0.8064384460449219
456214902348496,19.610685333333,37.215206138889,-6.177986796935555,39.1967336219301,SD,resize,2,2875.759596988859,0.5599096417427063,0.4427928328514099,2.319814920425415
345208620288312,19.224700165467,-69.390303678979,45.702976140786575,-0.585255679946251,DO,resize,2,6860.75983244568,0.09376239776611328,0.029550187289714813,4.665173530578613
1468811220266965,7.362390601198927,134.50483736055023,34.798352555857605,134.42867700626812,PW,resize,2,3050.7497253663723,0.15757252275943756,0.09273148328065872,5.025271415710449
308427384185327,35.884648502247,14.544820145722,35.85151860827527,14.46263778572453,MT,resize,2,8.271047985876534,0.968998908996582,0.9469514489173889,0.1815394163131714
395740224747116,6.5139480425193,2.6483266181429,6.203895843029956,1.1682335965092858,BJ,resize,2,167.15995798558788,0.6760419607162476,0.38139089941978455,0.7598209381103516
1432327937141676,13.459201505715,-14.688767601582,51.6227209240934,39.60708756512913,GM,resize,2,6412.317265436115,0.6369394063949585,0.5748660564422607,2.0226922035217285
1797066053813454,45.212729270223,20.36112097384,48.74980096711843,10.920297800350852,RS,resize,2,816.2576961643058,0.2216057926416397,0.15511935949325562,4.3962531089782715
4182076221831792,70.667211583155,25.389289533957,65.30246403736174,15.478210451324339,NO,resize,2,723.6957904412881,0.37275755405426025,0.03857618570327759,1.6733927726745605
3450481218541153,25.63903018538021,51.51003081357617,25.361046246887742,51.448921018317385,QA,resize,2,31.512989610684546,0.5049240589141846,0.11512386798858643,1.3722820281982422
881754115706919,18.443691037533,-64.642920411564,14.004744156749105,100.36287340604743,VG,resize,2,16050.36621306949,0.17674753069877625,0.05250983685255051,3.8100154399871826
512504643106571,-51.848040759038,-58.223206369416,7.991691551098468,38.43835405446268,FK,resize,2,11162.518857590883,0.1913762241601944,0.12852099537849426,5.015727519989014
172855664661959,10.37149331328,-12.099479736597,8.987858108806469,1.3998110519627085,GN,resize,2,1487.523849716922,0.9559049606323242,0.9244343042373657,0.23696693778038025
833358057538383,78.076451987378,14.16217603674,65.60753728224013,-23.41349311553192,SJ,resize,2,1837.1211974296664,0.5595549941062927,0.45681601762771606,2.532668113708496
214810390166469,3.5846135120697,23.723674547511,41.8808224267334,-9.127767540714231,CD,resize,2,5364.2794999028565,0.08206281065940857,0.021599173545837402,5.134556293487549
562840304708452,46.225408646208,15.611350197474,48.21092178747116,14.024429510384923,SI,resize,2,251.1986675523315,0.1407352089881897,0.05664963275194168,4.290518283843994
817268602327565,-5.9419482354293,29.161401435445,6.549676434119852,2.6253148391608696,CD,resize,2,3255.909742693541,0.8246694207191467,0.7809149622917175,1.2159687280654907
1034524170413490,21.467073188908,-71.131572461898,13.774038185674591,-60.88592522963512,TC,resize,2,1381.3556904987458,0.9934332370758057,0.9902685880661011,0.048670463263988495
1856356164529190,14.123830049658,99.400519963042,17.882141345701893,104.9106369180713,TH,resize,2,722.0355797431032,0.9789358377456665,0.9728149175643921,0.16823948919773102
478137076746783,18.362805634492,-88.435381772096,56.929732454499195,60.58408771732889,BZ,resize,2,11160.634075879281,0.23785744607448578,0.02469484508037567,2.6957263946533203
498318618261034,41.404988775836,21.780395818511,45.672178391995004,14.444977046283501,MK,resize,2,757.5805468438034,0.3055896759033203,0.18711093068122864,3.8198440074920654
2934584883419749,40.95347805494,47.883005000971,45.21954874668821,25.69074287745787,AZ,resize,2,1856.9961005178682,0.253334641456604,0.12557843327522278,3.604360580444336
928316151288980,7.1879551740757,2.0018755441177,6.556445387230478,2.6432431939854593,BJ,resize,2,99.72041680303022,0.9986959099769592,0.997511088848114,0.010802695527672768
684315855630498,-29.405735807316,27.816853497845,-33.89299478539591,19.740195764515235,LS,resize,2,912.4362092876263,0.7903412580490112,0.606650173664093,0.6825893521308899
186849946625100,14.753512333683,-61.142985518229,15.772820459564985,-61.36063987194285,MQ,resize,2,115.72170766734544,0.8561291098594666,0.7848230004310608,0.7889935374259949
963176671141156,18.09268978577508,-15.935383158508005,32.3423252237375,-8.650230333514363,MR,resize,2,1744.4029605162561,0.9853255152702332,0.9828951358795166,0.12488958239555359
300283158416232,38.131370007974,13.274583161259,39.98413079571744,20.162002896387254,IT,resize,2,629.1552578468544,0.659027099609375,0.5506685376167297,1.6877775192260742
1247260492372230,-2.4010827279028115,29.579609392792413,-22.695857079174765,-45.914905581410125,RW,resize,2,8417.191309886382,0.2744455337524414,0.14852914214134216,2.825819730758667
4176262119093022,14.688978023377,-91.548589043217,14.551261852650237,-90.6071931725721,GT,resize,2,102.43994862703704,0.8495533466339111,0.8167553544044495,0.8264518976211548
2762253127421121,2.0297128301047,45.335734728401,12.320316350829646,76.70541926741383,SO,resize,2,3639.776651012346,0.1138484999537468,0.02404593676328659,4.159844398498535
225659908904821,25.948880833757,50.588428667013,26.05504557163566,50.541124838451815,BH,resize,2,12.716409748320899,0.2323531061410904,0.07814526557922363,2.6306214332580566
149923280750483,7.361847187159381,134.51969303436232,-21.031156466157082,55.29365024930857,PW,resize,2,9195.854397844734,0.8602713942527771,0.843885064125061,1.0698975324630737
190898982868748,55.795733000622,26.378530002305,56.582833900062425,27.552213897196633,LT,resize,2,113.72378957643093,0.4989975690841675,0.07396388053894043,1.221269965171814
186306836702993,38.679684725081,-3.0625683543611,32.235611934930255,-8.26737602403924,ES,resize,2,857.3400199389705,0.2820877730846405,0.1171162873506546,3.6171536445617676
1146877169153705,18.59342674547,-68.388033766711,30.23900877749568,-93.22084028077349,DO,resize,2,2818.887995810808,0.10094838589429855,0.01053561270236969,4.426375389099121
950737242436239,10.385183082561,-0.78958324298512,10.730717200317619,-1.0872643888216234,GH,resize,2,50.34963989111877,0.9990071654319763,0.9985649585723877,0.00989813357591629
301977051516569,58.706895821146,13.896556360307,65.44274548849424,21.578221329782775,SE,resize,2,847.7413055776619,0.32282400131225586,0.23390717804431915,3.3852615356445312
898624280682585,49.458533172147,-2.5981886348273,51.743296281348904,-4.885980247921679,GG,resize,2,300.98838044826664,0.20184867084026337,0.07870862632989883,3.8126907348632812
469891447444920,16.804499980025383,53.27984729115688,43.27039601954834,76.30499394234434,YE,resize,2,3657.731988334474,0.41324880719184875,0.2708261013031006,2.805490016937256
530606458102780,11.557031237126,43.092310521315,-35.435216607539246,173.40563502786182,DJ,resize,2,14371.066973926214,0.5682989954948425,0.4702582061290741,1.984035611152649
310840073886034,-0.84581588834853,-80.17844601219,13.952346839845465,100.757102380175,EC,resize,2,18554.07710402123,0.2769239544868469,0.1774219572544098,3.1973042488098145
477881999969065,24.946444828187,56.186213387143,35.794713857613154,51.088772129096675,AE,resize,2,1301.0566120062776,0.2977636754512787,0.15039286017417908,3.271300792694092
494687355014866,15.351932577531,-61.256287052693,40.61490453760653,-7.134857854309149,DM,resize,2,5897.001255031267,0.14024412631988525,0.07886816561222076,4.358672142028809
1443285099355563,16.555627302292,96.198597103646,6.483719431925317,2.704067858610077,MM,resize,2,10172.419493145218,0.0803418904542923,0.003000296652317047,4.712945461273193
4104851466266998,50.070544187764,5.8458119238789,53.21494409030353,13.64956467767217,LU,resize,2,641.4975131462384,0.11375419050455093,0.000555381178855896,4.55825138092041
1896496400517870,13.223609624878,-61.268552428199,-40.98679787483352,175.43157702152536,VC,resize,2,13744.373714774321,0.3393275737762451,0.3106918931007385,4.233156204223633
1077942902611364,51.861118010498,-1.6602529488605,57.027791273326244,8.898260980203586,GB,resize,2,890.561068749854,0.6259580850601196,0.5784695744514465,2.164928913116455
1365414380506403,21.476737171908,-71.132920671407,17.186801383541912,-62.468747097986515,TC,resize,2,1026.3014390913863,0.4030444025993347,0.10325992107391357,1.258140206336975
275646330919906,47.355981665822,13.66278897535,47.515374350797,1.9992461945942106,AT,resize,2,876.6188289234211,0.055791664868593216,0.01961231604218483,5.967492580413818
4085345498214305,54.3204660444997,-4.449369579381132,52.21105929762863,-9.482135336582155,IM,resize,2,408.55821883783443,0.24518544971942902,0.11123228073120117,3.9128150939941406
319387202956018,36.746376386627,71.926086394726,36.9830347743048,72.11219633282785,TJ,resize,2,31.09041480437429,0.7452834844589233,0.6357896327972412,1.0572283267974854
192500316060760,8.5018456161549,-10.886196315338,6.483167908852086,2.714050642095841,SL,resize,2,1515.9353210235297,0.5454567074775696,0.4067153334617615,1.7901300191879272
469096650835409,78.165866991509,14.615773975551,65.5901064523031,-23.2190267229189,SJ,resize,2,1848.7286978422828,0.12734360992908478,0.060377612709999084,5.061069965362549
204485121341585,12.133472243206,-68.277416893276,-8.942127264839753,13.281276620324089,BQ,resize,2,9311.072532344831,0.460711270570755,0.20900756120681763,2.4006423950195312
142251097914946,62.221882069575,-7.0387447331054,62.158902361772505,-7.149167452203178,FO,resize,2,9.047430537599391,0.9753347039222717,0.9632803201675415,0.16765691339969635
5522870664422058,42.480681608263,24.806056880296,42.605586499623726,24.775809230934538,BG,resize,2,14.108123526065599,0.3485702574253082,0.2860873341560364,3.7363572120666504
911536296350418,13.531493241774,2.048401634304,6.493944032960801,2.5777543550838034,NE,resize,2,784.6806921360624,0.7672730684280396,0.6875255703926086,1.0807486772537231
217953836457406,10.205301098661,-14.000220074778,9.05595951505442,1.4639891738928004,GN,resize,2,1699.9425192849446,0.8738316297531128,0.8385195136070251,0.7503573298454285
2915873148627226,47.806436500583,28.717659500757,54.40373092874463,28.190853320249612,MD,resize,2,734.501443662125,0.113303542137146,0.023965947329998016,4.082034587860107
1383220612042284,40.713663160769,75.04503308282,36.18269343800715,10.18908298169242,KG,resize,2,5541.079793825742,0.12786558270454407,0.012106694281101227,4.601162910461426
966259830868758,43.623138586006,18.908434254799,44.69336037665371,20.511914608274182,BA,resize,2,174.70447090833022,0.568575918674469,0.43667393922805786,2.0527865886688232
216904886576725,-17.609749712456,168.24322430001,-9.450219663777288,147.2867069331215,VU,resize,2,2437.7639924065566,0.15437668561935425,0.050004638731479645,4.031479358673096
1083924499211873,-15.604998425967928,-54.3918257160871,-24.33348312826518,-53.85375661460267,BR,resize,2,972.1865015501465,0.32294610142707825,0.14991365373134613,3.170926332473755
515495726108152,-21.626125276138,46.991186348236,8.652862626078239,1.7614464786612856,MG,resize,2,5972.911141036404,0.2217005044221878,0.11529497802257538,4.173657417297363
995843031248300,0.35769064003091,6.56005755347,16.031901319275935,-61.647350988740484,ST,resize,2,7671.368707709765,0.7221390008926392,0.5355002284049988,1.1297602653503418
868028680411287,33.75473452141,35.539565617947,53.192844961133275,50.135000618804334,LB,resize,2,2450.6593939812806,0.9192490577697754,0.8586592674255371,0.4123077690601349
497044088003103,39.80104505168,3.0309963190024,-34.08800902373463,18.757627870107555,ES,resize,2,8373.490394910426,0.10855767875909805,0.005142569541931152,4.137929439544678
763955694314654,46.724388793399,10.079801957807,42.5291021720438,1.5218430533553589,CH,resize,2,821.6227024708562,0.36147308349609375,0.16090697050094604,2.7855796813964844
933520784110620,12.510164810275,-70.009077685586,34.96663659079179,10.334575228606857,AW,resize,2,8342.8036699025,0.09964005649089813,0.0011022239923477173,4.546671390533447
4220821467968709,8.70139122196,80.590505170341,17.51210626556059,82.83618568360961,LK,resize,2,1009.3746801643155,0.415692001581192,0.21119467914104462,2.23775053024292
472361870697782,26.020756253761,50.623130115609,26.04893776402951,50.61165629621777,BH,resize,2,3.336744879300167,0.45284324884414673,0.263884961605072,1.8432259559631348
658902925214070,22.641060199825,-79.087651499584,23.041515831432207,-82.45079282565551,CU,resize,2,347.49560766695816,0.19497336447238922,0.02288667857646942,3.8588290214538574
1183079165486550,-5.70834515155,34.761777557018,7.934666644260387,38.81591847671628,TZ,resize,2,1582.268352091679,0.982337474822998,0.9794058203697205,0.1657210737466812
296065025397911,34.897985568931,32.528909790104,34.86704694634918,32.78215287074625,CY,resize,2,23.354616414570813,0.40959468483924866,0.1502559781074524,2.5461156368255615
298824355069041,42.200225487404,21.258956694741,42.70559536981887,21.255960189478227,XK,resize,2,56.19510475187547,0.5173133015632629,0.2773149907588959,1.6635953187942505
111691027649131,-22.530138328473,-59.8361857055,-22.46127608301501,-50.85570529044887,PY,resize,2,922.4929763128091,0.4632277488708496,0.2074112892150879,1.826090931892395
752480212123625,49.471066330606,-2.5339439207361,16.006243853506273,-61.68885196957931,GG,resize,2,6449.828995771269,0.209823340177536,0.06203217804431915,3.5257649421691895
1074377829753053,-6.7022282025878,-76.214917225524,44.56183140769781,142.1816797743657,PE,resize,2,14403.055122234377,0.13927078247070312,0.02404884248971939,3.6412432193756104
525641785107823,50.160224002237,6.1091880533415,50.39709750121843,11.529581471753474,LU,resize,2,385.9842412816425,0.0881798267364502,0.005721978843212128,4.35547399520874
226167275508563,15.49826792628,-61.465568794916,15.599102913764701,-61.437336138444564,DM,resize,2,11.613086175786316,0.9213213920593262,0.8689839243888855,0.4283776879310608
148887153873411,5.2121780980173,-52.75060936262,46.42750350132806,0.7021603686480892,GF,resize,2,6857.233469998532,0.08456528186798096,0.0075759366154670715,4.834251403808594
303850827922633,-34.01092105809,-55.839634214304,53.540097712888134,14.694644993995228,UY,resize,2,11853.557532271809,0.2648172378540039,0.06359224021434784,3.1809797286987305
311706737236449,50.868855073513,8.8221774508729,49.5571289570638,9.436247759504715,DE,resize,2,152.26034603445112,0.2548689544200897,0.1558457612991333,3.321475028991699
1416886515315835,8.139352166375,34.375065339482,6.54705354846448,2.644915346733728,ET,resize,2,3502.899831261253,0.9815931916236877,0.975409746170044,0.13040219247341156
178330404153531,-21.691747493695,-64.656846311167,-17.362520437027023,-66.17699136180468,BO,resize,2,507.04776603891736,0.7666584849357605,0.5963168144226074,0.8396598696708679
218036349822435,41.14963208511,20.008913305496,40.74123235135473,30.41607595545509,AL,resize,2,874.747058846442,0.17807918787002563,0.05221007764339447,3.726412296295166
2882903775325778,69.217437476679,-51.098566140502,61.476463868514486,23.768633102079793,GL,resize,2,3340.1882079516495,0.1812995821237564,0.05985119938850403,4.2864556312561035
459460818448144,27.426607200988,89.643491444303,18.730689812346952,98.99091119485814,BT,resize,2,1358.7751556166825,0.40692004561424255,0.22352343797683716,2.473158597946167
309590514053514,-21.85770610861,165.95185481884,-17.266483665933148,145.54580775578376,NC,resize,2,2196.166590133622,0.6373551487922668,0.494751513004303,1.285215973854065
179548807357974,23.005385103705,120.43121323661,24.71677201037972,121.19111435386434,TW,resize,2,205.38713424553583,0.4998915493488312,0.33653777837753296,2.061990261077881
528726041469936,3.6332857552313,72.958318596822,7.935629889610383,99.17935548713422,MV,resize,2,2939.0290869422665,0.3010949194431305,0.0068817138671875,2.614330768585205
568831498116619,24.732585867741577,121.74077955053384,24.6795705151754,121.73452709102605,TW,resize,2,5.92877701611589,0.390060156583786,0.1774815022945404,2.4635894298553467
871486690248300,-19.804021310365,-63.993881510197,5.568896838570891,-73.52485666138548,BO,resize,2,3007.7967682820795,0.7072982788085938,0.610188364982605,1.7324597835540771
380042953234728,-19.161161992074,-64.572161532541,-24.277331120575035,28.987268154362308,BO,resize,2,9487.772832567303,0.9016531705856323,0.8583340644836426,0.5768123269081116
368884091223603,35.755508707073,53.366090359346,18.007330694191626,104.71608571140926,IR,resize,2,5392.662437794658,0.2337670922279358,0.07756496965885162,2.8827686309814453
512716496579771,12.164080960014,-68.283956526724,-17.386100859853784,-66.18223990700649,BQ,resize,2,3293.928043326145,0.2276269793510437,0.13636159896850586,3.917044162750244
485436899323868,65.609323761209,-37.633778515025,64.8442650575124,-13.955006190350348,GL,resize,2,1099.9730101558441,0.5071285963058472,0.222714364528656,1.5424695014953613
172629294662585,48.532451875231,17.496813301999,48.46097862593034,21.604882646212864,SK,resize,2,302.76996854067335,0.22847332060337067,0.08309538662433624,3.8633179664611816
506770377649958,-12.679904697999794,45.08466359942028,-20.924030089926674,55.50879284808241,YT,resize,2,1438.2722828077615,0.5078808665275574,0.24973878264427185,1.3595149517059326
265103101980958,14.721827633666,-60.947724527678,-16.83918137270405,145.69247303487907,MQ,resize,2,17156.903760448833,0.0862969383597374,0.004351198673248291,4.605401992797852
517013032790983,42.403345896483,44.64336095767,38.88779795651381,-106.44755783063957,GE,resize,2,10516.431749714411,0.40255388617515564,0.1914919912815094,2.4006104469299316
825755764959780,20.340364998941,-87.352869999803,28.630966858382465,-81.23210038013237,MX,resize,2,1110.1091583827783,0.08632881194353104,0.048053208738565445,5.731357574462891
3799534356839064,60.209940286403,20.246918494907,57.5473984988416,16.520918975078718,AX,resize,2,365.26611085973406,0.7571118474006653,0.6574270725250244,1.2772548198699951
134126825414739,38.270282754345,61.711075339758,38.73296840110735,58.47165039582756,TM,resize,2,286.53497984295825,0.23819395899772644,0.09299576282501221,2.833930492401123
1397623030665407,14.493780516069648,-88.97344682800627,17.81176014880968,105.45187124927172,HN,resize,2,16090.040182013865,0.13429459929466248,0.03738059848546982,4.5448479652404785
170949221611851,33.305143801504,126.28817369339,35.94359017654109,140.0134136201349,KR,resize,2,1288.4853600520235,0.1436314433813095,0.04816155135631561,4.240255355834961
978428179365285,33.705735440434,51.794214966505,17.68339380676707,105.0865385297571,IR,resize,2,5563.629419766169,0.1265883594751358,0.0057402104139328,4.4601593017578125
333013904838174,32.340904308709,15.105537141291,36.37165955560091,50.437814261834134,LY,resize,2,3255.9734229671476,0.15746404230594635,0.04100824147462845,3.5973429679870605
248513507027667,5.6150523860158,16.240852825971,-33.79846769206439,150.75554422959735,CF,resize,2,14384.578797938806,0.4470623731613159,0.3482796251773834,3.180996894836426
237495388152862,-11.621236170917,43.26262853229,44.715977863556354,20.509551637421605,KM,resize,2,6670.676371718837,0.5013752579689026,0.4181762635707855,2.7931480407714844
3042776155952353,18.400872724367,-88.464242712832,15.171302972444431,101.72159971095819,BZ,resize,2,16118.870276876416,0.1532047837972641,0.06369093060493469,4.76907205581665
487380732512751,4.8184532,114.77786780001,24.963959658554312,121.24508846446344,BN,resize,2,2344.1088326925637,0.10121654719114304,0.021182022988796234,4.607358932495117
290265362649999,26.177525761353,50.383620514714,24.43233714280554,54.59524370699986,BH,resize,2,465.688740474046,0.3947889804840088,0.2703487277030945,2.6869301795959473
482049282914438,7.5885792292079,134.59098074356,-16.848100954680607,145.68654416812254,PW,resize,2,2978.6137148503894,0.31135982275009155,0.23637548089027405,3.2839748859405518
225571855612889,46.763350531273,-81.597671294692,48.194757900302335,-81.23350581852851,CA,resize,2,161.50043759335833,0.27697113156318665,0.19726094603538513,4.54518985748291
4804926129529176,15.24531506432567,-14.593708973874378,44.76539210163049,-79.7087695971538,SN,resize,2,6865.538320597005,0.6835896372795105,0.6231418251991272,2.0606346130371094
369883598351184,-20.367575551703407,57.57618979619237,-0.9767896107010293,-80.73156844189462,MU,resize,2,14894.355529180208,0.6189067363739014,0.4129888713359833,1.8321809768676758
4121896524538487,24.635513307941,-76.169569569,44.64928565049464,20.65462734441067,BS,resize,2,8619.7928502644,0.8102516531944275,0.7726882696151733,1.2952519655227661
3863471930446023,-17.111944610128667,15.757158787596603,-16.183951816646463,17.139491075497244,AO,resize,2,179.81708334602095,0.38198181986808777,0.05136531591415405,2.0436606407165527
300728688257104,30.395743312589,35.487349115709,-26.030852053201144,27.885301562839164,JO,resize,2,6326.300544126051,0.4848814010620117,0.4122021198272705,3.3085389137268066
1126228627789114,50.981438273289,3.9109549608118,53.30371427474113,6.99704998812113,BE,resize,2,333.14852966070066,0.0697331354022026,0.021311596035957336,4.847408294677734
549637092752676,-14.934793656692474,13.483762083058584,-8.93231085836467,13.330016121197339,AO,resize,2,667.6549660872688,0.4387544095516205,0.14657655358314514,1.8528046607971191
1003284990411465,12.059176169795167,-15.322303903822672,8.579852687495258,1.6219044413385415,GW,resize,2,1893.0556681568023,0.49385759234428406,0.2025502324104309,1.6471365690231323
549574962737771,14.061193852760738,-84.04279947361962,14.028575708490425,100.82466289618867,NI,resize,2,16846.02976523377,0.7120234966278076,0.4785698652267456,0.9638846516609192
542559790066195,33.009983226586,35.680040403337,38.40751823858795,27.075783392468914,SY,resize,2,980.9300583197063,0.9790452122688293,0.9717103242874146,0.17224431037902832
265445685298888,13.004017262133,109.35894392193,21.586486378400377,106.66067486589408,VN,resize,2,996.2953267857495,0.3116037845611572,0.17443789541721344,3.3608787059783936
1444159855929152,12.212140324895,-61.65046673147,14.122404923417655,-60.88278765056862,GD,resize,2,228.0933121080909,0.5992602109909058,0.27973830699920654,1.0737334489822388
378257181042695,0.4223981532159322,9.46341740514976,29.936937389548582,-90.22380614523672,GA,resize,2,10916.163968773779,0.3925931751728058,0.33792993426322937,3.729505777359009
136200968757362,15.043474943211962,-3.1134483369205417,10.683812451141575,-0.2815867874244642,ML,resize,2,573.7516456495717,0.966111958026886,0.953086256980896,0.2360602766275406
533142534351766,-9.8840552815116,33.911477956503,14.928952765749106,102.03514639146508,MW,resize,2,7996.3537054433955,0.3020273447036743,0.17845727503299713,3.8755812644958496
522728752252154,41.038602463059,19.563694296348,39.3497718819514,26.60134504604116,AL,resize,2,626.3498286685148,0.7960542440414429,0.7337265014648438,1.0297414064407349
758888101326263,31.637988555726,73.231186805001,31.247434306073888,72.96191111914995,PK,resize,2,50.383783624014725,0.29060402512550354,0.2054271697998047,3.5640981197357178
305757657709496,1.0675572904673,103.9646409699,16.91120577382179,96.2966317358337,SG,resize,2,1951.4256482651838,0.502206563949585,0.37709036469459534,2.3538036346435547
223281329232117,12.507939003947,-70.014398687436,-21.038713827596457,55.25985752443299,AW,resize,2,14138.81892733105,0.5575889945030212,0.23346802592277527,1.2948675155639648
353672373022082,41.381628312913,22.307214335612,38.891606757803814,-106.81525263099549,MK,resize,2,9710.809622880975,0.3165343403816223,0.25797611474990845,3.8613669872283936
855868761633795,18.030052213813,-63.078616758552,13.72210896879377,-60.89812146203847,SX,resize,2,532.7446012937537,0.9759625792503357,0.9665889739990234,0.17566464841365814
510341753682172,18.547859996816,-68.613997996337,27.40201976469961,-80.68058567976388,DO,resize,2,1577.8975382008825,0.579517662525177,0.509601354598999,2.318164825439453
3864898026890576,49.490894517019,-2.5725344431006,-20.939182903816096,55.3412002020326,GG,resize,2,9685.373480663438,0.5349191427230835,0.2531580626964569,1.4636242389678955
307754797548858,34.712695715026,-3.8563324324235,34.37140078484888,-3.7232256361072826,MA,resize,2,39.86045567573524,0.9633595943450928,0.9550459980964661,0.25953635573387146
446821260679124,-9.024115630183084,125.29622320893388,34.49186915693637,-116.58295344204826,TL,resize,2,13142.797262022237,0.10396559536457062,0.03959312289953232,5.110962867736816
947185652683658,-2.3270469336559,-78.929168380573,-2.2690365570969395,-78.79450950833967,EC,resize,2,16.29264077050932,0.429580956697464,0.330610990524292,3.03346586227417
2947290612262244,-11.652155080814,43.263890007029,-21.335851274962906,55.51568110053504,KM,resize,2,1691.1953990503262,0.7286170125007629,0.6605871319770813,1.4681540727615356
2932426006995864,12.349827079376,105.09907855331,11.114977235680373,106.87558598694687,KH,resize,2,237.1920567844632,0.7639419436454773,0.6534280776977539,1.0196199417114258
271753411301610,-18.657738465691,-174.02787918873,-36.07513208765001,174.38383395754008,TO,resize,2,2245.2647482923903,0.32493355870246887,0.20707812905311584,2.8851613998413086
478264666827999,61.472372240129,-6.7939711372832,61.727965447703255,-6.737781451997857,FO,resize,2,28.575603749104168,0.9957308173179626,0.9931104183197021,0.03388683497905731
1101915547131650,-35.411992228208355,-71.29963328046824,-35.47544422034722,-71.34704455340488,CL,resize,2,8.259969815039025,0.7919740080833435,0.6921547651290894,0.8481011986732483
3920872697958453,60.225200988406,20.059664271851,60.21138936952807,20.15154492804494,AX,resize,2,5.301888895086735,0.2353682667016983,0.09725683927536011,3.445895195007324
480958303108322,18.02673753942373,-15.984917957529673,32.39442362646518,-8.565640720555262,MR,resize,2,1761.9514557098703,0.3651218116283417,0.27887919545173645,2.832321882247925
477439253471149,2.1909112658474,25.247273616721,7.062008688031332,-11.515286527182854,CD,resize,2,4108.615168340135,0.4152635633945465,0.18648655712604523,1.747787594795227
2503535586463255,5.369009126207446,163.01297824070343,3.2128656823370227,154.85186175319063,FM,resize,2,936.0957783918258,0.8572853207588196,0.823455810546875,0.7454466223716736
699303201033596,25.12900987620192,33.08865526570508,16.465772851600775,102.80771114424428,EG,resize,2,7236.840290525773,0.6335404515266418,0.5193732976913452,1.5879931449890137
1109009986288059,-8.6876105869135,120.2374852281,14.044492005430085,100.8414897916146,ID,resize,2,3311.937280547028,0.42337191104888916,0.2019459754228592,2.2455861568450928
945361122882179,12.134119747509,-68.278230013563,36.21602026783283,-5.675515732235686,BQ,resize,2,6765.8168375998775,0.6528052687644958,0.5958722829818726,1.8561664819717407
1086140081896052,17.025256612863,-61.868698580061,17.141844865443723,-62.29693522141205,AG,resize,2,47.326907707718725,0.9656839966773987,0.9516863822937012,0.19859503209590912
2896487987274330,-8.6384264591615,125.60292428532,18.064788122952955,104.45336520718067,TL,resize,2,3769.251345429217,0.7369104623794556,0.6680781245231628,1.6287472248077393
2579869142308862,10.34358900767,-61.458152299031,19.466745015707293,-70.73301497768398,TT,resize,2,1421.147243191938,0.5635571479797363,0.23756691813468933,1.2417488098144531
267083508462188,52.899440738443,8.4141554815178,55.6346591156776,11.187618005282687,DE,resize,2,353.4040615514095,0.059753742069005966,0.004053942859172821,4.949281692504883
135893315238976,8.7909434146234,-78.181606800432,13.939020970538794,100.7692034120197,PA,resize,2,17484.979891782874,0.5248149633407593,0.3311867117881775,2.0020809173583984
150017570480103,41.50666060749,21.935799073836,13.940286933934036,100.73425285466519,MK,resize,2,8060.694236980927,0.12716586887836456,0.09455794841051102,5.752950191497803
869032447374518,45.14353499999999,14.845183055555555,43.573199060921816,16.688294569921815,HR,resize,2,227.93686334238205,0.5628746151924133,0.3773224949836731,1.372023344039917
919042368661061,-35.376055559767,146.26475,53.175496915352056,44.966706051660694,AU,resize,2,13788.002040276162,0.27964767813682556,0.18492388725280762,3.6748056411743164
985915661813386,-23.393263453848,44.397761247232,-32.23841089010878,138.51232512844132,MG,resize,2,9008.962995738166,0.1041250079870224,0.0005885809659957886,4.915912628173828
670850541182018,26.0204034,51.064903400000006,31.383092315571282,36.53780288838549,QA,resize,2,1535.5151161368804,0.317120224237442,0.18518556654453278,3.0775792598724365
358677975646602,18.32970950933104,-64.95126838918696,17.15991147316604,-62.39630694028665,VI,resize,2,300.2165768232883,0.24061666429042816,0.005850762128829956,1.9875105619430542
468571217849628,27.519976313624777,114.13899685380947,40.70601352317399,30.46877718704596,CN,resize,2,7555.358229890633,0.2624255418777466,0.03188605606555939,3.1632802486419678
166033172108272,39.547581612083,46.441663046559,42.586668743599596,25.872725008335596,AM,resize,2,1752.5846912747897,0.17311783134937286,0.10720787942409515,4.89746618270874
494503958271926,65.59525777881,-23.774501108369,65.70175579651205,-23.707261863318365,IS,resize,2,12.236747165134865,0.9556493759155273,0.9442514181137085,0.319709837436676
912539252641876,-6.3006910051682,176.31917767142,0.4423125435775692,149.82310534380437,TV,resize,2,3034.6757117169827,0.1418253779411316,0.058350928127765656,4.700466156005859
528519191857396,31.419084991343,35.033717818153,32.09334497557448,35.24831739513406,PS,resize,2,77.67123439641843,0.9903924465179443,0.9878518581390381,0.0732443705201149
2693852350916149,-22.134506991871,166.34104640683,-16.839397642706235,145.70031419190585,NC,resize,2,2240.057721789262,0.593285083770752,0.47161200642585754,1.7355401515960693
943976513021626,17.310149834096,-62.711002505143,-20.169047874798327,57.49277670295132,KN,resize,2,13743.9902959405,0.2807731032371521,0.18943652510643005,2.830784797668457
314603156759488,27.431221771339,89.646958499505,20.491180386762633,96.69415971973729,BT,resize,2,1052.22806919032,0.6246191263198853,0.4104265868663788,1.4125741720199585
142911821192377,18.124397901175595,-15.95930487738458,34.82571828154291,10.754306887177055,MR,resize,2,3225.6360912387945,0.7918400764465332,0.7407366037368774,1.0759631395339966
995608364307407,62.231154398192,-7.0203744109078,54.48986979692125,-2.793592041292605,FO,resize,2,894.9322238216773,0.32009193301200867,0.14388440549373627,3.1487014293670654
920634065161187,49.245509981929,-2.1382669508349,49.1891244895257,-2.07315519536068,JE,resize,2,7.85335628177269,0.2527470886707306,0.11422181129455566,3.524362802505493
314870496880636,28.628362975198,48.038775336392,29.328073929445413,47.7653246001953,KW,resize,2,82.2254882467516,0.19664184749126434,0.0630413293838501,3.164132595062256
137727984953777,-6.2967650470378,176.31787733981,14.04585662632744,100.84504875763731,TV,resize,2,8625.351130539497,0.43152502179145813,0.33696648478507996,2.744723320007324
970870010403579,1.3869451851245,173.14684137479,8.070593251507576,98.6017842069676,KI,resize,2,8284.526546180841,0.5004855394363403,0.3520521819591522,2.405458927154541
319746332831620,37.296859809574,-5.7125450742042,37.36818247955573,-6.485016361154945,ES,resize,2,68.756265415774,0.2573298513889313,0.08004271984100342,3.573889970779419
3035810213314122,55.003356832716,24.139338741958,56.147267481247894,12.832714273871607,LT,resize,2,721.1787695481651,0.1888675093650818,0.012742027640342712,3.4780359268188477
288447642774684,-6.1571269966165,107.04394801454,-6.983045008294155,110.48838931102514,ID,resize,2,391.4114872599006,0.9893468022346497,0.984710693359375,0.07653983682394028
829997677895262,12.323432189112,-1.5533388682237,6.228083920109802,1.1268835421584595,BF,resize,2,738.7818323851503,0.9278661608695984,0.9040758013725281,0.4724830389022827
106381768201986,11.974525625543,39.044869566531,10.995786403201436,37.242485389300455,ET,resize,2,224.5374673605527,0.45930278301239014,0.017456144094467163,1.267831563949585
305230294414376,18.451313183212,-64.558514994681,15.566857197151405,-61.46127159269091,VG,resize,2,459.67479818262615,0.813207745552063,0.6922404170036316,0.7349687814712524
883910462466493,-15.648621030725534,39.34163432285212,-31.286907134044956,-64.75171288162254,MZ,resize,2,10391.932987246713,0.11942603439092636,0.07567703723907471,5.550868988037109
492194012125902,46.117642,18.110710999899,45.347048298455256,-75.66253317253775,HU,resize,2,6812.967093338484,0.2332262545824051,0.14624112844467163,4.461516380310059
1573490059506418,18.338429999176,-64.899272406242,13.94027585444015,100.72828787344388,VI,resize,2,16095.310065444939,0.41731855273246765,0.14319708943367004,2.0570929050445557
766495730715953,44.706372569218,18.069343447503,46.00926210946776,26.899062645160946,BA,resize,2,704.551748876168,0.35506924986839294,0.20264992117881775,3.5021448135375977
781285156083286,32.087994573877,-8.2233968662806,31.901907136190147,-8.233083716766833,MA,resize,2,20.712133835290295,0.9776315093040466,0.9674044847488403,0.15833522379398346
745256106153583,52.344707039659,45.336839122968,51.41402894244278,39.33426432307249,RU,resize,2,424.69155463063987,0.32683730125427246,0.08437803387641907,2.6270973682403564
1117334568775680,18.337748404316,-64.915702992028,13.842261250702139,-60.937227144185854,VI,resize,2,656.0696333592031,0.5075751543045044,0.38268810510635376,1.994895339012146
306286164527539,33.350146257859,126.25399959043,16.397756998503272,103.18097760674634,KR,resize,2,2982.02286772401,0.3241136372089386,0.008389413356781006,2.3175108432769775
336794264546437,4.9054666559617,-52.301588003183,13.885185000659915,-89.96319454268449,GF,resize,2,4244.043337767466,0.3488871157169342,0.22589677572250366,3.690730333328247
153474173412155,38.399164295663,71.058858396182,38.239847336145985,70.9561169802761,AF,resize,2,19.853643556020636,0.6851291060447693,0.5218223929405212,1.097131609916687
350521240549818,31.321208568090835,27.27841709921041,17.532519566902046,104.39215660661458,EG,resize,2,7809.0919910694865,0.25773170590400696,0.13548898696899414,3.776327133178711
218975556246226,7.8821057071516,-74.834139978895,19.520789526352832,103.07200934531836,CO,resize,2,16959.40622271912,0.08550265431404114,0.0009317994117736816,4.35107421875
1259603784501134,31.292411220432,35.534796522034,32.673009572119895,-114.80974939543654,JO,resize,2,12249.590125331448,0.3312815725803375,0.11962863802909851,2.645902633666992
4309223739108363,2.1266240352603,45.323364966483,21.518216878239496,-104.79771401858946,SO,resize,2,15836.132694431752,0.1463339775800705,0.033630505204200745,4.0481648445129395
259978149147748,40.965992824636,70.990742663385,29.185057416403097,48.02903422313598,UZ,resize,2,2454.4851291968207,0.13977541029453278,0.0518057644367218,4.605528354644775
764847514207415,29.990268063885,35.075916116471,17.664701912850845,104.92951137593231,JO,resize,2,7133.847413768761,0.6325589418411255,0.5634093284606934,2.2579891681671143
248250033759700,29.80888569787,-8.8927590395819,32.42225604228557,-4.762864416960524,MA,resize,2,488.8150683061654,0.6728803515434265,0.5988927483558655,1.923913836479187
454143095650719,4.754477618596,115.1672935653,5.023481610280999,-1.667940316382809,BN,resize,2,12916.458151487324,0.1479981541633606,0.002315893769264221,3.5343005657196045
779725396245876,17.150242379267,95.997861485963,19.856240730621867,101.42127470508454,MM,resize,2,646.1264139909555,0.8040847182273865,0.76408851146698,1.1085584163665771
580468796254927,1.0529367558583,104.00979134276,1.0977167792614446,104.09141093564803,SG,resize,2,10.35048694668505,0.5515113472938538,0.41943585872650146,2.352951765060425
996366924230321,9.4509927129863,-5.632989557206,17.63388824542868,104.81166445405293,CI,resize,2,11806.491587646427,0.33133816719055176,0.16890199482440948,2.6730103492736816
167430881975593,48.946219066106,17.372135047934,52.33370478235829,5.567977669162727,CZ,resize,2,912.2662680019704,0.0858304500579834,0.003020666539669037,3.8076748847961426
1287753361619391,41.902938185448,12.402760733592,38.32900312424386,26.951980144626766,VA,resize,2,1297.540801142623,0.8862433433532715,0.8738434314727783,0.786408543586731
631066277884886,8.81662211291624,-82.90477256073295,16.662878866142957,-88.56788990043012,PA,resize,2,1066.65313467694,0.1897420585155487,0.06376753747463226,3.9399046897888184
1770786233100996,69.218294531367,-51.091665910743,65.57549682696221,-20.281048714341097,GL,resize,2,1360.8650985535203,0.12719203531742096,0.004844650626182556,4.367742538452148
239943934683187,68.81413122743538,15.673939453479123,64.85117159739843,-14.632294146030883,NO,resize,2,1380.3527563648165,0.5183306932449341,0.4503345489501953,2.455742597579956
481611806279393,19.322225516792,-81.380605067753,46.15973235575332,-1.1674887239732057,KY,resize,2,7731.07099221103,0.1643591970205307,0.00269530713558197,3.590561866760254
3800949300034619,38.343949995952,57.117059018247,48.00400697740188,-119.02009819897742,TM,resize,2,10406.021644498438,0.19380871951580048,0.05724528431892395,3.2553255558013916
823233711883166,29.068560075854,48.084048261556,30.16077455240931,31.728949770384048,KW,resize,2,1584.3328481153806,0.9240983128547668,0.8849451541900635,0.422964870929718
450038362963389,38.978830137822,-7.2812361854766,38.12991609395485,-8.468151788356554,PT,resize,2,139.8640660041299,0.5421142578125,0.38891327381134033,2.032503843307495
297933462444738,13.662316404789827,-16.430340101173016,14.736269690511925,-16.586363488003784,GM,resize,2,120.59669980140288,0.9350516200065613,0.9133550524711609,0.4004803001880646
949917125580796,18.251570400358,-62.984528794394,62.10692559120394,-7.15757970827178,AI,resize,2,6476.027695164496,0.6418575644493103,0.5742665529251099,1.9987726211547852
313078556837128,55.266055994786,11.315098206416,53.29802853236142,6.0434422384121875,DK,resize,2,406.0340512881871,0.34485432505607605,0.2988244891166687,3.7125964164733887
210766354219144,-26.628804736334,31.659445474276,44.37803673629569,-79.67173790908512,SZ,resize,2,13686.46453815432,0.7499823570251465,0.7245365381240845,1.8391079902648926
520708829313842,54.68692259669,9.0074931788196,54.74133634902692,9.413128850304926,DE,resize,2,26.74824146166963,0.10803351551294327,0.03405493497848511,4.593448638916016
992154464938892,-17.65251068093,177.40709100849,-7.096647712545059,-35.45924066602459,FJ,resize,2,15476.368545302787,0.3882404565811157,0.3201258182525635,3.6613831520080566
150289013771703,50.348577719861,-4.6628826388904,57.96798985738095,56.275892218566696,GB,resize,2,3914.3392309473506,0.08301571756601334,4.337728023529053e-05,4.990412712097168
1423738521294950,17.182641732455,-88.332789645282,17.866422984201122,99.27348931057922,BZ,resize,2,16029.909329935397,0.1548800766468048,0.060810208320617676,3.955334186553955
1155605118288528,14.706942793316,-61.143095527488,-21.26853344081496,55.57732866697612,MQ,resize,2,13324.099244646854,0.6599885821342468,0.5825819969177246,1.7867602109909058
2986698694926936,78.215334468879,15.012641390148,27.986008674731337,-15.866795841897774,SJ,resize,2,5794.335714444427,0.24722623825073242,0.04711557924747467,3.0269358158111572
2083829008422694,58.379655829272,6.1151443597417,58.352893204204825,7.920761570746931,NO,resize,2,105.34303174837845,0.33637651801109314,0.2833250164985657,3.8587646484375
155652916570780,42.348418071723,20.818276988414,41.79564309248408,44.82617550057121,XK,resize,2,1975.9838412666927,0.9905017614364624,0.9896999597549438,0.09168759733438492
845707173409060,13.15145888888889,-59.57003805555556,13.18415206591331,-59.58850851034454,BB,resize,2,4.149071898353038,0.9468846321105957,0.9333696961402893,0.422412246465683
792307658322895,52.913640031191,6.8640509875213,56.29465573707602,10.493853764503879,NL,resize,2,442.574337819547,0.7111170291900635,0.5499570965766907,1.3833411931991577
463829391356731,7.1956119778003,124.23640602451,-7.3328036924812645,109.75525858248096,PH,resize,2,2277.874079021272,0.3822169899940491,0.2865546941757202,3.5832138061523438
190327429484222,18.406063827426,-66.173016157195,18.396085249194517,-66.35202095467362,PR,resize,2,18.91927775420727,0.8143938779830933,0.7757661938667297,1.1098034381866455
964385794363812,38.838166509572,140.96848476449,43.024007490714204,142.31053571915993,JP,resize,2,478.8847139343947,0.276074081659317,0.12466518580913544,3.1090519428253174
992350614846774,12.919375038455,-85.248546579532,17.772297265642624,99.29908199480352,NI,resize,2,16566.029164901236,0.4561418890953064,0.25050967931747437,2.2037811279296875
2898111640459899,32.288702684025,-64.767038528517,4.891625347462224,-52.5704575311674,BM,resize,2,3299.972759751939,0.8245056867599487,0.7499398589134216,1.0108001232147217
156853596375003,19.653051191999,98.633327646919,13.943365087271374,100.72573293048049,TH,resize,2,672.786603265578,0.6555287837982178,0.48560965061187744,1.2798044681549072
353101693221406,-16.097698333830845,28.68442044328358,-15.868310577285431,28.307448505525077,ZW,resize,2,47.69107222086719,0.1547594964504242,0.05233773589134216,4.256219863891602
