id,true_lat,true_lon,pred_lat,pred_lon,country,error_km
1198015930637035,47.58736244394304,13.72243335782696,45.42266652971156,15.255148577682082,AT,267.75194105432297
2627501530880734,-21.690540312924,165.67395409726,35.78944879531622,140.65143928336676,NC,6912.988376520214
464312504633961,25.061219179854,-77.474052344488,18.315044782114768,-68.83446930496781,BS,1165.335122984648
1640910792965420,14.05090975535,-83.408252576108,5.045918384601857,-1.597838433901856,NI,8990.202598148135
784509382269632,39.054295235447,125.75444015475,49.00348075910869,20.673015486109968,KP,7777.092675794562
1203580403446328,59.403162352068,5.3346943684814,60.33236402078454,5.579803241674153,NO,104.22424912816568
529318031569520,35.884852698,14.543835095527,35.8960521165857,14.407029499691802,MT,12.38666932265147
579627393601024,31.161290071016406,27.62620232776423,31.047821827182453,28.26807966371596,EG,62.400611006283484
493287055050730,18.529699440908,-73.82906994801,18.44711319338057,-74.06470938633386,HT,26.492106138259178
194636675718395,15.711283292961,-86.911458774945,14.734006621939931,-88.04749867794389,HN,163.29537121483017
324862519056205,19.31841800221,-81.382583014952,27.973745131778976,-82.77116531116194,KY,972.7351096906508
312497683776326,-3.5385285661184,29.342796802632,-3.537487677389552,29.156288397652823,BI,20.699585515478738
524249899215869,-20.36057432562562,57.57448506856856,-20.2510954931059,57.62399455662671,MU,13.223131693412984
762407414666903,18.261799133186,-66.040383948361,42.02494810316859,-8.66026884457044,PR,5986.62527278992
1162773017520174,6.3181766455254,37.510104406035,6.246178143957926,37.58271954206671,ET,11.336214435980896
3356357477800408,-13.862024739384,-171.85937431059,-12.068173636037844,-172.22156266113333,WS,203.29118709943407
487479689165720,-0.79790097222466,-77.201507380967,-0.960352908136422,-77.39002986335895,EC,27.670107896777218
255694192945304,0.23852452895088,109.87510053714,16.8381433672185,-88.58827062361054,ID,17240.320412322762
810188746588631,46.29075689375,10.078154998184,45.17667501099901,5.704619345057795,CH,361.2829871436608
152336490235316,6.1412981189533,-10.222955468447,6.36090036164393,-10.387810003308322,LR,30.468204001133493
1128248694323507,4.9712879947102,-52.440325961909,5.000081689193134,-52.52022262988323,GF,9.411808905540747
319600276196154,17.249258189479,-62.655520880016,18.413522699551933,-64.5876747603472,KN,242.0498880773875
227605128698501,30.534718182782,35.557018519973,30.778764017290637,35.57920424044831,JO,27.219510773241435
469353001013618,-4.8497851046353,11.90522368749,5.33222983632032,-3.5375975448240027,CG,2054.914656709887
312137333614311,50.147457733865,106.21881807879,47.93478515050908,106.7825041348566,MN,249.4429473969506
417436926432877,-9.466630277777776,160.38180111111112,-9.62287644042705,159.18541964362308,SB,132.3352274347361
521833368998076,33.828288106674,35.578984207651,33.91616825162468,35.62832812027212,LB,10.781556580917133
804138920493771,-0.43494769438863,-76.201325946671,-1.043172305044621,-77.44578454082034,EC,154.00967598637828
302261168190071,-13.859325484052,-171.70998038915,9.08544391484924,-79.46336149407885,WS,10488.417876326219
1226452984452730,18.570054722222,52.82152305555601,17.699070731582527,54.00859618266605,YE,158.47544630740845
321769825972532,56.815207379952,13.937240092613,58.20429579632381,25.158128477269223,SE,686.9037690727645
773469050698883,0.4364979004820079,9.440864620026538,-25.88664272112399,32.65040069014248,GA,3843.2643617013086
333032548339836,51.706235270322,-9.7173149835356,51.82162032953488,-9.816693269140847,IE,14.53919189704443
321482029535925,44.652229350002,21.162756330018,44.67446976493121,21.285861079039687,RS,10.045196121423677
832510974027702,-17.456552891966,-65.728142843828,-17.575306982118537,-65.26328975167318,BO,51.03068177928395
109891514526025,48.213328182129,28.09057650588,48.18040266247388,28.19055132891245,UA,8.265194977045303
2942639579308445,34.805369127435,127.95898406217,37.410460812312486,127.56111441901108,KR,291.86881553499774
370894024357836,15.425447150296,-61.271269855519,15.448324573407149,-61.31502818119253,DM,5.335623960946091
788101518532706,11.258356617235,-60.564806768225,13.858349244884822,-61.02986181228084,TT,293.4781960131192
3872288566218352,50.796778330451,21.153443346433,50.804178174356856,20.80814899324085,PL,24.280428224556303
1002859423856924,17.09712846732,-24.97047664313,28.65102952002927,-17.675577930776495,CV,1485.2876517127347
238160651412928,-46.337650900733,167.79026062048,-41.20263072308834,175.67356861456258,NZ,851.7077682407761
2563203020654329,54.32142990519237,-4.456551481932205,50.10217620882791,-5.505312493683909,IM,474.55539947943345
732194144134616,9.3458958330497,-79.823967302875,9.285140197666491,-79.68226799067824,PA,16.952698816318954
476322813419625,17.628516606198,-63.231308396649,16.008649722819086,-61.72741903979861,BQ,240.96534101177386
1136304350214402,-39.328969954559,174.63690058405,-39.38301391514336,174.64821540463447,NZ,6.087647672685982
486828262519306,14.646929324615,-60.975801183717,14.623724590122176,-60.97285375632718,MQ,2.5996613620831437
1387937924894828,47.907557209354,107.17858480002,42.62683905470721,78.40542017813911,MN,2312.2451374721327
944100506347413,4.8670503980303,31.542952103365,12.419247396867393,-1.8610702531893737,SS,3762.996436329003
225738692700446,69.2342740620203,17.971246283328018,69.2948575663013,18.34200590700813,NO,16.075931669524728
138012564971418,-17.546030537707,-149.57580216474,24.942083753799043,121.31480106845416,PF,10733.45313157503
1349102025473123,60.210439476288,20.246196471172,60.24364960775885,19.88077883884804,AX,20.51181401272937
481515363098541,8.3835270285271,-82.196719096621,9.96728422628813,-84.58896190810471,PA,316.1769923487254
208681127527124,49.241162571487,-2.1218631166228,49.19971419440196,-2.0821604516599685,JE,5.436541500755863
496883494997876,12.508559533613,-70.010590958509,6.815713253611679,-58.27421827927831,AW,1433.2406368156005
1258448591563623,-8.614371141011388,35.602892240053215,5.496178824531131,-73.24233969253643,TZ,12165.30394692082
849655245900069,5.9311045328258,15.65109465938,-16.525094557275136,-48.61004963170316,CF,7491.658564632006
1448430112350839,11.026769583975025,-8.632346605323722,13.311006581271204,-8.233504656194125,GN,257.66823540806934
711741309997504,-35.434392939173,-67.582981443437,-33.02131322209439,-68.19718482593655,AR,274.1975569898063
330646891800305,14.870259800656,-24.373949477736,-8.563405502341721,125.6056637810928,CV,16675.522663051022
844947319428707,12.572384044567,-70.044602664275,21.05777860890453,-89.31972924723772,AW,2255.2958580353184
1424082877926694,39.063764515107,125.77381801639,36.56593250417202,136.64528837514902,KP,993.8362115282761
262049738998529,15.746495092756,-86.857367093038,15.48894834483976,-88.08913643086245,HN,134.98217948814047
2941932222749741,8.8904169624644,80.720461103422,17.210983351305842,79.30743711856262,LK,937.7548589152128
2957416491247002,22.534707236092,-79.367474703615,21.664995951394094,-78.01671856226328,CU,169.46317251575908
1339793246404338,78.178055846086,15.902100697497,78.25700086770323,16.071784927858584,SJ,9.586557808299307
742849163058043,7.9945228460384,126.06338592216,10.452785232622386,128.41812115507105,PH,376.16865780793097
487902825754300,18.349709806038,-64.886627593059,30.475365108552108,-91.08541313453853,VI,2964.9268662707514
188819323085799,41.434692972264,43.314083402676,41.3330235668002,43.50095817164064,GE,19.258225626014994
449823653747421,53.88835461402647,-122.76729722632489,50.66374123673663,-120.3913564479666,CA,393.25827889776593
227770655816183,49.479739351354,-2.5890746408905,49.36026628423514,-2.400701172840704,GG,19.030094955070613
216079839905055,19.324976978962,-81.381549997813,58.95405233419628,15.813893547204056,KY,8577.60795044822
828630294440097,3.9058095275261,11.829761470611,12.245802346346212,-84.65280802689887,CM,10617.721129979695
860118858181209,-20.177979,57.661693,-20.16212209414376,57.50330908203468,MU,16.625198596201027
114507540681851,35.729256605436,128.41830771074,36.332205170708434,127.6119206006164,KR,98.75733694778064
661381454786146,-18.972548731094268,29.805283361910963,-25.31917056022877,25.830918661201085,ZW,815.6665686514234
222747492577837,61.352664593679,27.429725107498,61.3045259464375,27.50475312374732,FI,6.683859251884825
138806294926443,38.717835758735,58.495184798492,38.62848142128559,58.36498141592071,TM,15.049354294427621
135421499385396,13.275246919086468,2.911011286873044,13.596684094820723,4.4711384541565495,NE,172.4737356850525
517034622643483,-9.0920015075631,160.82242285539,-9.49508494701779,159.56812506615134,SB,144.7542840232274
2526299567665760,35.829307962213,14.558295593658,36.07435978918016,14.243629141697742,MT,39.30317903224356
281947363629492,78.231350087799,15.142395905188,65.74220989713196,-23.18558254828071,SJ,1846.8555019352934
309954333906145,40.335258934887,19.990673334292,40.38868325393789,19.943265032749032,AL,7.1710587753780235
163258222377928,-8.7192284268616,160.86453616743,19.40309391457481,102.4695240641249,SB,7117.528957550524
497041608993768,7.354967160960991,134.4972694391149,35.777213375941464,-76.01772700546891,PW,14254.597725517979
325055798982586,-10.203132697528,31.216979658259,-11.916625408604988,31.59433819910641,ZM,194.9309207665752
361816321938390,12.57472666996,-70.041979864956,16.0020715992778,-61.65249595907048,AW,980.8640512091422
1145510005966861,18.05148025828786,-15.896397560721027,17.362370881709897,-16.054294811104466,MR,78.42960534961267
262345932212210,15.140006372867152,39.26672870985676,-15.087391852065624,39.13451663452756,ER,3361.1647300742725
901986960835723,13.278551582622178,2.917996515380901,14.137658171394246,3.401023732940497,NE,108.85024106418467
317050140097070,43.4276581353825,24.38127115862344,43.66243450892087,-90.27838833691744,BG,8362.089659516287
994714827967018,22.682567905302,39.11769149111,24.85199431313976,46.70311168261252,SA,808.583703472621
145209974249665,16.762668175828,-62.220769939941,14.640167442793036,-61.13106354966096,MS,263.26076160912504
763480160945552,3.114388438698,31.177872023014,-18.39708172123805,35.30089559838916,UG,2434.2157235136274
4405163029511350,43.682079175037,23.978223195064,43.79642174514265,22.844952379418984,BG,91.92702448570243
326659798812032,12.410385336248002,-16.110049424682003,15.812862087845629,73.76447741435335,GW,9621.092493591113
895631547651467,12.080356238018,-61.704118318475,14.63658122731998,-61.02042836204051,GD,293.70367485450834
953292548822411,18.0817933464398,-15.894888251115804,16.911282405624064,-15.72473777989538,MR,131.39970758594572
1179673359141283,-27.440457092686,31.884625638401,-25.27071803602962,31.955960304094948,SZ,241.36862418776587
1391570534555001,12.121586777999,-61.634729332904,14.596412433475882,-61.07215331103597,GD,281.83698995171596
1931718050309638,42.316673318457,42.610766550542,34.60847920633627,-84.75494642617922,GE,9924.62675661963
1441784959495240,18.614866388889,52.371751388889,17.431711194943354,53.99976728595067,YE,216.65716239127158
1092193684624091,13.222041768155,-61.27004985443,19.33187065460579,-70.62380723144356,VC,1207.0641880092153
545855749735091,44.933679619312,10.542218724088,44.851358408586655,11.72842977622661,IT,93.88906293651786
2774084016236056,4.2465653216704,73.54886569526,16.355755944866903,-61.491057805274345,MV,14568.12925098458
193239609283383,16.442716181297,97.600636667113,11.209475909956732,105.11326331933115,MM,998.0017403252415
838605060406461,-38.684857801033,-62.245177670808,-36.83127681350485,-59.10473176057845,AR,344.49272504128623
1398766300483374,-20.281888888888,139.05741666667,-30.084571172357013,146.24019146467327,AU,1307.0096169698995
309592324146292,-40.470381504032,175.24679558692,-40.35968805293963,175.58626252148844,NZ,31.264193000489122
787330225321281,78.186979979764,14.79210601878,77.5719025650486,14.540364011781156,SJ,68.64541414493527
481435006457069,41.714515597444,19.778002854189,42.35743290116084,20.760076551898724,AL,108.11423500620819
562746315113072,-21.036239487922,55.673092800575,16.01812242262264,-61.67263119174483,RE,13425.72081223561
251075026766241,42.736773777269,78.935492923137,42.91710126541854,79.25861078583749,KZ,33.11226089141802
4010096302418176,13.274118,121.232275,15.063639935216491,120.64167068470928,PH,208.92429560154724
385537683018740,8.58587702121514,-10.943586617629483,7.923320524142032,-11.728022905173855,SL,113.48585470878339
180372857328994,49.843429916622,73.222888258927,52.0478697194882,77.23749708438321,KZ,372.9860486426191
907851513392138,-18.164645479454,178.22136593468,16.025374981557622,-61.67411640260494,FJ,13673.069048528447
1131598217344189,54.864195040685,8.7383931888414,51.99840598302616,7.507213530615165,DE,328.9201778759198
3247097405547891,33.97288015656933,71.60789771722264,34.022766476738354,71.52554258049538,PK,9.402665057026487
1063412324270300,-15.431355385415,167.20499794568,-15.716530182154338,172.91062177071487,VU,611.9460760573772
478746096705872,12.1865576631,-0.3910576992899,21.58462331757379,105.02255894232832,BF,11056.618536769565
163486722253544,18.376454722061,-65.907019733384,14.319449727686962,120.97985471969253,PR,16301.952138889765
1394646127681740,50.27605756468763,-5.022433442071348,50.1393035744409,-5.470850353180689,GB,35.349557933394614
311036310426740,10.534375285392,-85.108561963834,-16.158715526039828,-48.81239115226656,CR,4975.841587941631
180655490594869,-4.2955834051727,39.583247618282,3.3369456855154738,-76.51797122253612,KE,12926.763366795283
225040172344104,54.10668466178,-8.5444506137227,54.050876362318704,-8.537514151977101,IE,6.222075583110162
590599688583224,62.579080335013,22.030513453623,61.14628546290185,22.04709236705981,FI,159.32189121287996
378410597431210,11.755141729610802,11.99142765025279,28.328412419160752,77.15922227100282,NG,6972.347073588757
769560623930363,13.781555904684,-60.954984062834,13.753253071034766,-60.9819641062875,LC,4.288935877664429
191217559525689,10.598613143242,103.76819114404,13.571022598507913,99.95855805568556,KH,529.8834233850408
960119301406916,8.934567996624,15.810201192055,9.952081251692912,-12.992744228109125,TD,3160.4017379835063
162029952434974,10.416592641005,-6.9267518159549,13.258674632959409,-7.097279696942688,CI,316.569429309896
777563772895063,60.262939806644,20.372533414245,60.27934112339399,20.285694798722165,AX,5.123925713243541
483016122754010,8.2177331232449,-10.640871255174,9.017053644807945,-13.016018138609631,SL,275.8322599624347
945669026244322,32.28289364111786,34.89665697754903,31.935825732924076,34.83036930820612,IL,39.09394573022439
834907740772712,-51.828914124143,-58.391576104278,38.24968603592799,-6.13823620355107,FK,11222.83907520876
315786796574792,17.029958580939,-61.837386119134,14.282770898430435,-60.93336400989348,AG,320.43816328208203
3935353219835220,5.0624805680856,-52.559930285878,5.118062785670731,-52.67226934321344,GF,13.892736389200044
703624374104706,11.148071748184186,42.461472571281,22.967361513647305,57.548587776470605,DJ,2070.37097597516
552376936150414,45.747934121718,28.392399493234,42.23370971385322,22.71101143372143,MD,599.1207008484191
279990610516417,-25.052590421722,25.938389437355,-25.25521590824081,25.88193902100339,BW,23.236282665048687
244594784129468,17.181606776437,-25.056350793491,28.654453114762862,-17.699798647760886,CV,1480.5745479709212
916296905814911,29.986443376454,35.073653850875,31.12145449746995,35.38817768526369,JO,129.75101312711823
160409959286661,13.609489121743,-15.203056960483,13.236004574413284,-7.943595259693017,GM,786.2328645889643
375549574325666,-8.088511666666667,156.78238944444445,-9.63939315335724,159.81377113692452,SB,375.0367133994914
6504127516293875,-20.153986376711,28.58502890468,-29.691967187821483,-53.31674184763881,ZW,8162.647296824178
955352585280405,53.073543217589,5.6644949286343,53.06550303377952,5.5903903549619125,NL,5.031070503395894
198798338740227,41.487329996943,45.08669320994,48.49129144008632,44.56480948667042,GE,779.880254867963
747640439246618,6.555528380315,-10.331525634335,6.437460055163927,-10.561313833243034,LR,28.580944115105684
537333261008423,39.113511978868,117.21046994629,39.896533524902566,116.43993471204652,CN,109.31988494638759
5205930492794121,13.596220054527333,-87.36529096486619,13.645869449759466,-87.52184962590042,HN,17.796858264257022
282961036881213,36.025363064061,14.258923344808,35.84378512540641,14.13941296315584,MT,22.878663763491407
2898417523733065,12.385310410818,-5.9561351141694,12.394358488502538,-5.606008128143005,ML,38.03892915687881
814006309495024,18.427369706947,-64.568261557542,18.6798601508438,-64.39533961593838,VG,33.47427210737649
363924908375174,-4.7913317580586,11.855642981142,5.567374041810487,-0.2076846037967433,CG,1766.6456906522408
520091355848418,69.217861349712,-51.109419049396,63.83117338033692,20.24356744080763,GL,3028.4032849285395
840734783196696,32.126256113931,44.324859980182,29.980571843725663,31.351804826917924,IQ,1257.783546333289
226163689282727,12.168906318554,-68.967070805139,21.233526997840613,-73.4246224038097,CW,1113.8769473171174
341214407334376,-19.377102833928,34.400509607794,-19.526688821285564,34.65752902279517,MZ,31.667917297112638
894968224414635,34.986110625975,32.668982915426,34.99299452357102,32.68479884383539,CY,1.6314981500367796
462694431488011,18.632063011792,-68.389902993932,26.28228056952406,-80.19170797329824,DO,1480.0007105851628
857893648147331,-10.905676698416,14.247198141961,15.741711675397156,-88.48826714780724,AO,11681.134231536596
382009819762071,39.329365017441,27.62045985936,40.220590394594645,28.466212675776323,TR,122.65621600754801
271875871339932,11.850545983225,38.038235893261,12.14506563116075,32.38283609704762,ET,615.9744731437731
525646118616107,-15.637682963249,166.84078278513,-15.606434504983511,169.85079400931536,VU,322.3499205547368
2982805328705469,64.437207664635,24.181485346398,64.22279410082002,24.134713864610656,FI,23.947904994798375
320116623608771,23.185410152402003,91.17769833999328,23.226867041142143,90.93564408211726,BD,25.163424160124208
803534963702486,51.121882315762,3.1082009025971,51.19579691806107,3.1864736379154994,BE,9.866427507221433
376395010415901,13.924250043571,-61.056412107275,4.974497546301445,155.02881555463327,LC,15513.335351357435
303078421392591,-16.446930463398,-152.24847310031,17.21494519596295,102.54936424003644,PF,12109.836884713697
312172783608841,49.510993358681,6.3452033888591,49.39453750364337,9.15631832168174,LU,203.6017335880879
6235880006437043,-3.1366812272296,-79.214143657851,4.5235305165190685,-73.87904467138088,EC,1037.7264643321057
965921670819949,-10.479678823577,105.67386300715,-5.825593159915497,145.8931333765956,CX,4453.924348550547
925871031561258,-6.2639877158616,107.06741782953,-6.297693282385394,106.7695141195355,ID,33.13916483511659
1164097447347216,4.8674337462563,31.519362784566,12.3346089511181,4.993637326196421,SS,3029.5466990913183
4396227090475829,-1.2678653976589,36.678122304876,-1.16325699671199,36.610244040216486,KE,13.865209961915067
865652107497194,25.981085501999,50.457665915183,26.027806849677724,50.54277947702265,BH,9.96707535310104
299799271640333,2.1039771270774,45.331583431777,34.667744078396964,10.704690175771017,SO,5092.347975653224
461018955189846,14.544694692651,-60.871651329228,-8.54922795534966,115.86716291804083,MQ,19259.744835018642
848673612668103,42.673726026337,20.952183058644,42.20871099909514,22.72931512806101,XK,154.72074944582033
1416342685418545,-18.613385898721,-174.00201190817,11.695421993758448,76.28688657361015,TO,12475.107828540842
494963678607139,41.553688076193,76.443594560854,37.13142035197225,72.4672797724132,KG,598.7759227156376
219389349648885,10.15103545444,-0.08621895664982,10.331891534885552,-0.3273926447812728,TG,33.17914378203443
3089177431309627,15.373065639057,-61.261521114061,15.416305791051702,-61.11641586503061,DM,16.282143939732002
267446095163419,-24.410317211088,31.569065250692,-24.53814757089624,31.16685791956383,ZA,43.11528575828647
302215634735033,41.271908839255,44.308127758638,-35.683332274108864,173.67713766102818,AM,15626.669728350587
2667851503513129,17.27324849632742,52.95912218803253,17.439099938994318,53.09586589500815,YE,23.467538156058865
153409713461640,8.790179318271212,17.833063690255294,13.302655546024797,-8.503814825560184,TD,2915.9830567838253
197648665524336,32.845770012076,3.9393382718177,23.638189179841294,58.20472244772578,DZ,5355.871191490796
186111083366529,51.38944480684,5.6393438286668,51.346587588012575,5.565413325179299,NL,7.003616511818548
2778308682433187,46.907087389519,21.768223720096,48.17430492379835,16.72779137017817,RO,403.64644265597695
937732960392917,57.179863762985,9.5235696942098,57.19110303302335,9.532693212491084,DK,1.3653296138567006
1146261095856485,7.3615432427089,134.43713448334,-17.459071982111226,177.85636686322553,PW,5510.169742525008
481510253092194,55.547652479706,10.237061583967,55.41371453272476,9.10928976642188,DK,72.60658040314027
373515770750013,52.085212737279,23.57416942403,50.36676138304944,22.32924987181978,PL,209.82066971969866
509958026699758,8.7996562999047,17.834358755261146,12.589321615095278,-5.862048195875167,TD,2622.0652357717972
898715014311013,48.970224789976,9.8639365242088,33.06487358509433,-97.07451683415782,DE,8389.200442195148
1199206943853136,-16.678932002412,-60.816984800192,-19.943484653414416,-47.34437677813151,BO,1467.2601010483927
498260671492955,-38.013275055456,-73.225185383762,42.71342707802109,-8.732232125802996,CL,11085.967458752093
894859321231304,12.227082918058008,-69.07847800166279,12.193143092507624,-68.73916587858082,CW,37.06889244315137
1389207538112280,-18.237830811581,177.83923612892,-17.880524220290162,177.57084070810768,FJ,48.8221940176954
853984918525885,16.723203555806,-62.23130997289,53.425146439801125,5.473259265341413,MS,7050.983693789787
122049223635653,-9.093844554597762,143.20550105803093,19.78364567333948,-70.74579523111093,PG,16180.113576267522
503430330798585,15.754797111762,-86.834109918362,15.595279968178348,-86.85930763032744,HN,17.941464302265192
909387153127451,28.736208967151,48.003263644262,29.51097608341644,47.76172344568669,KW,89.28785815689402
906902016543352,31.331782024306,46.203432956327,24.55338314652355,55.84357331347637,IQ,1209.3169048086472
2928214434172169,1.1206763559822,104.10141369167,3.229223630777448,101.40839607266577,SG,380.13457635455273
450152016285778,44.280050101707,22.571319099243,44.519982969711805,25.763734309058798,RS,255.00639112748058
364335675754039,27.44091865174831,89.6695301948495,41.16765715474592,70.68848869219121,BT,2307.711326774848
1465192193846342,49.242897458505,-2.1257188472841,49.17653406184744,-2.037787822936536,JE,9.759840744962558
307943760727803,32.017590561359,35.44667005004,32.06994926553165,35.38235378133824,PS,8.405014416156435
460785571683103,37.925916394446,71.433043060589,37.05745165980067,72.24300032465179,TJ,120.13224062126106
1128725237604299,-29.134916665635,150.74974999676,-29.133796547673303,151.49939504836553,AU,72.81045373823038
490647468911155,40.963268605415,72.227703152599,-32.83512311441762,-70.81463644392738,UZ,16634.253631392232
333643931662411,5.6383973900144,16.079947991405,-32.84495636155504,151.30122580776504,CF,14488.464360868422
1227174381045729,47.768093183573,107.23115509769,47.7460229730716,107.34555230223182,MN,8.896772043775115
1407497409603690,3.0843020507054,19.86280519181,1.8623229226324889,18.240241990737893,CD,225.7268243571488
3723636841075361,45.568657163831,14.018918146853,55.1425766644817,15.066179763133022,SI,1067.1283626693655
165305525550262,8.3525370889256,-10.025850369874,8.27538907180544,-10.268456066619397,GN,28.037600293856553
340729614142712,18.491135,53.019456388889,17.494508653538027,53.97956509827288,YE,150.30190868284203
454659182301876,-11.625933853582,43.262174830246,-20.917976337184584,55.60047399720663,KM,1672.3446825789879
668193423973890,-24.287426139806,25.329460617088,-24.071539381016404,24.722483218490293,BW,66.08551283110242
838630760070492,25.060757368329,105.86456403205,28.41661095260424,108.56955839248585,CN,459.73973543454946
390606075408650,42.986310463262,19.555681585034,43.05612998394357,20.03408395122749,ME,39.658847571107664
131134676170300,-12.948481303182872,45.128315287832365,-12.920250422482404,45.05218066774839,YT,8.82795818496056
1792656240942534,13.919496365755608,-90.97051612073146,14.230814799651233,-90.83138508777787,GT,37.72961840616607
170823461623752,16.241110201764,-89.025642613932,16.33153581514742,-89.11781914873397,BZ,14.067407503190463
326797512347685,20.477204466217,103.99483406515,21.585171064160267,102.20855486641568,LA,222.59215098125333
603719283920573,40.194963555707,44.545682589004,48.15594480240716,28.303392893608105,AM,1563.8585756671112
307023807471036,48.822446939892,15.635962976885,44.58556168880323,25.422269410118638,AT,881.4787347237013
1360919617610849,48.744206328516,20.484833979395,43.32624631237421,142.95787989820082,SK,8343.19424747112
4130359377021158,12.744808419842,-86.016174505038,12.79464742468278,-86.07661594113756,NI,8.583366295712302
186509513837116,-9.162518629974178,125.26855431414576,6.005762358807153,-73.48474315890789,TL,17918.896937394868
305027981215954,-18.157704641057,178.42394691893,-17.62205524406009,178.39617548740733,FJ,59.63394833869072
156576193076602,-0.78254800116056,36.454570001926,-1.1480474584996996,36.8103941661459,KE,56.716424555959996
713195779986935,15.71706020536666,-87.91892889999826,17.058286817139457,-99.95239780775962,HN,1292.1117592881794
211686643757850,18.378333055477,-65.856644722755,17.39565529644957,-88.31451480166126,PR,2377.5156592388958
1127316044444733,45.524200027704,20.00828632566,48.024980857490974,17.332746925747447,RS,344.6848668918809
1705161749686063,1.6727266549458,109.85191823171,15.409784121012969,-88.07885492249905,MY,17277.27257014262
1180959432346280,4.2166399722222,-55.441371916667,-27.08621212061621,-53.86137923879421,SR,3484.855634708086
152378826822821,62.297150880353,-6.3605044614883,62.626532597545925,-7.022639188900492,FO,50.00119472557864
2163885233752606,46.261529486069,41.00615902421,45.97010446337485,40.54060722952855,RU,48.35083318828365
828943404645761,-4.2440126883445,39.574345953224,16.720177603446,-88.70527691081776,KE,14211.236692707618
145074444769704,19.85141683329288,-70.79678177411726,19.835309022722928,-70.8231388176662,DO,3.2875139744111763
167921538557854,32.347416850468,15.10321327924,35.633512497638414,-0.5578897233114752,LY,1487.5717456016218
628318788994208,13.152619444444444,-59.56710666666667,13.144071363225551,-59.59194554309118,BB,2.8525670774646703
842741859611073,16.018956092128,-61.581760537768,16.216794702931352,-61.59532518590852,GP,22.046321338298103
310752417096783,66.229694079253,29.133889499018,67.46867998825428,24.86869482683237,FI,231.7549795891128
280932113713079,11.564178753638,15.28787472986,14.693244459177508,-17.087689967672134,CM,3520.1486617478904
306629164189671,31.994107162003,34.880880875532,23.447335118509866,120.34517742931328,IL,8250.178795115142
375713220429607,-20.444336397825,57.719071106087,-33.96000889078758,25.5093255722333,MU,3501.9176293160554
935998006944813,2.0128177809748,-157.40717950301,5.011010037761108,100.5169231908608,KI,11324.29797246267
243279310922728,22.002956746269,59.647583227775,23.20658580683939,58.845711041863176,OM,157.12327137737933
302369984598824,4.2729453578223,11.366798338452,4.257062620986934,11.54658239013081,CM,20.01378843627801
1410294946017903,39.031705816026,125.75630076806,-20.605549230164925,-40.579317356865545,KP,17585.31732712959
557405362093639,36.954042854563,8.9131949083518,35.263923068734975,24.829439612213477,TN,1440.3952292121965
508273253877668,60.696459628121,23.784802432989,60.60499040348262,24.08119970139975,FI,19.08897640783297
822631438351061,41.306291815096,76.061806069928,43.45615133596402,42.50434798565973,KG,2747.956959902645
1138310456645189,43.382281881015,16.41157939924,31.04338799151591,130.7464803707139,HR,9384.660088825856
222871899226271,-15.510435536345,40.349633637766,-15.397304893543948,40.38336082421208,MZ,13.088591499981856
653703302135487,21.606686370966,39.215434593079,30.02826394242386,31.435383309213258,SA,1217.0997636693864
512353726583180,57.378685294191,22.247361108176,56.93863012787733,22.847264725501805,LV,60.85191783377487
221188212807394,5.9007667928315,15.424776553249,37.54085340141566,29.537344095567928,CF,3797.480241522714
319019459840888,18.609369461477,-74.151456712619,18.66108384396977,-74.13907698743081,HT,5.896462889614662
3291218371154050,-17.313447180213565,37.46183809351605,-17.25432269635044,36.037141221131165,MZ,151.40800472300847
584561212946534,-19.59947361892,169.46805368552,20.92521534448555,101.41812020294871,VU,8665.378787864687
304491461128491,-24.913992289767,-56.992001471465,-24.953541698887392,-57.61394859869179,PY,62.865552739051125
297816615150376,21.480754782652,-71.133236713743,21.85436157653777,-70.77434448888648,TC,55.68923765077627
393440354996585,52.70481457742,27.450028836652,52.27329026471387,27.910070697225123,BY,57.20662755493363
473720683849376,40.29467551394,43.521641209406,40.31293410957571,43.408822360671,TR,9.780098891949493
454870842476357,28.72600008284,48.263573067355,28.986532761440845,48.12732015368235,KW,31.86428859525256
151442870324225,56.727613998069,9.8232903910496,56.899179156674975,9.826249058542752,DK,19.078025118536047
3734785956631637,-32.223694448748,147.71777777513,-30.99909466615203,148.65946770787983,AU,162.76808368317162
2674396816191889,2.5936083377885,9.8483489898272,-0.3024978775141703,31.6818519409731,GQ,2448.2955898686764
1379450249134838,11.1299017047619,42.37458637619046,14.349387040363768,43.724666168918056,DJ,386.7703095245108
275414690944598,-13.67751150128,-71.664754722863,-14.583943216968208,-70.73746646270988,PE,141.9733802946629
1234218287109955,-20.82413546364793,164.48620687630458,-14.406626693287835,-166.28277314808557,NC,3173.9149089782286
302961411491361,46.996007579057,27.801513788055,46.89786497088255,27.80105927650416,RO,10.913014656544501
948698085931649,49.321417002248,19.543460957034,49.301056345428,19.44210775950732,SK,7.688347376467724
328279275310503,2.1101448348,45.328888943853,-8.943425200663079,13.32561683584068,SO,3753.4464857649236
3938529579574500,12.745875526918,-6.8748541915599,12.73847897686935,-6.843440560644098,ML,3.5048773777326345
1194874720960051,12.083080655367,-61.701340518071,14.634976632831217,-61.02800667292344,GD,292.95726636901
2660802827398825,16.196727547951927,-16.262142180464767,15.883413201723284,-16.424634124358654,SN,38.92673726943309
474318140350732,-30.186929671859,28.721722313277,-30.128000385349047,27.56271507937015,LS,111.62414177085616
131538628927343,23.927591478789,56.89006326826,24.335279641356248,56.62923124651945,OM,52.494285982374045
956252018280238,5.6732085786965,16.632589745091,-16.431491511810055,-48.47030666681587,CF,7566.4151995874145
986557568784559,47.96199867689,3.329329196682,47.811127820675296,3.562200216488044,FR,24.144654749178397
858888201360481,27.431311876486,89.411968800978,27.8431064831032,84.77945330798067,BT,458.60232981904454
1122494928228049,-6.2923231452892,176.31516236757,23.115962539237973,89.6999506168236,TV,9937.809908804018
822289958383794,41.363620514254,46.930408712763,41.4819229283581,46.694642531018,AZ,23.653358920655055
507580496941067,41.24483557588,71.582892060753,56.80099945821808,61.44574482872381,UZ,1876.3981780755491
850897392160274,15.37337039371,101.11838827961,15.235051473460794,101.18208352873197,TH,16.829257073624216
1479666545728283,-2.207944528615442,29.59226081231841,-2.216818864612544,29.633810803007304,RW,4.720984593768761
580789552886656,50.678594855093,4.8188742178492,51.68417922865162,20.83272192914713,BE,1119.5244912718385
795872621134242,21.469950825343,-71.131968567748,21.649208987458344,-71.99025207041805,TC,90.9700542547501
537185557301814,21.468632587884,-71.131614335596,21.501605204295988,-71.46789140046103,TC,34.98664481336304
533124681034633,9.6221481881675,5.9902728883701,-18.022057749944373,35.66002964178031,NG,4478.624611293262
459637375114061,16.326241192515,-61.485416089177,14.772274005282837,-61.177634216648144,GP,175.9105774568972
761065858107101,18.02556598756,-63.076095445477,-12.962904493512504,-75.29474656790578,SX,3697.3170265647323
175886771114688,37.132743072818,71.445580058334,37.11518222993356,71.849598706888,TJ,35.87313781696599
3028763490743210,44.505071370572,14.497751817403,39.63182871734207,3.3761119071843497,HR,1064.6515845475542
4083027895078105,6.922264444172,81.810604007404,17.297791310685945,79.6972605742429,LK,1176.292550811281
196273232181806,10.57170873112,-61.274575577684,6.043860899777631,100.43222614861595,TT,17273.660146186274
311046543750546,5.8181956657151,-55.229591655912,5.830685556827442,-55.19201789019513,SR,4.382330437824667
1340777496415094,-24.184041937054644,-56.01406804634483,-24.25034029132731,-56.06662336950008,PY,9.096795122440968
320265609670289,38.422783933334,-28.447899110035,39.40426763179581,-29.754742418477477,PT,157.1431742305658
587462658901340,49.482634783129,7.2198204378864,35.781363193339054,-83.62942091907306,DE,7128.472745288512
1117419915461502,-13.3507635470948,24.07831798797145,-13.430083628546088,24.505113283503267,ZM,47.002264339477065
293849812373143,21.729330866875,58.283925067403,25.25431933153125,55.599503717641866,OM,478.0536528650945
913136816207204,27.685309394915,84.245084160599,24.03481487005111,90.75332577657254,NP,767.1492556680138
1427947294218129,38.134538979321,20.602291273787,39.99008739636936,24.05858493407284,GR,362.74852572406326
950864868999393,51.137636946693,23.395299320308,50.40929067257906,22.091242873546506,PL,122.33972035704541
223308666224105,10.524123082769,-2.6530083555487,12.715618477992916,-15.507203890109247,GH,1420.8642864819797
202168424910797,63.087501381586,29.619921161522,63.40016407315431,29.72632192655889,FI,35.1721339208418
134334415352783,34.771117780932,10.388663407803,34.75105599534499,10.48991619207466,TN,9.514715695477909
1123967504754624,2.462911169111,9.8411851986574,8.655819330118678,-12.449322275439236,GQ,2559.9049621751915
563150931329907,-16.454467194083,-152.25488087725,13.165656263619278,-61.20995869416342,PF,10527.647790647397
527782441730123,19.613317472222,37.21518325,14.703700209497743,-17.394173896419602,SD,5804.5955812511875
874132063313509,2.1211650392132,45.325477296944,34.79570398853437,10.741836401209898,SO,5096.466029567714
1414690518888723,4.4280699971271,-7.3572366993037,8.44912835709567,-13.199998673211748,CI,785.18703425125
1488652064809969,31.757099517069,35.492951999494,25.51076691192005,38.426035984764006,PS,751.1318624145536
548267689892757,4.8188638046841,31.553307958678,12.541112361989784,-1.223088481488048,SS,3699.755953433903
151479410277523,13.926511407569,-90.820049410327,10.95396544797204,-74.79130916607127,GT,1771.0948296035217
282741450237053,40.63918244788,14.689358309553,45.61138149550157,7.750474148829353,IT,788.6061665922713
466856821203613,32.362756289357,15.075112091192,34.99952242923057,1.1754943233807147,LY,1317.9114889876328
503692787493112,-8.4956747146718,28.873913205907,6.1225105241424,7.737151983426188,ZM,2851.9418067110432
129527739201981,50.74400552946,15.089402768176,49.69346389651505,15.74676193662898,CZ,125.82867613232956
459080448727005,43.398268683651,17.872251876102,43.45989182352738,17.844529917107,BA,7.2085921261910455
2599771000325900,10.491317886291,-66.940783689543,-23.515971283219272,-46.70635328309222,VE,4375.157683217255
1586218158513391,-35.09726470656671,-71.96444205112698,-35.112796857197566,-72.00100230045524,CL,3.7475338037778907
790312034924185,6.4665061966066,-73.264673048874,6.564491648046676,-73.20560157879768,CO,12.700416007417441
3828714587227647,-28.982228650362,17.795137519664,-32.73282921911048,18.48700436564248,ZA,422.24061170190447
915335685911826,-26.650343222475,31.676701721271,-24.556391956554307,30.705263743343707,SZ,252.3891476834359
295989332000056,-21.294072972472,55.453451741806,-20.90770405451579,55.53028519811495,RE,43.69538544445037
762826894424335,15.953620769688,-61.226106662441,16.34463959272892,-61.2928258657453,GP,44.05940709708277
748877299000226,37.48624814219,-5.6260757420713,39.895584966445554,-5.419613304560242,ES,268.5043688175813
995130811306873,23.092040987381,59.032220074214,22.938758846595555,58.69508093173655,OM,38.484226912739004
173462692069034,50.00493277190843,-109.16881836125964,49.98123224573544,-109.57197778470945,CA,28.940060257902235
374397180633667,51.090338894144,4.5540810997605,50.82565885705684,4.311698460546809,BE,33.97632571620672
925791128266982,3.9464155812419,-59.099715656841,44.416624532967056,16.00484563289294,GY,8520.20679067924
1008151256597783,5.4088235841337,-54.080394782482,26.28779731953944,127.8154734829843,SR,16484.663300649103
183020897030038,12.165472591779,-68.284782803721,-24.478730306116745,25.414485177770555,BQ,10932.810414250978
497361505026790,24.459011977771,39.707017834424,26.03917561334363,50.46924241384908,SA,1096.1995869621471
312120757154735,47.999359257395,28.38593989914,46.1893162252034,28.38982316062189,MD,201.2678167871992
507960406990835,40.602484593203,70.9323931635,40.7500070009932,71.03798537573675,UZ,18.664827713725156
1068908920302393,28.118257713069,84.092550077463,25.03969144007825,121.86455919015036,NP,3756.924796653963
2455881761214087,9.3112240684333,7.2316171757752,-15.436764165972376,28.34266655207651,NG,3602.8621741254083
308361434006892,4.4588854980948,-75.339098450144,5.420144923045899,-74.87854987448043,CO,118.43941004663868
155484156583350,-42.588544997261,171.13273084297,-43.05136877147465,173.29918264083332,NZ,184.03298836867756
792143884742189,53.499641726189,-10.025130557347,53.477390210230446,-9.89611669355052,IE,8.886836890597875
538480140482205,46.417273237497,15.981580762317,44.396031392592846,11.820961429718364,SI,394.89731629185553
968891463855525,40.418204733364,44.58904057928,40.26420523359503,44.134108461195126,AM,42.18837855086452
2562980810671463,39.539716862316,22.649912734594,39.31236296143464,22.42441117513641,GR,31.84739264847571
840569223558585,53.471437474357,30.369358954069,54.88584894161164,26.3511513756359,BY,305.08057124998425
212713197082595,42.7199422641,21.124316375918,42.588729372403726,21.15470767950649,XK,14.800378342869452
300368228286972,2.6515753388508,99.632830332947,2.336597149079852,99.7729022995989,ID,38.32503972092082
803382520382829,-28.928078796683,27.877133995547,-29.30209917912429,27.50349629785024,LS,55.20070579856239
1251699818583166,9.3253458360703,36.511457430463,-27.144190652334643,-55.53001197009782,ET,10679.068396138804
134346362021204,-20.169316372954,57.574783850557,-20.242095758765718,57.47682150567028,MU,13.03810915824526
2659684644176450,15.207410023546576,-14.26851329497232,13.58583921119676,-6.587523968222512,SN,846.6192098645544
338266731040151,-27.714887442632,27.237097549584,-27.643560479523288,27.246654477042235,ZA,7.986832341552922
290719459343271,25.048779030648,-77.341776655437,18.60420644219856,-66.32683304624848,BS,1343.0288696878197
592656634965955,46.682736593205,21.206630159237,46.69545925826717,21.22792440547691,HU,2.1539370163614473
327481305476197,3.6341919176295,72.959377283817,25.74366177934686,-80.23804997076799,MV,15655.060780038068
511298200008833,41.001835659413,71.969851087691,40.83457748955636,71.702085984945,UZ,29.190480783573175
1048097032779725,43.42241145892943,4.995993425198574,43.50742536710982,4.969478577310422,FR,9.692288306260593
275678077530743,-17.141803188939,177.19494791591,-17.78166311023948,178.50919117491316,FJ,156.50883323983436
292380389132080,14.868771348072,-61.121170377502,14.618158552776944,-61.05828412660313,MQ,28.6756426079115
195963679022241,41.444760586953,46.861020646343,41.50536023052053,47.91906962998128,AZ,88.40494085900733
967102544034985,16.986811638045,120.77076999861,41.29258048490679,-7.841021296877836,PH,11654.405889501662
132001678913743,-38.053559635768,-63.429009930635,35.33607100574505,136.5887441237992,AR,18208.5772686457
4323012444383952,-25.366368202834,-57.609654895019,-25.52226276923758,-54.6486124264376,PY,297.8151014023603
1156261378535995,32.32323776884,-64.709264213971,14.60707911715302,-61.08065957635754,BM,2003.9845164289654
1022165461521852,10.726476338495,-14.376868641028,10.102480305657975,-14.523195800148232,GN,71.206681476378
193167485884135,44.181071716568,19.719133913291,44.240427487694056,19.833577567952773,RS,11.258821344594672
2679866852305147,50.425563977087,60.525062163106,51.65647636155639,59.44894831001623,RU,156.18258208287233
924145305018051,45.915356124611,13.677818254528,53.44769291561656,23.01874909395296,SI,1072.0135719041336
3991894140857885,6.396085635246,-10.578195078991,6.413573023983274,-10.562886127232916,LR,2.5773639365796894
3753076561487105,2.0937663139626,45.333850241529,-8.934480542866337,13.256443879326117,SO,3760.300550056445
4014259028668392,-23.777002866313,29.535916133115,-23.09461377492202,30.025325591009267,ZA,90.83233682141524
1164259444051011,-33.004571460529,-56.45950492044,-33.01651842526053,-58.74154371248177,UY,212.78814143296515
427797935584192,-3.381688479243244,-44.524339863567576,-2.7987354960721245,-44.47285274831079,BR,65.07301315204505
348228456711934,0.368039651477356,6.712420799552506,6.094989170829034,1.0915022517687798,ST,891.4041552462708
4037485459669920,4.8556815609205,31.589953699137,-3.22201153388248,29.22393806767145,SS,935.8672531684181
157040263028996,18.045966582305,-63.112275507715,-12.949652573982686,-38.42749144219863,MF,4383.1159228343895
1124425647962016,-8.100649444444445,156.82296055555554,-9.426398555305294,159.53646582970913,SB,332.6462710374207
190098606266094,55.069795005888,22.812891905378,49.11722320735035,0.7750835124973363,LT,1635.5939250561416
3863626387049111,15.379540488714,-61.26786022339,15.405452358062062,-61.20195775106493,DM,7.630089994052958
807900806500123,19.60787766549,37.220870972767,14.239773456373168,-16.646567030388375,SD,5739.332699193512
135555819075899,46.30515446867184,15.555693802754446,46.65520651836992,1.701377191612506,SI,1060.1626462368688
152233856857550,11.552312562133,43.119735981314,6.38083033059501,-10.85617701631318,DJ,5948.331237398107
319392699542913,1.3294518861992,34.311410798855,-0.3614994920723123,31.685384112040527,UG,347.2833137715829
991289955033112,34.234741855173,35.65948675276,-8.907612173032446,13.266626983872737,LB,5346.465984102581
328520695545965,63.434626046589,-19.024249484436,63.48521074472301,-18.96799019704176,IS,6.2810169345323095
464789361418887,3.807393,113.74682650005,5.263191488340857,115.54762275541664,MY,256.9965148243387
1310937239362809,-16.05923501421255,28.45034874273332,-15.6691173640842,28.209444692189862,ZM,50.45477114523847
1177148709364507,3.9517282399816,-59.127383286379,17.526737403792286,-88.40275246784752,GY,3527.900342141277
141607461308537,-22.361528273609,-59.837892878355,-24.41844828000678,25.33736169075996,PY,8541.394598143272
463077528107904,-4.7878008330033,11.864756923075,5.321222961949992,-4.06013461466522,CG,2095.4562426446714
173215948022940,8.5714365537216,-9.8691302343456,8.18584958421836,-9.717532739466373,LR,46.00448126433511
3926033430843905,32.171256244263,35.467920604541,32.1000178151474,35.333882804013754,PS,14.900792472577615
916665025779516,24.524150796485,67.540287646591,24.607025789877067,67.58354827058282,PK,10.201058940492022
842532369808274,41.215589499727,-7.4506176074975,41.15389474498115,-7.041965172593361,PT,34.87901832907009
909312326294088,28.050014468342,-14.340539294975,27.69841961132248,-15.57039587084364,ES,127.0509647382286
1207676993015897,10.787243979814,-68.323068119416,6.34520877063975,2.463958047092966,VE,7783.985381924069
317484316498860,51.531648181729,128.20909035955,56.79768735816352,60.801350368568485,RU,4246.2050593904705
947661819318356,17.121694235905,-24.994762874038,15.92523017866956,-25.50126041710817,CV,143.5794813601974
3947329925333716,12.679493966294,-6.7269231036328,12.68380039546986,-6.699719849760994,ML,2.9896699226669488
142131454599179,24.557496611483,35.148695104321,38.69717017029527,33.817456836583,EG,1577.2491057870477
165567675960284,19.612087898208788,-70.1751715983372,19.602385928222983,-70.70259992233376,DO,55.25720136808119
1366666657062368,47.544360211205,12.177256693404,45.9463424334508,14.036408890545172,AT,227.23306536807678
829244944391118,39.11803685393,-7.7196219014644,38.3371206249854,-6.188677877528959,PT,158.6688437343279
298013541938371,41.541448730912,-8.7560397976019,41.26291303464253,-8.223557284099142,PT,54.14485469961989
930318810923353,12.290897526921208,-69.09122276531554,-25.91782683421747,32.46347086391365,CW,11743.188559818755
503246924141783,15.602839427825,32.487242561959,24.70715943547113,46.656178588292285,SD,1790.1394418957705
449325599700589,50.12174331487,4.4948783441326,45.32453597317485,1.740570245636658,BE,571.7262261062073
467405711031097,17.992572255683,-66.263814308226,23.05726036141504,-82.47740316212379,PR,1778.4631993240748
288246882935326,40.557590089793,75.163197454637,36.83589988798925,-2.4138291503718863,KG,6518.84634480583
505540450790369,22.70995468898,92.098773627243,24.23749032973382,91.5570187665162,BD,178.61492028053442
591386078920254,62.107759453888,-6.6834959276139,62.10702340889724,-7.013954118153079,FO,17.19019610844247
370606561029319,10.210502973191,-0.07341133185964,10.112859099109476,-0.1649621816876525,TG,14.774703484293013
439450394288287,50.054284237917,38.880788589348505,50.00131746806086,39.09618390823059,UA,16.475113347805554
310375324029868,-37.347698548595,-71.82270654997,-35.5014440559379,-72.50338634888772,CL,214.13507653599038
981591149045969,18.008278271819,-76.772753375805,9.061195240815914,-79.4870404354724,JM,1037.1419001690474
538662890462002,22.639099459104,-80.443942528532,22.587272248710946,-81.18195081871893,CU,75.97274276329513
481222069768896,22.306404025662,114.25196352132,22.26565428797947,114.19102789883308,HK,7.735588404876181
853822608822418,-13.764240001823,34.415945000478,-25.309270220433795,31.94808253377876,MW,1309.4194467850668
2945544342367414,18.448984494982,-64.550096065019,18.76264072281332,-64.64648757643079,VG,36.32615917556518
733805970633940,26.209879663614,44.103482474166,29.718019835522657,31.075480190489923,SA,1336.7148117836489
2579377392357434,34.360744713034,0.072177953700416,34.28748801095955,0.2021784644993325,DZ,14.452438166933675
321976292610460,2.6050561253904,-76.72716581048,2.588053212026225,-76.67605288361747,CO,5.984176341150132
246778030560130,22.378053670525,103.87749530607,-24.093784371693204,-46.67592880580287,VN,17005.752979473044
132463405538393,51.895041095248,4.7359317785887,52.99800852090655,5.5727862314236,NL,135.12132097405043
159985626091830,42.085182325218,23.055097885585,41.860927214625264,22.68723359607645,BG,39.327160486308145
740422473321001,35.328722082019,33.504620154232,35.41674258176639,33.9972635918162,CY,45.72702582309786
6049840251722845,8.4468470660858,-83.484163463651,9.619281269955836,-82.94442490852205,CR,143.2097352935303
138432154861804,35.516834375223,24.116877817233,-16.706268639835635,-48.75789444576492,GR,9608.726055805957
171677658627663,18.637934456903466,98.81616605062511,18.714839705354755,99.04797297829616,TH,25.87254986807816
473447400410020,45.472666923779,13.751881662375,33.85801409256558,133.2824000937926,SI,9304.237283705668
208370247526297,56.307504479799,9.1351912802156,56.020801816478304,8.389144053466131,DK,56.124247786972724
1163829564042676,17.629236812387,-63.23181172096,-20.160501262592224,57.52002809187072,BQ,13808.458292737172
1180300995725561,32.355451166141,15.079114167989,35.66437695589944,-0.5945297582828977,LY,1488.9857653085744
1162905660800863,17.15804609038,-62.622664100026,14.606273267753837,-61.03217213185443,KN,330.8169877394521
780194756204466,31.983423754021,34.895586904175,32.36547943704883,34.891835094471475,IL,42.48412116056006
789897778580281,54.185632103826,28.47319812173,53.50263604786103,26.826107297419828,BY,132.068448463074
769108033797400,-13.06839043317,-76.274611371143,-16.314959700932405,-67.9387603453213,PE,966.3648327057531
5011086665646025,13.613395452952757,-16.429313461515747,14.7642522078264,-16.921526318363988,GM,138.53384266231845
3772032009586752,-4.0767885530923,29.088814837055,-3.2293212699483176,29.32683324004798,BI,97.86559361500548
971793776898906,-34.758013649475,-55.95646902546,-34.1010144595048,-56.2089461251576,UY,76.63696914434585
745163459490620,31.824187546378,35.267560408259,31.56854643072897,35.29837183085106,PS,28.575071617317032
531383694528931,37.605095136322,48.695122536588,36.1652770749632,50.43577094232858,IR,222.69765602579224
355157592673467,1.0703328887576,103.96283377749,1.0609733776919534,104.05369686779112,SG,10.155236030446865
303575617923017,-9.4382405064784,147.20811425115,-9.36083426771637,147.04288568912315,PG,20.065684280508943
1038259080102537,-26.782850103384,31.938656241877,-24.55173761839957,30.91113293993237,SZ,268.6087240020544
459158871851075,10.792404464252,-12.298637806325,10.038978853690615,-12.897059903262472,GN,106.3089182908933
288005262963881,-21.597843332119,23.667795003616,10.63610188641299,103.79414512755838,BW,9441.314765066601
311438013831843,16.840623273889,121.74439328693,15.89271246389153,120.75168815695962,PH,149.42061767302832
457187265449390,18.32580535956599,-64.95398969507924,36.62761718159027,28.33373734678938,VI,9087.590479758932
327825698973041,39.559288635696525,72.9109157130074,37.751229152371366,74.56750810402755,KG,247.19793559494593
1376712112713014,5.1198336159589,-52.65735432583,4.982484473514886,-52.64580983801411,GF,15.325964477482295
524817781855332,-14.010419075563,-171.76031777505,-10.023914031260542,-172.17096077764134,WS,445.52223446441565
858561451393926,36.701828275673,67.096598041303,29.98704858370776,31.398212285300083,AF,3378.5246284744667
177928610855949,6.391780060521,2.6237783121974,5.164865430811203,-3.444093760429478,BJ,684.9950017540323
747501719832988,-9.89210909998267,38.8967731000014,1.9559803914581748,32.87104844981989,TZ,1476.7665838281837
488569252193683,12.539996192436,-81.714972968868,14.31879105715262,120.97040729794892,CO,16121.029407797025
762294004482937,20.222569995853,-76.036013281341,-7.607270441796198,-34.767258545479095,CU,5471.604841839995
526448611961086,7.924136171510359,-11.169831512240096,7.946867343078268,-11.12868122109895,SL,5.1890959745574134
1359226914447321,10.466207945458,-85.77513112055,13.890606274198475,-90.1483773863142,CR,608.9794549221596
478165190183611,12.430745089839997,-15.317974157219002,12.348875276377688,-13.87515947271811,GW,156.961256516308
336533984561274,18.419385888373,-72.877030607553,18.509346437113813,-72.59498503994992,HT,31.384376650371564
292195892390772,-13.068772639841,-76.278890129748,-17.03515581907211,-67.32882035586128,PE,1057.153466508018
786215532287048,19.827903639239,94.949804250429,20.084486079986423,94.81801412925832,MM,31.68176101357272
4028024750648073,-1.455427434928822,29.883620710338125,-1.4013756186871649,29.794701001183267,RW,11.568227540306026
481816143100801,26.018200502837,50.622605427635,26.03643260005316,50.61372386551112,BH,2.213039252600276
304881227850189,22.470625099054,114.10853488259,22.379836603009316,114.22386634329322,HK,15.570551172865319
126797393065714,49.84047838484732,15.803297909812008,49.751763599960704,16.069437001770964,CZ,21.49943806588552
1211101869349798,-10.507365795363,105.65356096619,17.65921014602957,-88.17641509653096,CX,18325.94176679496
1357493864625552,2.1640539673148,30.64994870704,2.16515713872346,30.73333113042715,UG,9.265898535417763
934011534098551,12.028286166295,-61.732840110417,14.03903043466586,-60.97373204406648,GD,238.22624141158687
500159881489089,7.342259838854188,134.46879110851162,29.176614821814013,-81.02557725019929,PW,14454.956220945765
2829740963958043,-2.733735821930212,29.43081567684662,-2.0543480023943657,29.80256954965894,BI,86.09718993338318
300848138109718,4.2523717777778,-55.444873805556,11.240526960806084,103.85275103155868,SR,17148.99834645073
2960966407518451,59.940574907434,18.785342625587,58.6993347139176,22.8485417142246,SE,268.62236256519043
220493529416834,14.451610237561,99.415018949546,18.587239970419997,99.49662729162772,TH,459.9432864268061
516560806259751,-18.175596732511,178.20009731967,-0.876332815670754,151.34896645329877,FJ,3506.307916845074
294110862335495,53.181595920049,5.7480942483866,53.45378391344954,18.603001216435093,NL,853.2701260754274
244296907493001,65.57013399313,-19.349029020965,65.79935433397463,-19.06023715973957,IS,28.71364902349947
233889245170464,4.8560503387361,31.612436706474,-30.391747200416194,27.62054718214948,SS,3942.3371209152283
1927622730739430,40.369069324101,18.219159988562,40.62234985466409,17.91562133060774,IT,38.104665078191445
471926114136200,4.5631962676901,114.07349517648,23.82275883148349,90.37586451872174,BN,3321.5938372173605
1192683651176123,9.0895860909637,-79.618866004971,-24.056262212107374,-47.51770925782692,PA,5072.614894389493
1413530045696031,-15.969463833371,168.26130683879,-4.122257263917216,-73.55490055754231,VU,12861.460051968505
299499428465574,22.36370144725,113.94841256522,24.19302766221025,120.65255137155846,HK,714.252889508614
189606749553432,56.525393057968,10.08101978509,56.27331144563721,9.392776071872564,DK,50.786713281037244
1108722216274003,1.3887705484241,173.14385660736,-8.702328864035465,159.2862816232883,KI,1901.9745155453895
240591061153313,9.7075559946148,100.00619099387,18.74836774560427,98.9577533135523,TH,1011.6082560645334
794974811139135,32.804114385981,13.043328230439,36.616194789991305,51.41761106270571,LY,3509.89541996282
1107588656407422,-46.062736055573,169.00760704864,-46.19666643411985,168.57273643805556,NZ,36.67164226724616
1279096795825768,54.406755367854,-8.4796165911836,54.33661991972099,-8.52984660071857,IE,8.450185878242008
193108499326081,-6.7004249966118,39.206861112601,-29.31537698425402,27.4823942615414,TZ,2798.8918557015786
291897862594169,27.521924666676,89.820270487386,28.029812665628395,83.77019138764369,BT,597.8331665649425
123070833137806,5.8145917994639,-55.143095980408,5.853230399725736,-55.223850802103286,SR,9.912518288441701
5396405327097940,69.21259125489,-51.103395948712,66.75738550246977,13.915123513687735,GL,2595.179660142921
957601181668431,-51.706042723598,-57.906993308318,64.24862404877769,-20.717374360009945,FK,13287.710277360842
604130717650197,-1.9959688798483,30.050157126173,-2.002085399795217,29.919136198953357,RW,14.575872407944601
1941512039367524,30.98571832847058,-7.229221956634584,39.41290844029556,-119.24682322371328,MA,9506.525506055053
196243366278308,13.167682777777776,-59.53696416666668,13.161378209739112,-59.60977659299645,BB,7.914708198351922
215411967015224,-16.468819194731,-71.941378039278,-31.395533736972943,-68.88192856371603,PE,1688.391190393542
1450360272005106,15.921467840879,-16.279407687736,40.17508379851765,-86.1968235799361,SN,7180.829640495259
756714068376834,4.8155110248734,114.77642618053,4.870276014239846,114.90201950079866,BN,15.18959321268172
2918063678449936,8.0011665869234,38.705149393002,8.298727102030226,39.1912037029232,ET,62.90553193548222
1001295333882125,40.63113853803493,-6.0362211199295865,40.64564953873245,-6.162266349202246,ES,10.757222116759223
808035410091724,16.206487661547,77.345926501434,8.773675353433351,7.329256686699913,IN,7614.135305981839
268897404930235,57.163975404144,-3.6875044027183,53.76576636594093,-6.842777956899328,GB,426.90829871522755
1125401674596218,39.823992064377,42.428897726042,39.81936317447814,41.31944417633693,TR,94.75066956551665
526674661844363,36.219109563696,44.414746657631,36.220044245973234,44.40406325680605,IQ,0.9639996235296902
964858007616084,4.2630124849459,73.563178328896,9.607996794415843,76.3998386466613,MV,671.7143689138335
5490667957675480,5.2624334865771205,163.0047322024813,4.543742785696116,156.73157269196184,FM,699.5633165026328
573195574072375,-15.671003834964,-48.191441316741,-15.816126059865969,-47.9145208260508,BR,33.74536463297854
892381884955306,58.981961021242,24.221882703215,58.61338337295949,23.826579903721864,EE,46.885179048408475
5416581451690167,8.876751843202419,-64.23554389395768,-7.322056355243052,-35.4220192300652,VE,3665.895471386241
482078066336394,-18.636202891772,-174.01936863548,11.658486099377024,76.30089051776531,TO,12470.953960406581
329210971927794,5.843070862629,-55.089876855582,5.840037990123041,-55.151671594130775,SR,6.84389399740759
251937010050891,47.507459505795,21.685088460781,52.1806880399497,18.44568087592668,HU,569.0494599898701
469124120816531,33.256755487161,126.61974805537,6.217972627704487,-75.59795058706912,KR,15039.102029817534
6544008378958782,42.576053933645,12.422579613177,34.52564356909485,-120.10192936035888,IT,10177.022758367879
468826351040628,-32.904700967934,-52.731761718702,-32.71318242212715,-52.89434496162705,UY,26.160852851998154
458089889154332,49.9716081757907,38.98921274981689,50.11181498861343,39.21564370888839,UA,22.46166648592588
913455289198852,10.638477230341,-61.313394324688,13.183553768550803,-59.62400307469357,TT,337.4425048346816
391651555234292,4.7891910927864,103.42511490766,5.518553985439865,100.465500047646,MY,337.64592795048844
169873605037737,10.045722702666,-83.299560625022,10.138370498818237,-83.64627859450087,CR,39.32996240445389
1032233080991900,39.140834029054616,20.961949886464165,38.88853885529497,20.867656918324105,GR,29.21284989755073
375451844456388,-26.804552190115,31.961012436385,-25.27593152383642,32.07559546187332,SZ,170.35988219815158
855805948342180,44.525909974035,15.903249699487,44.59698138308034,15.802137988260858,BA,11.252784516415106
139526285635637,13.217826050214152,2.929162678521952,-15.481896131736844,27.93306353325053,NE,4212.867851918143
5442759149130487,67.890019179633,20.308537274689,67.52451617315214,21.12147299728402,SE,53.17420353463254
3921179927973144,54.246330015747,-4.5628069974706,54.25674196166823,-4.70541634553074,IM,9.336416424668815
469492320924211,38.276346407666,57.98363402764,38.03968414686129,58.126120803914446,TM,29.11559150699124
310307137129739,48.189212227502,-106.60069617067,52.128047814642045,-106.76136057238706,US,438.1277462637142
383397352939199,39.95006776682,140.12870703204,39.97150232419235,140.10988035204392,JP,2.8732117656265195
1688335251353973,-14.865382426326,35.3053829175,12.20261709877203,-5.555908184149531,MW,5413.16198400352
368819684557497,9.8821178559993,-84.703514000306,10.150461196043135,-84.84214085555116,CR,33.47764583241304
3142165536067308,8.892556698116664,-64.244099923535,-8.097536083358174,-35.288504458293055,VE,3722.737383616342
916461445802958,18.351592546824,-73.166686920189,-8.551238947766965,125.6884389317083,HT,17706.096603218604
1438450646526614,11.602056871897,43.143067800469,35.55107716765029,-6.026116442044925,DJ,5599.3228104497675
171644361525352,3.2965683888889,-59.645080555556,63.19905538241453,18.61465355984565,GY,9093.866849433121
3643623472415985,13.248359768362,-61.267804498546,13.20852731172118,-61.23526399493013,VC,5.65900289740513
974847123463445,45.48089676461988,141.9141645369168,45.3821539202573,142.06308417002052,JP,15.987202176919126
219450919950414,4.2765353097168,73.575427012288,16.329665976703073,-61.48955641440953,MV,14570.201689490943
197777158852668,18.542511750027,-72.425551013845,18.72595887255923,-72.39004117975361,HT,20.73869007913728
1673203299531642,49.085005765367,-1.4823203864636,49.35648890307704,-1.6266605092643254,FR,31.9558874822424
1605231949662620,31.431741304615,7.0759601080198,26.43829373018041,68.8476414591186,DZ,5958.978424248261
451593852608237,49.039623298927,17.575489860882,49.20113262142939,16.72330407653903,CZ,64.56448810559205
304641044593781,8.0755534487471,-80.948273440388,-20.11427615130692,-40.34742354953313,PA,5435.754909831409
537192110996228,33.673060807593,8.992445655067,35.273646920926694,-0.1755155394231678,TN,858.7008027939017
2874567659528784,10.624021568983,103.55740436843,11.48434099824136,104.26789660030404,KH,123.13954881271817
306873294180376,36.543159906681,-95.385746192161,36.35164552077337,-95.52913427893668,US,24.859327055871834
474237406957052,38.032230216342,71.296052545699,37.30738715180656,72.28496862097467,TJ,118.62478661133802
893270331236297,35.542457911478,34.345047266311,35.51507002576963,34.3807222299093,CY,4.438083744735654
394355595015312,-10.420322783141,105.70164382136,-9.588191434465593,147.68945524581807,CX,4595.453457096565
1720688194781084,-2.0414077903770145,29.44965968721136,-2.012510555478616,29.570584808307267,RW,13.816676068822256
1072181156643275,18.07465399978,-91.640772999734,32.93477816207929,-84.00706006001016,MX,1819.7633934636954
4167670343253112,38.101113171443,70.434664027996,38.5332520775856,69.27418428760943,AF,112.06631287711447
174020494657037,17.630108574846,-63.232604239636,16.014649241437787,-61.72093448289279,BQ,241.14879243068745
841778303361650,4.4129500800509,-7.3568081852969,8.446436944875735,-13.18469778391452,CI,784.6347851198517
6128179790541161,55.439905979985,25.277989368239,55.344832849125766,25.002707070314973,LT,20.346961178963962
860733724520470,42.906057348904,19.550997884227,43.14072151805295,19.46642940462093,ME,26.98389468299999
864697561114910,-29.077441505083,27.74348424067,-29.473683922827973,27.523588324794577,LS,48.9509025817008
470728414179183,-4.4035085235997,28.875651684315,5.471837261328783,10.04822568159966,BI,2361.63899096006
572376240384590,38.710627031317,20.595182002582,38.67044875373051,20.6007671872621,GR,4.493841635148335
121312253609017,-2.475605,101.08095666666668,-2.8183310521560787,102.5944972028022,ID,172.3834548392531
1443161219370901,-20.998296188116,55.608257838223,14.588174384394785,-60.9775454045957,RE,13303.752076797977
935114343986233,14.756132710056,106.17208788727,14.747128219429316,106.33811309619048,LA,17.880711772458085
528816851860286,13.929456140067,-90.641111213437,13.931081736130157,-90.61684052895468,GT,2.625633829648288
949677732469296,-3.949905939326,29.108488727431,-3.1296707843348277,29.242429122451693,BI,92.40940944998418
535238961691986,-9.012128600000004,125.26142969997224,-17.97123540331297,-63.48793505545583,TL,16864.624242308022
785746405666869,-15.233412447604,27.672681901373,-13.439858976718869,28.487398195368524,ZM,217.89203043667558
3016818381880651,49.809878371642,-121.45256952608,49.53789355054103,-121.41237724233622,CA,30.381305458656723
381383576502282,45.377597713432,18.296766050051,40.49665830806577,18.02731804420847,HR,543.1777993893945
610064709949694,39.354018070055,3.189777650907,39.62576141654884,3.356414553103879,ES,33.42924599439881
172787811514759,35.229088448061,33.767549827448,35.21977243775868,33.76707987478896,CY,1.0367722782717552
782110492675930,20.011066718061,-75.671652777958,-22.71716735817322,-47.56494988143337,CU,5645.916666049307
400250872119328,11.85196334791822,13.142710363889922,26.860891028925355,70.81326234208346,NG,6222.9148064916
892609551301442,-6.2907747954542,176.31557778615,23.128103743810307,89.66251340351609,TV,9941.749873854333
202638525024688,49.252128640765,-2.2302663941837,49.265874359500486,-2.1543654137308303,JE,5.716291903654534
482179499657429,35.35863654069,-87.442281622797,40.23587606219036,-76.62480198914882,US,1093.1480384264507
166409505310564,-9.7930504284381,33.876999664849,14.0898886484861,99.85068337521264,MW,7744.7865173086375
839128376686201,-21.379486131927,55.652855746499,-20.914438932947508,55.5049819814654,RE,53.93693019428449
173546557995177,6.6979922509375,-57.920196653076,6.773178597650649,-58.07858528836171,GY,19.38585154515367
778732033031387,49.481310552598,-2.580607408903,49.51324343607118,-2.151050329277297,GG,31.224835014660435
1459021641097176,19.327056989127,-81.381676002568,13.079915721634872,-59.62466751685661,KY,2422.355558738725
968337867447613,25.014773599486723,55.87302113372367,24.787108479067005,54.94006073542433,AE,97.44202100715663
516599479378641,56.372189487703,27.438134814115,56.55062814763675,26.99594949592625,LV,33.640012652055276
826574104989977,0.4096083408951371,9.468790964341348,14.72339721882096,-17.785288939012936,GA,3391.951391732286
298265468509297,-10.44607449126,105.70171289589,13.62057164937304,-86.38492387218305,CX,18654.361590843437
135182671936165,24.97002129251,55.490379135321,24.20553845433179,55.67008320044347,AE,86.92684177378337
369953761725438,-20.697927254597545,164.42307519257272,-21.312546793465494,55.44919800179343,NC,10998.344517037629
150605930403453,1.5703799596146,10.84323380127,-16.62672806729847,-48.475557653161054,GQ,6811.324640090839
942025196552576,18.04711135987549,-15.94458243190681,17.918326246110148,-15.651555961560996,MR,34.13991078696623
4245112742269900,-15.204236527253409,13.710121098211696,-16.82588690490974,-48.52458968410054,AO,6625.885759223508
800629050558884,1.5780520325706,10.841365858236,-21.85024496009351,-47.0895365071749,GQ,6800.7034582365995
329089375465231,-4.7898646188584,11.8559793524,6.38162742726754,2.406649778089533,CG,1625.8489415470665
2991410527805673,-4.1374600287328,29.078493212922,-2.971260421099212,29.55743454788773,BI,140.1460517347601
798429247478749,46.183809459674,20.174482609731,55.802978186713325,21.15939076954406,HU,1071.7924959309682
2371116466357575,16.796385002204,107.11609099971,17.812363777401274,106.30796816546534,VN,141.8541599245651
468504837703680,49.210225417814,-2.0260057718567,49.154554959142175,-2.046512666959211,JE,6.367186747085182
544837470219031,25.294971915181225,67.28170930758036,25.07353167014959,67.30973228287516,PK,24.78396754529271
962376597848366,-7.8679271311768,35.785662187966,-29.1205191438737,27.868244446839743,TZ,2504.167720156758
284560226710077,22.245356411415,113.94634816993,22.39912895247932,114.19240001868576,HK,30.54396315358478
366104118882534,-12.947203981722575,45.1622949013442,15.597192579481955,-61.44383743878257,YT,12140.083600951715
302738837907407,13.971297523146,-60.953783885869,14.01873773206161,-60.94536333003956,LC,5.352776662229099
212663677118887,61.377613835646,-149.52560052518,61.258079567172494,-149.71700239090427,US,16.763269036418638
298675135079993,35.02573827135,0.1062064724418,34.87785145264503,-1.5545940053133698,DZ,152.25279605653677
200766568352215,12.2259298372,-69.032711700173,32.47894312751851,-8.659772288643616,CW,6513.938786381377
522150762114358,-51.767857219423,-59.20385240723,63.834843312338585,-19.664478003728263,FK,13303.505329374195
907645580029480,-10.531873592618,105.64908608946,37.19117148734758,-8.799953964230957,CX,12872.208288527409
461637908454191,8.5770592738416,-9.8384949656858,8.888769706369187,-12.07196321247546,LR,247.90546333376037
737762176916399,-28.523157809827,26.988610572901,-28.742406401994725,27.06261882675708,ZA,25.426815016082767
974044566464626,-8.9232594155592,125.57214462009,-8.667237568067382,125.48445307295208,TL,30.054981977787186
207733560892728,62.969803716081,25.819453012454,62.29425531792612,25.455777778526095,FI,77.38333566580128
935214247230705,38.662861546978,21.897000127107,38.5836859306613,21.862957592127664,GR,9.287367134299823
308609804241585,45.352253598167,18.741494665616,45.468956774478826,18.730113653719112,HR,13.007176805839114
812815579353857,19.970422258885,95.026704859366,20.020600528666293,94.78109567409048,MM,26.263714705642855
955193138582276,42.352822713826,18.93350046301,44.93266348066534,5.516785543701198,ME,1115.5976304487685
314068633495505,18.384993994121,-64.663491419319,35.070966516500306,-2.187672768074889,VG,6372.216395088792
153100520088504,8.6445550800531,-10.895087890593,6.965775058349528,-11.089709785670571,SL,187.89898399918212
899516343957294,31.154817998866,35.36251239366,31.336328977775946,35.25935282073949,IL,22.439576975704586
362016302748290,-10.182357974219284,26.92114281109953,1.87834630817165,32.54378686833539,CD,1478.4777196004238
784285982279583,12.468243816564,105.11776238356,9.827514161319824,105.46318945115172,KH,296.04362251070233
741076933253733,55.559361968752,24.218044357931,59.71385758653464,30.423594436527114,LT,590.9591921169069
588238156406124,13.540014603247103,6.862262541663696,14.788948023165554,3.192955344858602,NE,419.2589094976454
704583704721230,13.358425346344903,2.9695516051747206,13.863717200319895,3.652840697399569,NE,92.78908991533491
743913432954382,12.506491685569,-70.011189878756,-32.0390096063632,115.81322282865108,AW,17763.173416377886
837216263894683,59.234310100905,25.661811016329,59.22986823956612,24.188385612480072,EE,83.81270639813611
4165344470189392,22.250944346283,113.98372956798,22.39268075625919,114.25032701395769,HK,31.629158025357132
123034153486017,8.896413266511479,-64.21983107316368,-8.06301969547172,-35.246142654675346,VE,3722.7666368885903
495142175172477,52.064618461934,27.758129879211,53.9079930087674,30.298740991596848,BY,266.30604930287654
278818637266368,21.668020820761,39.5871724527,22.450937923198317,38.34329757959276,SA,154.95269411275373
311313370600056,34.298302972773,35.843733635285,33.97772405283125,35.653370516890966,LB,39.71951380325243
546356603055282,16.319144026137,-61.319536174119,16.337226360344545,-61.460897074316605,GP,15.218050251234889
455880318809614,13.212934938654,103.97535020814,13.23179485551993,103.8631678681836,KH,12.323167519287235
561177494854490,65.249274201498,-14.3599477776,64.36961698114915,-21.503912083245517,IS,351.75441660233776
591338181829945,40.948513592565,47.680340883083,40.845993823786735,47.572976362021656,AZ,14.539120575470413
478603033472419,10.605368280525,-61.423503253964,10.653066122746983,-61.361499710036746,TT,8.605025408935903
140993104682356,11.492434620243,14.669528720435,51.92033242591774,11.704075196332518,CM,4503.322506662552
1365904140461073,16.782552049243,-62.177983430902,16.79640037340099,-62.12140488391991,MS,6.216793621517508
184854733517675,66.049214556266,-16.60518565352,65.88656230991481,-16.667345110270414,IS,18.303834197201834
484812855999457,11.316364972572,-60.600609669164,11.204550088185377,-60.738946652290565,TT,19.54944118166081
198374955275087,31.228889368174,35.249839466257,31.1248714213261,35.324475636089474,IL,13.571890815791999
493661578655706,21.902623515855,58.249258213784,22.238276911550308,58.31027665394357,OM,37.84889267355739
1421342044880216,-33.979765814868,-55.677857234372,-34.09811986574742,-55.71964777890671,UY,13.712151516825122
791346968192465,47.64092226916,22.514698705141,47.51309431374201,22.57275076781153,RO,14.865906373754912
509490393519441,12.00528480685,15.133921129804,26.874939956652813,70.78039328364262,CM,6015.680842246469
365265328257309,-16.455863020951,-152.25124408953,48.01061591586646,-4.366794447178359,PF,15448.848529728968
373099774078768,15.381551450461,-61.278224581511,15.367876408696802,-61.22387136368234,DM,6.022630412043339
3849748481728507,54.429547030142,-8.350480924746,54.46222861011466,-8.420521914252252,IE,5.806420938729623
486814105900044,24.815009873567,55.581561784151,24.541747913261947,55.71503604844096,AE,33.24370146300071
553493755814632,25.651486854641,55.817622488275,25.2625453862458,55.61670583936205,AE,47.72122541548995
294731518788880,12.182130031336,-68.992602507728,14.648421321175572,-61.02941028106738,CW,903.8009625171107
526112418414577,-4.1889057701817,39.593824106105,17.215663617762768,54.1532171655199,KE,2867.1280387476168
1143243902846918,3.9423529755317,73.490255336254,-8.625489749759119,116.30883743968376,MV,4948.759659056913
1222724854903474,-15.992638795519348,27.473549745213845,-15.943121125979092,28.209639642973595,ZM,78.88374302698914
814962436102418,17.246826160842,-88.964928894179,16.9860105313643,-88.44153817700278,BZ,62.72746208332888
2588410498130022,8.6681322733063,15.915175571704,13.001582444476728,-16.16632214554729,TD,3534.108487287811
757152124922572,40.280135692488,20.032560201339,40.15570611100714,20.151350907997127,AL,17.122079709477916
3729075633885792,52.879324916405,14.84215981606,52.88471049346762,14.349099068224696,PL,33.09046959853118
193255762642321,-25.463140138686,31.530813486271,-25.34334236374744,24.99984152381468,SZ,656.0639827567894
158748456176634,18.003107984756,-76.750140742066,5.94954460808964,-74.78887167855588,JM,1357.0970412222555
487059602744422,22.483846298693,88.311807710332,18.51028014978933,73.89402722090283,IN,1564.4597439893041
187972779810965,37.223202382218,126.95228008609,35.467781126087125,129.04726637503256,KR,270.7363707724747
325108962571033,-14.007024453392,-171.59812253095,11.321046924662667,76.86366509588872,WS,12607.013634237048
506599274036580,54.629530708934,-8.6760286174409,50.40067910419762,-4.709588099178223,IE,541.2343183321958
507218187079443,37.843340581126,68.830014881381,38.59755442747667,68.74408191628922,TJ,84.20005651785311
153324916692555,5.5180289616018,-6.5822215976398,-3.103812776878881,29.19115017536721,CI,4087.150017505912
771731993706945,41.928551334201536,19.551310678151587,41.945630684174304,19.433121341731077,AL,9.958856384232632
486481489451262,49.966660340065,17.026531427218,49.85971849396036,16.77540048699111,CZ,21.558136578024126
2949034095418835,3.9465097772644,-59.099420704396,44.56214257511112,15.817790150400524,GY,8507.666141120897
372845630827843,-27.768029274082,-64.271302066744,21.12218487891666,-101.66202989990298,AR,6760.3827228218415
804236390516614,24.360035161271,90.528148543285,24.841481506566872,90.62550655360336,BD,54.43175707393573
1165449024229030,11.127732358514072,42.37283796780444,23.20111514324419,57.08539987248468,DJ,2057.3638277528894
465682694540312,47.092368215581565,15.033271683507603,46.47203735594925,15.150752795567344,AT,69.55524592435145
1414034302297531,5.9652601827551,-10.011148216804,46.46496351247617,-84.35358245522512,LR,8330.295752999997
164124928906484,17.026658655636,-88.957499025099,31.74676257392267,-83.3687462738784,BZ,1731.0597518856805
265373079006579,12.19339030343679,-4.128458023871779,11.324563909356389,-3.751484205954792,BF,104.96373751829368
211403467484458,-24.160264772744977,47.3486048183456,-28.13545360236247,-56.64378198111269,MG,10017.356285589218
4252117868180040,-31.701164589216,28.774388216841,-31.477940711209524,29.06239348763052,ZA,36.88173245518979
1185546705230006,60.068284515535,20.263657107897,60.12481574585265,20.105072154062583,AX,10.807324878636772
307549670912816,47.805455809752,29.008339682994,47.76126644777718,28.93890707055947,MD,7.1453605137214575
1150240562161074,1.3857279016312,173.14547646453,16.392449712938802,-61.4828587394093,KI,13705.283469072681
1926367507521003,-34.006516340223,-62.239283065807,-27.464118318906262,-58.87183682443772,AR,795.346060220227
174862464516382,18.026136330252,-63.051721834115,-8.779474419145327,115.17438582652098,SX,18969.199352940275
238608201397184,13.394898337011,-15.796480495355,8.003646017506355,38.03798028192436,GM,5901.977246537391
168171301893400,-21.306913177085,47.234054757271,-36.175867559669896,147.285800050523,MG,9476.71610953728
143601257800230,6.1813662366503,-10.476370028512,6.3746179381589645,-10.57060002287751,LR,23.879566795368962
1426576467702919,42.716570546448,19.37002352769,42.89377503930773,1.3174417211251297,ME,1470.0372785928084
582527629366762,13.909926027264,-60.995742963827,13.888308775894869,-60.95013047343657,LC,5.47882482287044
789178535042815,10.848339859199,-14.344376628968,10.91486719191934,-14.37040748208619,GN,7.92480771427791
770818833619667,46.189989851656,27.550790956761,46.23481221417582,27.508818290877965,RO,5.938922060919547
771812706865289,18.810877831997,-72.868700352417,18.722407749470925,-72.05889073038583,HT,85.82511307954492
1979924955729830,0.4210184118848502,9.466164114756396,31.020054827683303,30.28173647451788,GA,4048.3325274883373
1215125515585698,-29.72467996101,27.401763312517,-29.652044360416287,27.53274727882908,LS,15.010938399399432
525797611782911,33.53278970091,10.187082947953,33.538778311115074,10.19368438237686,TN,0.9043209574691172
981736889296495,15.18213389856,106.76109629686,23.196405675253207,89.70947065600757,LA,1997.7600877846771
290546622610201,0.90650801653382,111.91071699724,18.77755889649493,103.8970319633436,MY,2170.89924980299
925069178226405,-33.684138890591,120.78000000686,-33.29156744293481,136.58076178657407,AU,1464.5367137116139
841753896415038,-6.3002644508667,176.31963764015,-7.692175033806319,146.65299431050957,TV,3277.2329978927064
645048966783670,42.89641826045616,17.56617896330491,42.88477388807364,17.498634042136654,BA,5.652995368872852
2157623727878098,42.203008413762,12.652366039877,42.21591973035931,12.638232280962775,IT,1.8483043953408633
491154428864902,34.78133892235,10.662689207895,34.74996968426779,10.725396681353184,TN,6.706523180294314
5023711767716996,27.43539864879576,89.6844986785493,-1.620114113308916,29.29946898530669,BT,7208.183094906597
502661524102239,25.24288508,105.72866675,25.0169583718374,105.98639202929854,CN,36.1145694098462
768051953908267,24.417738719697,124.24306124209,24.38053433644143,124.38436478069546,JP,14.89499905878233
2634487660183183,15.505396860363,-61.465808232581,15.578506273207989,-61.40761476608687,DM,10.24462980421146
777370986311883,69.771194043132,-50.45379669083,58.948034193461815,6.014517990917908,GL,2838.5059180923176
214018630224328,-30.195842567793,28.141370668784,36.55236522818005,51.25252942192266,LS,7803.76645797341
898244168080774,48.39779130109938,69.97859259537432,43.346517247413225,75.1996666555907,KZ,691.6442242529581
4492529727427156,-28.146082771307,-51.513579498292,-28.332400478634383,-51.21981337739274,BR,35.459258221639196
285348029668834,24.497433158551,56.506035667282,24.648493001668797,56.21303374446065,OM,34.05957435495768
171014971604854,50.702549851864,3.6582481425115,51.08915427278336,3.464095749308294,BE,45.09343601599293
4840639372618820,-14.92550912288379,13.489538311090364,38.678028178706576,16.44163428435225,AO,5968.360980347942
206149904648055,26.21207915528,44.093256403165,25.68880580429601,51.61013318830148,SA,753.7048280715162
204252138180851,-21.559664995251,23.773974999472,32.989487508282124,-111.23938529156293,BW,15428.054416774043
920871192081755,-20.154762249788,28.582363111001,-25.965105211831226,32.644956576544416,ZW,768.075653500827
219966586218279,47.029132462966,15.932431980783,46.95647719199115,15.818242838628306,AT,11.843807107891692
135549215221893,2.4175748743344,9.8423648123313,8.186728383001954,34.898182529144705,GQ,2846.000493600308
376262240365585,11.737844217402,-84.258740123025,11.793981386997825,-83.94512767248958,NI,34.70538626580652
171728951493255,49.507376607171,105.95258746284,47.91532538942035,106.90164562008296,MN,190.2269797135113
253978489850814,48.281270225581,27.973739010266,47.04408400987805,28.86245428461169,MD,152.81990787317318
300413981460892,28.731055900238,48.000514767945,29.508980045289512,47.76419031716845,KW,89.49553043438515
1184530975332530,-14.802947311274,-42.709531402229,-14.242004428920891,-41.99769794801325,BR,98.80073655612459
1266617723756139,-2.7425780868466467,29.42359642013631,-2.3624509214164355,29.2963616106572,BI,44.568667568776455
473474263980538,21.715223057868,59.471278053944,22.1186211612866,59.65698678154136,OM,48.77549887240818
1249815355421012,41.352986665751,46.933972599593,40.77365217215754,47.09447040551971,AZ,65.80937547848558
228708892356879,48.677696253977,17.636842304644,48.58825235627557,17.9369824097636,SK,24.194918926133806
573918251034517,24.9108887387342,90.79494731880273,23.19077185246168,89.75706172127424,BD,218.37785241935606
2964997383812126,2.6098453233173,9.8422664516346,8.623335425956645,-12.436131370897735,GQ,2553.150255910712
216212559884926,39.033844678159,125.75376577506,39.76825107723597,-94.8061155594868,KP,10330.955688286815
305136647878220,12.193469016038,-61.616092049056,14.5964287785943,-61.11398201398932,GD,272.66027192819416
1425023424516398,-16.694601299289,-60.803490901407,-19.99009159365076,-47.58289245488516,BO,1442.1423357417639
454775888919551,46.828024824521,7.8088947836121,46.88955241375182,7.619031434623681,CH,15.97535750262838
861104217828929,17.113853213721,-25.242018334352,15.515514337410494,-25.7009016222824,CV,184.34993276592652
1051007365779921,6.813554100014411,158.2040012,7.404661575448552,159.91086872045125,FM,199.4749064471053
1334507140366814,-23.48982047010992,35.38536972552172,-24.50328664615137,35.06620248261323,MZ,117.26346957784872
3912389445490209,49.325970928935,17.226098099604,48.77034069228415,17.964016119282334,CZ,81.91005435258344
265194928674974,13.23781099507,-59.544998005588,13.208129112717394,-59.37919406229032,BB,18.248698220873774
130827665729646,41.660012138201,21.174396481341,43.46642015934992,20.19419759172532,MK,216.30656442090535
382514279656400,17.169493550421,-62.549673737704,14.01699406537719,-60.971571948534965,KN,389.1501518219714
490566595325309,32.35061764629,15.101938149737,35.65023062641302,-0.5870124324241093,LY,1490.253003916855
177150824328343,-14.845732355681,35.25013351485,10.42543255968157,35.47196488305086,MW,2810.1316617087605
337754307681723,22.908438446718,90.804919962877,22.98602625921779,90.59214573368315,BD,23.433086325154818
288297272916728,-17.786629070676,177.44305087069,-28.68295362416984,32.20689707842927,FJ,13639.045728995194
485752159242168,60.005211059817,20.384442671458,60.15324830312544,20.160850583707703,AX,20.60963614339957
495377298477425,41.941602973878,34.631294266421,41.8737019288565,34.79075674167272,TR,15.203410864738014
2890584101196635,41.681667019865,21.147788358398,43.80288034139336,19.792616882402143,MK,260.5299277817103
401731674144754,23.355590466277,121.32187991241,24.900175417490377,121.39331046046637,TW,171.9028972629727
1169142930166538,20.834467782196,-75.727264614924,22.68837224613062,-81.57201363610532,CU,637.7520391504557
306207777612908,-13.800621344179,-171.85935966246,-13.840039867525803,-171.84246788793646,WS,4.7474767301054275
2665542867084280,15.44922162275011,-15.809327283661323,15.646802244600556,-16.122169183666458,SN,40.07280792974155
473236960624282,-11.390300678508,43.342774487865,16.02636067913958,-61.6285924516149,KM,11934.913977878949
175640891118270,58.3416314331,22.123379209424,58.42940303747735,22.057315292431888,EE,10.491960803059564
940728323368212,5.5203195797668,16.760305199775,-16.435049478946457,-48.57477589777979,CF,7584.740455467695
159670792680757,4.8671591384211,31.498747958114,12.538678619531932,-1.5594637530826343,SS,3728.35971423269
490425192372401,-42.289566526657,-73.549884623054,43.30249969981372,-4.367719009873292,CL,11750.420207926702
140927168065220,14.884255893398,-24.355900858541,27.990511120577917,-15.78865405938478,CV,1704.3859808273073
2148319455305366,12.658976107053,-1.5012029355804,12.58607925329699,-6.628223581526504,BF,556.3700580256186
950272148968894,-12.972416512525884,45.15611771647966,-12.73563058403818,45.14436547018187,YT,26.36020041924497
153355823412892,49.184810534933,-2.0480987436129,49.22452952886722,-2.1151575721015874,JE,6.57576676116338
363513025083758,47.047992478928,8.7799077721095,46.8806846462615,8.31033533155322,CH,40.19765634505177
512297363276315,31.456330474142,35.250774430442,31.524270831282788,35.19678102477703,PS,9.125934798954304
456622292570371,17.562683786778276,52.54996407813734,-17.58338353010218,-52.53467091545421,YE,12134.47504535301
4527359417278295,12.574854908472,-70.042613806787,-12.999927290018109,-75.49707904987535,AW,2906.688466744143
537629581307027,13.181351944444442,-59.52259444444445,13.155648060606628,-59.59371939762405,BB,8.214061277121644
795129897807041,35.163207188355,-6.1437231591152,-25.28723118264854,-48.92579843054396,MA,8089.627522480057
351777130251541,39.481253041447,46.278721306968,39.54984671324352,46.12910536747743,AM,14.929635443339082
808281843784947,-9.017975593206083,125.18936083216094,-8.476301859138955,126.48986058628904,TL,155.09924073651783
571640328046013,9.496515810605342,138.0909467705742,27.75939525184813,-80.49041170252703,FM,14150.65279077956
1596718320725210,6.820059002595853,158.1889075956807,8.20593860848878,158.36929579056533,FM,155.38050745593551
909068383276012,51.71872582063,71.017642467242,37.25665929162072,-3.643201905860098,KZ,5862.63611063474
201271568510246,11.498181689874,104.89298318393,16.471989684540976,97.68244035193948,KH,954.2953816771068
865101847550557,14.337966085705,-11.307015681085,-15.441441680052874,28.401216177211275,ML,5478.489557199859
273645621106204,11.400246031697,15.323762439617,17.250029607993543,79.22195224010505,TD,6886.642821563366
816784312848146,47.27419583333333,110.70045194444444,45.516264033619706,73.6089501735686,MN,2824.301418445143
205051911255970,15.898719949045,108.34769045302,19.34098845644479,105.4703393896203,VN,489.3419854864689
1197452254025430,60.290261118231,20.017018951216,60.24878655486106,19.95438425912109,AX,5.761760770633952
524857088520171,40.969687102424,47.506671390525,10.838047042618433,-1.1227452343364843,AZ,5800.226066468325
585468982429325,56.863557681775,25.533807915732,56.83345913211484,24.310447348269417,LV,74.46369730982536
223293895846479,40.460441929706,49.654367032421,38.7587433294653,35.29215633207351,AZ,1243.373314648376
983815092358003,45.845665401276,-1.1566237774946,45.94799006315517,-1.2449654240615875,FR,13.273860691139713
495004361712254,16.705985016912,-62.221856779895,-8.509433439694517,126.3807120834532,MS,18711.12954685614
1116467962190839,49.234789455854,-2.1566386309068,49.1102775666546,-2.0047150659314363,JE,17.710620503177065
799261197806429,13.04112461881004,7.584578150427974,12.605495229509067,-2.453896215794514,NG,1089.393413158141
375892980333603,53.800018986142,19.066495869964,53.27994882540256,19.629899484292235,PL,68.77606855112612
216735996617694,-51.729168266578,-59.221494505424,64.25419844280529,-20.507495451279816,FK,13322.999408184653
122836676470530,19.317250203375,-81.382868299519,17.214552596381417,-88.65275555287269,KY,802.3565300951261
864991334054817,22.630694715979,75.815649968185,8.6474964834974,-12.5439798128131,IN,9471.897861434156
303472461226103,30.448379399773,-91.249052345819,30.440328871749088,-91.12877620815304,US,11.564795634670391
751120052245249,18.306901319254,-66.036105758042,-20.26471156649288,57.61200701776173,PR,14125.460253386926
618094669584037,1.0592725919843,104.01250864856,1.065983974063501,104.06462009235342,SG,5.841397958439854
204293011757830,15.079993126144066,39.21687884094408,-14.505865500054192,40.31355759947839,ER,3292.0062449172588
2928508607437195,37.840107608369,68.802462308142,38.57390335241077,68.89738306199366,TJ,82.01477204987204
1371451869918489,3.6333328691599,72.957712473483,7.813051863639528,98.50474268510354,MV,2863.6215307490284
215955796651386,14.063525259413,-83.397823687399,11.770256431457147,-86.45872336101147,NI,418.4024713671947
137850255541406,24.545211603122045,88.5941532347436,23.719034954089192,90.33091824232474,BD,198.74454627761185
300676795037037,47.54022479277,18.649560765963,29.78183933021817,-98.403970242249,HU,9369.666573718778
758419548202670,56.459896994613,24.509987996003,56.58706087707043,24.300027859232745,LV,19.125285701913995
234036278489604,30.859288137504,35.983036655163,30.389200090137717,35.813126970192904,JO,54.74138903547692
1877580812408950,8.2904185166376,-13.160532748623,8.276688144418815,-13.168378241406169,SL,1.7539118827506603
508516997178857,-20.44017415751,57.716929198138,-20.27366171854692,57.47453584011758,MU,31.32676890999951
2476936639119646,-17.187994442004,145.88923082343,-17.44170416503516,145.89324267949178,AU,28.21444845616706
170299241727097,29.609911657314345,104.99307446089506,30.30322469158073,105.02214355093054,CN,77.14374020878064
297845861929140,19.00823988924,101.48346297652,17.94887270092793,101.55493698783155,LA,118.03717312370107
322702535907825,20.283683791944,105.67522750563,37.75464480598792,-79.2428757873198,VN,13541.035786008306
787272635685450,4.323621691762423,18.511948154254057,4.143263534807295,18.600741701305147,CF,22.341711026221358
173788081866624,59.75612769558473,-127.47179840177547,60.68219621150434,-134.2554997203227,CA,388.3497654245554
233747548461554,9.3263006266193,2.619361832951,12.11039589758994,-86.16899648719506,BJ,9660.786375408878
765041667535640,-33.099247370966,-56.459447149244,-33.36237353025164,-57.24430059481238,UY,78.64492260343893
296876208707767,35.337232736933,0.33737085013529,35.473558791605896,0.1291122294305482,DZ,24.20845648614349
5220870694689924,13.010537169214352,-15.781125774925767,13.21208286904985,-15.524263853404404,SN,35.72171189407071
490774565689974,13.06406278563,-1.087121270677,12.47753709375366,-1.611421717438154,BF,86.52283055850057
218599310068075,-21.24302439442,55.333436310069,-20.906862619072086,55.51918776046417,RE,42.05561411655472
174969884519406,46.737187807587,8.3987859932934,47.23990523025865,13.683639130225366,CH,404.6593215558659
581849006299222,-16.292466257509595,167.67474403169504,-9.242890616250468,159.15660326050522,VU,1210.97691885002
514194699740537,49.025633194136,19.779030185528,48.73316582039855,19.252163822094445,SK,50.41826760285087
1636152166570934,13.748349438255,109.21278035386,16.037627314048066,108.16023802686608,VN,278.54915954796115
810831549638249,38.371680067627,71.17919493021,37.29603987949865,71.41150936921186,AF,121.33318201151023
126986893262506,9.535228699145444,138.11777436553538,6.138250724391965,157.6085603058545,FM,2179.4890931301647
355702972637605,13.535688328213,-8.1000075739741,12.52188061763005,-5.908180649711405,ML,262.8433535959042
939211946839909,40.900998111452,76.418995914539,54.99114613384936,55.53217110286644,KG,2191.5213620507843
211629123827045,6.1356720399309,-3.8436536027728,0.2077008394158412,32.4556638164592,CI,4081.651612148147
696540331416062,44.87397500000002,15.571799722222226,45.157828702179074,15.012892290797271,HR,54.09528477608688
942512046483923,57.98102591119,22.153417844629,58.161878602395575,22.253061953055425,EE,20.94622753859473
1794577467377638,2.2867934802243,111.96866392671,3.3249425140838738,101.27042776653532,MY,1193.7374946987518
569520134014537,45.631513310144,14.917895762855,45.69032265278906,15.036581591463824,SI,11.306519662315692
759618951395520,13.918783401918,-90.820453412238,14.539259675857528,-91.50522808092654,GT,101.0327683273042
317414069756073,8.849591446096811,17.846700004099304,12.609242283999157,-6.3643038703442425,TD,2676.7012361131947
310132177165029,32.35614104026,15.078246874263,35.65651659442923,-0.5884145655654114,LY,1488.1911429534864
378106816842746,47.677672060857,2.1491709666626,47.83936672597288,1.8768967189287784,FR,27.15707221907518
974285533334788,1.987119011826,-157.37182088346,19.345739333360207,-69.58461592670349,KI,9702.283738436188
186014066630410,-0.26584500006505,29.929660585315,7.887984449157098,35.33150172821461,UG,1086.5633936300997
2045346162308378,6.372858133743794,2.3062901826009594,-20.169471083802296,35.52597084061737,BJ,4679.6488315777815
1172091903236601,49.476195621557,-2.5778975923381,49.5168493684634,-2.154715428392836,GG,30.89487193790601
1148818178927460,38.977689066483,-8.2445481523452,38.863748053629045,-8.444068203067667,PT,21.411538389751875
1222613584876307,17.370666616194,-62.748620435823,17.42669671706175,-62.70399649233811,KN,7.825328269408964
2874363389509925,1.1429664809873,33.846541381524,1.0621270687933,33.969654811588775,UG,16.3748689170072
472676697278023,-11.651270507603,43.263829479505,-12.735403578700312,45.19779091206675,KM,242.30707626420798
229441082274343,16.133435457207,-61.769410665445,11.159922739359976,-60.75102857543504,GP,563.8632724829195
588131552889375,-30.701177534770288,-55.134334723553735,-9.73752229833666,-36.08666700991666,BR,3052.386423376818
282418593597680,-15.111719223373,167.09145508574,-15.353524994571414,170.6815184689497,VU,386.1045116001515
979772486214909,34.1336148881033,136.00098041765338,34.390706844438135,135.92841616770727,JP,29.354812766200848
3774979212627875,-14.866355003204,34.792262380462,-7.186312354589406,-35.59682510141216,MW,7702.616476199323
426972879607348,-17.525550986516745,-149.84053510202472,4.84613412627419,157.1164386281616,PF,6329.140971013477
1689362237932062,13.800606381009,-88.316570230116,13.808391894869846,-88.31827426764836,SV,0.8850490771943331
1166613090443646,50.253231893566,106.33993531955,48.057911009608965,106.3287087533724,MN,244.10990907406403
420134173638637,-10.810393821363714,31.731146261210167,-11.990959408992564,30.83152896156411,ZM,163.85290935119548
474713760445897,34.526350993866,69.196344342811,37.91079527203153,32.38108339783639,AF,3302.5501435826213
506851794060092,43.177582319251,19.311856309232,43.16905351266233,19.107930837764822,ME,16.56410561905624
2995572500661892,38.898518256485,16.523049856494,38.878433884583295,16.557287423248,IT,3.710607372972316
115961117883320,28.43217928695932,36.51346701072073,24.42029384750398,38.89291239450777,SA,505.0775061617296
1007571866714652,55.571514078836,10.350650482308,55.40395955147199,9.157894707554604,DK,77.41909427165672
1174895919599539,20.052558993471,103.35914721659,20.522530913715983,104.16204188382764,LA,98.7074909426046
912812452874701,-11.627287351809,43.262280127651,-20.91757568869737,55.54587966403401,KM,1667.6431820785117
173416451344450,35.019561811666,33.986374163354,34.74717723730756,32.43155668792562,CY,145.0193369894399
1449896788674967,-5.4217682185916,141.29314063475,-1.502866405289447,30.20498450302188,PG,12323.710110943739
232511111978904,-34.065025583843,-55.656389079107,-34.336969430896865,-56.16363232904955,UY,55.592396139209725
1109815899545804,24.996104447036725,51.03225264110503,25.7058857607508,51.36758436720768,QA,85.81631382158936
736517197023313,6.5599786208778,-4.9915528001493,-24.569948752136035,31.155576904144507,CI,5225.468587712273
456214902348496,19.610685333333,37.215206138889,12.632508686934584,-7.998678636914286,SD,4877.914433392145
345208620288312,19.224700165467,-69.390303678979,19.261554588980623,-69.47709841857402,DO,9.991033041341801
1468811220266965,7.362390601198927,134.50483736055023,34.801075997197565,134.43888675213915,PW,3051.050068800176
308427384185327,35.884648502247,14.544820145722,35.89809351622681,14.406302213422686,MT,12.567259721457994
395740224747116,6.5139480425193,2.6483266181429,6.205183408607667,1.1675161747579803,BJ,167.20788184718901
1432327937141676,13.459201505715,-14.688767601582,-24.602008551293952,-56.36704060369748,GM,6193.447774582329
1797066053813454,45.212729270223,20.36112097384,44.83203224476742,19.78239867455852,RS,62.135578981945194
4182076221831792,70.667211583155,25.389289533957,59.225125258050426,6.866735288569632,NO,1528.6873886741048
3450481218541153,25.63903018538021,51.51003081357617,25.64728242581146,51.61833566062303,QA,10.89550942533192
881754115706919,18.443691037533,-64.642920411564,35.02533643221833,135.82046773576036,VG,13689.112138419388
512504643106571,-51.848040759038,-58.223206369416,54.81539938049791,55.57483681338826,FK,15772.389841037637
172855664661959,10.37149331328,-12.099479736597,10.222545446290631,-13.485694689117922,GN,152.55906406082786
833358057538383,78.076451987378,14.16217603674,65.55832266045468,-23.43130598281027,SJ,1842.3909716915432
214810390166469,3.5846135120697,23.723674547511,-34.40535587596777,150.81534169125794,CD,13580.987957980698
562840304708452,46.225408646208,15.611350197474,46.113123904676485,15.799508545645606,SI,19.126598838257934
817268602327565,-5.9419482354293,29.161401435445,1.7842840464457257,30.40840756270856,CD,870.204419961804
1034524170413490,21.467073188908,-71.131572461898,21.569378896200053,-72.17787879935499,TC,108.83085001746404
1856356164529190,14.123830049658,99.400519963042,18.288334958989186,99.45965927197028,TH,463.1148473252266
478137076746783,18.362805634492,-88.435381772096,17.522602636006006,-88.30911420657483,BZ,94.37633787943875
498318618261034,41.404988775836,21.780395818511,40.78767077101283,8.81800987951162,MK,1087.358456407803
2934584883419749,40.95347805494,47.883005000971,40.58317076122228,46.26624324664145,AZ,142.24180596158723
928316151288980,7.1879551740757,2.0018755441177,6.528919016341792,2.6592047614871546,BJ,103.13254578729423
684315855630498,-29.405735807316,27.816853497845,-29.399204303258788,27.641901034517627,LS,16.963583057793905
186849946625100,14.753512333683,-61.142985518229,14.78218620191838,-61.159307689171605,MQ,3.639479092765274
963176671141156,18.09268978577508,-15.935383158508005,18.138304131850848,-15.853362772175656,MR,10.043071730800088
300283158416232,38.131370007974,13.274583161259,38.07247401388982,13.283313921360168,IT,6.5933434293536495
1247260492372230,-2.4010827279028115,29.579609392792413,-2.236898308060418,29.700386072250463,RW,22.65748747900317
4176262119093022,14.688978023377,-91.548589043217,4.823766615656999,-73.16425203579537,GT,2291.3538246038675
2762253127421121,2.0297128301047,45.335734728401,30.990114794375373,35.387662079975435,SO,3385.8626250591064
225659908904821,25.948880833757,50.588428667013,25.88682691518934,50.53127481025842,BH,8.960134508549155
149923280750483,7.361847187159381,134.51969303436232,9.992052957128053,-84.1828945153324,PW,15315.000979498906
190898982868748,55.795733000622,26.378530002305,55.82338432127944,26.20612794974631,LT,11.202814653870151
186306836702993,38.679684725081,-3.0625683543611,38.71330202238353,-2.927799204829334,ES,12.27866124914376
1146877169153705,18.59342674547,-68.388033766711,18.49243976701549,-69.7259546044422,DO,141.49265396416865
950737242436239,10.385183082561,-0.78958324298512,10.324686801281988,-0.5454249384494392,GH,27.541135376053663
301977051516569,58.706895821146,13.896556360307,57.35942316221163,13.885374729406765,SE,149.8335688502798
898624280682585,49.458533172147,-2.5981886348273,49.32656979232463,-2.256349022951778,GG,28.764428090312546
469891447444920,16.804499980025383,53.27984729115688,16.8848266423264,53.04506619327518,YE,26.53481003814987
530606458102780,11.557031237126,43.092310521315,34.67605718277256,11.126114156598208,DJ,4126.070564823259
310840073886034,-0.84581588834853,-80.17844601219,-1.0282846150302625,-79.43409015256957,EC,85.20839199788027
477881999969065,24.946444828187,56.186213387143,25.594136951929407,55.95810228916272,AE,75.5844595986062
494687355014866,15.351932577531,-61.256287052693,15.402453668526585,-61.15712549210461,DM,12.024471994725179
1443285099355563,16.555627302292,96.198597103646,16.42013858777598,102.77194845050668,MM,700.9982990307036
4104851466266998,50.070544187764,5.8458119238789,46.9600918260428,-122.92705698823748,LU,8158.75194866393
1896496400517870,13.223609624878,-61.268552428199,34.694449775512126,135.8678869891211,VC,14388.039576638414
1077942902611364,51.861118010498,-1.6602529488605,51.71253615908398,-1.3938969109243884,GB,24.67022518453871
1365414380506403,21.476737171908,-71.132920671407,21.45614637871414,-72.9382671144539,TC,186.83306772994558
275646330919906,47.355981665822,13.66278897535,56.1467234266351,14.66330349889285,AT,979.8815314520577
4085345498214305,54.3204660444997,-4.449369579381132,50.85016524422025,-4.167158280986329,IM,386.3496975136409
319387202956018,36.746376386627,71.926086394726,36.9962521476139,71.7365789932981,TJ,32.49885379653429
192500316060760,8.5018456161549,-10.886196315338,8.505836625403607,-12.102632559060348,SL,133.77514815192674
469096650835409,78.165866991509,14.615773975551,62.37487766166685,-7.278022534939838,SJ,1909.8775958796386
204485121341585,12.133472243206,-68.277416893276,14.549467428708668,-90.50027891153792,BQ,2418.325619318576
142251097914946,62.221882069575,-7.0387447331054,62.79041904038947,-7.268241381977859,FO,64.30664409363496
5522870664422058,42.480681608263,24.806056880296,41.866893341405664,22.087840717060843,BG,234.15648933896065
911536296350418,13.531493241774,2.048401634304,-8.94372810612553,13.325226234201036,NE,2791.9820755869678
217953836457406,10.205301098661,-14.000220074778,9.23260415056026,7.505092730782354,GN,2359.011431619766
2915873148627226,47.806436500583,28.717659500757,47.910599024042725,28.358923128358352,MD,29.163122578599882
1383220612042284,40.713663160769,75.04503308282,41.29546781447858,-6.890569098370861,KG,6595.237129685328
966259830868758,43.623138586006,18.908434254799,43.79220085872765,17.978329157685945,BA,77.08862899571342
216904886576725,-17.609749712456,168.24322430001,-15.134518943207343,165.31107999827356,VU,416.6391244191347
1083924499211873,-15.604998425967928,-54.3918257160871,-25.28703710979059,30.988624289340585,BR,8821.798674842777
515495726108152,-21.626125276138,46.991186348236,-25.91141921813401,32.566689207786695,MG,1542.1709044499396
995843031248300,0.35769064003091,6.56005755347,13.157689182229138,-61.22743762816394,ST,7596.0854049875325
868028680411287,33.75473452141,35.539565617947,33.88048787278936,35.54118140841013,LB,13.98393139095748
497044088003103,39.80104505168,3.0309963190024,39.84331527189015,3.116257532954872,ES,8.66670083212018
763955694314654,46.724388793399,10.079801957807,47.137503080227226,11.6151405567755,CH,125.30324399471677
933520784110620,12.510164810275,-70.009077685586,38.01515967248255,-0.9307045148577604,AW,7329.641187975497
4220821467968709,8.70139122196,80.590505170341,8.08517960856906,81.78031296248459,LK,147.73374067661388
472361870697782,26.020756253761,50.623130115609,26.01824811476816,50.61143750867766,BH,1.20120540609847
658902925214070,22.641060199825,-79.087651499584,23.07407136612793,-82.44045076639085,CU,346.8875721064087
1183079165486550,-5.70834515155,34.761777557018,9.643243865400615,8.627146331050966,TZ,3361.2441748504575
296065025397911,34.897985568931,32.528909790104,34.89588585461394,32.40449796464753,CY,11.348775843384146
298824355069041,42.200225487404,21.258956694741,42.18393762399509,21.27334224143729,XK,2.1644258200749094
111691027649131,-22.530138328473,-59.8361857055,-26.965217540326066,-56.768675584484,PY,582.3035705684208
752480212123625,49.471066330606,-2.5339439207361,49.47147194658769,-2.4100800343814948,GG,8.950234417789304
1074377829753053,-6.7022282025878,-76.214917225524,-7.050974267090029,-75.88310839549638,PE,53.34370225086094
525641785107823,50.160224002237,6.1091880533415,49.86410237535443,6.152945579129286,LU,33.07534633542085
226167275508563,15.49826792628,-61.465568794916,15.592341182318524,-61.435130818403536,DM,10.956907230503521
148887153873411,5.2121780980173,-52.75060936262,34.08976775987944,-6.745305757171004,GF,5716.293811296657
303850827922633,-34.01092105809,-55.839634214304,-34.17500828431439,-55.88717550266506,UY,18.763509790486996
311706737236449,50.868855073513,8.8221774508729,51.61660462616022,9.532751098842915,DE,96.74534898646465
1416886515315835,8.139352166375,34.375065339482,8.280422899419667,34.5924001944045,ET,28.60372970517266
178330404153531,-21.691747493695,-64.656846311167,-17.52426782991441,-65.98130217034334,BO,483.7115452136239
218036349822435,41.14963208511,20.008913305496,41.29791201346864,19.865143481640068,AL,20.406661589536217
2882903775325778,69.217437476679,-51.098566140502,56.54835948046367,8.41152347803732,GL,3162.5632790828067
459460818448144,27.426607200988,89.643491444303,-6.653267809957576,106.5442781835472,BT,4202.913615405613
309590514053514,-21.85770610861,165.95185481884,-17.159251014405577,145.6331705179234,NC,2190.755366486352
179548807357974,23.005385103705,120.43121323661,24.711515331945183,120.96634022146512,TW,197.36280131055742
528726041469936,3.6332857552313,72.958318596822,8.553165850209922,98.31513340571895,MV,2855.359839850952
568831498116619,24.732585867741577,121.74077955053384,24.7170755877852,121.81759986922908,TW,7.948324760018479
871486690248300,-19.804021310365,-63.993881510197,5.532302315666398,-73.61890359647877,BO,3007.559554815889
380042953234728,-19.161161992074,-64.572161532541,-14.966135145265056,-48.87316815470015,BO,1731.874085258864
368884091223603,35.755508707073,53.366090359346,-27.05659996373649,-71.69358290074122,IR,14779.671540126454
512716496579771,12.164080960014,-68.283956526724,32.34710936141172,34.88343008636968,BQ,10488.283784117668
485436899323868,65.609323761209,-37.633778515025,68.3026686674564,14.494131569975156,GL,2219.11707272664
172629294662585,48.532451875231,17.496813301999,48.546780703638014,17.263638579053556,SK,17.240652761021874
506770377649958,-12.679904697999794,45.08466359942028,-12.806368524957325,45.137470700515486,YT,15.183709833639554
265103101980958,14.721827633666,-60.947724527678,14.609976243436728,-61.02539017079791,MQ,14.982883098442194
517013032790983,42.403345896483,44.64336095767,42.95759834920318,44.7661196634585,GE,62.44165047170763
825755764959780,20.340364998941,-87.352869999803,18.483557826988644,-69.76349745706203,MX,1855.2718896961899
3799534356839064,60.209940286403,20.246918494907,60.258689513158856,19.88029992161326,AX,20.95184270178727
134126825414739,38.270282754345,61.711075339758,38.74238739625118,58.493536622769575,TM,284.83496675270544
1397623030665407,14.493780516069648,-88.97344682800627,14.71934334624434,-88.8564945496719,HN,28.061371145034485
170949221611851,33.305143801504,126.28817369339,35.727333675054446,128.91514760847772,KR,361.17421989399736
978428179365285,33.705735440434,51.794214966505,40.28632589705362,28.439068812990808,IR,2191.559697493797
333013904838174,32.340904308709,15.105537141291,36.38848340013359,44.522615908964944,LY,2726.5427474949743
248513507027667,5.6150523860158,16.240852825971,61.16340470165352,14.673195239230388,CF,6178.082899334686
237495388152862,-11.621236170917,43.26262853229,-20.93619672863832,55.41294123080894,KM,1658.1903465733192
3042776155952353,18.400872724367,-88.464242712832,17.27125112124889,-88.63111472921001,BZ,126.84401229963659
487380732512751,4.8184532,114.77786780001,46.72068728192788,17.32373895175521,BN,10182.587125742733
290265362649999,26.177525761353,50.383620514714,24.42519271651425,54.56254937600398,BH,463.0484432126384
482049282914438,7.5885792292079,134.59098074356,26.71576823328807,128.22043933800987,PW,2230.7155251029308
225571855612889,46.763350531273,-81.597671294692,46.95690002246191,-81.45445117607183,CA,24.119792628041775
4804926129529176,15.24531506432567,-14.593708973874378,12.398143603299545,-1.4242499833664342,SN,1456.4469050713196
369883598351184,-20.367575551703407,57.57618979619237,1.582933478242129,109.96402835724132,MU,6202.827994588023
4121896524538487,24.635513307941,-76.169569569,26.529607240012844,-78.38631995689492,BS,306.23254225402735
3863471930446023,-17.111944610128667,15.757158787596603,-16.349456667488912,14.90772173780617,AO,123.97723390364075
300728688257104,30.395743312589,35.487349115709,30.36698031868568,35.61501382919161,JO,12.65704610071247
1126228627789114,50.981438273289,3.9109549608118,54.803661073138166,17.853527407966386,BE,1025.049017822653
549637092752676,-14.934793656692474,13.483762083058584,-8.904699100684823,13.35251037864607,AO,670.6678027431325
1003284990411465,12.059176169795167,-15.322303903822672,17.309451788276313,79.13104211230807,GW,10073.381855246671
549574962737771,14.061193852760738,-84.04279947361962,17.79211847379366,-94.45262458699902,NI,1187.547298221896
542559790066195,33.009983226586,35.680040403337,39.70880810148682,3.250531046046904,SY,2980.273320395151
265445685298888,13.004017262133,109.35894392193,12.295636744975054,109.71731928640844,VN,87.84221392515443
1444159855929152,12.212140324895,-61.65046673147,12.220323581344347,-61.59233756202165,GD,6.382501941248111
378257181042695,0.4223981532159322,9.46341740514976,5.401315741091815,-53.08878897578983,GA,6965.284951983846
136200968757362,15.043474943211962,-3.1134483369205417,10.724500591202515,-0.1734544855732053,ML,576.3155182904806
533142534351766,-9.8840552815116,33.911477956503,-25.890879649370603,32.516393999925214,MW,1785.9372340580287
522728752252154,41.038602463059,19.563694296348,40.98328531225762,19.63646962749504,AL,8.66725511173248
758888101326263,31.637988555726,73.231186805001,33.673088946099554,72.82887783001433,PK,229.40499689365373
305757657709496,1.0675572904673,103.9646409699,1.0444882267753697,104.08052265825538,SG,13.136157498395153
223281329232117,12.507939003947,-70.014398687436,-8.917110406949739,13.273962221959644,AW,9502.755112446619
353672373022082,41.381628312913,22.307214335612,45.175282901070496,6.437628150965452,MK,1349.5212872734605
855868761633795,18.030052213813,-63.078616758552,13.83795355477265,-60.94808570969466,SX,518.7977429732023
510341753682172,18.547859996816,-68.613997996337,27.90512381341128,-81.5147809543171,DO,1677.2594690641802
3864898026890576,49.490894517019,-2.5725344431006,49.34717338234396,-2.3968524974014973,GG,20.41775528846662
307754797548858,34.712695715026,-3.8563324324235,34.37638954037834,-3.736356975807365,MA,38.9765695167913
446821260679124,-9.024115630183084,125.29622320893388,-8.608146227314313,126.39499144617268,TL,129.29042326398294
947185652683658,-2.3270469336559,-78.929168380573,-2.3175028274156686,-78.8022864859582,EC,14.136926202674186
2947290612262244,-11.652155080814,43.263890007029,-12.742495808539768,45.24234686869212,KM,246.84922014607938
2932426006995864,12.349827079376,105.09907855331,10.810426166221752,106.07657462123838,KH,201.58778917185123
271753411301610,-18.657738465691,-174.02787918873,9.500046464870811,-83.47765322812933,TO,10401.362574313127
478264666827999,61.472372240129,-6.7939711372832,61.69836206102534,-6.700654737228796,FO,25.609408253721032
1101915547131650,-35.411992228208355,-71.29963328046824,-35.47769844975019,-71.32249346304619,CL,7.594007767732083
3920872697958453,60.225200988406,20.059664271851,60.27436777755599,20.090043223719334,AX,5.718293215968767
480958303108322,18.02673753942373,-15.984917957529673,17.782497217770445,-15.762767507075282,MR,35.91779589488825
477439253471149,2.1909112658474,25.247273616721,0.844957857447894,25.586738494446827,CD,154.34644140044736
2503535586463255,5.369009126207446,163.01297824070343,3.625852443939912,156.28818986234864,FM,770.2161841602973
699303201033596,25.12900987620192,33.08865526570508,-25.350903741957936,32.6602605771315,EG,5613.299167687752
1109009986288059,-8.6876105869135,120.2374852281,14.148366430022138,98.52918995122154,ID,3490.441854987313
945361122882179,12.134119747509,-68.278230013563,32.179712774466765,34.897101317113666,BQ,10496.418003018256
1086140081896052,17.025256612863,-61.868698580061,17.105856382666612,-61.33383272498422,AG,57.55770399863754
2896487987274330,-8.6384264591615,125.60292428532,-8.672714555335093,125.46371414902154,TL,15.770960573800235
2579869142308862,10.34358900767,-61.458152299031,17.05045076913494,-61.807479722669214,TT,746.7219714663141
267083508462188,52.899440738443,8.4141554815178,52.95591170896744,8.187487056127111,DE,16.440187955886337
135893315238976,8.7909434146234,-78.181606800432,9.223515708988131,-78.87148673609417,PA,89.74368177709579
150017570480103,41.50666060749,21.935799073836,18.964553500671588,-99.27777062977896,MK,10977.491421745772
869032447374518,45.14353499999999,14.845183055555555,44.698608905904536,15.101983958939448,HR,53.44564650098526
919042368661061,-35.376055559767,146.26475,53.4018486871173,44.62316052632747,AU,13816.616312785727
985915661813386,-23.393263453848,44.397761247232,-25.974039146908268,32.50337600652395,MG,1235.0055154144625
670850541182018,26.0204034,51.064903400000006,25.86520620754497,51.15939979226699,QA,19.674514678048265
358677975646602,18.32970950933104,-64.95126838918696,13.155689275607914,-61.23127975425194,VI,699.5477093935968
468571217849628,27.519976313624777,114.13899685380947,27.53621121662927,113.59524752581572,CN,53.6472398013043
166033172108272,39.547581612083,46.441663046559,39.7058269440488,46.22830586017457,AM,25.36761620664344
494503958271926,65.59525777881,-23.774501108369,65.69674628959008,-23.733286322673283,IS,11.44215582016092
912539252641876,-6.3006910051682,176.31917767142,-8.848270858042447,126.5213298804798,TV,5492.536480041478
528519191857396,31.419084991343,35.033717818153,31.62581768946202,35.18850689064291,PS,27.2707808032027
2693852350916149,-22.134506991871,166.34104640683,-34.47119714527338,150.3486762120776,NC,2076.480372604064
943976513021626,17.310149834096,-62.711002505143,17.03301151902781,-61.83574698310768,KN,97.95898234873839
314603156759488,27.431221771339,89.646958499505,27.703620544250168,86.00348383108933,BT,360.40104017220517
142911821192377,18.124397901175595,-15.95930487738458,26.27806037809342,50.63407300714583,MR,6845.066987121066
995608364307407,62.231154398192,-7.0203744109078,62.4105680722971,-6.974717130982587,FO,20.08879413673963
920634065161187,49.245509981929,-2.1382669508349,49.17367366423844,-2.0815823906221302,JE,8.98672455520309
314870496880636,28.628362975198,48.038775336392,29.973645393802208,47.7280692280562,KW,152.59228249567963
137727984953777,-6.2967650470378,176.31787733981,23.145775955349254,89.70884538806934,TV,9937.789435423263
970870010403579,1.3869451851245,173.14684137479,-19.55928120682302,34.77552840738602,KI,15057.647409745701
319746332831620,37.296859809574,-5.7125450742042,37.37884980309451,-6.224365197751433,ES,46.1582749231215
3035810213314122,55.003356832716,24.139338741958,55.32426228958682,24.8479285459944,LT,57.43667121565638
288447642774684,-6.1571269966165,107.04394801454,-7.666785912873079,112.79879136717312,ID,657.0414199100338
829997677895262,12.323432189112,-1.5533388682237,12.43769272686514,-0.8216032041170682,BF,80.4822777638307
106381768201986,11.974525625543,39.044869566531,13.025275873661595,41.14604411314919,ET,256.28039840290455
305230294414376,18.451313183212,-64.558514994681,14.598446381166742,-61.11394756097654,VG,564.1898161166318
883910462466493,-15.648621030725534,39.34163432285212,-15.549165345298274,39.23726696765048,MZ,15.723905562484978
492194012125902,46.117642,18.110710999899,45.3293567757825,-75.70644466157442,HU,6816.88337701642
1573490059506418,18.338429999176,-64.899272406242,14.034236856864366,100.88091077234554,VI,16092.447460555539
766495730715953,44.706372569218,18.069343447503,48.82810607078888,18.11939606118201,BA,458.33167893796207
781285156083286,32.087994573877,-8.2233968662806,32.023892405480524,-8.225388264408979,MA,7.13030612072775
745256106153583,52.344707039659,45.336839122968,55.19290944730006,47.125144643223365,RU,337.7812938091023
1117334568775680,18.337748404316,-64.915702992028,17.143409829448906,-62.456401423476,VI,292.3542448614758
306286164527539,33.350146257859,126.25399959043,10.00079436413301,-84.1860514757305,KR,14217.67752953205
336794264546437,4.9054666559617,-52.301588003183,13.889823852656916,-89.90022388482674,GF,4237.436452462174
153474173412155,38.399164295663,71.058858396182,38.30057734876296,70.95676550784793,AF,14.122098039553062
350521240549818,31.321208568090835,27.27841709921041,31.063388271018297,28.269132547705112,EG,98.5005000340365
218975556246226,7.8821057071516,-74.834139978895,-27.407510872069366,-59.040527385445344,CO,4276.534945533313
1259603784501134,31.292411220432,35.534796522034,30.87599698141927,35.57673234732855,JO,46.47504183754129
4309223739108363,2.1266240352603,45.323364966483,22.943707951638075,57.48318731275585,SO,2660.406246456976
259978149147748,40.965992824636,70.990742663385,23.240193230117224,57.37379678356705,UZ,2345.0023522486185
764847514207415,29.990268063885,35.075916116471,30.39330720919313,35.00016385277619,JO,45.40344354239897
248250033759700,29.80888569787,-8.8927590395819,30.52681500909324,-9.57223948378347,MA,103.14846323544683
454143095650719,4.754477618596,115.1672935653,4.880759969422329,114.8967854097399,BN,33.09907768413691
779725396245876,17.150242379267,95.997861485963,54.057012471722274,54.2096729758446,MM,5441.166508995116
580468796254927,1.0529367558583,104.00979134276,1.0632260131492806,104.06823179731688,SG,6.597140694716984
996366924230321,9.4509927129863,-5.632989557206,-27.39839067465857,-55.90495811276677,CI,6787.436461771564
167430881975593,48.946219066106,17.372135047934,54.56744037701748,16.785844790133446,CZ,626.3465079296695
1287753361619391,41.902938185448,12.402760733592,38.724563123074645,0.0475922653345797,VA,1104.3660413593611
631066277884886,8.81662211291624,-82.90477256073295,9.167388864510835,-79.73179332186577,PA,350.65735078346927
1770786233100996,69.218294531367,-51.091665910743,78.2986905874325,14.003027698954533,GL,2106.9449996218764
239943934683187,68.81413122743538,15.673939453479123,68.29272055760553,13.981778750982173,NO,89.9644490526859
481611806279393,19.322225516792,-81.380605067753,26.4334703535994,-80.1331118797293,KY,800.9757388888758
3800949300034619,38.343949995952,57.117059018247,38.38299090376096,56.98347169380968,TM,12.42977129224586
823233711883166,29.068560075854,48.084048261556,23.86396512310687,38.58599783665131,KW,1107.8427563849493
450038362963389,38.978830137822,-7.2812361854766,39.44096930294388,-7.719986710182496,PT,63.79361445077449
297933462444738,13.662316404789827,-16.430340101173016,14.082678308320425,-16.41191164070561,GM,46.784426458977975
949917125580796,18.251570400358,-62.984528794394,40.92906855068619,141.2813498400162,AI,12973.743016062754
313078556837128,55.266055994786,11.315098206416,55.50021717634915,9.773051118406746,DK,100.82597590567475
210766354219144,-26.628804736334,31.659445474276,-24.55209587866181,30.86050521980793,SZ,244.42253949872577
520708829313842,54.68692259669,9.0074931788196,55.832651484405446,9.066063685808588,DE,127.453273368704
992154464938892,-17.65251068093,177.40709100849,-17.828143680531035,176.65171378964538,FJ,82.34913684581674
150289013771703,50.348577719861,-4.6628826388904,51.1999397067133,-1.684880754705513,GB,229.78642738176168
1423738521294950,17.182641732455,-88.332789645282,17.392805613436938,-88.39563526936776,BZ,24.303059014196357
1155605118288528,14.706942793316,-61.143095527488,14.712335236003986,-61.09129406535629,MQ,5.603448031587805
2986698694926936,78.215334468879,15.012641390148,77.67489076363874,14.067382423114797,SJ,63.97645773617564
2083829008422694,58.379655829272,6.1151443597417,59.81628845262475,5.381699485265088,NO,165.14327252779626
155652916570780,42.348418071723,20.818276988414,42.457019471049584,21.00065944226113,XK,19.23759572616961
845707173409060,13.15145888888889,-59.57003805555556,13.110723144945828,-59.59042016592456,BB,5.03872617340548
792307658322895,52.913640031191,6.8640509875213,48.22278154426967,9.763583255868609,NL,560.2408919231933
463829391356731,7.1956119778003,124.23640602451,18.54905434586391,-72.85561566810406,PH,16593.231209892576
190327429484222,18.406063827426,-66.173016157195,18.382046621453203,-66.13293930062432,PR,5.0013647353481705
964385794363812,38.838166509572,140.96848476449,38.93935098066533,141.25100655446974,JP,26.916667414574054
992350614846774,12.919375038455,-85.248546579532,13.04608015686489,-85.61144895914444,NI,41.76924891425826
2898111640459899,32.288702684025,-64.767038528517,11.20707153743362,-60.70025087912478,BM,2380.879057728261
156853596375003,19.653051191999,98.633327646919,17.9083949031679,98.79298300193533,TH,194.72358906941903
353101693221406,-16.097698333830845,28.68442044328358,-15.829595813124332,28.98441307308492,ZW,43.78695602526384
